round,experiment,mode,configuration,sequence,class_name,qp,anchor_rate_kbps,anchor_psnr_y_db,anchor_psnr_u_db,anchor_psnr_v_db,test_rate_kbps,test_psnr_y_db,test_psnr_u_db,test_psnr_v_db,status,source_file,source_cell,anchor_file,anchor_cell,anchor_record_status,test_record_status,value_source,csv_rd_checked
fixed,Fixed-NoPred,nopred,LB,BQTerrace,B,22,28642.616,38.2232,42.9341,45.3832,28615.7216,38.2217,42.936,45.3771,measured,runs/ts_fixed_LB_CE_half/nopred/JVET-hhi.xlsm,Test!B281:E281,scripts/JVET-hhi.xlsm,Reference!B281:E281,pass,pass,Test,False
fixed,Fixed-NoPred,nopred,LB,BQTerrace,B,27,3625.1632,35.9183,41.8958,44.3897,3620.08,35.9177,41.8975,44.3787,measured,runs/ts_fixed_LB_CE_half/nopred/JVET-hhi.xlsm,Test!B282:E282,scripts/JVET-hhi.xlsm,Reference!B282:E282,pass,pass,Test,False
fixed,Fixed-NoPred,nopred,LB,BQTerrace,B,32,1234.6176,34.376,40.745,43.192,1238.144,34.3766,40.7352,43.2346,measured,runs/ts_fixed_LB_CE_half/nopred/JVET-hhi.xlsm,Test!B283:E283,scripts/JVET-hhi.xlsm,Reference!B283:E283,pass,pass,Test,False
fixed,Fixed-NoPred,nopred,LB,BQTerrace,B,37,505.2032,32.6649,39.6092,42.1495,505.3344,32.6664,39.6412,42.1304,measured,runs/ts_fixed_LB_CE_half/nopred/JVET-hhi.xlsm,Test!B284:E284,scripts/JVET-hhi.xlsm,Reference!B284:E284,pass,pass,Test,False
fixed,Fixed-NoPred,nopred,LB,BasketballDrive,B,22,13118.7216,39.5612,44.2584,45.5693,13120.0864,39.5605,44.2556,45.5734,measured,runs/ts_fixed_LB_CE_half/nopred/JVET-hhi.xlsm,Test!B277:E277,scripts/JVET-hhi.xlsm,Reference!B277:E277,pass,pass,Test,False
fixed,Fixed-NoPred,nopred,LB,BasketballDrive,B,27,4130.424,37.7724,42.7129,43.099,4135.7136,37.7725,42.6966,43.0976,measured,runs/ts_fixed_LB_CE_half/nopred/JVET-hhi.xlsm,Test!B278:E278,scripts/JVET-hhi.xlsm,Reference!B278:E278,pass,pass,Test,False
fixed,Fixed-NoPred,nopred,LB,BasketballDrive,B,32,1979.0816,35.9507,41.5407,41.4075,1976.4928,35.9521,41.5152,41.4097,measured,runs/ts_fixed_LB_CE_half/nopred/JVET-hhi.xlsm,Test!B279:E279,scripts/JVET-hhi.xlsm,Reference!B279:E279,pass,pass,Test,False
fixed,Fixed-NoPred,nopred,LB,BasketballDrive,B,37,1019.4736,33.99,40.2568,39.4332,1019.656,33.9919,40.2613,39.4392,measured,runs/ts_fixed_LB_CE_half/nopred/JVET-hhi.xlsm,Test!B280:E280,scripts/JVET-hhi.xlsm,Reference!B280:E280,pass,pass,Test,False
fixed,Fixed-NoPred,nopred,LB,Cactus,B,22,10163.0032,38.6754,40.1807,43.8575,10150.3648,38.6743,40.1785,43.8542,measured,runs/ts_fixed_LB_CE_half/nopred/JVET-hhi.xlsm,Test!B273:E273,scripts/JVET-hhi.xlsm,Reference!B273:E273,pass,pass,Test,False
fixed,Fixed-NoPred,nopred,LB,Cactus,B,27,3073.9616,36.8377,39.2891,41.9174,3069.4784,36.8375,39.3008,41.9253,measured,runs/ts_fixed_LB_CE_half/nopred/JVET-hhi.xlsm,Test!B274:E274,scripts/JVET-hhi.xlsm,Reference!B274:E274,pass,pass,Test,False
fixed,Fixed-NoPred,nopred,LB,Cactus,B,32,1408.3744,34.8538,38.4643,40.2084,1407.096,34.8469,38.4757,40.2148,measured,runs/ts_fixed_LB_CE_half/nopred/JVET-hhi.xlsm,Test!B275:E275,scripts/JVET-hhi.xlsm,Reference!B275:E275,pass,pass,Test,False
fixed,Fixed-NoPred,nopred,LB,Cactus,B,37,694.5264,32.6939,37.4156,38.567,692.6512,32.6889,37.46,38.6011,measured,runs/ts_fixed_LB_CE_half/nopred/JVET-hhi.xlsm,Test!B276:E276,scripts/JVET-hhi.xlsm,Reference!B276:E276,pass,pass,Test,False
fixed,Fixed-NoPred,nopred,LB,MarketPlace,B,22,9258.3792,40.5867,44.4432,45.0589,9258.1424,40.586,44.4453,45.0538,measured,runs/ts_fixed_LB_CE_half/nopred/JVET-hhi.xlsm,Test!B265:E265,scripts/JVET-hhi.xlsm,Reference!B265:E265,pass,pass,Test,False
fixed,Fixed-NoPred,nopred,LB,MarketPlace,B,27,3046.1632,38.8761,43.1623,43.5444,3045.6544,38.8766,43.1595,43.5427,measured,runs/ts_fixed_LB_CE_half/nopred/JVET-hhi.xlsm,Test!B266:E266,scripts/JVET-hhi.xlsm,Reference!B266:E266,pass,pass,Test,False
fixed,Fixed-NoPred,nopred,LB,MarketPlace,B,32,1362.1424,36.94,42.0506,42.1599,1361.3136,36.9381,42.0362,42.1482,measured,runs/ts_fixed_LB_CE_half/nopred/JVET-hhi.xlsm,Test!B267:E267,scripts/JVET-hhi.xlsm,Reference!B267:E267,pass,pass,Test,False
fixed,Fixed-NoPred,nopred,LB,MarketPlace,B,37,655.2016,34.8411,40.9802,41.0485,654.7088,34.8377,40.9689,41.0612,measured,runs/ts_fixed_LB_CE_half/nopred/JVET-hhi.xlsm,Test!B268:E268,scripts/JVET-hhi.xlsm,Reference!B268:E268,pass,pass,Test,False
fixed,Fixed-NoPred,nopred,LB,RitualDance,B,22,7538.8048,44.8474,48.0447,48.5713,7539.0192,44.8467,48.0528,48.5715,measured,runs/ts_fixed_LB_CE_half/nopred/JVET-hhi.xlsm,Test!B269:E269,scripts/JVET-hhi.xlsm,Reference!B269:E269,pass,pass,Test,False
fixed,Fixed-NoPred,nopred,LB,RitualDance,B,27,3649.4352,41.51,45.5163,45.5656,3649.2064,41.5145,45.5134,45.559,measured,runs/ts_fixed_LB_CE_half/nopred/JVET-hhi.xlsm,Test!B270:E270,scripts/JVET-hhi.xlsm,Reference!B270:E270,pass,pass,Test,False
fixed,Fixed-NoPred,nopred,LB,RitualDance,B,32,1885.9056,38.2652,43.8151,43.6304,1884.8528,38.2713,43.8067,43.5845,measured,runs/ts_fixed_LB_CE_half/nopred/JVET-hhi.xlsm,Test!B271:E271,scripts/JVET-hhi.xlsm,Reference!B271:E271,pass,pass,Test,False
fixed,Fixed-NoPred,nopred,LB,RitualDance,B,37,1023.6144,35.5456,42.3424,42.0477,1022.3728,35.5459,42.3286,42.0771,measured,runs/ts_fixed_LB_CE_half/nopred/JVET-hhi.xlsm,Test!B272:E272,scripts/JVET-hhi.xlsm,Reference!B272:E272,pass,pass,Test,False
fixed,Fixed-NoPred,nopred,LB,BQMall,C,22,2874.8944,40.0864,43.4565,44.5287,2872.9584,40.0824,43.4726,44.5243,measured,runs/ts_fixed_LB_CE_half/nopred/JVET-hhi.xlsm,Test!B289:E289,scripts/JVET-hhi.xlsm,Reference!B289:E289,pass,pass,Test,False
fixed,Fixed-NoPred,nopred,LB,BQMall,C,27,1168.2416,37.1909,41.3893,41.8146,1170.6544,37.1997,41.4082,41.819,measured,runs/ts_fixed_LB_CE_half/nopred/JVET-hhi.xlsm,Test!B290:E290,scripts/JVET-hhi.xlsm,Reference!B290:E290,pass,pass,Test,False
fixed,Fixed-NoPred,nopred,LB,BQMall,C,32,557.1488,34.3853,39.6312,39.877,558.192,34.3899,39.6289,39.8327,measured,runs/ts_fixed_LB_CE_half/nopred/JVET-hhi.xlsm,Test!B291:E291,scripts/JVET-hhi.xlsm,Reference!B291:E291,pass,pass,Test,False
fixed,Fixed-NoPred,nopred,LB,BQMall,C,37,285.6448,31.7048,38.2039,38.149,286.12,31.7015,38.2109,38.1453,measured,runs/ts_fixed_LB_CE_half/nopred/JVET-hhi.xlsm,Test!B292:E292,scripts/JVET-hhi.xlsm,Reference!B292:E292,pass,pass,Test,False
fixed,Fixed-NoPred,nopred,LB,BasketballDrill,C,22,2278.9664,41.5883,43.8425,44.8196,2280.7168,41.5939,43.817,44.8354,measured,runs/ts_fixed_LB_CE_half/nopred/JVET-hhi.xlsm,Test!B285:E285,scripts/JVET-hhi.xlsm,Reference!B285:E285,pass,pass,Test,False
fixed,Fixed-NoPred,nopred,LB,BasketballDrill,C,27,1008.3056,38.4519,41.3758,41.8327,1009.1824,38.4607,41.3862,41.8332,measured,runs/ts_fixed_LB_CE_half/nopred/JVET-hhi.xlsm,Test!B286:E286,scripts/JVET-hhi.xlsm,Reference!B286:E286,pass,pass,Test,False
fixed,Fixed-NoPred,nopred,LB,BasketballDrill,C,32,497.664,35.4772,39.591,39.7871,497.7248,35.4951,39.5729,39.8028,measured,runs/ts_fixed_LB_CE_half/nopred/JVET-hhi.xlsm,Test!B287:E287,scripts/JVET-hhi.xlsm,Reference!B287:E287,pass,pass,Test,False
fixed,Fixed-NoPred,nopred,LB,BasketballDrill,C,37,258.3632,32.88,37.8066,37.6458,259.3488,32.9111,37.7575,37.6842,measured,runs/ts_fixed_LB_CE_half/nopred/JVET-hhi.xlsm,Test!B288:E288,scripts/JVET-hhi.xlsm,Reference!B288:E288,pass,pass,Test,False
fixed,Fixed-NoPred,nopred,LB,PartyScene,C,22,6341.8096,38.4838,41.0541,41.7555,6338,38.4907,41.0548,41.7499,measured,runs/ts_fixed_LB_CE_half/nopred/JVET-hhi.xlsm,Test!B293:E293,scripts/JVET-hhi.xlsm,Reference!B293:E293,pass,pass,Test,False
fixed,Fixed-NoPred,nopred,LB,PartyScene,C,27,2575.0336,34.5251,38.2017,38.6948,2572.9552,34.5313,38.2369,38.7339,measured,runs/ts_fixed_LB_CE_half/nopred/JVET-hhi.xlsm,Test!B294:E294,scripts/JVET-hhi.xlsm,Reference!B294:E294,pass,pass,Test,False
fixed,Fixed-NoPred,nopred,LB,PartyScene,C,32,1156.0592,31.13,36.29,36.6843,1153.816,31.1303,36.3213,36.6876,measured,runs/ts_fixed_LB_CE_half/nopred/JVET-hhi.xlsm,Test!B295:E295,scripts/JVET-hhi.xlsm,Reference!B295:E295,pass,pass,Test,False
fixed,Fixed-NoPred,nopred,LB,PartyScene,C,37,527.608,28.1683,34.8517,35.0471,527.5824,28.1695,34.8249,35.0392,measured,runs/ts_fixed_LB_CE_half/nopred/JVET-hhi.xlsm,Test!B296:E296,scripts/JVET-hhi.xlsm,Reference!B296:E296,pass,pass,Test,False
fixed,Fixed-NoPred,nopred,LB,RaceHorsesC,C,22,5398.0304,39.3018,40.3587,42.0068,5398.04,39.2989,40.359,42.0124,measured,runs/ts_fixed_LB_CE_half/nopred/JVET-hhi.xlsm,Test!B297:E297,scripts/JVET-hhi.xlsm,Reference!B297:E297,pass,pass,Test,False
fixed,Fixed-NoPred,nopred,LB,RaceHorsesC,C,27,1706.0992,34.8097,37.4534,39.5148,1707.9184,34.8167,37.4497,39.5238,measured,runs/ts_fixed_LB_CE_half/nopred/JVET-hhi.xlsm,Test!B298:E298,scripts/JVET-hhi.xlsm,Reference!B298:E298,pass,pass,Test,False
fixed,Fixed-NoPred,nopred,LB,RaceHorsesC,C,32,714.984,31.5148,36.0945,38.1384,714.2032,31.5112,36.1088,38.1479,measured,runs/ts_fixed_LB_CE_half/nopred/JVET-hhi.xlsm,Test!B299:E299,scripts/JVET-hhi.xlsm,Reference!B299:E299,pass,pass,Test,False
fixed,Fixed-NoPred,nopred,LB,RaceHorsesC,C,37,312.168,28.7028,35.0027,36.6115,311.9024,28.6993,34.9932,36.5579,measured,runs/ts_fixed_LB_CE_half/nopred/JVET-hhi.xlsm,Test!B300:E300,scripts/JVET-hhi.xlsm,Reference!B300:E300,pass,pass,Test,False
fixed,Fixed-NoPred,nopred,LB,FourPeople,E,22,1685.5504,42.9908,47.2235,48.461,1685.6768,42.9908,47.2232,48.4889,measured,runs/ts_fixed_LB_CE_half/nopred/JVET-hhi.xlsm,Test!B317:E317,scripts/JVET-hhi.xlsm,Reference!B317:E317,pass,pass,Test,False
fixed,Fixed-NoPred,nopred,LB,FourPeople,E,27,664.9296,40.8802,45.518,46.54,664.3952,40.8814,45.5135,46.5556,measured,runs/ts_fixed_LB_CE_half/nopred/JVET-hhi.xlsm,Test!B318:E318,scripts/JVET-hhi.xlsm,Reference!B318:E318,pass,pass,Test,False
fixed,Fixed-NoPred,nopred,LB,FourPeople,E,32,337.3088,38.4731,43.6085,44.428,337.6192,38.4576,43.5684,44.4232,measured,runs/ts_fixed_LB_CE_half/nopred/JVET-hhi.xlsm,Test!B319:E319,scripts/JVET-hhi.xlsm,Reference!B319:E319,pass,pass,Test,False
fixed,Fixed-NoPred,nopred,LB,FourPeople,E,37,184.6192,35.7811,41.9541,42.755,184.3472,35.7844,41.9779,42.7351,measured,runs/ts_fixed_LB_CE_half/nopred/JVET-hhi.xlsm,Test!B320:E320,scripts/JVET-hhi.xlsm,Reference!B320:E320,pass,pass,Test,False
fixed,Fixed-NoPred,nopred,LB,Johnny,E,22,1126.2976,43.2242,48.6858,49.364,1127.352,43.2281,48.6932,49.3664,measured,runs/ts_fixed_LB_CE_half/nopred/JVET-hhi.xlsm,Test!B321:E321,scripts/JVET-hhi.xlsm,Reference!B321:E321,pass,pass,Test,False
fixed,Fixed-NoPred,nopred,LB,Johnny,E,27,344.3824,41.7407,47.4669,47.9865,344.5008,41.732,47.4522,47.9531,measured,runs/ts_fixed_LB_CE_half/nopred/JVET-hhi.xlsm,Test!B322:E322,scripts/JVET-hhi.xlsm,Reference!B322:E322,pass,pass,Test,False
fixed,Fixed-NoPred,nopred,LB,Johnny,E,32,160.3824,39.9417,45.7831,46.1682,160.8112,39.9516,45.8581,46.1818,measured,runs/ts_fixed_LB_CE_half/nopred/JVET-hhi.xlsm,Test!B323:E323,scripts/JVET-hhi.xlsm,Reference!B323:E323,pass,pass,Test,False
fixed,Fixed-NoPred,nopred,LB,Johnny,E,37,88.1696,37.8163,44.145,44.5517,88.0784,37.8271,44.1705,44.5463,measured,runs/ts_fixed_LB_CE_half/nopred/JVET-hhi.xlsm,Test!B324:E324,scripts/JVET-hhi.xlsm,Reference!B324:E324,pass,pass,Test,False
fixed,Fixed-NoPred,nopred,LB,KristenAndSara,E,22,1361.2064,43.684,47.9585,48.9689,1356.9696,43.6871,47.9679,48.9452,measured,runs/ts_fixed_LB_CE_half/nopred/JVET-hhi.xlsm,Test!B325:E325,scripts/JVET-hhi.xlsm,Reference!B325:E325,pass,pass,Test,False
fixed,Fixed-NoPred,nopred,LB,KristenAndSara,E,27,497.352,41.8047,46.4641,47.22,496.4064,41.8124,46.4457,47.2166,measured,runs/ts_fixed_LB_CE_half/nopred/JVET-hhi.xlsm,Test!B326:E326,scripts/JVET-hhi.xlsm,Reference!B326:E326,pass,pass,Test,False
fixed,Fixed-NoPred,nopred,LB,KristenAndSara,E,32,231.728,39.6272,44.7389,45.3238,232.0416,39.6202,44.6752,45.3783,measured,runs/ts_fixed_LB_CE_half/nopred/JVET-hhi.xlsm,Test!B327:E327,scripts/JVET-hhi.xlsm,Reference!B327:E327,pass,pass,Test,False
fixed,Fixed-NoPred,nopred,LB,KristenAndSara,E,37,123.4496,37.2139,43.0396,43.6902,122.9552,37.2034,43.0948,43.6628,measured,runs/ts_fixed_LB_CE_half/nopred/JVET-hhi.xlsm,Test!B328:E328,scripts/JVET-hhi.xlsm,Reference!B328:E328,pass,pass,Test,False
fixed,Fixed-NoPred,nopred,RA,BQMall,C,22,2345.3464,40.9965,44.8853,46.7601,2345.7616,40.999,44.8773,46.7584,measured,runs/ts_fixed_LB_CE_half/nopred/JVET-hhi.xlsm,Test!B169:E169,scripts/JVET-hhi.xlsm,Reference!B169:E169,pass,pass,Test,False
fixed,Fixed-NoPred,nopred,RA,BQMall,C,27,1125.0792,38.8295,43.2829,44.6383,1124.5536,38.8272,43.2867,44.6457,measured,runs/ts_fixed_LB_CE_half/nopred/JVET-hhi.xlsm,Test!B170:E170,scripts/JVET-hhi.xlsm,Reference!B170:E170,pass,pass,Test,False
fixed,Fixed-NoPred,nopred,RA,BQMall,C,32,576.4432,36.368,41.387,42.3847,576.7912,36.3708,41.3891,42.3718,measured,runs/ts_fixed_LB_CE_half/nopred/JVET-hhi.xlsm,Test!B171:E171,scripts/JVET-hhi.xlsm,Reference!B171:E171,pass,pass,Test,False
fixed,Fixed-NoPred,nopred,RA,BQMall,C,37,306.3136,33.7937,39.6462,40.3925,305.7672,33.7881,39.6089,40.4024,measured,runs/ts_fixed_LB_CE_half/nopred/JVET-hhi.xlsm,Test!B172:E172,scripts/JVET-hhi.xlsm,Reference!B172:E172,pass,pass,Test,False
fixed,Fixed-NoPred,nopred,RA,BasketballDrill,C,22,2241.6184,42.2519,44.5586,45.5385,2242.308,42.2533,44.5569,45.531,measured,runs/ts_fixed_LB_CE_half/nopred/JVET-hhi.xlsm,Test!B165:E165,scripts/JVET-hhi.xlsm,Reference!B165:E165,pass,pass,Test,False
fixed,Fixed-NoPred,nopred,RA,BasketballDrill,C,27,1074.5136,39.3384,42.333,42.7897,1073.876,39.3357,42.3287,42.8112,measured,runs/ts_fixed_LB_CE_half/nopred/JVET-hhi.xlsm,Test!B166:E166,scripts/JVET-hhi.xlsm,Reference!B166:E166,pass,pass,Test,False
fixed,Fixed-NoPred,nopred,RA,BasketballDrill,C,32,542.2048,36.4531,40.4073,40.6432,542.2464,36.4519,40.4055,40.6385,measured,runs/ts_fixed_LB_CE_half/nopred/JVET-hhi.xlsm,Test!B167:E167,scripts/JVET-hhi.xlsm,Reference!B167:E167,pass,pass,Test,False
fixed,Fixed-NoPred,nopred,RA,BasketballDrill,C,37,277.9728,33.7377,38.4197,38.4108,278.7864,33.7432,38.4434,38.4004,measured,runs/ts_fixed_LB_CE_half/nopred/JVET-hhi.xlsm,Test!B168:E168,scripts/JVET-hhi.xlsm,Reference!B168:E168,pass,pass,Test,False
fixed,Fixed-NoPred,nopred,RA,PartyScene,C,22,4367.6696,39.4735,43.0965,44.4112,4366.3632,39.4754,43.0919,44.3991,measured,runs/ts_fixed_LB_CE_half/nopred/JVET-hhi.xlsm,Test!B173:E173,scripts/JVET-hhi.xlsm,Reference!B173:E173,pass,pass,Test,False
fixed,Fixed-NoPred,nopred,RA,PartyScene,C,27,2040.6168,36.3853,40.6034,41.6842,2039.684,36.3812,40.6075,41.6896,measured,runs/ts_fixed_LB_CE_half/nopred/JVET-hhi.xlsm,Test!B174:E174,scripts/JVET-hhi.xlsm,Reference!B174:E174,pass,pass,Test,False
fixed,Fixed-NoPred,nopred,RA,PartyScene,C,32,997.3808,33.3823,38.4549,39.2922,997.176,33.3811,38.4574,39.3027,measured,runs/ts_fixed_LB_CE_half/nopred/JVET-hhi.xlsm,Test!B175:E175,scripts/JVET-hhi.xlsm,Reference!B175:E175,pass,pass,Test,False
fixed,Fixed-NoPred,nopred,RA,PartyScene,C,37,483.7096,30.5691,36.6063,37.2499,484.1104,30.5695,36.6227,37.2337,measured,runs/ts_fixed_LB_CE_half/nopred/JVET-hhi.xlsm,Test!B176:E176,scripts/JVET-hhi.xlsm,Reference!B176:E176,pass,pass,Test,False
fixed,Fixed-NoPred,nopred,RA,RaceHorsesC,C,22,3308.1488,39.4571,41.8455,43.4905,3307.4192,39.4567,41.8477,43.4999,measured,runs/ts_fixed_LB_CE_half/nopred/JVET-hhi.xlsm,Test!B177:E177,scripts/JVET-hhi.xlsm,Reference!B177:E177,pass,pass,Test,False
fixed,Fixed-NoPred,nopred,RA,RaceHorsesC,C,27,1361.7976,36.6613,39.5587,41.3142,1362.0624,36.6642,39.5556,41.3063,measured,runs/ts_fixed_LB_CE_half/nopred/JVET-hhi.xlsm,Test!B178:E178,scripts/JVET-hhi.xlsm,Reference!B178:E178,pass,pass,Test,False
fixed,Fixed-NoPred,nopred,RA,RaceHorsesC,C,32,636.6088,33.9865,37.5407,39.6141,636.7248,33.9809,37.552,39.6099,measured,runs/ts_fixed_LB_CE_half/nopred/JVET-hhi.xlsm,Test!B179:E179,scripts/JVET-hhi.xlsm,Reference!B179:E179,pass,pass,Test,False
fixed,Fixed-NoPred,nopred,RA,RaceHorsesC,C,37,307.4736,31.2867,35.9654,37.9088,307.9504,31.2936,35.9727,37.9022,measured,runs/ts_fixed_LB_CE_half/nopred/JVET-hhi.xlsm,Test!B180:E180,scripts/JVET-hhi.xlsm,Reference!B180:E180,pass,pass,Test,False
fixed,Fixed-NoPred,nopred,RA,BQSquare,D,22,977.2328,39.2461,45.3587,46.8792,978.16,39.2453,45.3506,46.8748,measured,runs/ts_fixed_LB_CE_half/nopred/JVET-hhi.xlsm,Test!B185:E185,scripts/JVET-hhi.xlsm,Reference!B185:E185,pass,pass,Test,False
fixed,Fixed-NoPred,nopred,RA,BQSquare,D,27,389.1392,36.4403,43.4896,44.8318,389.0752,36.4432,43.5269,44.851,measured,runs/ts_fixed_LB_CE_half/nopred/JVET-hhi.xlsm,Test!B186:E186,scripts/JVET-hhi.xlsm,Reference!B186:E186,pass,pass,Test,False
fixed,Fixed-NoPred,nopred,RA,BQSquare,D,32,188.0048,33.8278,41.3363,42.6101,188.0552,33.834,41.3766,42.607,measured,runs/ts_fixed_LB_CE_half/nopred/JVET-hhi.xlsm,Test!B187:E187,scripts/JVET-hhi.xlsm,Reference!B187:E187,pass,pass,Test,False
fixed,Fixed-NoPred,nopred,RA,BQSquare,D,37,101.7992,31.3658,39.2371,40.3563,101.4744,31.3642,39.2315,40.3147,measured,runs/ts_fixed_LB_CE_half/nopred/JVET-hhi.xlsm,Test!B188:E188,scripts/JVET-hhi.xlsm,Reference!B188:E188,pass,pass,Test,False
fixed,Fixed-NoPred,nopred,RA,BasketballPass,D,22,1062.8808,41.8751,45.132,44.0554,1062.472,41.8772,45.1489,44.0738,measured,runs/ts_fixed_LB_CE_half/nopred/JVET-hhi.xlsm,Test!B181:E181,scripts/JVET-hhi.xlsm,Reference!B181:E181,pass,pass,Test,False
fixed,Fixed-NoPred,nopred,RA,BasketballPass,D,27,508.0784,37.9875,42.4418,40.8654,508.1504,37.9889,42.4277,40.8796,measured,runs/ts_fixed_LB_CE_half/nopred/JVET-hhi.xlsm,Test!B182:E182,scripts/JVET-hhi.xlsm,Reference!B182:E182,pass,pass,Test,False
fixed,Fixed-NoPred,nopred,RA,BasketballPass,D,32,253.1016,34.6856,40.2215,38.5513,253.1368,34.6785,40.2178,38.4774,measured,runs/ts_fixed_LB_CE_half/nopred/JVET-hhi.xlsm,Test!B183:E183,scripts/JVET-hhi.xlsm,Reference!B183:E183,pass,pass,Test,False
fixed,Fixed-NoPred,nopred,RA,BasketballPass,D,37,129.4048,31.8004,38.2699,36.3386,129.4144,31.7924,38.2678,36.3479,measured,runs/ts_fixed_LB_CE_half/nopred/JVET-hhi.xlsm,Test!B184:E184,scripts/JVET-hhi.xlsm,Reference!B184:E184,pass,pass,Test,False
fixed,Fixed-NoPred,nopred,RA,BlowingBubbles,D,22,1085.3032,39.1634,42.7247,44.1563,1085.0456,39.1631,42.7261,44.1526,measured,runs/ts_fixed_LB_CE_half/nopred/JVET-hhi.xlsm,Test!B189:E189,scripts/JVET-hhi.xlsm,Reference!B189:E189,pass,pass,Test,False
fixed,Fixed-NoPred,nopred,RA,BlowingBubbles,D,27,512.9536,36.2072,40.2755,41.4281,512.8664,36.2052,40.2585,41.4554,measured,runs/ts_fixed_LB_CE_half/nopred/JVET-hhi.xlsm,Test!B190:E190,scripts/JVET-hhi.xlsm,Reference!B190:E190,pass,pass,Test,False
fixed,Fixed-NoPred,nopred,RA,BlowingBubbles,D,32,250.3832,33.3137,37.9198,38.7658,250.8808,33.3208,37.9184,38.7817,measured,runs/ts_fixed_LB_CE_half/nopred/JVET-hhi.xlsm,Test!B191:E191,scripts/JVET-hhi.xlsm,Reference!B191:E191,pass,pass,Test,False
fixed,Fixed-NoPred,nopred,RA,BlowingBubbles,D,37,122.324,30.557,35.937,36.6135,122.056,30.5604,35.9247,36.5807,measured,runs/ts_fixed_LB_CE_half/nopred/JVET-hhi.xlsm,Test!B192:E192,scripts/JVET-hhi.xlsm,Reference!B192:E192,pass,pass,Test,False
fixed,Fixed-NoPred,nopred,RA,RaceHorses,D,22,806.9912,40.2281,42.1574,43.3657,808.1832,40.2338,42.1776,43.3684,measured,runs/ts_fixed_LB_CE_half/nopred/JVET-hhi.xlsm,Test!B193:E193,scripts/JVET-hhi.xlsm,Reference!B193:E193,pass,pass,Test,False
fixed,Fixed-NoPred,nopred,RA,RaceHorses,D,27,402.1064,36.6851,39.3189,40.6358,402.3056,36.6839,39.2965,40.6293,measured,runs/ts_fixed_LB_CE_half/nopred/JVET-hhi.xlsm,Test!B194:E194,scripts/JVET-hhi.xlsm,Reference!B194:E194,pass,pass,Test,False
fixed,Fixed-NoPred,nopred,RA,RaceHorses,D,32,196.8168,33.2942,37.1185,38.4918,196.8704,33.2976,37.1594,38.5047,measured,runs/ts_fixed_LB_CE_half/nopred/JVET-hhi.xlsm,Test!B195:E195,scripts/JVET-hhi.xlsm,Reference!B195:E195,pass,pass,Test,False
fixed,Fixed-NoPred,nopred,RA,RaceHorses,D,37,96.6232,30.4066,35.386,36.5292,96.584,30.3885,35.4267,36.5301,measured,runs/ts_fixed_LB_CE_half/nopred/JVET-hhi.xlsm,Test!B196:E196,scripts/JVET-hhi.xlsm,Reference!B196:E196,pass,pass,Test,False
fixed,Fixed-Gradient,gradient,LB,BQMall,C,22,2874.8944,40.0864,43.4565,44.5287,2871.9952,40.0829,43.4578,44.5201,measured,runs/ts_fixed_LB_CE_half/gradient/JVET-hhi.xlsm,Test!B289:E289,scripts/JVET-hhi.xlsm,Reference!B289:E289,pass,pass,Test,False
fixed,Fixed-Gradient,gradient,LB,BQMall,C,27,1168.2416,37.1909,41.3893,41.8146,1169.9328,37.1945,41.3674,41.8056,measured,runs/ts_fixed_LB_CE_half/gradient/JVET-hhi.xlsm,Test!B290:E290,scripts/JVET-hhi.xlsm,Reference!B290:E290,pass,pass,Test,False
fixed,Fixed-Gradient,gradient,LB,BQMall,C,32,557.1488,34.3853,39.6312,39.877,557.7616,34.3828,39.6222,39.7953,measured,runs/ts_fixed_LB_CE_half/gradient/JVET-hhi.xlsm,Test!B291:E291,scripts/JVET-hhi.xlsm,Reference!B291:E291,pass,pass,Test,False
fixed,Fixed-Gradient,gradient,LB,BQMall,C,37,285.6448,31.7048,38.2039,38.149,285.464,31.6855,38.2104,38.1811,measured,runs/ts_fixed_LB_CE_half/gradient/JVET-hhi.xlsm,Test!B292:E292,scripts/JVET-hhi.xlsm,Reference!B292:E292,pass,pass,Test,False
fixed,Fixed-Gradient,gradient,LB,BasketballDrill,C,22,2278.9664,41.5883,43.8425,44.8196,2279.4272,41.5879,43.8319,44.85,measured,runs/ts_fixed_LB_CE_half/gradient/JVET-hhi.xlsm,Test!B285:E285,scripts/JVET-hhi.xlsm,Reference!B285:E285,pass,pass,Test,False
fixed,Fixed-Gradient,gradient,LB,BasketballDrill,C,27,1008.3056,38.4519,41.3758,41.8327,1008.9088,38.4347,41.3681,41.8383,measured,runs/ts_fixed_LB_CE_half/gradient/JVET-hhi.xlsm,Test!B286:E286,scripts/JVET-hhi.xlsm,Reference!B286:E286,pass,pass,Test,False
fixed,Fixed-Gradient,gradient,LB,BasketballDrill,C,32,497.664,35.4772,39.591,39.7871,497.7104,35.4873,39.5892,39.8012,measured,runs/ts_fixed_LB_CE_half/gradient/JVET-hhi.xlsm,Test!B287:E287,scripts/JVET-hhi.xlsm,Reference!B287:E287,pass,pass,Test,False
fixed,Fixed-Gradient,gradient,LB,BasketballDrill,C,37,258.3632,32.88,37.8066,37.6458,259.312,32.8923,37.7978,37.6446,measured,runs/ts_fixed_LB_CE_half/gradient/JVET-hhi.xlsm,Test!B288:E288,scripts/JVET-hhi.xlsm,Reference!B288:E288,pass,pass,Test,False
fixed,Fixed-Gradient,gradient,LB,PartyScene,C,22,6341.8096,38.4838,41.0541,41.7555,6337.6512,38.483,41.0578,41.7442,measured,runs/ts_fixed_LB_CE_half/gradient/JVET-hhi.xlsm,Test!B293:E293,scripts/JVET-hhi.xlsm,Reference!B293:E293,pass,pass,Test,False
fixed,Fixed-Gradient,gradient,LB,PartyScene,C,27,2575.0336,34.5251,38.2017,38.6948,2573.552,34.5248,38.2093,38.738,measured,runs/ts_fixed_LB_CE_half/gradient/JVET-hhi.xlsm,Test!B294:E294,scripts/JVET-hhi.xlsm,Reference!B294:E294,pass,pass,Test,False
fixed,Fixed-Gradient,gradient,LB,PartyScene,C,32,1156.0592,31.13,36.29,36.6843,1152.44,31.1246,36.3493,36.7107,measured,runs/ts_fixed_LB_CE_half/gradient/JVET-hhi.xlsm,Test!B295:E295,scripts/JVET-hhi.xlsm,Reference!B295:E295,pass,pass,Test,False
fixed,Fixed-Gradient,gradient,LB,PartyScene,C,37,527.608,28.1683,34.8517,35.0471,527.664,28.176,34.8281,35.01,measured,runs/ts_fixed_LB_CE_half/gradient/JVET-hhi.xlsm,Test!B296:E296,scripts/JVET-hhi.xlsm,Reference!B296:E296,pass,pass,Test,False
fixed,Fixed-Gradient,gradient,LB,RaceHorsesC,C,22,5398.0304,39.3018,40.3587,42.0068,5396.4192,39.3022,40.3675,42.0086,measured,runs/ts_fixed_LB_CE_half/gradient/JVET-hhi.xlsm,Test!B297:E297,scripts/JVET-hhi.xlsm,Reference!B297:E297,pass,pass,Test,False
fixed,Fixed-Gradient,gradient,LB,RaceHorsesC,C,27,1706.0992,34.8097,37.4534,39.5148,1708.2176,34.8174,37.4517,39.5238,measured,runs/ts_fixed_LB_CE_half/gradient/JVET-hhi.xlsm,Test!B298:E298,scripts/JVET-hhi.xlsm,Reference!B298:E298,pass,pass,Test,False
fixed,Fixed-Gradient,gradient,LB,RaceHorsesC,C,32,714.984,31.5148,36.0945,38.1384,715.3328,31.5127,36.1042,38.1454,measured,runs/ts_fixed_LB_CE_half/gradient/JVET-hhi.xlsm,Test!B299:E299,scripts/JVET-hhi.xlsm,Reference!B299:E299,pass,pass,Test,False
fixed,Fixed-Gradient,gradient,LB,RaceHorsesC,C,37,312.168,28.7028,35.0027,36.6115,311.9952,28.7027,35.0061,36.6103,measured,runs/ts_fixed_LB_CE_half/gradient/JVET-hhi.xlsm,Test!B300:E300,scripts/JVET-hhi.xlsm,Reference!B300:E300,pass,pass,Test,False
fixed,Fixed-Gradient,gradient,LB,FourPeople,E,22,1685.5504,42.9908,47.2235,48.461,1687.6336,42.9904,47.2255,48.4682,measured,runs/ts_fixed_LB_CE_half/gradient/JVET-hhi.xlsm,Test!B317:E317,scripts/JVET-hhi.xlsm,Reference!B317:E317,pass,pass,Test,False
fixed,Fixed-Gradient,gradient,LB,FourPeople,E,27,664.9296,40.8802,45.518,46.54,665.6368,40.8831,45.5331,46.5825,measured,runs/ts_fixed_LB_CE_half/gradient/JVET-hhi.xlsm,Test!B318:E318,scripts/JVET-hhi.xlsm,Reference!B318:E318,pass,pass,Test,False
fixed,Fixed-Gradient,gradient,LB,FourPeople,E,32,337.3088,38.4731,43.6085,44.428,338.7904,38.4638,43.6347,44.4048,measured,runs/ts_fixed_LB_CE_half/gradient/JVET-hhi.xlsm,Test!B319:E319,scripts/JVET-hhi.xlsm,Reference!B319:E319,pass,pass,Test,False
fixed,Fixed-Gradient,gradient,LB,FourPeople,E,37,184.6192,35.7811,41.9541,42.755,184.4112,35.7866,41.9807,42.6167,measured,runs/ts_fixed_LB_CE_half/gradient/JVET-hhi.xlsm,Test!B320:E320,scripts/JVET-hhi.xlsm,Reference!B320:E320,pass,pass,Test,False
fixed,Fixed-Gradient,gradient,LB,Johnny,E,22,1126.2976,43.2242,48.6858,49.364,1127.4336,43.225,48.6769,49.3441,measured,runs/ts_fixed_LB_CE_half/gradient/JVET-hhi.xlsm,Test!B321:E321,scripts/JVET-hhi.xlsm,Reference!B321:E321,pass,pass,Test,False
fixed,Fixed-Gradient,gradient,LB,Johnny,E,27,344.3824,41.7407,47.4669,47.9865,344.0928,41.7287,47.4332,47.9842,measured,runs/ts_fixed_LB_CE_half/gradient/JVET-hhi.xlsm,Test!B322:E322,scripts/JVET-hhi.xlsm,Reference!B322:E322,pass,pass,Test,False
fixed,Fixed-Gradient,gradient,LB,Johnny,E,32,160.3824,39.9417,45.7831,46.1682,161.2368,39.9495,45.7892,46.1807,measured,runs/ts_fixed_LB_CE_half/gradient/JVET-hhi.xlsm,Test!B323:E323,scripts/JVET-hhi.xlsm,Reference!B323:E323,pass,pass,Test,False
fixed,Fixed-Gradient,gradient,LB,Johnny,E,37,88.1696,37.8163,44.145,44.5517,88.3056,37.7902,44.1132,44.4601,measured,runs/ts_fixed_LB_CE_half/gradient/JVET-hhi.xlsm,Test!B324:E324,scripts/JVET-hhi.xlsm,Reference!B324:E324,pass,pass,Test,False
fixed,Fixed-Gradient,gradient,LB,KristenAndSara,E,22,1361.2064,43.684,47.9585,48.9689,1356.9584,43.6901,47.9649,48.9269,measured,runs/ts_fixed_LB_CE_half/gradient/JVET-hhi.xlsm,Test!B325:E325,scripts/JVET-hhi.xlsm,Reference!B325:E325,pass,pass,Test,False
fixed,Fixed-Gradient,gradient,LB,KristenAndSara,E,27,497.352,41.8047,46.4641,47.22,498.1408,41.8121,46.4812,47.2758,measured,runs/ts_fixed_LB_CE_half/gradient/JVET-hhi.xlsm,Test!B326:E326,scripts/JVET-hhi.xlsm,Reference!B326:E326,pass,pass,Test,False
fixed,Fixed-Gradient,gradient,LB,KristenAndSara,E,32,231.728,39.6272,44.7389,45.3238,232.4704,39.6376,44.7244,45.3524,measured,runs/ts_fixed_LB_CE_half/gradient/JVET-hhi.xlsm,Test!B327:E327,scripts/JVET-hhi.xlsm,Reference!B327:E327,pass,pass,Test,False
fixed,Fixed-Gradient,gradient,LB,KristenAndSara,E,37,123.4496,37.2139,43.0396,43.6902,123.184,37.2194,42.9964,43.5073,measured,runs/ts_fixed_LB_CE_half/gradient/JVET-hhi.xlsm,Test!B328:E328,scripts/JVET-hhi.xlsm,Reference!B328:E328,pass,pass,Test,False
fixed,Fixed-Gradient,gradient,RA,BQMall,C,22,2345.3464,40.9965,44.8853,46.7601,2345.368,40.9975,44.8842,46.7596,measured,runs/ts_fixed_LB_CE_half/gradient/JVET-hhi.xlsm,Test!B169:E169,scripts/JVET-hhi.xlsm,Reference!B169:E169,pass,pass,Test,False
fixed,Fixed-Gradient,gradient,RA,BQMall,C,27,1125.0792,38.8295,43.2829,44.6383,1124.9424,38.8278,43.2757,44.6397,measured,runs/ts_fixed_LB_CE_half/gradient/JVET-hhi.xlsm,Test!B170:E170,scripts/JVET-hhi.xlsm,Reference!B170:E170,pass,pass,Test,False
fixed,Fixed-Gradient,gradient,RA,BQMall,C,32,576.4432,36.368,41.387,42.3847,576.4504,36.3654,41.405,42.3928,measured,runs/ts_fixed_LB_CE_half/gradient/JVET-hhi.xlsm,Test!B171:E171,scripts/JVET-hhi.xlsm,Reference!B171:E171,pass,pass,Test,False
fixed,Fixed-Gradient,gradient,RA,BQMall,C,37,306.3136,33.7937,39.6462,40.3925,305.8944,33.7918,39.6295,40.4025,measured,runs/ts_fixed_LB_CE_half/gradient/JVET-hhi.xlsm,Test!B172:E172,scripts/JVET-hhi.xlsm,Reference!B172:E172,pass,pass,Test,False
fixed,Fixed-Gradient,gradient,RA,BasketballDrill,C,22,2241.6184,42.2519,44.5586,45.5385,2241.928,42.2507,44.5524,45.537,measured,runs/ts_fixed_LB_CE_half/gradient/JVET-hhi.xlsm,Test!B165:E165,scripts/JVET-hhi.xlsm,Reference!B165:E165,pass,pass,Test,False
fixed,Fixed-Gradient,gradient,RA,BasketballDrill,C,27,1074.5136,39.3384,42.333,42.7897,1074.5392,39.3384,42.3265,42.8157,measured,runs/ts_fixed_LB_CE_half/gradient/JVET-hhi.xlsm,Test!B166:E166,scripts/JVET-hhi.xlsm,Reference!B166:E166,pass,pass,Test,False
fixed,Fixed-Gradient,gradient,RA,BasketballDrill,C,32,542.2048,36.4531,40.4073,40.6432,542.8616,36.4575,40.4145,40.6555,measured,runs/ts_fixed_LB_CE_half/gradient/JVET-hhi.xlsm,Test!B167:E167,scripts/JVET-hhi.xlsm,Reference!B167:E167,pass,pass,Test,False
fixed,Fixed-Gradient,gradient,RA,BasketballDrill,C,37,277.9728,33.7377,38.4197,38.4108,278.412,33.7354,38.4351,38.4123,measured,runs/ts_fixed_LB_CE_half/gradient/JVET-hhi.xlsm,Test!B168:E168,scripts/JVET-hhi.xlsm,Reference!B168:E168,pass,pass,Test,False
fixed,Fixed-Gradient,gradient,RA,PartyScene,C,22,4367.6696,39.4735,43.0965,44.4112,4365.568,39.4719,43.0883,44.4053,measured,runs/ts_fixed_LB_CE_half/gradient/JVET-hhi.xlsm,Test!B173:E173,scripts/JVET-hhi.xlsm,Reference!B173:E173,pass,pass,Test,False
fixed,Fixed-Gradient,gradient,RA,PartyScene,C,27,2040.6168,36.3853,40.6034,41.6842,2040.8152,36.3793,40.6039,41.683,measured,runs/ts_fixed_LB_CE_half/gradient/JVET-hhi.xlsm,Test!B174:E174,scripts/JVET-hhi.xlsm,Reference!B174:E174,pass,pass,Test,False
fixed,Fixed-Gradient,gradient,RA,PartyScene,C,32,997.3808,33.3823,38.4549,39.2922,997.0056,33.3783,38.4599,39.2778,measured,runs/ts_fixed_LB_CE_half/gradient/JVET-hhi.xlsm,Test!B175:E175,scripts/JVET-hhi.xlsm,Reference!B175:E175,pass,pass,Test,False
fixed,Fixed-Gradient,gradient,RA,PartyScene,C,37,483.7096,30.5691,36.6063,37.2499,484.364,30.572,36.5985,37.2462,measured,runs/ts_fixed_LB_CE_half/gradient/JVET-hhi.xlsm,Test!B176:E176,scripts/JVET-hhi.xlsm,Reference!B176:E176,pass,pass,Test,False
fixed,Fixed-Gradient,gradient,RA,RaceHorsesC,C,22,3308.1488,39.4571,41.8455,43.4905,3308.8792,39.4576,41.8509,43.494,measured,runs/ts_fixed_LB_CE_half/gradient/JVET-hhi.xlsm,Test!B177:E177,scripts/JVET-hhi.xlsm,Reference!B177:E177,pass,pass,Test,False
fixed,Fixed-Gradient,gradient,RA,RaceHorsesC,C,27,1361.7976,36.6613,39.5587,41.3142,1362.1592,36.6634,39.5546,41.3167,measured,runs/ts_fixed_LB_CE_half/gradient/JVET-hhi.xlsm,Test!B178:E178,scripts/JVET-hhi.xlsm,Reference!B178:E178,pass,pass,Test,False
fixed,Fixed-Gradient,gradient,RA,RaceHorsesC,C,32,636.6088,33.9865,37.5407,39.6141,637.6688,33.983,37.5615,39.6066,measured,runs/ts_fixed_LB_CE_half/gradient/JVET-hhi.xlsm,Test!B179:E179,scripts/JVET-hhi.xlsm,Reference!B179:E179,pass,pass,Test,False
fixed,Fixed-Gradient,gradient,RA,RaceHorsesC,C,37,307.4736,31.2867,35.9654,37.9088,307.7248,31.2817,35.9711,37.9026,measured,runs/ts_fixed_LB_CE_half/gradient/JVET-hhi.xlsm,Test!B180:E180,scripts/JVET-hhi.xlsm,Reference!B180:E180,pass,pass,Test,False
fixed,Fixed-Gradient,gradient,RA,BQSquare,D,22,977.2328,39.2461,45.3587,46.8792,976.7464,39.2431,45.3407,46.8845,measured,runs/ts_fixed_LB_CE_half/gradient/JVET-hhi.xlsm,Test!B185:E185,scripts/JVET-hhi.xlsm,Reference!B185:E185,pass,pass,Test,False
fixed,Fixed-Gradient,gradient,RA,BQSquare,D,27,389.1392,36.4403,43.4896,44.8318,389.1528,36.4428,43.4545,44.7997,measured,runs/ts_fixed_LB_CE_half/gradient/JVET-hhi.xlsm,Test!B186:E186,scripts/JVET-hhi.xlsm,Reference!B186:E186,pass,pass,Test,False
fixed,Fixed-Gradient,gradient,RA,BQSquare,D,32,188.0048,33.8278,41.3363,42.6101,188.668,33.8478,41.4372,42.6425,measured,runs/ts_fixed_LB_CE_half/gradient/JVET-hhi.xlsm,Test!B187:E187,scripts/JVET-hhi.xlsm,Reference!B187:E187,pass,pass,Test,False
fixed,Fixed-Gradient,gradient,RA,BQSquare,D,37,101.7992,31.3658,39.2371,40.3563,101.8192,31.3765,39.25,40.3362,measured,runs/ts_fixed_LB_CE_half/gradient/JVET-hhi.xlsm,Test!B188:E188,scripts/JVET-hhi.xlsm,Reference!B188:E188,pass,pass,Test,False
fixed,Fixed-Gradient,gradient,RA,BasketballPass,D,22,1062.8808,41.8751,45.132,44.0554,1062.3328,41.8762,45.1354,44.0686,measured,runs/ts_fixed_LB_CE_half/gradient/JVET-hhi.xlsm,Test!B181:E181,scripts/JVET-hhi.xlsm,Reference!B181:E181,pass,pass,Test,False
fixed,Fixed-Gradient,gradient,RA,BasketballPass,D,27,508.0784,37.9875,42.4418,40.8654,507.7928,37.9828,42.4228,40.8716,measured,runs/ts_fixed_LB_CE_half/gradient/JVET-hhi.xlsm,Test!B182:E182,scripts/JVET-hhi.xlsm,Reference!B182:E182,pass,pass,Test,False
fixed,Fixed-Gradient,gradient,RA,BasketballPass,D,32,253.1016,34.6856,40.2215,38.5513,252.8768,34.677,40.2133,38.5231,measured,runs/ts_fixed_LB_CE_half/gradient/JVET-hhi.xlsm,Test!B183:E183,scripts/JVET-hhi.xlsm,Reference!B183:E183,pass,pass,Test,False
fixed,Fixed-Gradient,gradient,RA,BasketballPass,D,37,129.4048,31.8004,38.2699,36.3386,129.7752,31.7986,38.2481,36.3026,measured,runs/ts_fixed_LB_CE_half/gradient/JVET-hhi.xlsm,Test!B184:E184,scripts/JVET-hhi.xlsm,Reference!B184:E184,pass,pass,Test,False
fixed,Fixed-Gradient,gradient,RA,BlowingBubbles,D,22,1085.3032,39.1634,42.7247,44.1563,1085.464,39.1637,42.7285,44.1553,measured,runs/ts_fixed_LB_CE_half/gradient/JVET-hhi.xlsm,Test!B189:E189,scripts/JVET-hhi.xlsm,Reference!B189:E189,pass,pass,Test,False
fixed,Fixed-Gradient,gradient,RA,BlowingBubbles,D,27,512.9536,36.2072,40.2755,41.4281,512.0128,36.1962,40.2672,41.4441,measured,runs/ts_fixed_LB_CE_half/gradient/JVET-hhi.xlsm,Test!B190:E190,scripts/JVET-hhi.xlsm,Reference!B190:E190,pass,pass,Test,False
fixed,Fixed-Gradient,gradient,RA,BlowingBubbles,D,32,250.3832,33.3137,37.9198,38.7658,251.0008,33.3192,37.9089,38.7343,measured,runs/ts_fixed_LB_CE_half/gradient/JVET-hhi.xlsm,Test!B191:E191,scripts/JVET-hhi.xlsm,Reference!B191:E191,pass,pass,Test,False
fixed,Fixed-Gradient,gradient,RA,BlowingBubbles,D,37,122.324,30.557,35.937,36.6135,122.1112,30.5498,35.921,36.6157,measured,runs/ts_fixed_LB_CE_half/gradient/JVET-hhi.xlsm,Test!B192:E192,scripts/JVET-hhi.xlsm,Reference!B192:E192,pass,pass,Test,False
fixed,Fixed-Gradient,gradient,RA,RaceHorses,D,22,806.9912,40.2281,42.1574,43.3657,807.2112,40.2297,42.1685,43.3793,measured,runs/ts_fixed_LB_CE_half/gradient/JVET-hhi.xlsm,Test!B193:E193,scripts/JVET-hhi.xlsm,Reference!B193:E193,pass,pass,Test,False
fixed,Fixed-Gradient,gradient,RA,RaceHorses,D,27,402.1064,36.6851,39.3189,40.6358,402.8768,36.6923,39.2952,40.6273,measured,runs/ts_fixed_LB_CE_half/gradient/JVET-hhi.xlsm,Test!B194:E194,scripts/JVET-hhi.xlsm,Reference!B194:E194,pass,pass,Test,False
fixed,Fixed-Gradient,gradient,RA,RaceHorses,D,32,196.8168,33.2942,37.1185,38.4918,196.6816,33.2953,37.1344,38.4806,measured,runs/ts_fixed_LB_CE_half/gradient/JVET-hhi.xlsm,Test!B195:E195,scripts/JVET-hhi.xlsm,Reference!B195:E195,pass,pass,Test,False
fixed,Fixed-Gradient,gradient,RA,RaceHorses,D,37,96.6232,30.4066,35.386,36.5292,96.6608,30.3999,35.3858,36.5171,measured,runs/ts_fixed_LB_CE_half/gradient/JVET-hhi.xlsm,Test!B196:E196,scripts/JVET-hhi.xlsm,Reference!B196:E196,pass,pass,Test,False
fixed,Fixed-Directional,directional,LB,BQTerrace,B,22,28642.616,38.2232,42.9341,45.3832,28634.6656,38.2236,42.9337,45.3718,measured,runs/ts_fixed_LB_CE_half/directional/JVET-hhi.xlsm,Test!B281:E281,scripts/JVET-hhi.xlsm,Reference!B281:E281,pass,pass,Test,False
fixed,Fixed-Directional,directional,LB,BQTerrace,B,27,3625.1632,35.9183,41.8958,44.3897,3629.6688,35.92,41.8995,44.3919,measured,runs/ts_fixed_LB_CE_half/directional/JVET-hhi.xlsm,Test!B282:E282,scripts/JVET-hhi.xlsm,Reference!B282:E282,pass,pass,Test,False
fixed,Fixed-Directional,directional,LB,BQTerrace,B,32,1234.6176,34.376,40.745,43.192,1239.4832,34.3794,40.7151,43.2149,measured,runs/ts_fixed_LB_CE_half/directional/JVET-hhi.xlsm,Test!B283:E283,scripts/JVET-hhi.xlsm,Reference!B283:E283,pass,pass,Test,False
fixed,Fixed-Directional,directional,LB,BQTerrace,B,37,505.2032,32.6649,39.6092,42.1495,504.968,32.6693,39.6305,42.1297,measured,runs/ts_fixed_LB_CE_half/directional/JVET-hhi.xlsm,Test!B284:E284,scripts/JVET-hhi.xlsm,Reference!B284:E284,pass,pass,Test,False
fixed,Fixed-Directional,directional,LB,BasketballDrive,B,22,13118.7216,39.5612,44.2584,45.5693,13115.8896,39.5604,44.2637,45.5854,measured,runs/ts_fixed_LB_CE_half/directional/JVET-hhi.xlsm,Test!B277:E277,scripts/JVET-hhi.xlsm,Reference!B277:E277,pass,pass,Test,False
fixed,Fixed-Directional,directional,LB,BasketballDrive,B,27,4130.424,37.7724,42.7129,43.099,4133.4816,37.7714,42.7083,43.0958,measured,runs/ts_fixed_LB_CE_half/directional/JVET-hhi.xlsm,Test!B278:E278,scripts/JVET-hhi.xlsm,Reference!B278:E278,pass,pass,Test,False
fixed,Fixed-Directional,directional,LB,BasketballDrive,B,32,1979.0816,35.9507,41.5407,41.4075,1977.808,35.9524,41.5419,41.4205,measured,runs/ts_fixed_LB_CE_half/directional/JVET-hhi.xlsm,Test!B279:E279,scripts/JVET-hhi.xlsm,Reference!B279:E279,pass,pass,Test,False
fixed,Fixed-Directional,directional,LB,BasketballDrive,B,37,1019.4736,33.99,40.2568,39.4332,1020.8128,33.9982,40.2401,39.4493,measured,runs/ts_fixed_LB_CE_half/directional/JVET-hhi.xlsm,Test!B280:E280,scripts/JVET-hhi.xlsm,Reference!B280:E280,pass,pass,Test,False
fixed,Fixed-Directional,directional,LB,Cactus,B,22,10163.0032,38.6754,40.1807,43.8575,10153.8272,38.6742,40.1805,43.8542,measured,runs/ts_fixed_LB_CE_half/directional/JVET-hhi.xlsm,Test!B273:E273,scripts/JVET-hhi.xlsm,Reference!B273:E273,pass,pass,Test,False
fixed,Fixed-Directional,directional,LB,Cactus,B,27,3073.9616,36.8377,39.2891,41.9174,3070.7376,36.8392,39.3071,41.9319,measured,runs/ts_fixed_LB_CE_half/directional/JVET-hhi.xlsm,Test!B274:E274,scripts/JVET-hhi.xlsm,Reference!B274:E274,pass,pass,Test,False
fixed,Fixed-Directional,directional,LB,Cactus,B,32,1408.3744,34.8538,38.4643,40.2084,1406.856,34.8484,38.4807,40.2274,measured,runs/ts_fixed_LB_CE_half/directional/JVET-hhi.xlsm,Test!B275:E275,scripts/JVET-hhi.xlsm,Reference!B275:E275,pass,pass,Test,False
fixed,Fixed-Directional,directional,LB,Cactus,B,37,694.5264,32.6939,37.4156,38.567,693.8672,32.6931,37.4452,38.5701,measured,runs/ts_fixed_LB_CE_half/directional/JVET-hhi.xlsm,Test!B276:E276,scripts/JVET-hhi.xlsm,Reference!B276:E276,pass,pass,Test,False
fixed,Fixed-Directional,directional,LB,MarketPlace,B,22,9258.3792,40.5867,44.4432,45.0589,9271.04,40.5874,44.4435,45.0629,measured,runs/ts_fixed_LB_CE_half/directional/JVET-hhi.xlsm,Test!B265:E265,scripts/JVET-hhi.xlsm,Reference!B265:E265,pass,pass,Test,False
fixed,Fixed-Directional,directional,LB,MarketPlace,B,27,3046.1632,38.8761,43.1623,43.5444,3045.0432,38.8763,43.1643,43.5404,measured,runs/ts_fixed_LB_CE_half/directional/JVET-hhi.xlsm,Test!B266:E266,scripts/JVET-hhi.xlsm,Reference!B266:E266,pass,pass,Test,False
fixed,Fixed-Directional,directional,LB,MarketPlace,B,32,1362.1424,36.94,42.0506,42.1599,1361.2032,36.9391,42.0545,42.137,measured,runs/ts_fixed_LB_CE_half/directional/JVET-hhi.xlsm,Test!B267:E267,scripts/JVET-hhi.xlsm,Reference!B267:E267,pass,pass,Test,False
fixed,Fixed-Directional,directional,LB,MarketPlace,B,37,655.2016,34.8411,40.9802,41.0485,654.5472,34.8352,40.9742,41.0776,measured,runs/ts_fixed_LB_CE_half/directional/JVET-hhi.xlsm,Test!B268:E268,scripts/JVET-hhi.xlsm,Reference!B268:E268,pass,pass,Test,False
fixed,Fixed-Directional,directional,LB,RitualDance,B,22,7538.8048,44.8474,48.0447,48.5713,7540.6512,44.8466,48.0392,48.5796,measured,runs/ts_fixed_LB_CE_half/directional/JVET-hhi.xlsm,Test!B269:E269,scripts/JVET-hhi.xlsm,Reference!B269:E269,pass,pass,Test,False
fixed,Fixed-Directional,directional,LB,RitualDance,B,27,3649.4352,41.51,45.5163,45.5656,3651.0656,41.5142,45.5233,45.5656,measured,runs/ts_fixed_LB_CE_half/directional/JVET-hhi.xlsm,Test!B270:E270,scripts/JVET-hhi.xlsm,Reference!B270:E270,pass,pass,Test,False
fixed,Fixed-Directional,directional,LB,RitualDance,B,32,1885.9056,38.2652,43.8151,43.6304,1886.0864,38.2675,43.7939,43.6082,measured,runs/ts_fixed_LB_CE_half/directional/JVET-hhi.xlsm,Test!B271:E271,scripts/JVET-hhi.xlsm,Reference!B271:E271,pass,pass,Test,False
fixed,Fixed-Directional,directional,LB,RitualDance,B,37,1023.6144,35.5456,42.3424,42.0477,1024.2,35.5387,42.3264,42.0568,measured,runs/ts_fixed_LB_CE_half/directional/JVET-hhi.xlsm,Test!B272:E272,scripts/JVET-hhi.xlsm,Reference!B272:E272,pass,pass,Test,False
fixed,Fixed-Directional,directional,LB,BQMall,C,22,2874.8944,40.0864,43.4565,44.5287,2871.7632,40.0806,43.4617,44.5371,measured,runs/ts_fixed_LB_CE_half/directional/JVET-hhi.xlsm,Test!B289:E289,scripts/JVET-hhi.xlsm,Reference!B289:E289,pass,pass,Test,False
fixed,Fixed-Directional,directional,LB,BQMall,C,27,1168.2416,37.1909,41.3893,41.8146,1168.9024,37.1908,41.3908,41.8375,measured,runs/ts_fixed_LB_CE_half/directional/JVET-hhi.xlsm,Test!B290:E290,scripts/JVET-hhi.xlsm,Reference!B290:E290,pass,pass,Test,False
fixed,Fixed-Directional,directional,LB,BQMall,C,32,557.1488,34.3853,39.6312,39.877,557.7408,34.3861,39.6296,39.818,measured,runs/ts_fixed_LB_CE_half/directional/JVET-hhi.xlsm,Test!B291:E291,scripts/JVET-hhi.xlsm,Reference!B291:E291,pass,pass,Test,False
fixed,Fixed-Directional,directional,LB,BQMall,C,37,285.6448,31.7048,38.2039,38.149,285.952,31.7005,38.1896,38.1383,measured,runs/ts_fixed_LB_CE_half/directional/JVET-hhi.xlsm,Test!B292:E292,scripts/JVET-hhi.xlsm,Reference!B292:E292,pass,pass,Test,False
fixed,Fixed-Directional,directional,LB,BasketballDrill,C,22,2278.9664,41.5883,43.8425,44.8196,2278.4544,41.5841,43.8272,44.8245,measured,runs/ts_fixed_LB_CE_half/directional/JVET-hhi.xlsm,Test!B285:E285,scripts/JVET-hhi.xlsm,Reference!B285:E285,pass,pass,Test,False
fixed,Fixed-Directional,directional,LB,BasketballDrill,C,27,1008.3056,38.4519,41.3758,41.8327,1009.376,38.4669,41.3897,41.8536,measured,runs/ts_fixed_LB_CE_half/directional/JVET-hhi.xlsm,Test!B286:E286,scripts/JVET-hhi.xlsm,Reference!B286:E286,pass,pass,Test,False
fixed,Fixed-Directional,directional,LB,BasketballDrill,C,32,497.664,35.4772,39.591,39.7871,497.256,35.4807,39.6157,39.776,measured,runs/ts_fixed_LB_CE_half/directional/JVET-hhi.xlsm,Test!B287:E287,scripts/JVET-hhi.xlsm,Reference!B287:E287,pass,pass,Test,False
fixed,Fixed-Directional,directional,LB,BasketballDrill,C,37,258.3632,32.88,37.8066,37.6458,258.72,32.8939,37.8663,37.7071,measured,runs/ts_fixed_LB_CE_half/directional/JVET-hhi.xlsm,Test!B288:E288,scripts/JVET-hhi.xlsm,Reference!B288:E288,pass,pass,Test,False
fixed,Fixed-Directional,directional,LB,PartyScene,C,22,6341.8096,38.4838,41.0541,41.7555,6336.4576,38.4818,41.0678,41.7457,measured,runs/ts_fixed_LB_CE_half/directional/JVET-hhi.xlsm,Test!B293:E293,scripts/JVET-hhi.xlsm,Reference!B293:E293,pass,pass,Test,False
fixed,Fixed-Directional,directional,LB,PartyScene,C,27,2575.0336,34.5251,38.2017,38.6948,2574.2768,34.5331,38.233,38.7492,measured,runs/ts_fixed_LB_CE_half/directional/JVET-hhi.xlsm,Test!B294:E294,scripts/JVET-hhi.xlsm,Reference!B294:E294,pass,pass,Test,False
fixed,Fixed-Directional,directional,LB,PartyScene,C,32,1156.0592,31.13,36.29,36.6843,1151.4864,31.1236,36.3085,36.6798,measured,runs/ts_fixed_LB_CE_half/directional/JVET-hhi.xlsm,Test!B295:E295,scripts/JVET-hhi.xlsm,Reference!B295:E295,pass,pass,Test,False
fixed,Fixed-Directional,directional,LB,PartyScene,C,37,527.608,28.1683,34.8517,35.0471,527.824,28.1577,34.7672,35.0514,measured,runs/ts_fixed_LB_CE_half/directional/JVET-hhi.xlsm,Test!B296:E296,scripts/JVET-hhi.xlsm,Reference!B296:E296,pass,pass,Test,False
fixed,Fixed-Directional,directional,LB,RaceHorsesC,C,22,5398.0304,39.3018,40.3587,42.0068,5396.472,39.3004,40.358,41.9973,measured,runs/ts_fixed_LB_CE_half/directional/JVET-hhi.xlsm,Test!B297:E297,scripts/JVET-hhi.xlsm,Reference!B297:E297,pass,pass,Test,False
fixed,Fixed-Directional,directional,LB,RaceHorsesC,C,27,1706.0992,34.8097,37.4534,39.5148,1705.64,34.8184,37.4411,39.5241,measured,runs/ts_fixed_LB_CE_half/directional/JVET-hhi.xlsm,Test!B298:E298,scripts/JVET-hhi.xlsm,Reference!B298:E298,pass,pass,Test,False
fixed,Fixed-Directional,directional,LB,RaceHorsesC,C,32,714.984,31.5148,36.0945,38.1384,714.5488,31.5075,36.1055,38.1273,measured,runs/ts_fixed_LB_CE_half/directional/JVET-hhi.xlsm,Test!B299:E299,scripts/JVET-hhi.xlsm,Reference!B299:E299,pass,pass,Test,False
fixed,Fixed-Directional,directional,LB,RaceHorsesC,C,37,312.168,28.7028,35.0027,36.6115,311.4464,28.7075,35.0015,36.5807,measured,runs/ts_fixed_LB_CE_half/directional/JVET-hhi.xlsm,Test!B300:E300,scripts/JVET-hhi.xlsm,Reference!B300:E300,pass,pass,Test,False
fixed,Fixed-Directional,directional,LB,FourPeople,E,22,1685.5504,42.9908,47.2235,48.461,1685.6192,42.9901,47.22,48.5013,measured,runs/ts_fixed_LB_CE_half/directional/JVET-hhi.xlsm,Test!B317:E317,scripts/JVET-hhi.xlsm,Reference!B317:E317,pass,pass,Test,False
fixed,Fixed-Directional,directional,LB,FourPeople,E,27,664.9296,40.8802,45.518,46.54,666.528,40.8838,45.5449,46.5787,measured,runs/ts_fixed_LB_CE_half/directional/JVET-hhi.xlsm,Test!B318:E318,scripts/JVET-hhi.xlsm,Reference!B318:E318,pass,pass,Test,False
fixed,Fixed-Directional,directional,LB,FourPeople,E,32,337.3088,38.4731,43.6085,44.428,338.7904,38.4638,43.6347,44.4048,measured,runs/ts_fixed_LB_CE_half/directional/JVET-hhi.xlsm,Test!B319:E319,scripts/JVET-hhi.xlsm,Reference!B319:E319,pass,pass,Test,False
fixed,Fixed-Directional,directional,LB,FourPeople,E,37,184.6192,35.7811,41.9541,42.755,184.752,35.7883,41.9445,42.5904,measured,runs/ts_fixed_LB_CE_half/directional/JVET-hhi.xlsm,Test!B320:E320,scripts/JVET-hhi.xlsm,Reference!B320:E320,pass,pass,Test,False
fixed,Fixed-Directional,directional,LB,Johnny,E,22,1126.2976,43.2242,48.6858,49.364,1129.8704,43.2279,48.7005,49.3751,measured,runs/ts_fixed_LB_CE_half/directional/JVET-hhi.xlsm,Test!B321:E321,scripts/JVET-hhi.xlsm,Reference!B321:E321,pass,pass,Test,False
fixed,Fixed-Directional,directional,LB,Johnny,E,27,344.3824,41.7407,47.4669,47.9865,344.5168,41.7469,47.4766,47.9642,measured,runs/ts_fixed_LB_CE_half/directional/JVET-hhi.xlsm,Test!B322:E322,scripts/JVET-hhi.xlsm,Reference!B322:E322,pass,pass,Test,False
fixed,Fixed-Directional,directional,LB,Johnny,E,32,160.3824,39.9417,45.7831,46.1682,159.928,39.9316,45.7458,46.21,measured,runs/ts_fixed_LB_CE_half/directional/JVET-hhi.xlsm,Test!B323:E323,scripts/JVET-hhi.xlsm,Reference!B323:E323,pass,pass,Test,False
fixed,Fixed-Directional,directional,LB,Johnny,E,37,88.1696,37.8163,44.145,44.5517,88.008,37.8103,44.2068,44.5069,measured,runs/ts_fixed_LB_CE_half/directional/JVET-hhi.xlsm,Test!B324:E324,scripts/JVET-hhi.xlsm,Reference!B324:E324,pass,pass,Test,False
fixed,Fixed-Directional,directional,LB,KristenAndSara,E,22,1361.2064,43.684,47.9585,48.9689,1361.4672,43.6905,47.9605,48.9421,measured,runs/ts_fixed_LB_CE_half/directional/JVET-hhi.xlsm,Test!B325:E325,scripts/JVET-hhi.xlsm,Reference!B325:E325,pass,pass,Test,False
fixed,Fixed-Directional,directional,LB,KristenAndSara,E,27,497.352,41.8047,46.4641,47.22,497.2352,41.8054,46.4346,47.2588,measured,runs/ts_fixed_LB_CE_half/directional/JVET-hhi.xlsm,Test!B326:E326,scripts/JVET-hhi.xlsm,Reference!B326:E326,pass,pass,Test,False
fixed,Fixed-Directional,directional,LB,KristenAndSara,E,32,231.728,39.6272,44.7389,45.3238,233.0256,39.6359,44.6918,45.3629,measured,runs/ts_fixed_LB_CE_half/directional/JVET-hhi.xlsm,Test!B327:E327,scripts/JVET-hhi.xlsm,Reference!B327:E327,pass,pass,Test,False
fixed,Fixed-Directional,directional,LB,KristenAndSara,E,37,123.4496,37.2139,43.0396,43.6902,123.2192,37.2246,42.9502,43.698,measured,runs/ts_fixed_LB_CE_half/directional/JVET-hhi.xlsm,Test!B328:E328,scripts/JVET-hhi.xlsm,Reference!B328:E328,pass,pass,Test,False
fixed,Fixed-Directional,directional,RA,BQMall,C,22,2345.3464,40.9965,44.8853,46.7601,2344.9216,40.997,44.8791,46.7552,measured,runs/ts_fixed_LB_CE_half/directional/JVET-hhi.xlsm,Test!B169:E169,scripts/JVET-hhi.xlsm,Reference!B169:E169,pass,pass,Test,False
fixed,Fixed-Directional,directional,RA,BQMall,C,27,1125.0792,38.8295,43.2829,44.6383,1124.1216,38.8286,43.2768,44.6551,measured,runs/ts_fixed_LB_CE_half/directional/JVET-hhi.xlsm,Test!B170:E170,scripts/JVET-hhi.xlsm,Reference!B170:E170,pass,pass,Test,False
fixed,Fixed-Directional,directional,RA,BQMall,C,32,576.4432,36.368,41.387,42.3847,576.564,36.363,41.3952,42.3806,measured,runs/ts_fixed_LB_CE_half/directional/JVET-hhi.xlsm,Test!B171:E171,scripts/JVET-hhi.xlsm,Reference!B171:E171,pass,pass,Test,False
fixed,Fixed-Directional,directional,RA,BQMall,C,37,306.3136,33.7937,39.6462,40.3925,305.9976,33.7938,39.6313,40.4265,measured,runs/ts_fixed_LB_CE_half/directional/JVET-hhi.xlsm,Test!B172:E172,scripts/JVET-hhi.xlsm,Reference!B172:E172,pass,pass,Test,False
fixed,Fixed-Directional,directional,RA,BasketballDrill,C,22,2241.6184,42.2519,44.5586,45.5385,2241.7288,42.2525,44.5514,45.5359,measured,runs/ts_fixed_LB_CE_half/directional/JVET-hhi.xlsm,Test!B165:E165,scripts/JVET-hhi.xlsm,Reference!B165:E165,pass,pass,Test,False
fixed,Fixed-Directional,directional,RA,BasketballDrill,C,27,1074.5136,39.3384,42.333,42.7897,1074.1352,39.3335,42.3265,42.8196,measured,runs/ts_fixed_LB_CE_half/directional/JVET-hhi.xlsm,Test!B166:E166,scripts/JVET-hhi.xlsm,Reference!B166:E166,pass,pass,Test,False
fixed,Fixed-Directional,directional,RA,BasketballDrill,C,32,542.2048,36.4531,40.4073,40.6432,542.5768,36.4488,40.4077,40.6497,measured,runs/ts_fixed_LB_CE_half/directional/JVET-hhi.xlsm,Test!B167:E167,scripts/JVET-hhi.xlsm,Reference!B167:E167,pass,pass,Test,False
fixed,Fixed-Directional,directional,RA,BasketballDrill,C,37,277.9728,33.7377,38.4197,38.4108,278.2232,33.7423,38.4314,38.3968,measured,runs/ts_fixed_LB_CE_half/directional/JVET-hhi.xlsm,Test!B168:E168,scripts/JVET-hhi.xlsm,Reference!B168:E168,pass,pass,Test,False
fixed,Fixed-Directional,directional,RA,PartyScene,C,22,4367.6696,39.4735,43.0965,44.4112,4368.6184,39.4758,43.0827,44.3955,measured,runs/ts_fixed_LB_CE_half/directional/JVET-hhi.xlsm,Test!B173:E173,scripts/JVET-hhi.xlsm,Reference!B173:E173,pass,pass,Test,False
fixed,Fixed-Directional,directional,RA,PartyScene,C,27,2040.6168,36.3853,40.6034,41.6842,2039.4064,36.383,40.6031,41.6865,measured,runs/ts_fixed_LB_CE_half/directional/JVET-hhi.xlsm,Test!B174:E174,scripts/JVET-hhi.xlsm,Reference!B174:E174,pass,pass,Test,False
fixed,Fixed-Directional,directional,RA,PartyScene,C,32,997.3808,33.3823,38.4549,39.2922,996.9984,33.3814,38.4577,39.2805,measured,runs/ts_fixed_LB_CE_half/directional/JVET-hhi.xlsm,Test!B175:E175,scripts/JVET-hhi.xlsm,Reference!B175:E175,pass,pass,Test,False
fixed,Fixed-Directional,directional,RA,PartyScene,C,37,483.7096,30.5691,36.6063,37.2499,483.8456,30.5634,36.6037,37.2571,measured,runs/ts_fixed_LB_CE_half/directional/JVET-hhi.xlsm,Test!B176:E176,scripts/JVET-hhi.xlsm,Reference!B176:E176,pass,pass,Test,False
fixed,Fixed-Directional,directional,RA,RaceHorsesC,C,22,3308.1488,39.4571,41.8455,43.4905,3308.3896,39.4584,41.849,43.4997,measured,runs/ts_fixed_LB_CE_half/directional/JVET-hhi.xlsm,Test!B177:E177,scripts/JVET-hhi.xlsm,Reference!B177:E177,pass,pass,Test,False
fixed,Fixed-Directional,directional,RA,RaceHorsesC,C,27,1361.7976,36.6613,39.5587,41.3142,1362.9136,36.6638,39.573,41.3255,measured,runs/ts_fixed_LB_CE_half/directional/JVET-hhi.xlsm,Test!B178:E178,scripts/JVET-hhi.xlsm,Reference!B178:E178,pass,pass,Test,False
fixed,Fixed-Directional,directional,RA,RaceHorsesC,C,32,636.6088,33.9865,37.5407,39.6141,637.236,33.988,37.5479,39.601,measured,runs/ts_fixed_LB_CE_half/directional/JVET-hhi.xlsm,Test!B179:E179,scripts/JVET-hhi.xlsm,Reference!B179:E179,pass,pass,Test,False
fixed,Fixed-Directional,directional,RA,RaceHorsesC,C,37,307.4736,31.2867,35.9654,37.9088,308.284,31.2915,35.9701,37.8983,measured,runs/ts_fixed_LB_CE_half/directional/JVET-hhi.xlsm,Test!B180:E180,scripts/JVET-hhi.xlsm,Reference!B180:E180,pass,pass,Test,False
fixed,Fixed-Directional,directional,RA,BQSquare,D,22,977.2328,39.2461,45.3587,46.8792,977.2192,39.2406,45.3374,46.8651,measured,runs/ts_fixed_LB_CE_half/directional/JVET-hhi.xlsm,Test!B185:E185,scripts/JVET-hhi.xlsm,Reference!B185:E185,pass,pass,Test,False
fixed,Fixed-Directional,directional,RA,BQSquare,D,27,389.1392,36.4403,43.4896,44.8318,389.488,36.437,43.4748,44.8022,measured,runs/ts_fixed_LB_CE_half/directional/JVET-hhi.xlsm,Test!B186:E186,scripts/JVET-hhi.xlsm,Reference!B186:E186,pass,pass,Test,False
fixed,Fixed-Directional,directional,RA,BQSquare,D,32,188.0048,33.8278,41.3363,42.6101,187.9864,33.8344,41.4892,42.6402,measured,runs/ts_fixed_LB_CE_half/directional/JVET-hhi.xlsm,Test!B187:E187,scripts/JVET-hhi.xlsm,Reference!B187:E187,pass,pass,Test,False
fixed,Fixed-Directional,directional,RA,BQSquare,D,37,101.7992,31.3658,39.2371,40.3563,101.6608,31.3822,39.2848,40.4584,measured,runs/ts_fixed_LB_CE_half/directional/JVET-hhi.xlsm,Test!B188:E188,scripts/JVET-hhi.xlsm,Reference!B188:E188,pass,pass,Test,False
fixed,Fixed-Directional,directional,RA,BasketballPass,D,22,1062.8808,41.8751,45.132,44.0554,1062.6864,41.8744,45.1256,44.0661,measured,runs/ts_fixed_LB_CE_half/directional/JVET-hhi.xlsm,Test!B181:E181,scripts/JVET-hhi.xlsm,Reference!B181:E181,pass,pass,Test,False
fixed,Fixed-Directional,directional,RA,BasketballPass,D,27,508.0784,37.9875,42.4418,40.8654,508.4024,37.9926,42.4276,40.8383,measured,runs/ts_fixed_LB_CE_half/directional/JVET-hhi.xlsm,Test!B182:E182,scripts/JVET-hhi.xlsm,Reference!B182:E182,pass,pass,Test,False
fixed,Fixed-Directional,directional,RA,BasketballPass,D,32,253.1016,34.6856,40.2215,38.5513,253.4968,34.6827,40.2174,38.549,measured,runs/ts_fixed_LB_CE_half/directional/JVET-hhi.xlsm,Test!B183:E183,scripts/JVET-hhi.xlsm,Reference!B183:E183,pass,pass,Test,False
fixed,Fixed-Directional,directional,RA,BasketballPass,D,37,129.4048,31.8004,38.2699,36.3386,129.7592,31.8022,38.2265,36.3047,measured,runs/ts_fixed_LB_CE_half/directional/JVET-hhi.xlsm,Test!B184:E184,scripts/JVET-hhi.xlsm,Reference!B184:E184,pass,pass,Test,False
fixed,Fixed-Directional,directional,RA,BlowingBubbles,D,22,1085.3032,39.1634,42.7247,44.1563,1085.6168,39.1658,42.7272,44.145,measured,runs/ts_fixed_LB_CE_half/directional/JVET-hhi.xlsm,Test!B189:E189,scripts/JVET-hhi.xlsm,Reference!B189:E189,pass,pass,Test,False
fixed,Fixed-Directional,directional,RA,BlowingBubbles,D,27,512.9536,36.2072,40.2755,41.4281,512.5736,36.1972,40.2751,41.4341,measured,runs/ts_fixed_LB_CE_half/directional/JVET-hhi.xlsm,Test!B190:E190,scripts/JVET-hhi.xlsm,Reference!B190:E190,pass,pass,Test,False
fixed,Fixed-Directional,directional,RA,BlowingBubbles,D,32,250.3832,33.3137,37.9198,38.7658,250.536,33.3231,37.9223,38.7711,measured,runs/ts_fixed_LB_CE_half/directional/JVET-hhi.xlsm,Test!B191:E191,scripts/JVET-hhi.xlsm,Reference!B191:E191,pass,pass,Test,False
fixed,Fixed-Directional,directional,RA,BlowingBubbles,D,37,122.324,30.557,35.937,36.6135,122.3256,30.5573,35.9156,36.5981,measured,runs/ts_fixed_LB_CE_half/directional/JVET-hhi.xlsm,Test!B192:E192,scripts/JVET-hhi.xlsm,Reference!B192:E192,pass,pass,Test,False
fixed,Fixed-Directional,directional,RA,RaceHorses,D,22,806.9912,40.2281,42.1574,43.3657,807.1944,40.2273,42.173,43.38,measured,runs/ts_fixed_LB_CE_half/directional/JVET-hhi.xlsm,Test!B193:E193,scripts/JVET-hhi.xlsm,Reference!B193:E193,pass,pass,Test,False
fixed,Fixed-Directional,directional,RA,RaceHorses,D,27,402.1064,36.6851,39.3189,40.6358,402.1432,36.6941,39.2818,40.6108,measured,runs/ts_fixed_LB_CE_half/directional/JVET-hhi.xlsm,Test!B194:E194,scripts/JVET-hhi.xlsm,Reference!B194:E194,pass,pass,Test,False
fixed,Fixed-Directional,directional,RA,RaceHorses,D,32,196.8168,33.2942,37.1185,38.4918,196.7368,33.2902,37.1385,38.478,measured,runs/ts_fixed_LB_CE_half/directional/JVET-hhi.xlsm,Test!B195:E195,scripts/JVET-hhi.xlsm,Reference!B195:E195,pass,pass,Test,False
fixed,Fixed-Directional,directional,RA,RaceHorses,D,37,96.6232,30.4066,35.386,36.5292,96.444,30.3951,35.373,36.544,measured,runs/ts_fixed_LB_CE_half/directional/JVET-hhi.xlsm,Test!B196:E196,scripts/JVET-hhi.xlsm,Reference!B196:E196,pass,pass,Test,False
conditional,N1,q32,LB,BQMall,C,22,2874.8944,40.0864,43.4565,44.5287,2871.7632,40.0806,43.4617,44.5371,measured,experiments/ts_conditional_v1/q32/LB_BCE/JVET-hhi.xlsm,Test!B289:E289,scripts/JVET-hhi.xlsm,Reference!B289:E289,pass,pass,Test,False
conditional,N1,q32,LB,BQMall,C,27,1168.2416,37.1909,41.3893,41.8146,1168.5616,37.1915,41.3808,41.8157,measured,experiments/ts_conditional_v1/q32/LB_BCE/JVET-hhi.xlsm,Test!B290:E290,scripts/JVET-hhi.xlsm,Reference!B290:E290,pass,pass,Test,False
conditional,N1,q32,LB,BQMall,C,32,557.1488,34.3853,39.6312,39.877,556.0208,34.3811,39.5644,39.7918,measured,experiments/ts_conditional_v1/q32/LB_BCE/JVET-hhi.xlsm,Test!B291:E291,scripts/JVET-hhi.xlsm,Reference!B291:E291,pass,pass,Test,False
conditional,N1,q32,LB,BQMall,C,37,285.6448,31.7048,38.2039,38.149,285.6448,31.7048,38.2039,38.149,measured,experiments/ts_conditional_v1/q32/LB_BCE/JVET-hhi.xlsm,Test!B292:E292,scripts/JVET-hhi.xlsm,Reference!B292:E292,pass,pass,Test,False
conditional,N1,q32,LB,BasketballDrill,C,22,2278.9664,41.5883,43.8425,44.8196,2278.4544,41.5841,43.8272,44.8245,measured,experiments/ts_conditional_v1/q32/LB_BCE/JVET-hhi.xlsm,Test!B285:E285,scripts/JVET-hhi.xlsm,Reference!B285:E285,pass,pass,Test,False
conditional,N1,q32,LB,BasketballDrill,C,27,1008.3056,38.4519,41.3758,41.8327,1009.096,38.465,41.4019,41.8502,measured,experiments/ts_conditional_v1/q32/LB_BCE/JVET-hhi.xlsm,Test!B286:E286,scripts/JVET-hhi.xlsm,Reference!B286:E286,pass,pass,Test,False
conditional,N1,q32,LB,BasketballDrill,C,32,497.664,35.4772,39.591,39.7871,497.9952,35.484,39.5786,39.8376,measured,experiments/ts_conditional_v1/q32/LB_BCE/JVET-hhi.xlsm,Test!B287:E287,scripts/JVET-hhi.xlsm,Reference!B287:E287,pass,pass,Test,False
conditional,N1,q32,LB,BasketballDrill,C,37,258.3632,32.88,37.8066,37.6458,258.3632,32.88,37.8066,37.6458,measured,experiments/ts_conditional_v1/q32/LB_BCE/JVET-hhi.xlsm,Test!B288:E288,scripts/JVET-hhi.xlsm,Reference!B288:E288,pass,pass,Test,False
conditional,N1,q32,LB,PartyScene,C,22,6341.8096,38.4838,41.0541,41.7555,6336.4576,38.4818,41.0678,41.7457,measured,experiments/ts_conditional_v1/q32/LB_BCE/JVET-hhi.xlsm,Test!B293:E293,scripts/JVET-hhi.xlsm,Reference!B293:E293,pass,pass,Test,False
conditional,N1,q32,LB,PartyScene,C,27,2575.0336,34.5251,38.2017,38.6948,2577.7024,34.5317,38.2192,38.7562,measured,experiments/ts_conditional_v1/q32/LB_BCE/JVET-hhi.xlsm,Test!B294:E294,scripts/JVET-hhi.xlsm,Reference!B294:E294,pass,pass,Test,False
conditional,N1,q32,LB,PartyScene,C,32,1156.0592,31.13,36.29,36.6843,1156.4352,31.1338,36.2887,36.6844,measured,experiments/ts_conditional_v1/q32/LB_BCE/JVET-hhi.xlsm,Test!B295:E295,scripts/JVET-hhi.xlsm,Reference!B295:E295,pass,pass,Test,False
conditional,N1,q32,LB,PartyScene,C,37,527.608,28.1683,34.8517,35.0471,527.608,28.1683,34.8517,35.0471,measured,experiments/ts_conditional_v1/q32/LB_BCE/JVET-hhi.xlsm,Test!B296:E296,scripts/JVET-hhi.xlsm,Reference!B296:E296,pass,pass,Test,False
conditional,N1,q32,LB,RaceHorsesC,C,22,5398.0304,39.3018,40.3587,42.0068,5396.472,39.3004,40.358,41.9973,measured,experiments/ts_conditional_v1/q32/LB_BCE/JVET-hhi.xlsm,Test!B297:E297,scripts/JVET-hhi.xlsm,Reference!B297:E297,pass,pass,Test,False
conditional,N1,q32,LB,RaceHorsesC,C,27,1706.0992,34.8097,37.4534,39.5148,1706.928,34.8169,37.4455,39.5202,measured,experiments/ts_conditional_v1/q32/LB_BCE/JVET-hhi.xlsm,Test!B298:E298,scripts/JVET-hhi.xlsm,Reference!B298:E298,pass,pass,Test,False
conditional,N1,q32,LB,RaceHorsesC,C,32,714.984,31.5148,36.0945,38.1384,715.6896,31.517,36.0585,38.1321,measured,experiments/ts_conditional_v1/q32/LB_BCE/JVET-hhi.xlsm,Test!B299:E299,scripts/JVET-hhi.xlsm,Reference!B299:E299,pass,pass,Test,False
conditional,N1,q32,LB,RaceHorsesC,C,37,312.168,28.7028,35.0027,36.6115,312.168,28.7028,35.0027,36.6115,measured,experiments/ts_conditional_v1/q32/LB_BCE/JVET-hhi.xlsm,Test!B300:E300,scripts/JVET-hhi.xlsm,Reference!B300:E300,pass,pass,Test,False
conditional,N1,q32,LB,FourPeople,E,22,1685.5504,42.9908,47.2235,48.461,1685.6192,42.9901,47.22,48.5013,measured,experiments/ts_conditional_v1/q32/LB_BCE/JVET-hhi.xlsm,Test!B317:E317,scripts/JVET-hhi.xlsm,Reference!B317:E317,pass,pass,Test,False
conditional,N1,q32,LB,FourPeople,E,27,664.9296,40.8802,45.518,46.54,665.9456,40.8847,45.537,46.5524,measured,experiments/ts_conditional_v1/q32/LB_BCE/JVET-hhi.xlsm,Test!B318:E318,scripts/JVET-hhi.xlsm,Reference!B318:E318,pass,pass,Test,False
conditional,N1,q32,LB,FourPeople,E,32,337.3088,38.4731,43.6085,44.428,338.7904,38.4638,43.6347,44.4048,measured,experiments/ts_conditional_v1/q32/LB_BCE/JVET-hhi.xlsm,Test!B319:E319,scripts/JVET-hhi.xlsm,Reference!B319:E319,pass,pass,Test,False
conditional,N1,q32,LB,FourPeople,E,37,184.6192,35.7811,41.9541,42.755,184.6192,35.7811,41.9541,42.755,measured,experiments/ts_conditional_v1/q32/LB_BCE/JVET-hhi.xlsm,Test!B320:E320,scripts/JVET-hhi.xlsm,Reference!B320:E320,pass,pass,Test,False
conditional,N1,q32,LB,Johnny,E,22,1126.2976,43.2242,48.6858,49.364,1129.8704,43.2279,48.7005,49.3751,measured,experiments/ts_conditional_v1/q32/LB_BCE/JVET-hhi.xlsm,Test!B321:E321,scripts/JVET-hhi.xlsm,Reference!B321:E321,pass,pass,Test,False
conditional,N1,q32,LB,Johnny,E,27,344.3824,41.7407,47.4669,47.9865,345.1152,41.7432,47.4666,47.9707,measured,experiments/ts_conditional_v1/q32/LB_BCE/JVET-hhi.xlsm,Test!B322:E322,scripts/JVET-hhi.xlsm,Reference!B322:E322,pass,pass,Test,False
conditional,N1,q32,LB,Johnny,E,32,160.3824,39.9417,45.7831,46.1682,159.928,39.9316,45.7458,46.21,measured,experiments/ts_conditional_v1/q32/LB_BCE/JVET-hhi.xlsm,Test!B323:E323,scripts/JVET-hhi.xlsm,Reference!B323:E323,pass,pass,Test,False
conditional,N1,q32,LB,Johnny,E,37,88.1696,37.8163,44.145,44.5517,88.1696,37.8163,44.145,44.5517,measured,experiments/ts_conditional_v1/q32/LB_BCE/JVET-hhi.xlsm,Test!B324:E324,scripts/JVET-hhi.xlsm,Reference!B324:E324,pass,pass,Test,False
conditional,N1,q32,LB,KristenAndSara,E,22,1361.2064,43.684,47.9585,48.9689,1361.4672,43.6905,47.9605,48.9421,measured,experiments/ts_conditional_v1/q32/LB_BCE/JVET-hhi.xlsm,Test!B325:E325,scripts/JVET-hhi.xlsm,Reference!B325:E325,pass,pass,Test,False
conditional,N1,q32,LB,KristenAndSara,E,27,497.352,41.8047,46.4641,47.22,497.1104,41.8083,46.423,47.2539,measured,experiments/ts_conditional_v1/q32/LB_BCE/JVET-hhi.xlsm,Test!B326:E326,scripts/JVET-hhi.xlsm,Reference!B326:E326,pass,pass,Test,False
conditional,N1,q32,LB,KristenAndSara,E,32,231.728,39.6272,44.7389,45.3238,233.0464,39.6353,44.6997,45.3589,measured,experiments/ts_conditional_v1/q32/LB_BCE/JVET-hhi.xlsm,Test!B327:E327,scripts/JVET-hhi.xlsm,Reference!B327:E327,pass,pass,Test,False
conditional,N1,q32,LB,KristenAndSara,E,37,123.4496,37.2139,43.0396,43.6902,123.4496,37.2139,43.0396,43.6902,measured,experiments/ts_conditional_v1/q32/LB_BCE/JVET-hhi.xlsm,Test!B328:E328,scripts/JVET-hhi.xlsm,Reference!B328:E328,pass,pass,Test,False
conditional,N2,conf2,LB,BQMall,C,22,2874.8944,40.0864,43.4565,44.5287,2873.64,40.0848,43.4482,44.5228,measured,experiments/ts_conditional_v1/conf2/LB_BCE/JVET-hhi.xlsm,Test!B289:E289,scripts/JVET-hhi.xlsm,Reference!B289:E289,pass,pass,Test,True
conditional,N2,conf2,LB,BQMall,C,27,1168.2416,37.1909,41.3893,41.8146,1169.44,37.1943,41.3819,41.8293,measured,experiments/ts_conditional_v1/conf2/LB_BCE/JVET-hhi.xlsm,Test!B290:E290,scripts/JVET-hhi.xlsm,Reference!B290:E290,pass,pass,Test,True
conditional,N2,conf2,LB,BQMall,C,32,557.1488,34.3853,39.6312,39.877,557.616,34.3728,39.5889,39.7616,measured,experiments/ts_conditional_v1/conf2/LB_BCE/JVET-hhi.xlsm,Test!B291:E291,scripts/JVET-hhi.xlsm,Reference!B291:E291,pass,pass,Test,True
conditional,N2,conf2,LB,BQMall,C,37,285.6448,31.7048,38.2039,38.149,285.88,31.7095,38.2288,38.1592,measured,experiments/ts_conditional_v1/conf2/LB_BCE/JVET-hhi.xlsm,Test!B292:E292,scripts/JVET-hhi.xlsm,Reference!B292:E292,pass,pass,Test,True
conditional,N2,conf2,LB,BasketballDrill,C,22,2278.9664,41.5883,43.8425,44.8196,2280.4432,41.5805,43.8029,44.8348,measured,experiments/ts_conditional_v1/conf2/LB_BCE/JVET-hhi.xlsm,Test!B285:E285,scripts/JVET-hhi.xlsm,Reference!B285:E285,pass,pass,Test,True
conditional,N2,conf2,LB,BasketballDrill,C,27,1008.3056,38.4519,41.3758,41.8327,1007.2416,38.451,41.3916,41.8434,measured,experiments/ts_conditional_v1/conf2/LB_BCE/JVET-hhi.xlsm,Test!B286:E286,scripts/JVET-hhi.xlsm,Reference!B286:E286,pass,pass,Test,True
conditional,N2,conf2,LB,BasketballDrill,C,32,497.664,35.4772,39.591,39.7871,497.872,35.5085,39.5802,39.7735,measured,experiments/ts_conditional_v1/conf2/LB_BCE/JVET-hhi.xlsm,Test!B287:E287,scripts/JVET-hhi.xlsm,Reference!B287:E287,pass,pass,Test,True
conditional,N2,conf2,LB,BasketballDrill,C,37,258.3632,32.88,37.8066,37.6458,259.1616,32.9075,37.77,37.6268,measured,experiments/ts_conditional_v1/conf2/LB_BCE/JVET-hhi.xlsm,Test!B288:E288,scripts/JVET-hhi.xlsm,Reference!B288:E288,pass,pass,Test,True
conditional,N2,conf2,LB,PartyScene,C,22,6341.8096,38.4838,41.0541,41.7555,6341.1712,38.4828,41.068,41.7531,measured,experiments/ts_conditional_v1/conf2/LB_BCE/JVET-hhi.xlsm,Test!B293:E293,scripts/JVET-hhi.xlsm,Reference!B293:E293,pass,pass,Test,True
conditional,N2,conf2,LB,PartyScene,C,27,2575.0336,34.5251,38.2017,38.6948,2573.6656,34.5275,38.2202,38.7274,measured,experiments/ts_conditional_v1/conf2/LB_BCE/JVET-hhi.xlsm,Test!B294:E294,scripts/JVET-hhi.xlsm,Reference!B294:E294,pass,pass,Test,True
conditional,N2,conf2,LB,PartyScene,C,32,1156.0592,31.13,36.29,36.6843,1153.0832,31.1273,36.3137,36.7236,measured,experiments/ts_conditional_v1/conf2/LB_BCE/JVET-hhi.xlsm,Test!B295:E295,scripts/JVET-hhi.xlsm,Reference!B295:E295,pass,pass,Test,True
conditional,N2,conf2,LB,PartyScene,C,37,527.608,28.1683,34.8517,35.0471,527.384,28.1559,34.84,35.064,measured,experiments/ts_conditional_v1/conf2/LB_BCE/JVET-hhi.xlsm,Test!B296:E296,scripts/JVET-hhi.xlsm,Reference!B296:E296,pass,pass,Test,True
conditional,N2,conf2,LB,RaceHorsesC,C,22,5398.0304,39.3018,40.3587,42.0068,5401.7552,39.3041,40.3674,42.0064,measured,experiments/ts_conditional_v1/conf2/LB_BCE/JVET-hhi.xlsm,Test!B297:E297,scripts/JVET-hhi.xlsm,Reference!B297:E297,pass,pass,Test,True
conditional,N2,conf2,LB,RaceHorsesC,C,27,1706.0992,34.8097,37.4534,39.5148,1706.6368,34.8125,37.4455,39.5197,measured,experiments/ts_conditional_v1/conf2/LB_BCE/JVET-hhi.xlsm,Test!B298:E298,scripts/JVET-hhi.xlsm,Reference!B298:E298,pass,pass,Test,True
conditional,N2,conf2,LB,RaceHorsesC,C,32,714.984,31.5148,36.0945,38.1384,715.32,31.5139,36.1095,38.1294,measured,experiments/ts_conditional_v1/conf2/LB_BCE/JVET-hhi.xlsm,Test!B299:E299,scripts/JVET-hhi.xlsm,Reference!B299:E299,pass,pass,Test,True
conditional,N2,conf2,LB,RaceHorsesC,C,37,312.168,28.7028,35.0027,36.6115,311.352,28.6936,35.0285,36.595,measured,experiments/ts_conditional_v1/conf2/LB_BCE/JVET-hhi.xlsm,Test!B300:E300,scripts/JVET-hhi.xlsm,Reference!B300:E300,pass,pass,Test,True
conditional,N2,conf2,LB,FourPeople,E,22,1685.5504,42.9908,47.2235,48.461,1685.6192,42.9901,47.22,48.5013,measured,experiments/ts_conditional_v1/conf2/LB_BCE/JVET-hhi.xlsm,Test!B317:E317,scripts/JVET-hhi.xlsm,Reference!B317:E317,pass,pass,Test,True
conditional,N2,conf2,LB,FourPeople,E,27,664.9296,40.8802,45.518,46.54,665.8944,40.891,45.5045,46.5689,measured,experiments/ts_conditional_v1/conf2/LB_BCE/JVET-hhi.xlsm,Test!B318:E318,scripts/JVET-hhi.xlsm,Reference!B318:E318,pass,pass,Test,True
conditional,N2,conf2,LB,FourPeople,E,32,337.3088,38.4731,43.6085,44.428,338.7904,38.4638,43.6347,44.4048,measured,experiments/ts_conditional_v1/conf2/LB_BCE/JVET-hhi.xlsm,Test!B319:E319,scripts/JVET-hhi.xlsm,Reference!B319:E319,pass,pass,Test,True
conditional,N2,conf2,LB,FourPeople,E,37,184.6192,35.7811,41.9541,42.755,184.752,35.7883,41.9445,42.5904,measured,experiments/ts_conditional_v1/conf2/LB_BCE/JVET-hhi.xlsm,Test!B320:E320,scripts/JVET-hhi.xlsm,Reference!B320:E320,pass,pass,Test,True
conditional,N2,conf2,LB,Johnny,E,22,1126.2976,43.2242,48.6858,49.364,1129.6032,43.2255,48.6937,49.3635,measured,experiments/ts_conditional_v1/conf2/LB_BCE/JVET-hhi.xlsm,Test!B321:E321,scripts/JVET-hhi.xlsm,Reference!B321:E321,pass,pass,Test,True
conditional,N2,conf2,LB,Johnny,E,27,344.3824,41.7407,47.4669,47.9865,344.5184,41.7469,47.4766,47.9642,measured,experiments/ts_conditional_v1/conf2/LB_BCE/JVET-hhi.xlsm,Test!B322:E322,scripts/JVET-hhi.xlsm,Reference!B322:E322,pass,pass,Test,True
conditional,N2,conf2,LB,Johnny,E,32,160.3824,39.9417,45.7831,46.1682,161.0112,39.939,45.7461,46.2265,measured,experiments/ts_conditional_v1/conf2/LB_BCE/JVET-hhi.xlsm,Test!B323:E323,scripts/JVET-hhi.xlsm,Reference!B323:E323,pass,pass,Test,True
conditional,N2,conf2,LB,Johnny,E,37,88.1696,37.8163,44.145,44.5517,88.008,37.8103,44.2068,44.5069,measured,experiments/ts_conditional_v1/conf2/LB_BCE/JVET-hhi.xlsm,Test!B324:E324,scripts/JVET-hhi.xlsm,Reference!B324:E324,pass,pass,Test,True
conditional,N2,conf2,LB,KristenAndSara,E,22,1361.2064,43.684,47.9585,48.9689,1358.1536,43.6863,47.9937,48.954,measured,experiments/ts_conditional_v1/conf2/LB_BCE/JVET-hhi.xlsm,Test!B325:E325,scripts/JVET-hhi.xlsm,Reference!B325:E325,pass,pass,Test,True
conditional,N2,conf2,LB,KristenAndSara,E,27,497.352,41.8047,46.4641,47.22,498.288,41.8163,46.4323,47.2469,measured,experiments/ts_conditional_v1/conf2/LB_BCE/JVET-hhi.xlsm,Test!B326:E326,scripts/JVET-hhi.xlsm,Reference!B326:E326,pass,pass,Test,True
conditional,N2,conf2,LB,KristenAndSara,E,32,231.728,39.6272,44.7389,45.3238,233.0336,39.6459,44.6416,45.3316,measured,experiments/ts_conditional_v1/conf2/LB_BCE/JVET-hhi.xlsm,Test!B327:E327,scripts/JVET-hhi.xlsm,Reference!B327:E327,pass,pass,Test,True
conditional,N2,conf2,LB,KristenAndSara,E,37,123.4496,37.2139,43.0396,43.6902,123.2192,37.2246,42.9502,43.698,measured,experiments/ts_conditional_v1/conf2/LB_BCE/JVET-hhi.xlsm,Test!B328:E328,scripts/JVET-hhi.xlsm,Reference!B328:E328,pass,pass,Test,True
conditional,A1,prev,LB,BQMall,C,22,2874.8944,40.0864,43.4565,44.5287,2875.104,40.0845,43.4553,44.5167,measured,experiments/ts_conditional_v1/prev/LB_BCE/JVET-hhi.xlsm,Test!B289:E289,scripts/JVET-hhi.xlsm,Reference!B289:E289,pass,pass,Test,True
conditional,A1,prev,LB,BQMall,C,27,1168.2416,37.1909,41.3893,41.8146,1167.5904,37.1969,41.3764,41.8475,measured,experiments/ts_conditional_v1/prev/LB_BCE/JVET-hhi.xlsm,Test!B290:E290,scripts/JVET-hhi.xlsm,Reference!B290:E290,pass,pass,Test,True
conditional,A1,prev,LB,BQMall,C,32,557.1488,34.3853,39.6312,39.877,556.7824,34.3812,39.5868,39.8183,measured,experiments/ts_conditional_v1/prev/LB_BCE/JVET-hhi.xlsm,Test!B291:E291,scripts/JVET-hhi.xlsm,Reference!B291:E291,pass,pass,Test,True
conditional,A1,prev,LB,BQMall,C,37,285.6448,31.7048,38.2039,38.149,285.6448,31.7048,38.2039,38.149,measured,experiments/ts_conditional_v1/prev/LB_BCE/JVET-hhi.xlsm,Test!B292:E292,scripts/JVET-hhi.xlsm,Reference!B292:E292,pass,pass,Test,True
conditional,A1,prev,LB,BasketballDrill,C,22,2278.9664,41.5883,43.8425,44.8196,2279.4592,41.5907,43.8291,44.8266,measured,experiments/ts_conditional_v1/prev/LB_BCE/JVET-hhi.xlsm,Test!B285:E285,scripts/JVET-hhi.xlsm,Reference!B285:E285,pass,pass,Test,True
conditional,A1,prev,LB,BasketballDrill,C,27,1008.3056,38.4519,41.3758,41.8327,1009.1824,38.4517,41.3699,41.8476,measured,experiments/ts_conditional_v1/prev/LB_BCE/JVET-hhi.xlsm,Test!B286:E286,scripts/JVET-hhi.xlsm,Reference!B286:E286,pass,pass,Test,True
conditional,A1,prev,LB,BasketballDrill,C,32,497.664,35.4772,39.591,39.7871,497.664,35.4772,39.591,39.7871,measured,experiments/ts_conditional_v1/prev/LB_BCE/JVET-hhi.xlsm,Test!B287:E287,scripts/JVET-hhi.xlsm,Reference!B287:E287,pass,pass,Test,True
conditional,A1,prev,LB,BasketballDrill,C,37,258.3632,32.88,37.8066,37.6458,258.3632,32.88,37.8066,37.6458,measured,experiments/ts_conditional_v1/prev/LB_BCE/JVET-hhi.xlsm,Test!B288:E288,scripts/JVET-hhi.xlsm,Reference!B288:E288,pass,pass,Test,True
conditional,A1,prev,LB,PartyScene,C,22,6341.8096,38.4838,41.0541,41.7555,6341.8096,38.4838,41.0541,41.7555,anchor_imputed,experiments/ts_conditional_v1/prev/LB_BCE/JVET-hhi.xlsm,Test!B293:E293,scripts/JVET-hhi.xlsm,Reference!B293:E293,pass,,Current Reference,False
conditional,A1,prev,LB,PartyScene,C,27,2575.0336,34.5251,38.2017,38.6948,2575.1968,34.5264,38.2214,38.7238,measured,experiments/ts_conditional_v1/prev/LB_BCE/JVET-hhi.xlsm,Test!B294:E294,scripts/JVET-hhi.xlsm,Reference!B294:E294,pass,pass,Test,True
conditional,A1,prev,LB,PartyScene,C,32,1156.0592,31.13,36.29,36.6843,1153.0464,31.128,36.3041,36.7023,measured,experiments/ts_conditional_v1/prev/LB_BCE/JVET-hhi.xlsm,Test!B295:E295,scripts/JVET-hhi.xlsm,Reference!B295:E295,pass,pass,Test,True
conditional,A1,prev,LB,PartyScene,C,37,527.608,28.1683,34.8517,35.0471,527.1584,28.1721,34.8522,35.0556,measured,experiments/ts_conditional_v1/prev/LB_BCE/JVET-hhi.xlsm,Test!B296:E296,scripts/JVET-hhi.xlsm,Reference!B296:E296,pass,pass,Test,True
conditional,A1,prev,LB,RaceHorsesC,C,22,5398.0304,39.3018,40.3587,42.0068,5394.1808,39.2976,40.3648,42.0064,measured,experiments/ts_conditional_v1/prev/LB_BCE/JVET-hhi.xlsm,Test!B297:E297,scripts/JVET-hhi.xlsm,Reference!B297:E297,pass,pass,Test,True
conditional,A1,prev,LB,RaceHorsesC,C,27,1706.0992,34.8097,37.4534,39.5148,1708.7984,34.816,37.4539,39.5003,measured,experiments/ts_conditional_v1/prev/LB_BCE/JVET-hhi.xlsm,Test!B298:E298,scripts/JVET-hhi.xlsm,Reference!B298:E298,pass,pass,Test,True
conditional,A1,prev,LB,RaceHorsesC,C,32,714.984,31.5148,36.0945,38.1384,714.0816,31.5187,36.0864,38.1282,measured,experiments/ts_conditional_v1/prev/LB_BCE/JVET-hhi.xlsm,Test!B299:E299,scripts/JVET-hhi.xlsm,Reference!B299:E299,pass,pass,Test,True
conditional,A1,prev,LB,RaceHorsesC,C,37,312.168,28.7028,35.0027,36.6115,312.168,28.7028,35.0027,36.6115,measured,experiments/ts_conditional_v1/prev/LB_BCE/JVET-hhi.xlsm,Test!B300:E300,scripts/JVET-hhi.xlsm,Reference!B300:E300,pass,pass,Test,True
conditional,A1,prev,LB,FourPeople,E,22,1685.5504,42.9908,47.2235,48.461,1685.5504,42.9908,47.2235,48.461,measured,experiments/ts_conditional_v1/prev/LB_BCE/JVET-hhi.xlsm,Test!B317:E317,scripts/JVET-hhi.xlsm,Reference!B317:E317,pass,pass,Test,True
conditional,A1,prev,LB,FourPeople,E,27,664.9296,40.8802,45.518,46.54,666.0192,40.8857,45.511,46.5792,measured,experiments/ts_conditional_v1/prev/LB_BCE/JVET-hhi.xlsm,Test!B318:E318,scripts/JVET-hhi.xlsm,Reference!B318:E318,pass,pass,Test,True
conditional,A1,prev,LB,FourPeople,E,32,337.3088,38.4731,43.6085,44.428,337.3088,38.4731,43.6085,44.428,measured,experiments/ts_conditional_v1/prev/LB_BCE/JVET-hhi.xlsm,Test!B319:E319,scripts/JVET-hhi.xlsm,Reference!B319:E319,pass,pass,Test,True
conditional,A1,prev,LB,FourPeople,E,37,184.6192,35.7811,41.9541,42.755,184.6192,35.7811,41.9541,42.755,measured,experiments/ts_conditional_v1/prev/LB_BCE/JVET-hhi.xlsm,Test!B320:E320,scripts/JVET-hhi.xlsm,Reference!B320:E320,pass,pass,Test,True
conditional,A1,prev,LB,Johnny,E,22,1126.2976,43.2242,48.6858,49.364,1126.704,43.2244,48.6866,49.3581,measured,experiments/ts_conditional_v1/prev/LB_BCE/JVET-hhi.xlsm,Test!B321:E321,scripts/JVET-hhi.xlsm,Reference!B321:E321,pass,pass,Test,True
conditional,A1,prev,LB,Johnny,E,27,344.3824,41.7407,47.4669,47.9865,344.8,41.7439,47.4411,47.9795,measured,experiments/ts_conditional_v1/prev/LB_BCE/JVET-hhi.xlsm,Test!B322:E322,scripts/JVET-hhi.xlsm,Reference!B322:E322,pass,pass,Test,True
conditional,A1,prev,LB,Johnny,E,32,160.3824,39.9417,45.7831,46.1682,160.3824,39.9417,45.7831,46.1682,measured,experiments/ts_conditional_v1/prev/LB_BCE/JVET-hhi.xlsm,Test!B323:E323,scripts/JVET-hhi.xlsm,Reference!B323:E323,pass,pass,Test,True
conditional,A1,prev,LB,Johnny,E,37,88.1696,37.8163,44.145,44.5517,88.1696,37.8163,44.145,44.5517,measured,experiments/ts_conditional_v1/prev/LB_BCE/JVET-hhi.xlsm,Test!B324:E324,scripts/JVET-hhi.xlsm,Reference!B324:E324,pass,pass,Test,True
conditional,A1,prev,LB,KristenAndSara,E,22,1361.2064,43.684,47.9585,48.9689,1358.976,43.6892,47.9853,48.9447,measured,experiments/ts_conditional_v1/prev/LB_BCE/JVET-hhi.xlsm,Test!B325:E325,scripts/JVET-hhi.xlsm,Reference!B325:E325,pass,pass,Test,True
conditional,A1,prev,LB,KristenAndSara,E,27,497.352,41.8047,46.4641,47.22,497.352,41.8047,46.4641,47.22,measured,experiments/ts_conditional_v1/prev/LB_BCE/JVET-hhi.xlsm,Test!B326:E326,scripts/JVET-hhi.xlsm,Reference!B326:E326,pass,pass,Test,True
conditional,A1,prev,LB,KristenAndSara,E,32,231.728,39.6272,44.7389,45.3238,231.728,39.6272,44.7389,45.3238,measured,experiments/ts_conditional_v1/prev/LB_BCE/JVET-hhi.xlsm,Test!B327:E327,scripts/JVET-hhi.xlsm,Reference!B327:E327,pass,pass,Test,True
conditional,A1,prev,LB,KristenAndSara,E,37,123.4496,37.2139,43.0396,43.6902,123.4496,37.2139,43.0396,43.6902,measured,experiments/ts_conditional_v1/prev/LB_BCE/JVET-hhi.xlsm,Test!B328:E328,scripts/JVET-hhi.xlsm,Reference!B328:E328,pass,pass,Test,True
conditional,A2,ewma,LB,BQMall,C,22,2874.8944,40.0864,43.4565,44.5287,2874.8944,40.0864,43.4565,44.5287,anchor_imputed,experiments/ts_conditional_v1/ewma/LB_BCE/JVET-hhi.xlsm,Test!B289:E289,scripts/JVET-hhi.xlsm,Reference!B289:E289,pass,,Current Reference,False
conditional,A2,ewma,LB,BQMall,C,27,1168.2416,37.1909,41.3893,41.8146,1169.6048,37.193,41.4041,41.822,measured,experiments/ts_conditional_v1/ewma/LB_BCE/JVET-hhi.xlsm,Test!B290:E290,scripts/JVET-hhi.xlsm,Reference!B290:E290,pass,pass,Test,True
conditional,A2,ewma,LB,BQMall,C,32,557.1488,34.3853,39.6312,39.877,556.8656,34.3838,39.5933,39.8351,measured,experiments/ts_conditional_v1/ewma/LB_BCE/JVET-hhi.xlsm,Test!B291:E291,scripts/JVET-hhi.xlsm,Reference!B291:E291,pass,pass,Test,True
conditional,A2,ewma,LB,BQMall,C,37,285.6448,31.7048,38.2039,38.149,286.1696,31.6916,38.1929,38.123,measured,experiments/ts_conditional_v1/ewma/LB_BCE/JVET-hhi.xlsm,Test!B292:E292,scripts/JVET-hhi.xlsm,Reference!B292:E292,pass,pass,Test,True
conditional,A2,ewma,LB,BasketballDrill,C,22,2278.9664,41.5883,43.8425,44.8196,2279.504,41.5817,43.831,44.8356,measured,experiments/ts_conditional_v1/ewma/LB_BCE/JVET-hhi.xlsm,Test!B285:E285,scripts/JVET-hhi.xlsm,Reference!B285:E285,pass,pass,Test,True
conditional,A2,ewma,LB,BasketballDrill,C,27,1008.3056,38.4519,41.3758,41.8327,1009.576,38.4511,41.3796,41.8294,measured,experiments/ts_conditional_v1/ewma/LB_BCE/JVET-hhi.xlsm,Test!B286:E286,scripts/JVET-hhi.xlsm,Reference!B286:E286,pass,pass,Test,True
conditional,A2,ewma,LB,BasketballDrill,C,32,497.664,35.4772,39.591,39.7871,497.2864,35.4754,39.5905,39.7822,measured,experiments/ts_conditional_v1/ewma/LB_BCE/JVET-hhi.xlsm,Test!B287:E287,scripts/JVET-hhi.xlsm,Reference!B287:E287,pass,pass,Test,True
conditional,A2,ewma,LB,BasketballDrill,C,37,258.3632,32.88,37.8066,37.6458,258.3632,32.88,37.8066,37.6458,measured,experiments/ts_conditional_v1/ewma/LB_BCE/JVET-hhi.xlsm,Test!B288:E288,scripts/JVET-hhi.xlsm,Reference!B288:E288,pass,pass,Test,True
conditional,A2,ewma,LB,PartyScene,C,22,6341.8096,38.4838,41.0541,41.7555,6341.8096,38.4838,41.0541,41.7555,anchor_imputed,experiments/ts_conditional_v1/ewma/LB_BCE/JVET-hhi.xlsm,Test!B293:E293,scripts/JVET-hhi.xlsm,Reference!B293:E293,pass,,Current Reference,False
conditional,A2,ewma,LB,PartyScene,C,27,2575.0336,34.5251,38.2017,38.6948,2575.2336,34.5305,38.2451,38.73,measured,experiments/ts_conditional_v1/ewma/LB_BCE/JVET-hhi.xlsm,Test!B294:E294,scripts/JVET-hhi.xlsm,Reference!B294:E294,pass,pass,Test,True
conditional,A2,ewma,LB,PartyScene,C,32,1156.0592,31.13,36.29,36.6843,1153.6912,31.1282,36.3189,36.7375,measured,experiments/ts_conditional_v1/ewma/LB_BCE/JVET-hhi.xlsm,Test!B295:E295,scripts/JVET-hhi.xlsm,Reference!B295:E295,pass,pass,Test,True
conditional,A2,ewma,LB,PartyScene,C,37,527.608,28.1683,34.8517,35.0471,527.6944,28.1633,34.82,35.0345,measured,experiments/ts_conditional_v1/ewma/LB_BCE/JVET-hhi.xlsm,Test!B296:E296,scripts/JVET-hhi.xlsm,Reference!B296:E296,pass,pass,Test,True
conditional,A2,ewma,LB,RaceHorsesC,C,22,5398.0304,39.3018,40.3587,42.0068,5399.0688,39.298,40.3624,42.0157,measured,experiments/ts_conditional_v1/ewma/LB_BCE/JVET-hhi.xlsm,Test!B297:E297,scripts/JVET-hhi.xlsm,Reference!B297:E297,pass,pass,Test,True
conditional,A2,ewma,LB,RaceHorsesC,C,27,1706.0992,34.8097,37.4534,39.5148,1705.4752,34.8121,37.4486,39.5032,measured,experiments/ts_conditional_v1/ewma/LB_BCE/JVET-hhi.xlsm,Test!B298:E298,scripts/JVET-hhi.xlsm,Reference!B298:E298,pass,pass,Test,True
conditional,A2,ewma,LB,RaceHorsesC,C,32,714.984,31.5148,36.0945,38.1384,714.9984,31.5208,36.0861,38.1442,measured,experiments/ts_conditional_v1/ewma/LB_BCE/JVET-hhi.xlsm,Test!B299:E299,scripts/JVET-hhi.xlsm,Reference!B299:E299,pass,pass,Test,True
conditional,A2,ewma,LB,RaceHorsesC,C,37,312.168,28.7028,35.0027,36.6115,312.5376,28.7036,35.0153,36.5698,measured,experiments/ts_conditional_v1/ewma/LB_BCE/JVET-hhi.xlsm,Test!B300:E300,scripts/JVET-hhi.xlsm,Reference!B300:E300,pass,pass,Test,True
conditional,A2,ewma,LB,FourPeople,E,22,1685.5504,42.9908,47.2235,48.461,1685.5504,42.9908,47.2235,48.461,anchor_imputed,experiments/ts_conditional_v1/ewma/LB_BCE/JVET-hhi.xlsm,Test!B317:E317,scripts/JVET-hhi.xlsm,Reference!B317:E317,pass,,Current Reference,False
conditional,A2,ewma,LB,FourPeople,E,27,664.9296,40.8802,45.518,46.54,666.0192,40.8857,45.511,46.5792,measured,experiments/ts_conditional_v1/ewma/LB_BCE/JVET-hhi.xlsm,Test!B318:E318,scripts/JVET-hhi.xlsm,Reference!B318:E318,pass,pass,Test,True
conditional,A2,ewma,LB,FourPeople,E,32,337.3088,38.4731,43.6085,44.428,337.3088,38.4731,43.6085,44.428,measured,experiments/ts_conditional_v1/ewma/LB_BCE/JVET-hhi.xlsm,Test!B319:E319,scripts/JVET-hhi.xlsm,Reference!B319:E319,pass,pass,Test,True
conditional,A2,ewma,LB,FourPeople,E,37,184.6192,35.7811,41.9541,42.755,184.6192,35.7811,41.9541,42.755,measured,experiments/ts_conditional_v1/ewma/LB_BCE/JVET-hhi.xlsm,Test!B320:E320,scripts/JVET-hhi.xlsm,Reference!B320:E320,pass,pass,Test,True
conditional,A2,ewma,LB,Johnny,E,22,1126.2976,43.2242,48.6858,49.364,1128.0352,43.2277,48.6821,49.3372,measured,experiments/ts_conditional_v1/ewma/LB_BCE/JVET-hhi.xlsm,Test!B321:E321,scripts/JVET-hhi.xlsm,Reference!B321:E321,pass,pass,Test,True
conditional,A2,ewma,LB,Johnny,E,27,344.3824,41.7407,47.4669,47.9865,344.6896,41.7439,47.4572,47.9778,measured,experiments/ts_conditional_v1/ewma/LB_BCE/JVET-hhi.xlsm,Test!B322:E322,scripts/JVET-hhi.xlsm,Reference!B322:E322,pass,pass,Test,True
conditional,A2,ewma,LB,Johnny,E,32,160.3824,39.9417,45.7831,46.1682,160.3824,39.9417,45.7831,46.1682,measured,experiments/ts_conditional_v1/ewma/LB_BCE/JVET-hhi.xlsm,Test!B323:E323,scripts/JVET-hhi.xlsm,Reference!B323:E323,pass,pass,Test,True
conditional,A2,ewma,LB,Johnny,E,37,88.1696,37.8163,44.145,44.5517,88.168,37.8045,44.1415,44.5684,measured,experiments/ts_conditional_v1/ewma/LB_BCE/JVET-hhi.xlsm,Test!B324:E324,scripts/JVET-hhi.xlsm,Reference!B324:E324,pass,pass,Test,True
conditional,A2,ewma,LB,KristenAndSara,E,22,1361.2064,43.684,47.9585,48.9689,1359.832,43.6874,47.9769,48.9409,measured,experiments/ts_conditional_v1/ewma/LB_BCE/JVET-hhi.xlsm,Test!B325:E325,scripts/JVET-hhi.xlsm,Reference!B325:E325,pass,pass,Test,True
conditional,A2,ewma,LB,KristenAndSara,E,27,497.352,41.8047,46.4641,47.22,497.4816,41.803,46.4641,47.2164,measured,experiments/ts_conditional_v1/ewma/LB_BCE/JVET-hhi.xlsm,Test!B326:E326,scripts/JVET-hhi.xlsm,Reference!B326:E326,pass,pass,Test,True
conditional,A2,ewma,LB,KristenAndSara,E,32,231.728,39.6272,44.7389,45.3238,231.728,39.6272,44.7389,45.3238,measured,experiments/ts_conditional_v1/ewma/LB_BCE/JVET-hhi.xlsm,Test!B327:E327,scripts/JVET-hhi.xlsm,Reference!B327:E327,pass,pass,Test,True
conditional,A2,ewma,LB,KristenAndSara,E,37,123.4496,37.2139,43.0396,43.6902,123.4496,37.2139,43.0396,43.6902,measured,experiments/ts_conditional_v1/ewma/LB_BCE/JVET-hhi.xlsm,Test!B328:E328,scripts/JVET-hhi.xlsm,Reference!B328:E328,pass,pass,Test,True
conditional,A3,q32_ewma,LB,BQMall,C,22,2874.8944,40.0864,43.4565,44.5287,2874.8944,40.0864,43.4565,44.5287,anchor_imputed,experiments/ts_conditional_v1/q32_ewma/LB_BCE/JVET-hhi.xlsm,Test!B289:E289,scripts/JVET-hhi.xlsm,Reference!B289:E289,pass,,Current Reference,False
conditional,A3,q32_ewma,LB,BQMall,C,27,1168.2416,37.1909,41.3893,41.8146,1169.2752,37.1919,41.4091,41.7995,measured,experiments/ts_conditional_v1/q32_ewma/LB_BCE/JVET-hhi.xlsm,Test!B290:E290,scripts/JVET-hhi.xlsm,Reference!B290:E290,pass,pass,Test,True
conditional,A3,q32_ewma,LB,BQMall,C,32,557.1488,34.3853,39.6312,39.877,556.7824,34.3812,39.5868,39.8183,measured,experiments/ts_conditional_v1/q32_ewma/LB_BCE/JVET-hhi.xlsm,Test!B291:E291,scripts/JVET-hhi.xlsm,Reference!B291:E291,pass,pass,Test,True
conditional,A3,q32_ewma,LB,BQMall,C,37,285.6448,31.7048,38.2039,38.149,285.6448,31.7048,38.2039,38.149,measured,experiments/ts_conditional_v1/q32_ewma/LB_BCE/JVET-hhi.xlsm,Test!B292:E292,scripts/JVET-hhi.xlsm,Reference!B292:E292,pass,pass,Test,True
conditional,A3,q32_ewma,LB,BasketballDrill,C,22,2278.9664,41.5883,43.8425,44.8196,2279.504,41.5817,43.831,44.8356,measured,experiments/ts_conditional_v1/q32_ewma/LB_BCE/JVET-hhi.xlsm,Test!B285:E285,scripts/JVET-hhi.xlsm,Reference!B285:E285,pass,pass,Test,True
conditional,A3,q32_ewma,LB,BasketballDrill,C,27,1008.3056,38.4519,41.3758,41.8327,1010.5456,38.4496,41.4026,41.8386,measured,experiments/ts_conditional_v1/q32_ewma/LB_BCE/JVET-hhi.xlsm,Test!B286:E286,scripts/JVET-hhi.xlsm,Reference!B286:E286,pass,pass,Test,True
conditional,A3,q32_ewma,LB,BasketballDrill,C,32,497.664,35.4772,39.591,39.7871,497.664,35.4772,39.591,39.7871,measured,experiments/ts_conditional_v1/q32_ewma/LB_BCE/JVET-hhi.xlsm,Test!B287:E287,scripts/JVET-hhi.xlsm,Reference!B287:E287,pass,pass,Test,True
conditional,A3,q32_ewma,LB,BasketballDrill,C,37,258.3632,32.88,37.8066,37.6458,258.3632,32.88,37.8066,37.6458,measured,experiments/ts_conditional_v1/q32_ewma/LB_BCE/JVET-hhi.xlsm,Test!B288:E288,scripts/JVET-hhi.xlsm,Reference!B288:E288,pass,pass,Test,True
conditional,A3,q32_ewma,LB,PartyScene,C,22,6341.8096,38.4838,41.0541,41.7555,6341.8096,38.4838,41.0541,41.7555,anchor_imputed,experiments/ts_conditional_v1/q32_ewma/LB_BCE/JVET-hhi.xlsm,Test!B293:E293,scripts/JVET-hhi.xlsm,Reference!B293:E293,pass,,Current Reference,False
conditional,A3,q32_ewma,LB,PartyScene,C,27,2575.0336,34.5251,38.2017,38.6948,,,,,missing,experiments/ts_conditional_v1/q32_ewma/LB_BCE/JVET-hhi.xlsm,Test!B294:E294,scripts/JVET-hhi.xlsm,Reference!B294:E294,pass,,,False
conditional,A3,q32_ewma,LB,PartyScene,C,32,1156.0592,31.13,36.29,36.6843,1153.504,31.12,36.3071,36.6872,measured,experiments/ts_conditional_v1/q32_ewma/LB_BCE/JVET-hhi.xlsm,Test!B295:E295,scripts/JVET-hhi.xlsm,Reference!B295:E295,pass,pass,Test,True
conditional,A3,q32_ewma,LB,PartyScene,C,37,527.608,28.1683,34.8517,35.0471,527.608,28.1683,34.8517,35.0471,measured,experiments/ts_conditional_v1/q32_ewma/LB_BCE/JVET-hhi.xlsm,Test!B296:E296,scripts/JVET-hhi.xlsm,Reference!B296:E296,pass,pass,Test,True
conditional,A3,q32_ewma,LB,RaceHorsesC,C,22,5398.0304,39.3018,40.3587,42.0068,5399.0688,39.298,40.3624,42.0157,measured,experiments/ts_conditional_v1/q32_ewma/LB_BCE/JVET-hhi.xlsm,Test!B297:E297,scripts/JVET-hhi.xlsm,Reference!B297:E297,pass,pass,Test,True
conditional,A3,q32_ewma,LB,RaceHorsesC,C,27,1706.0992,34.8097,37.4534,39.5148,1704.568,34.8138,37.4536,39.5211,measured,experiments/ts_conditional_v1/q32_ewma/LB_BCE/JVET-hhi.xlsm,Test!B298:E298,scripts/JVET-hhi.xlsm,Reference!B298:E298,pass,pass,Test,True
conditional,A3,q32_ewma,LB,RaceHorsesC,C,32,714.984,31.5148,36.0945,38.1384,714.984,31.5148,36.0945,38.1384,measured,experiments/ts_conditional_v1/q32_ewma/LB_BCE/JVET-hhi.xlsm,Test!B299:E299,scripts/JVET-hhi.xlsm,Reference!B299:E299,pass,pass,Test,True
conditional,A3,q32_ewma,LB,RaceHorsesC,C,37,312.168,28.7028,35.0027,36.6115,312.168,28.7028,35.0027,36.6115,measured,experiments/ts_conditional_v1/q32_ewma/LB_BCE/JVET-hhi.xlsm,Test!B300:E300,scripts/JVET-hhi.xlsm,Reference!B300:E300,pass,pass,Test,True
conditional,A3,q32_ewma,LB,FourPeople,E,22,1685.5504,42.9908,47.2235,48.461,1685.5504,42.9908,47.2235,48.461,anchor_imputed,experiments/ts_conditional_v1/q32_ewma/LB_BCE/JVET-hhi.xlsm,Test!B317:E317,scripts/JVET-hhi.xlsm,Reference!B317:E317,pass,,Current Reference,False
conditional,A3,q32_ewma,LB,FourPeople,E,27,664.9296,40.8802,45.518,46.54,666.0192,40.8857,45.511,46.5792,measured,experiments/ts_conditional_v1/q32_ewma/LB_BCE/JVET-hhi.xlsm,Test!B318:E318,scripts/JVET-hhi.xlsm,Reference!B318:E318,pass,pass,Test,True
conditional,A3,q32_ewma,LB,FourPeople,E,32,337.3088,38.4731,43.6085,44.428,337.3088,38.4731,43.6085,44.428,measured,experiments/ts_conditional_v1/q32_ewma/LB_BCE/JVET-hhi.xlsm,Test!B319:E319,scripts/JVET-hhi.xlsm,Reference!B319:E319,pass,pass,Test,True
conditional,A3,q32_ewma,LB,FourPeople,E,37,184.6192,35.7811,41.9541,42.755,184.6192,35.7811,41.9541,42.755,measured,experiments/ts_conditional_v1/q32_ewma/LB_BCE/JVET-hhi.xlsm,Test!B320:E320,scripts/JVET-hhi.xlsm,Reference!B320:E320,pass,pass,Test,True
conditional,A3,q32_ewma,LB,Johnny,E,22,1126.2976,43.2242,48.6858,49.364,1126.2976,43.2242,48.6858,49.364,anchor_imputed,experiments/ts_conditional_v1/q32_ewma/LB_BCE/JVET-hhi.xlsm,Test!B321:E321,scripts/JVET-hhi.xlsm,Reference!B321:E321,pass,,Current Reference,False
conditional,A3,q32_ewma,LB,Johnny,E,27,344.3824,41.7407,47.4669,47.9865,344.0576,41.743,47.4426,47.9762,measured,experiments/ts_conditional_v1/q32_ewma/LB_BCE/JVET-hhi.xlsm,Test!B322:E322,scripts/JVET-hhi.xlsm,Reference!B322:E322,pass,pass,Test,True
conditional,A3,q32_ewma,LB,Johnny,E,32,160.3824,39.9417,45.7831,46.1682,160.3824,39.9417,45.7831,46.1682,measured,experiments/ts_conditional_v1/q32_ewma/LB_BCE/JVET-hhi.xlsm,Test!B323:E323,scripts/JVET-hhi.xlsm,Reference!B323:E323,pass,pass,Test,True
conditional,A3,q32_ewma,LB,Johnny,E,37,88.1696,37.8163,44.145,44.5517,88.1696,37.8163,44.145,44.5517,measured,experiments/ts_conditional_v1/q32_ewma/LB_BCE/JVET-hhi.xlsm,Test!B324:E324,scripts/JVET-hhi.xlsm,Reference!B324:E324,pass,pass,Test,True
conditional,A3,q32_ewma,LB,KristenAndSara,E,22,1361.2064,43.684,47.9585,48.9689,1361.2064,43.684,47.9585,48.9689,anchor_imputed,experiments/ts_conditional_v1/q32_ewma/LB_BCE/JVET-hhi.xlsm,Test!B325:E325,scripts/JVET-hhi.xlsm,Reference!B325:E325,pass,,Current Reference,False
conditional,A3,q32_ewma,LB,KristenAndSara,E,27,497.352,41.8047,46.4641,47.22,497.352,41.8047,46.4641,47.22,measured,experiments/ts_conditional_v1/q32_ewma/LB_BCE/JVET-hhi.xlsm,Test!B326:E326,scripts/JVET-hhi.xlsm,Reference!B326:E326,pass,pass,Test,True
conditional,A3,q32_ewma,LB,KristenAndSara,E,32,231.728,39.6272,44.7389,45.3238,231.728,39.6272,44.7389,45.3238,measured,experiments/ts_conditional_v1/q32_ewma/LB_BCE/JVET-hhi.xlsm,Test!B327:E327,scripts/JVET-hhi.xlsm,Reference!B327:E327,pass,pass,Test,True
conditional,A3,q32_ewma,LB,KristenAndSara,E,37,123.4496,37.2139,43.0396,43.6902,123.4496,37.2139,43.0396,43.6902,measured,experiments/ts_conditional_v1/q32_ewma/LB_BCE/JVET-hhi.xlsm,Test!B328:E328,scripts/JVET-hhi.xlsm,Reference!B328:E328,pass,pass,Test,True
r2,R2-1,r2_modal,LB,BQMall,C,22,2874.8944,40.0864,43.4565,44.5287,2874.0224,40.0832,43.4632,44.5172,measured,experiments/ts_predictor_r2/r2_modal/LB_CE/JVET-hhi.xlsm,Test!B289:E289,scripts/JVET-hhi.xlsm,Reference!B289:E289,pass,pass,Test,True
r2,R2-1,r2_modal,LB,BQMall,C,27,1168.2416,37.1909,41.3893,41.8146,1169.5408,37.1945,41.3872,41.8448,measured,experiments/ts_predictor_r2/r2_modal/LB_CE/JVET-hhi.xlsm,Test!B290:E290,scripts/JVET-hhi.xlsm,Reference!B290:E290,pass,pass,Test,True
r2,R2-1,r2_modal,LB,BQMall,C,32,557.1488,34.3853,39.6312,39.877,557.9216,34.3872,39.5972,39.8051,measured,experiments/ts_predictor_r2/r2_modal/LB_CE/JVET-hhi.xlsm,Test!B291:E291,scripts/JVET-hhi.xlsm,Reference!B291:E291,pass,pass,Test,True
r2,R2-1,r2_modal,LB,BQMall,C,37,285.6448,31.7048,38.2039,38.149,285.9056,31.6992,38.1874,38.1314,measured,experiments/ts_predictor_r2/r2_modal/LB_CE/JVET-hhi.xlsm,Test!B292:E292,scripts/JVET-hhi.xlsm,Reference!B292:E292,pass,pass,Test,True
r2,R2-1,r2_modal,LB,BasketballDrill,C,22,2278.9664,41.5883,43.8425,44.8196,2278.9664,41.5922,43.8314,44.8164,measured,experiments/ts_predictor_r2/r2_modal/LB_CE/JVET-hhi.xlsm,Test!B285:E285,scripts/JVET-hhi.xlsm,Reference!B285:E285,pass,pass,Test,True
r2,R2-1,r2_modal,LB,BasketballDrill,C,27,1008.3056,38.4519,41.3758,41.8327,1010.512,38.4492,41.3822,41.8351,measured,experiments/ts_predictor_r2/r2_modal/LB_CE/JVET-hhi.xlsm,Test!B286:E286,scripts/JVET-hhi.xlsm,Reference!B286:E286,pass,pass,Test,True
r2,R2-1,r2_modal,LB,BasketballDrill,C,32,497.664,35.4772,39.591,39.7871,498.5584,35.4787,39.56,39.7994,measured,experiments/ts_predictor_r2/r2_modal/LB_CE/JVET-hhi.xlsm,Test!B287:E287,scripts/JVET-hhi.xlsm,Reference!B287:E287,pass,pass,Test,True
r2,R2-1,r2_modal,LB,BasketballDrill,C,37,258.3632,32.88,37.8066,37.6458,259.0896,32.8922,37.7736,37.6856,measured,experiments/ts_predictor_r2/r2_modal/LB_CE/JVET-hhi.xlsm,Test!B288:E288,scripts/JVET-hhi.xlsm,Reference!B288:E288,pass,pass,Test,True
r2,R2-1,r2_modal,LB,PartyScene,C,22,6341.8096,38.4838,41.0541,41.7555,6339.1888,38.482,41.0606,41.7526,measured,experiments/ts_predictor_r2/r2_modal/LB_CE/JVET-hhi.xlsm,Test!B293:E293,scripts/JVET-hhi.xlsm,Reference!B293:E293,pass,pass,Test,True
r2,R2-1,r2_modal,LB,PartyScene,C,27,2575.0336,34.5251,38.2017,38.6948,2579.1792,34.5311,38.2188,38.741,measured,experiments/ts_predictor_r2/r2_modal/LB_CE/JVET-hhi.xlsm,Test!B294:E294,scripts/JVET-hhi.xlsm,Reference!B294:E294,pass,pass,Test,True
r2,R2-1,r2_modal,LB,PartyScene,C,32,1156.0592,31.13,36.29,36.6843,1154.64,31.13,36.3052,36.7376,measured,experiments/ts_predictor_r2/r2_modal/LB_CE/JVET-hhi.xlsm,Test!B295:E295,scripts/JVET-hhi.xlsm,Reference!B295:E295,pass,pass,Test,True
r2,R2-1,r2_modal,LB,PartyScene,C,37,527.608,28.1683,34.8517,35.0471,527.696,28.1732,34.8115,34.9992,measured,experiments/ts_predictor_r2/r2_modal/LB_CE/JVET-hhi.xlsm,Test!B296:E296,scripts/JVET-hhi.xlsm,Reference!B296:E296,pass,pass,Test,True
r2,R2-1,r2_modal,LB,RaceHorsesC,C,22,5398.0304,39.3018,40.3587,42.0068,5396.4128,39.2965,40.3604,42.0187,measured,experiments/ts_predictor_r2/r2_modal/LB_CE/JVET-hhi.xlsm,Test!B297:E297,scripts/JVET-hhi.xlsm,Reference!B297:E297,pass,pass,Test,True
r2,R2-1,r2_modal,LB,RaceHorsesC,C,27,1706.0992,34.8097,37.4534,39.5148,1706.36,34.8132,37.4421,39.5364,measured,experiments/ts_predictor_r2/r2_modal/LB_CE/JVET-hhi.xlsm,Test!B298:E298,scripts/JVET-hhi.xlsm,Reference!B298:E298,pass,pass,Test,True
r2,R2-1,r2_modal,LB,RaceHorsesC,C,32,714.984,31.5148,36.0945,38.1384,714.624,31.5103,36.1228,38.1471,measured,experiments/ts_predictor_r2/r2_modal/LB_CE/JVET-hhi.xlsm,Test!B299:E299,scripts/JVET-hhi.xlsm,Reference!B299:E299,pass,pass,Test,True
r2,R2-1,r2_modal,LB,RaceHorsesC,C,37,312.168,28.7028,35.0027,36.6115,311.0016,28.702,34.9775,36.6099,measured,experiments/ts_predictor_r2/r2_modal/LB_CE/JVET-hhi.xlsm,Test!B300:E300,scripts/JVET-hhi.xlsm,Reference!B300:E300,pass,pass,Test,True
r2,R2-1,r2_modal,LB,FourPeople,E,22,1685.5504,42.9908,47.2235,48.461,1682.9792,42.9912,47.2108,48.4826,measured,experiments/ts_predictor_r2/r2_modal/LB_CE/JVET-hhi.xlsm,Test!B317:E317,scripts/JVET-hhi.xlsm,Reference!B317:E317,pass,pass,Test,True
r2,R2-1,r2_modal,LB,FourPeople,E,27,664.9296,40.8802,45.518,46.54,666.2096,40.8857,45.5496,46.6083,measured,experiments/ts_predictor_r2/r2_modal/LB_CE/JVET-hhi.xlsm,Test!B318:E318,scripts/JVET-hhi.xlsm,Reference!B318:E318,pass,pass,Test,True
r2,R2-1,r2_modal,LB,FourPeople,E,32,337.3088,38.4731,43.6085,44.428,338.6416,38.4859,43.6707,44.4445,measured,experiments/ts_predictor_r2/r2_modal/LB_CE/JVET-hhi.xlsm,Test!B319:E319,scripts/JVET-hhi.xlsm,Reference!B319:E319,pass,pass,Test,True
r2,R2-1,r2_modal,LB,FourPeople,E,37,184.6192,35.7811,41.9541,42.755,185.216,35.7903,41.9954,42.7886,measured,experiments/ts_predictor_r2/r2_modal/LB_CE/JVET-hhi.xlsm,Test!B320:E320,scripts/JVET-hhi.xlsm,Reference!B320:E320,pass,pass,Test,True
r2,R2-1,r2_modal,LB,Johnny,E,22,1126.2976,43.2242,48.6858,49.364,1130.1712,43.2293,48.7066,49.3592,measured,experiments/ts_predictor_r2/r2_modal/LB_CE/JVET-hhi.xlsm,Test!B321:E321,scripts/JVET-hhi.xlsm,Reference!B321:E321,pass,pass,Test,True
r2,R2-1,r2_modal,LB,Johnny,E,27,344.3824,41.7407,47.4669,47.9865,345.5424,41.74,47.4468,47.9122,measured,experiments/ts_predictor_r2/r2_modal/LB_CE/JVET-hhi.xlsm,Test!B322:E322,scripts/JVET-hhi.xlsm,Reference!B322:E322,pass,pass,Test,True
r2,R2-1,r2_modal,LB,Johnny,E,32,160.3824,39.9417,45.7831,46.1682,160.3824,39.9417,45.7831,46.1682,measured,experiments/ts_predictor_r2/r2_modal/LB_CE/JVET-hhi.xlsm,Test!B323:E323,scripts/JVET-hhi.xlsm,Reference!B323:E323,pass,pass,Test,True
r2,R2-1,r2_modal,LB,Johnny,E,37,88.1696,37.8163,44.145,44.5517,88.008,37.7954,44.1512,44.5268,measured,experiments/ts_predictor_r2/r2_modal/LB_CE/JVET-hhi.xlsm,Test!B324:E324,scripts/JVET-hhi.xlsm,Reference!B324:E324,pass,pass,Test,True
r2,R2-1,r2_modal,LB,KristenAndSara,E,22,1361.2064,43.684,47.9585,48.9689,1356.1216,43.6891,47.9796,48.9578,measured,experiments/ts_predictor_r2/r2_modal/LB_CE/JVET-hhi.xlsm,Test!B325:E325,scripts/JVET-hhi.xlsm,Reference!B325:E325,pass,pass,Test,True
r2,R2-1,r2_modal,LB,KristenAndSara,E,27,497.352,41.8047,46.4641,47.22,497.2912,41.809,46.4228,47.2297,measured,experiments/ts_predictor_r2/r2_modal/LB_CE/JVET-hhi.xlsm,Test!B326:E326,scripts/JVET-hhi.xlsm,Reference!B326:E326,pass,pass,Test,True
r2,R2-1,r2_modal,LB,KristenAndSara,E,32,231.728,39.6272,44.7389,45.3238,232.1328,39.6192,44.6092,45.3386,measured,experiments/ts_predictor_r2/r2_modal/LB_CE/JVET-hhi.xlsm,Test!B327:E327,scripts/JVET-hhi.xlsm,Reference!B327:E327,pass,pass,Test,True
r2,R2-1,r2_modal,LB,KristenAndSara,E,37,123.4496,37.2139,43.0396,43.6902,123.3184,37.2195,43.0287,43.6688,measured,experiments/ts_predictor_r2/r2_modal/LB_CE/JVET-hhi.xlsm,Test!B328:E328,scripts/JVET-hhi.xlsm,Reference!B328:E328,pass,pass,Test,True
r2,R2-2,r2_risk,LB,BQMall,C,22,2874.8944,40.0864,43.4565,44.5287,2875.6608,40.0841,43.4558,44.519,measured,experiments/ts_predictor_r2/r2_risk/LB_CE/JVET-hhi.xlsm,Test!B289:E289,scripts/JVET-hhi.xlsm,Reference!B289:E289,pass,pass,Test,True
r2,R2-2,r2_risk,LB,BQMall,C,27,1168.2416,37.1909,41.3893,41.8146,1168.6448,37.19,41.3932,41.8296,measured,experiments/ts_predictor_r2/r2_risk/LB_CE/JVET-hhi.xlsm,Test!B290:E290,scripts/JVET-hhi.xlsm,Reference!B290:E290,pass,pass,Test,True
r2,R2-2,r2_risk,LB,BQMall,C,32,557.1488,34.3853,39.6312,39.877,557.448,34.3715,39.5751,39.8707,measured,experiments/ts_predictor_r2/r2_risk/LB_CE/JVET-hhi.xlsm,Test!B291:E291,scripts/JVET-hhi.xlsm,Reference!B291:E291,pass,pass,Test,True
r2,R2-2,r2_risk,LB,BQMall,C,37,285.6448,31.7048,38.2039,38.149,285.8112,31.7029,38.1841,38.1751,measured,experiments/ts_predictor_r2/r2_risk/LB_CE/JVET-hhi.xlsm,Test!B292:E292,scripts/JVET-hhi.xlsm,Reference!B292:E292,pass,pass,Test,True
r2,R2-2,r2_risk,LB,BasketballDrill,C,22,2278.9664,41.5883,43.8425,44.8196,2280.952,41.5887,43.8505,44.8487,measured,experiments/ts_predictor_r2/r2_risk/LB_CE/JVET-hhi.xlsm,Test!B285:E285,scripts/JVET-hhi.xlsm,Reference!B285:E285,pass,pass,Test,True
r2,R2-2,r2_risk,LB,BasketballDrill,C,27,1008.3056,38.4519,41.3758,41.8327,1008.7488,38.4497,41.3662,41.8557,measured,experiments/ts_predictor_r2/r2_risk/LB_CE/JVET-hhi.xlsm,Test!B286:E286,scripts/JVET-hhi.xlsm,Reference!B286:E286,pass,pass,Test,True
r2,R2-2,r2_risk,LB,BasketballDrill,C,32,497.664,35.4772,39.591,39.7871,498.5568,35.4787,39.56,39.7994,measured,experiments/ts_predictor_r2/r2_risk/LB_CE/JVET-hhi.xlsm,Test!B287:E287,scripts/JVET-hhi.xlsm,Reference!B287:E287,pass,pass,Test,True
r2,R2-2,r2_risk,LB,BasketballDrill,C,37,258.3632,32.88,37.8066,37.6458,259.2464,32.8949,37.79,37.6826,measured,experiments/ts_predictor_r2/r2_risk/LB_CE/JVET-hhi.xlsm,Test!B288:E288,scripts/JVET-hhi.xlsm,Reference!B288:E288,pass,pass,Test,True
r2,R2-2,r2_risk,LB,PartyScene,C,22,6341.8096,38.4838,41.0541,41.7555,6339.3376,38.4849,41.0671,41.7552,measured,experiments/ts_predictor_r2/r2_risk/LB_CE/JVET-hhi.xlsm,Test!B293:E293,scripts/JVET-hhi.xlsm,Reference!B293:E293,pass,pass,Test,True
r2,R2-2,r2_risk,LB,PartyScene,C,27,2575.0336,34.5251,38.2017,38.6948,2574.736,34.5303,38.2327,38.7284,measured,experiments/ts_predictor_r2/r2_risk/LB_CE/JVET-hhi.xlsm,Test!B294:E294,scripts/JVET-hhi.xlsm,Reference!B294:E294,pass,pass,Test,True
r2,R2-2,r2_risk,LB,PartyScene,C,32,1156.0592,31.13,36.29,36.6843,1155.0752,31.1292,36.3132,36.7195,measured,experiments/ts_predictor_r2/r2_risk/LB_CE/JVET-hhi.xlsm,Test!B295:E295,scripts/JVET-hhi.xlsm,Reference!B295:E295,pass,pass,Test,True
r2,R2-2,r2_risk,LB,PartyScene,C,37,527.608,28.1683,34.8517,35.0471,526.8464,28.1701,34.8268,35.0008,measured,experiments/ts_predictor_r2/r2_risk/LB_CE/JVET-hhi.xlsm,Test!B296:E296,scripts/JVET-hhi.xlsm,Reference!B296:E296,pass,pass,Test,True
r2,R2-2,r2_risk,LB,RaceHorsesC,C,22,5398.0304,39.3018,40.3587,42.0068,5397.2704,39.3028,40.3653,42.0107,measured,experiments/ts_predictor_r2/r2_risk/LB_CE/JVET-hhi.xlsm,Test!B297:E297,scripts/JVET-hhi.xlsm,Reference!B297:E297,pass,pass,Test,True
r2,R2-2,r2_risk,LB,RaceHorsesC,C,27,1706.0992,34.8097,37.4534,39.5148,1705.2272,34.8123,37.4432,39.5064,measured,experiments/ts_predictor_r2/r2_risk/LB_CE/JVET-hhi.xlsm,Test!B298:E298,scripts/JVET-hhi.xlsm,Reference!B298:E298,pass,pass,Test,True
r2,R2-2,r2_risk,LB,RaceHorsesC,C,32,714.984,31.5148,36.0945,38.1384,714.1808,31.506,36.0764,38.1311,measured,experiments/ts_predictor_r2/r2_risk/LB_CE/JVET-hhi.xlsm,Test!B299:E299,scripts/JVET-hhi.xlsm,Reference!B299:E299,pass,pass,Test,True
r2,R2-2,r2_risk,LB,RaceHorsesC,C,37,312.168,28.7028,35.0027,36.6115,310.9632,28.7015,34.9799,36.6075,measured,experiments/ts_predictor_r2/r2_risk/LB_CE/JVET-hhi.xlsm,Test!B300:E300,scripts/JVET-hhi.xlsm,Reference!B300:E300,pass,pass,Test,True
r2,R2-2,r2_risk,LB,FourPeople,E,22,1685.5504,42.9908,47.2235,48.461,1687.5408,42.9901,47.2191,48.4944,measured,experiments/ts_predictor_r2/r2_risk/LB_CE/JVET-hhi.xlsm,Test!B317:E317,scripts/JVET-hhi.xlsm,Reference!B317:E317,pass,pass,Test,True
r2,R2-2,r2_risk,LB,FourPeople,E,27,664.9296,40.8802,45.518,46.54,664.7696,40.8817,45.5391,46.5643,measured,experiments/ts_predictor_r2/r2_risk/LB_CE/JVET-hhi.xlsm,Test!B318:E318,scripts/JVET-hhi.xlsm,Reference!B318:E318,pass,pass,Test,True
r2,R2-2,r2_risk,LB,FourPeople,E,32,337.3088,38.4731,43.6085,44.428,338.6416,38.4859,43.6707,44.4445,measured,experiments/ts_predictor_r2/r2_risk/LB_CE/JVET-hhi.xlsm,Test!B319:E319,scripts/JVET-hhi.xlsm,Reference!B319:E319,pass,pass,Test,True
r2,R2-2,r2_risk,LB,FourPeople,E,37,184.6192,35.7811,41.9541,42.755,185.216,35.7903,41.9954,42.7886,measured,experiments/ts_predictor_r2/r2_risk/LB_CE/JVET-hhi.xlsm,Test!B320:E320,scripts/JVET-hhi.xlsm,Reference!B320:E320,pass,pass,Test,True
r2,R2-2,r2_risk,LB,Johnny,E,22,1126.2976,43.2242,48.6858,49.364,1127.696,43.2272,48.6993,49.3642,measured,experiments/ts_predictor_r2/r2_risk/LB_CE/JVET-hhi.xlsm,Test!B321:E321,scripts/JVET-hhi.xlsm,Reference!B321:E321,pass,pass,Test,True
r2,R2-2,r2_risk,LB,Johnny,E,27,344.3824,41.7407,47.4669,47.9865,344.2272,41.744,47.4317,47.977,measured,experiments/ts_predictor_r2/r2_risk/LB_CE/JVET-hhi.xlsm,Test!B322:E322,scripts/JVET-hhi.xlsm,Reference!B322:E322,pass,pass,Test,True
r2,R2-2,r2_risk,LB,Johnny,E,32,160.3824,39.9417,45.7831,46.1682,160.7664,39.9503,45.7892,46.1531,measured,experiments/ts_predictor_r2/r2_risk/LB_CE/JVET-hhi.xlsm,Test!B323:E323,scripts/JVET-hhi.xlsm,Reference!B323:E323,pass,pass,Test,True
r2,R2-2,r2_risk,LB,Johnny,E,37,88.1696,37.8163,44.145,44.5517,88.008,37.7954,44.1512,44.5268,measured,experiments/ts_predictor_r2/r2_risk/LB_CE/JVET-hhi.xlsm,Test!B324:E324,scripts/JVET-hhi.xlsm,Reference!B324:E324,pass,pass,Test,True
r2,R2-2,r2_risk,LB,KristenAndSara,E,22,1361.2064,43.684,47.9585,48.9689,1358.4624,43.6869,47.9731,48.9319,measured,experiments/ts_predictor_r2/r2_risk/LB_CE/JVET-hhi.xlsm,Test!B325:E325,scripts/JVET-hhi.xlsm,Reference!B325:E325,pass,pass,Test,True
r2,R2-2,r2_risk,LB,KristenAndSara,E,27,497.352,41.8047,46.4641,47.22,497.552,41.8124,46.4214,47.2492,measured,experiments/ts_predictor_r2/r2_risk/LB_CE/JVET-hhi.xlsm,Test!B326:E326,scripts/JVET-hhi.xlsm,Reference!B326:E326,pass,pass,Test,True
r2,R2-2,r2_risk,LB,KristenAndSara,E,32,231.728,39.6272,44.7389,45.3238,231.9472,39.6462,44.658,45.4207,measured,experiments/ts_predictor_r2/r2_risk/LB_CE/JVET-hhi.xlsm,Test!B327:E327,scripts/JVET-hhi.xlsm,Reference!B327:E327,pass,pass,Test,True
r2,R2-2,r2_risk,LB,KristenAndSara,E,37,123.4496,37.2139,43.0396,43.6902,123.3184,37.2195,43.0287,43.6688,measured,experiments/ts_predictor_r2/r2_risk/LB_CE/JVET-hhi.xlsm,Test!B328:E328,scripts/JVET-hhi.xlsm,Reference!B328:E328,pass,pass,Test,True
r2,R2-3,r2_cn_log,LB,BQMall,C,22,2874.8944,40.0864,43.4565,44.5287,2876.2176,40.0834,43.4667,44.5229,measured,experiments/ts_predictor_r2/r2_cn_log/LB_CE/JVET-hhi.xlsm,Test!B289:E289,scripts/JVET-hhi.xlsm,Reference!B289:E289,pass,pass,Test,True
r2,R2-3,r2_cn_log,LB,BQMall,C,27,1168.2416,37.1909,41.3893,41.8146,1169.3856,37.1939,41.3764,41.8272,measured,experiments/ts_predictor_r2/r2_cn_log/LB_CE/JVET-hhi.xlsm,Test!B290:E290,scripts/JVET-hhi.xlsm,Reference!B290:E290,pass,pass,Test,True
r2,R2-3,r2_cn_log,LB,BQMall,C,32,557.1488,34.3853,39.6312,39.877,557.8848,34.3838,39.5721,39.7583,measured,experiments/ts_predictor_r2/r2_cn_log/LB_CE/JVET-hhi.xlsm,Test!B291:E291,scripts/JVET-hhi.xlsm,Reference!B291:E291,pass,pass,Test,True
r2,R2-3,r2_cn_log,LB,BQMall,C,37,285.6448,31.7048,38.2039,38.149,286.3936,31.6956,38.2555,38.2251,measured,experiments/ts_predictor_r2/r2_cn_log/LB_CE/JVET-hhi.xlsm,Test!B292:E292,scripts/JVET-hhi.xlsm,Reference!B292:E292,pass,pass,Test,True
r2,R2-3,r2_cn_log,LB,BasketballDrill,C,22,2278.9664,41.5883,43.8425,44.8196,2278.8592,41.5878,43.8283,44.8543,measured,experiments/ts_predictor_r2/r2_cn_log/LB_CE/JVET-hhi.xlsm,Test!B285:E285,scripts/JVET-hhi.xlsm,Reference!B285:E285,pass,pass,Test,True
r2,R2-3,r2_cn_log,LB,BasketballDrill,C,27,1008.3056,38.4519,41.3758,41.8327,1007.624,38.4559,41.3819,41.8738,measured,experiments/ts_predictor_r2/r2_cn_log/LB_CE/JVET-hhi.xlsm,Test!B286:E286,scripts/JVET-hhi.xlsm,Reference!B286:E286,pass,pass,Test,True
r2,R2-3,r2_cn_log,LB,BasketballDrill,C,32,497.664,35.4772,39.591,39.7871,497.3056,35.4972,39.6176,39.7613,measured,experiments/ts_predictor_r2/r2_cn_log/LB_CE/JVET-hhi.xlsm,Test!B287:E287,scripts/JVET-hhi.xlsm,Reference!B287:E287,pass,pass,Test,True
r2,R2-3,r2_cn_log,LB,BasketballDrill,C,37,258.3632,32.88,37.8066,37.6458,258.912,32.8861,37.7959,37.6489,measured,experiments/ts_predictor_r2/r2_cn_log/LB_CE/JVET-hhi.xlsm,Test!B288:E288,scripts/JVET-hhi.xlsm,Reference!B288:E288,pass,pass,Test,True
r2,R2-3,r2_cn_log,LB,PartyScene,C,22,6341.8096,38.4838,41.0541,41.7555,6339.2464,38.4902,41.0572,41.7472,measured,experiments/ts_predictor_r2/r2_cn_log/LB_CE/JVET-hhi.xlsm,Test!B293:E293,scripts/JVET-hhi.xlsm,Reference!B293:E293,pass,pass,Test,True
r2,R2-3,r2_cn_log,LB,PartyScene,C,27,2575.0336,34.5251,38.2017,38.6948,2573.1696,34.5338,38.2421,38.744,measured,experiments/ts_predictor_r2/r2_cn_log/LB_CE/JVET-hhi.xlsm,Test!B294:E294,scripts/JVET-hhi.xlsm,Reference!B294:E294,pass,pass,Test,True
r2,R2-3,r2_cn_log,LB,PartyScene,C,32,1156.0592,31.13,36.29,36.6843,1153.9856,31.1234,36.3169,36.6841,measured,experiments/ts_predictor_r2/r2_cn_log/LB_CE/JVET-hhi.xlsm,Test!B295:E295,scripts/JVET-hhi.xlsm,Reference!B295:E295,pass,pass,Test,True
r2,R2-3,r2_cn_log,LB,PartyScene,C,37,527.608,28.1683,34.8517,35.0471,527.3936,28.1667,34.8252,35.0631,measured,experiments/ts_predictor_r2/r2_cn_log/LB_CE/JVET-hhi.xlsm,Test!B296:E296,scripts/JVET-hhi.xlsm,Reference!B296:E296,pass,pass,Test,True
r2,R2-3,r2_cn_log,LB,RaceHorsesC,C,22,5398.0304,39.3018,40.3587,42.0068,5402.6912,39.3043,40.3594,42.0062,measured,experiments/ts_predictor_r2/r2_cn_log/LB_CE/JVET-hhi.xlsm,Test!B297:E297,scripts/JVET-hhi.xlsm,Reference!B297:E297,pass,pass,Test,True
r2,R2-3,r2_cn_log,LB,RaceHorsesC,C,27,1706.0992,34.8097,37.4534,39.5148,1705.9392,34.8134,37.4473,39.5156,measured,experiments/ts_predictor_r2/r2_cn_log/LB_CE/JVET-hhi.xlsm,Test!B298:E298,scripts/JVET-hhi.xlsm,Reference!B298:E298,pass,pass,Test,True
r2,R2-3,r2_cn_log,LB,RaceHorsesC,C,32,714.984,31.5148,36.0945,38.1384,715.3664,31.5141,36.1047,38.1356,measured,experiments/ts_predictor_r2/r2_cn_log/LB_CE/JVET-hhi.xlsm,Test!B299:E299,scripts/JVET-hhi.xlsm,Reference!B299:E299,pass,pass,Test,True
r2,R2-3,r2_cn_log,LB,RaceHorsesC,C,37,312.168,28.7028,35.0027,36.6115,311.3712,28.6981,34.9939,36.6099,measured,experiments/ts_predictor_r2/r2_cn_log/LB_CE/JVET-hhi.xlsm,Test!B300:E300,scripts/JVET-hhi.xlsm,Reference!B300:E300,pass,pass,Test,True
r2,R2-3,r2_cn_log,LB,FourPeople,E,22,1685.5504,42.9908,47.2235,48.461,1685.2944,42.989,47.2302,48.475,measured,experiments/ts_predictor_r2/r2_cn_log/LB_CE/JVET-hhi.xlsm,Test!B317:E317,scripts/JVET-hhi.xlsm,Reference!B317:E317,pass,pass,Test,True
r2,R2-3,r2_cn_log,LB,FourPeople,E,27,664.9296,40.8802,45.518,46.54,665.3008,40.8833,45.4934,46.5661,measured,experiments/ts_predictor_r2/r2_cn_log/LB_CE/JVET-hhi.xlsm,Test!B318:E318,scripts/JVET-hhi.xlsm,Reference!B318:E318,pass,pass,Test,True
r2,R2-3,r2_cn_log,LB,FourPeople,E,32,337.3088,38.4731,43.6085,44.428,338.3024,38.464,43.652,44.4942,measured,experiments/ts_predictor_r2/r2_cn_log/LB_CE/JVET-hhi.xlsm,Test!B319:E319,scripts/JVET-hhi.xlsm,Reference!B319:E319,pass,pass,Test,True
r2,R2-3,r2_cn_log,LB,FourPeople,E,37,184.6192,35.7811,41.9541,42.755,184.6192,35.7811,41.9541,42.755,measured,experiments/ts_predictor_r2/r2_cn_log/LB_CE/JVET-hhi.xlsm,Test!B320:E320,scripts/JVET-hhi.xlsm,Reference!B320:E320,pass,pass,Test,True
r2,R2-3,r2_cn_log,LB,Johnny,E,22,1126.2976,43.2242,48.6858,49.364,1129.7792,43.2281,48.7183,49.3521,measured,experiments/ts_predictor_r2/r2_cn_log/LB_CE/JVET-hhi.xlsm,Test!B321:E321,scripts/JVET-hhi.xlsm,Reference!B321:E321,pass,pass,Test,True
r2,R2-3,r2_cn_log,LB,Johnny,E,27,344.3824,41.7407,47.4669,47.9865,344.6832,41.742,47.4681,47.9713,measured,experiments/ts_predictor_r2/r2_cn_log/LB_CE/JVET-hhi.xlsm,Test!B322:E322,scripts/JVET-hhi.xlsm,Reference!B322:E322,pass,pass,Test,True
r2,R2-3,r2_cn_log,LB,Johnny,E,32,160.3824,39.9417,45.7831,46.1682,159.9696,39.9373,45.7854,46.1435,measured,experiments/ts_predictor_r2/r2_cn_log/LB_CE/JVET-hhi.xlsm,Test!B323:E323,scripts/JVET-hhi.xlsm,Reference!B323:E323,pass,pass,Test,True
r2,R2-3,r2_cn_log,LB,Johnny,E,37,88.1696,37.8163,44.145,44.5517,88.0128,37.7854,44.1377,44.4356,measured,experiments/ts_predictor_r2/r2_cn_log/LB_CE/JVET-hhi.xlsm,Test!B324:E324,scripts/JVET-hhi.xlsm,Reference!B324:E324,pass,pass,Test,True
r2,R2-3,r2_cn_log,LB,KristenAndSara,E,22,1361.2064,43.684,47.9585,48.9689,1361.2784,43.6919,47.9863,48.9556,measured,experiments/ts_predictor_r2/r2_cn_log/LB_CE/JVET-hhi.xlsm,Test!B325:E325,scripts/JVET-hhi.xlsm,Reference!B325:E325,pass,pass,Test,True
r2,R2-3,r2_cn_log,LB,KristenAndSara,E,27,497.352,41.8047,46.4641,47.22,496.6752,41.8093,46.4397,47.2206,measured,experiments/ts_predictor_r2/r2_cn_log/LB_CE/JVET-hhi.xlsm,Test!B326:E326,scripts/JVET-hhi.xlsm,Reference!B326:E326,pass,pass,Test,True
r2,R2-3,r2_cn_log,LB,KristenAndSara,E,32,231.728,39.6272,44.7389,45.3238,232.3696,39.633,44.6289,45.3777,measured,experiments/ts_predictor_r2/r2_cn_log/LB_CE/JVET-hhi.xlsm,Test!B327:E327,scripts/JVET-hhi.xlsm,Reference!B327:E327,pass,pass,Test,True
r2,R2-3,r2_cn_log,LB,KristenAndSara,E,37,123.4496,37.2139,43.0396,43.6902,123.448,37.2116,43.0098,43.6656,measured,experiments/ts_predictor_r2/r2_cn_log/LB_CE/JVET-hhi.xlsm,Test!B328:E328,scripts/JVET-hhi.xlsm,Reference!B328:E328,pass,pass,Test,True
r2,R2-4,r2_cn_frac,LB,BQMall,C,22,2874.8944,40.0864,43.4565,44.5287,2870.8928,40.0824,43.4556,44.5247,measured,experiments/ts_predictor_r2/r2_cn_frac/LB_CE/JVET-hhi.xlsm,Test!B289:E289,scripts/JVET-hhi.xlsm,Reference!B289:E289,pass,pass,Test,True
r2,R2-4,r2_cn_frac,LB,BQMall,C,27,1168.2416,37.1909,41.3893,41.8146,1169.4512,37.196,41.389,41.8285,measured,experiments/ts_predictor_r2/r2_cn_frac/LB_CE/JVET-hhi.xlsm,Test!B290:E290,scripts/JVET-hhi.xlsm,Reference!B290:E290,pass,pass,Test,True
r2,R2-4,r2_cn_frac,LB,BQMall,C,32,557.1488,34.3853,39.6312,39.877,558.5584,34.379,39.6284,39.843,measured,experiments/ts_predictor_r2/r2_cn_frac/LB_CE/JVET-hhi.xlsm,Test!B291:E291,scripts/JVET-hhi.xlsm,Reference!B291:E291,pass,pass,Test,True
r2,R2-4,r2_cn_frac,LB,BQMall,C,37,285.6448,31.7048,38.2039,38.149,286.08,31.7014,38.1795,38.1647,measured,experiments/ts_predictor_r2/r2_cn_frac/LB_CE/JVET-hhi.xlsm,Test!B292:E292,scripts/JVET-hhi.xlsm,Reference!B292:E292,pass,pass,Test,True
r2,R2-4,r2_cn_frac,LB,BasketballDrill,C,22,2278.9664,41.5883,43.8425,44.8196,2279.3504,41.5879,43.8297,44.8408,measured,experiments/ts_predictor_r2/r2_cn_frac/LB_CE/JVET-hhi.xlsm,Test!B285:E285,scripts/JVET-hhi.xlsm,Reference!B285:E285,pass,pass,Test,True
r2,R2-4,r2_cn_frac,LB,BasketballDrill,C,27,1008.3056,38.4519,41.3758,41.8327,1009.1504,38.4659,41.4047,41.8333,measured,experiments/ts_predictor_r2/r2_cn_frac/LB_CE/JVET-hhi.xlsm,Test!B286:E286,scripts/JVET-hhi.xlsm,Reference!B286:E286,pass,pass,Test,True
r2,R2-4,r2_cn_frac,LB,BasketballDrill,C,32,497.664,35.4772,39.591,39.7871,497.304,35.4972,39.6176,39.7613,measured,experiments/ts_predictor_r2/r2_cn_frac/LB_CE/JVET-hhi.xlsm,Test!B287:E287,scripts/JVET-hhi.xlsm,Reference!B287:E287,pass,pass,Test,True
r2,R2-4,r2_cn_frac,LB,BasketballDrill,C,37,258.3632,32.88,37.8066,37.6458,258.9136,32.8861,37.7959,37.6489,measured,experiments/ts_predictor_r2/r2_cn_frac/LB_CE/JVET-hhi.xlsm,Test!B288:E288,scripts/JVET-hhi.xlsm,Reference!B288:E288,pass,pass,Test,True
r2,R2-4,r2_cn_frac,LB,PartyScene,C,22,6341.8096,38.4838,41.0541,41.7555,6338.6432,38.483,41.0634,41.7512,measured,experiments/ts_predictor_r2/r2_cn_frac/LB_CE/JVET-hhi.xlsm,Test!B293:E293,scripts/JVET-hhi.xlsm,Reference!B293:E293,pass,pass,Test,True
r2,R2-4,r2_cn_frac,LB,PartyScene,C,27,2575.0336,34.5251,38.2017,38.6948,2578.2512,34.5254,38.212,38.7134,measured,experiments/ts_predictor_r2/r2_cn_frac/LB_CE/JVET-hhi.xlsm,Test!B294:E294,scripts/JVET-hhi.xlsm,Reference!B294:E294,pass,pass,Test,True
r2,R2-4,r2_cn_frac,LB,PartyScene,C,32,1156.0592,31.13,36.29,36.6843,1154.3248,31.1238,36.3311,36.695,measured,experiments/ts_predictor_r2/r2_cn_frac/LB_CE/JVET-hhi.xlsm,Test!B295:E295,scripts/JVET-hhi.xlsm,Reference!B295:E295,pass,pass,Test,True
r2,R2-4,r2_cn_frac,LB,PartyScene,C,37,527.608,28.1683,34.8517,35.0471,527.2816,28.17,34.8786,35.0926,measured,experiments/ts_predictor_r2/r2_cn_frac/LB_CE/JVET-hhi.xlsm,Test!B296:E296,scripts/JVET-hhi.xlsm,Reference!B296:E296,pass,pass,Test,True
r2,R2-4,r2_cn_frac,LB,RaceHorsesC,C,22,5398.0304,39.3018,40.3587,42.0068,5397.328,39.303,40.3497,41.9894,measured,experiments/ts_predictor_r2/r2_cn_frac/LB_CE/JVET-hhi.xlsm,Test!B297:E297,scripts/JVET-hhi.xlsm,Reference!B297:E297,pass,pass,Test,True
r2,R2-4,r2_cn_frac,LB,RaceHorsesC,C,27,1706.0992,34.8097,37.4534,39.5148,1705.832,34.8155,37.4497,39.5179,measured,experiments/ts_predictor_r2/r2_cn_frac/LB_CE/JVET-hhi.xlsm,Test!B298:E298,scripts/JVET-hhi.xlsm,Reference!B298:E298,pass,pass,Test,True
r2,R2-4,r2_cn_frac,LB,RaceHorsesC,C,32,714.984,31.5148,36.0945,38.1384,715.9616,31.5121,36.0974,38.1936,measured,experiments/ts_predictor_r2/r2_cn_frac/LB_CE/JVET-hhi.xlsm,Test!B299:E299,scripts/JVET-hhi.xlsm,Reference!B299:E299,pass,pass,Test,True
r2,R2-4,r2_cn_frac,LB,RaceHorsesC,C,37,312.168,28.7028,35.0027,36.6115,311.7072,28.6953,34.9799,36.6353,measured,experiments/ts_predictor_r2/r2_cn_frac/LB_CE/JVET-hhi.xlsm,Test!B300:E300,scripts/JVET-hhi.xlsm,Reference!B300:E300,pass,pass,Test,True
r2,R2-4,r2_cn_frac,LB,FourPeople,E,22,1685.5504,42.9908,47.2235,48.461,1686.616,42.9903,47.2214,48.4592,measured,experiments/ts_predictor_r2/r2_cn_frac/LB_CE/JVET-hhi.xlsm,Test!B317:E317,scripts/JVET-hhi.xlsm,Reference!B317:E317,pass,pass,Test,True
r2,R2-4,r2_cn_frac,LB,FourPeople,E,27,664.9296,40.8802,45.518,46.54,665.3568,40.8832,45.4941,46.5661,measured,experiments/ts_predictor_r2/r2_cn_frac/LB_CE/JVET-hhi.xlsm,Test!B318:E318,scripts/JVET-hhi.xlsm,Reference!B318:E318,pass,pass,Test,True
r2,R2-4,r2_cn_frac,LB,FourPeople,E,32,337.3088,38.4731,43.6085,44.428,338.7408,38.4609,43.6266,44.4896,measured,experiments/ts_predictor_r2/r2_cn_frac/LB_CE/JVET-hhi.xlsm,Test!B319:E319,scripts/JVET-hhi.xlsm,Reference!B319:E319,pass,pass,Test,True
r2,R2-4,r2_cn_frac,LB,FourPeople,E,37,184.6192,35.7811,41.9541,42.755,185.0544,35.8141,42.0676,42.6499,measured,experiments/ts_predictor_r2/r2_cn_frac/LB_CE/JVET-hhi.xlsm,Test!B320:E320,scripts/JVET-hhi.xlsm,Reference!B320:E320,pass,pass,Test,True
r2,R2-4,r2_cn_frac,LB,Johnny,E,22,1126.2976,43.2242,48.6858,49.364,1127.8128,43.2254,48.72,49.3651,measured,experiments/ts_predictor_r2/r2_cn_frac/LB_CE/JVET-hhi.xlsm,Test!B321:E321,scripts/JVET-hhi.xlsm,Reference!B321:E321,pass,pass,Test,True
r2,R2-4,r2_cn_frac,LB,Johnny,E,27,344.3824,41.7407,47.4669,47.9865,344.7744,41.7439,47.4681,47.9785,measured,experiments/ts_predictor_r2/r2_cn_frac/LB_CE/JVET-hhi.xlsm,Test!B322:E322,scripts/JVET-hhi.xlsm,Reference!B322:E322,pass,pass,Test,True
r2,R2-4,r2_cn_frac,LB,Johnny,E,32,160.3824,39.9417,45.7831,46.1682,159.9696,39.9373,45.7854,46.1435,measured,experiments/ts_predictor_r2/r2_cn_frac/LB_CE/JVET-hhi.xlsm,Test!B323:E323,scripts/JVET-hhi.xlsm,Reference!B323:E323,pass,pass,Test,True
r2,R2-4,r2_cn_frac,LB,Johnny,E,37,88.1696,37.8163,44.145,44.5517,88.0128,37.7854,44.1377,44.4356,measured,experiments/ts_predictor_r2/r2_cn_frac/LB_CE/JVET-hhi.xlsm,Test!B324:E324,scripts/JVET-hhi.xlsm,Reference!B324:E324,pass,pass,Test,True
r2,R2-4,r2_cn_frac,LB,KristenAndSara,E,22,1361.2064,43.684,47.9585,48.9689,1361.8512,43.6876,47.9851,48.983,measured,experiments/ts_predictor_r2/r2_cn_frac/LB_CE/JVET-hhi.xlsm,Test!B325:E325,scripts/JVET-hhi.xlsm,Reference!B325:E325,pass,pass,Test,True
r2,R2-4,r2_cn_frac,LB,KristenAndSara,E,27,497.352,41.8047,46.4641,47.22,496.5888,41.8051,46.4606,47.2514,measured,experiments/ts_predictor_r2/r2_cn_frac/LB_CE/JVET-hhi.xlsm,Test!B326:E326,scripts/JVET-hhi.xlsm,Reference!B326:E326,pass,pass,Test,True
r2,R2-4,r2_cn_frac,LB,KristenAndSara,E,32,231.728,39.6272,44.7389,45.3238,232.4352,39.6425,44.6376,45.27,measured,experiments/ts_predictor_r2/r2_cn_frac/LB_CE/JVET-hhi.xlsm,Test!B327:E327,scripts/JVET-hhi.xlsm,Reference!B327:E327,pass,pass,Test,True
r2,R2-4,r2_cn_frac,LB,KristenAndSara,E,37,123.4496,37.2139,43.0396,43.6902,123.448,37.2116,43.0098,43.6656,measured,experiments/ts_predictor_r2/r2_cn_frac/LB_CE/JVET-hhi.xlsm,Test!B328:E328,scripts/JVET-hhi.xlsm,Reference!B328:E328,pass,pass,Test,True
r3,R3-1,r3_risk_guard,AI,BQTerrace,B,22,20481.1912,42.8423,43.3198,45.373,20485.348,42.8437,43.321,45.3726,measured,experiments/ts_predictor_r3/r3_risk_guard/JVET-hhi.xlsm,Test!B41:E41,scripts/JVET-hhi.xlsm,Reference!B41:E41,pass,pass,Test,True
r3,R3-1,r3_risk_guard,AI,BQTerrace,B,27,7290.976,37.1443,41.9003,44.2199,7287.0344,37.1433,41.8998,44.22,measured,experiments/ts_predictor_r3/r3_risk_guard/JVET-hhi.xlsm,Test!B42:E42,scripts/JVET-hhi.xlsm,Reference!B42:E42,pass,pass,Test,True
r3,R3-1,r3_risk_guard,AI,BQTerrace,B,32,3569.0552,34.9196,40.4169,42.8773,3567.5864,34.9189,40.4081,42.8763,measured,experiments/ts_predictor_r3/r3_risk_guard/JVET-hhi.xlsm,Test!B43:E43,scripts/JVET-hhi.xlsm,Reference!B43:E43,pass,pass,Test,True
r3,R3-1,r3_risk_guard,AI,BQTerrace,B,37,1893.9376,32.7775,39.312,41.8131,1893.2168,32.7767,39.3159,41.8146,measured,experiments/ts_predictor_r3/r3_risk_guard/JVET-hhi.xlsm,Test!B44:E44,scripts/JVET-hhi.xlsm,Reference!B44:E44,pass,pass,Test,True
r3,R3-1,r3_risk_guard,AI,BasketballDrive,B,22,8467.5095,41.9702,45.0935,47.32,8467.2103,41.97,45.0932,47.3227,measured,experiments/ts_predictor_r3/r3_risk_guard/JVET-hhi.xlsm,Test!B37:E37,scripts/JVET-hhi.xlsm,Reference!B37:E37,pass,pass,Test,True
r3,R3-1,r3_risk_guard,AI,BasketballDrive,B,27,3041.8087,39.2943,43.886,45.3429,3042.7056,39.2951,43.886,45.343,measured,experiments/ts_predictor_r3/r3_risk_guard/JVET-hhi.xlsm,Test!B38:E38,scripts/JVET-hhi.xlsm,Reference!B38:E38,pass,pass,Test,True
r3,R3-1,r3_risk_guard,AI,BasketballDrive,B,32,1501.0968,37.6982,42.3116,42.8976,1499.9556,37.6972,42.3116,42.8868,measured,experiments/ts_predictor_r3/r3_risk_guard/JVET-hhi.xlsm,Test!B39:E39,scripts/JVET-hhi.xlsm,Reference!B39:E39,pass,pass,Test,True
r3,R3-1,r3_risk_guard,AI,BasketballDrive,B,37,847.6214,35.9884,41.192,41.2549,847.6206,35.989,41.1783,41.2591,measured,experiments/ts_predictor_r3/r3_risk_guard/JVET-hhi.xlsm,Test!B40:E40,scripts/JVET-hhi.xlsm,Reference!B40:E40,pass,pass,Test,True
r3,R3-1,r3_risk_guard,AI,Cactus,B,22,11835.9611,41.3529,41.7943,45.1309,11840.0008,41.3542,41.7954,45.1341,measured,experiments/ts_predictor_r3/r3_risk_guard/JVET-hhi.xlsm,Test!B33:E33,scripts/JVET-hhi.xlsm,Reference!B33:E33,pass,pass,Test,True
r3,R3-1,r3_risk_guard,AI,Cactus,B,27,4836.1127,38.3871,39.9582,43.2202,4835.0754,38.3858,39.9568,43.2204,measured,experiments/ts_predictor_r3/r3_risk_guard/JVET-hhi.xlsm,Test!B34:E34,scripts/JVET-hhi.xlsm,Reference!B34:E34,pass,pass,Test,True
r3,R3-1,r3_risk_guard,AI,Cactus,B,32,2576.4476,36.3866,38.8501,40.9091,2576.1754,36.3856,38.8485,40.9052,measured,experiments/ts_predictor_r3/r3_risk_guard/JVET-hhi.xlsm,Test!B35:E35,scripts/JVET-hhi.xlsm,Reference!B35:E35,pass,pass,Test,True
r3,R3-1,r3_risk_guard,AI,Cactus,B,37,1399.4571,34.1209,37.8916,39.3297,1399.1929,34.1209,37.8979,39.3305,measured,experiments/ts_predictor_r3/r3_risk_guard/JVET-hhi.xlsm,Test!B36:E36,scripts/JVET-hhi.xlsm,Reference!B36:E36,pass,pass,Test,True
r3,R3-1,r3_risk_guard,AI,MarketPlace,B,22,9979.9896,43.2664,45.7555,46.3871,9979.2608,43.2663,45.755,46.3876,measured,experiments/ts_predictor_r3/r3_risk_guard/JVET-hhi.xlsm,Test!B25:E25,scripts/JVET-hhi.xlsm,Reference!B25:E25,pass,pass,Test,True
r3,R3-1,r3_risk_guard,AI,MarketPlace,B,27,5165.1864,40.5296,43.754,44.5298,5164.6608,40.5291,43.7539,44.5282,measured,experiments/ts_predictor_r3/r3_risk_guard/JVET-hhi.xlsm,Test!B26:E26,scripts/JVET-hhi.xlsm,Reference!B26:E26,pass,pass,Test,True
r3,R3-1,r3_risk_guard,AI,MarketPlace,B,32,2861.0792,38.1432,41.984,42.5225,2860.9184,38.1428,41.984,42.5207,measured,experiments/ts_predictor_r3/r3_risk_guard/JVET-hhi.xlsm,Test!B27:E27,scripts/JVET-hhi.xlsm,Reference!B27:E27,pass,pass,Test,True
r3,R3-1,r3_risk_guard,AI,MarketPlace,B,37,1538.1672,35.6523,40.7949,41.341,1538.0504,35.6523,40.795,41.3426,measured,experiments/ts_predictor_r3/r3_risk_guard/JVET-hhi.xlsm,Test!B28:E28,scripts/JVET-hhi.xlsm,Reference!B28:E28,pass,pass,Test,True
r3,R3-1,r3_risk_guard,AI,RitualDance,B,22,5740.5848,46.5834,49.6866,50.5469,5739.556,46.5826,49.6856,50.5499,measured,experiments/ts_predictor_r3/r3_risk_guard/JVET-hhi.xlsm,Test!B29:E29,scripts/JVET-hhi.xlsm,Reference!B29:E29,pass,pass,Test,True
r3,R3-1,r3_risk_guard,AI,RitualDance,B,27,3363.3616,43.8451,47.3626,47.7351,3363.6424,43.8454,47.36,47.7387,measured,experiments/ts_predictor_r3/r3_risk_guard/JVET-hhi.xlsm,Test!B30:E30,scripts/JVET-hhi.xlsm,Reference!B30:E30,pass,pass,Test,True
r3,R3-1,r3_risk_guard,AI,RitualDance,B,32,1894.532,40.8306,44.8501,44.7468,1894.8176,40.8325,44.8494,44.7507,measured,experiments/ts_predictor_r3/r3_risk_guard/JVET-hhi.xlsm,Test!B31:E31,scripts/JVET-hhi.xlsm,Reference!B31:E31,pass,pass,Test,True
r3,R3-1,r3_risk_guard,AI,RitualDance,B,37,1057.8504,37.9689,43.2661,43.2263,1057.9808,37.9687,43.2628,43.2277,measured,experiments/ts_predictor_r3/r3_risk_guard/JVET-hhi.xlsm,Test!B32:E32,scripts/JVET-hhi.xlsm,Reference!B32:E32,pass,pass,Test,True
r3,R3-1,r3_risk_guard,AI,BQMall,C,22,2561.0136,42.757,45.0116,46.7786,2560.5504,42.7559,45.0133,46.7771,measured,experiments/ts_predictor_r3/r3_risk_guard/JVET-hhi.xlsm,Test!B49:E49,scripts/JVET-hhi.xlsm,Reference!B49:E49,pass,pass,Test,True
r3,R3-1,r3_risk_guard,AI,BQMall,C,27,1512.3224,40.1108,42.7662,44.1318,1512.5048,40.1106,42.7648,44.1249,measured,experiments/ts_predictor_r3/r3_risk_guard/JVET-hhi.xlsm,Test!B50:E50,scripts/JVET-hhi.xlsm,Reference!B50:E50,pass,pass,Test,True
r3,R3-1,r3_risk_guard,AI,BQMall,C,32,881.0576,37.2676,40.2346,41.2207,880.8776,37.2667,40.2313,41.2068,measured,experiments/ts_predictor_r3/r3_risk_guard/JVET-hhi.xlsm,Test!B51:E51,scripts/JVET-hhi.xlsm,Reference!B51:E51,pass,pass,Test,True
r3,R3-1,r3_risk_guard,AI,BQMall,C,37,510.2688,34.2969,38.8433,39.7154,510.1472,34.2973,38.844,39.7149,measured,experiments/ts_predictor_r3/r3_risk_guard/JVET-hhi.xlsm,Test!B52:E52,scripts/JVET-hhi.xlsm,Reference!B52:E52,pass,pass,Test,True
r3,R3-1,r3_risk_guard,AI,BasketballDrill,C,22,2067.0365,43.1818,45.1927,46.5623,2067.423,43.1817,45.197,46.5601,measured,experiments/ts_predictor_r3/r3_risk_guard/JVET-hhi.xlsm,Test!B45:E45,scripts/JVET-hhi.xlsm,Reference!B45:E45,pass,pass,Test,True
r3,R3-1,r3_risk_guard,AI,BasketballDrill,C,27,1117.2024,40.0735,42.7726,43.7337,1117.7675,40.0784,42.7814,43.7377,measured,experiments/ts_predictor_r3/r3_risk_guard/JVET-hhi.xlsm,Test!B46:E46,scripts/JVET-hhi.xlsm,Reference!B46:E46,pass,pass,Test,True
r3,R3-1,r3_risk_guard,AI,BasketballDrill,C,32,598.5405,37.1369,40.1526,40.7339,598.0627,37.132,40.1411,40.735,measured,experiments/ts_predictor_r3/r3_risk_guard/JVET-hhi.xlsm,Test!B47:E47,scripts/JVET-hhi.xlsm,Reference!B47:E47,pass,pass,Test,True
r3,R3-1,r3_risk_guard,AI,BasketballDrill,C,37,332.1135,34.4182,38.5735,38.8563,332.0413,34.414,38.562,38.8382,measured,experiments/ts_predictor_r3/r3_risk_guard/JVET-hhi.xlsm,Test!B48:E48,scripts/JVET-hhi.xlsm,Reference!B48:E48,pass,pass,Test,True
r3,R3-1,r3_risk_guard,AI,PartyScene,C,22,5026.9357,42.1041,43.657,44.7435,5026.8468,42.1036,43.6579,44.7477,measured,experiments/ts_predictor_r3/r3_risk_guard/JVET-hhi.xlsm,Test!B53:E53,scripts/JVET-hhi.xlsm,Reference!B53:E53,pass,pass,Test,True
r3,R3-1,r3_risk_guard,AI,PartyScene,C,27,3075.6706,37.8567,40.4915,41.3129,3075.5563,37.8572,40.4924,41.3295,measured,experiments/ts_predictor_r3/r3_risk_guard/JVET-hhi.xlsm,Test!B54:E54,scripts/JVET-hhi.xlsm,Reference!B54:E54,pass,pass,Test,True
r3,R3-1,r3_risk_guard,AI,PartyScene,C,32,1802.0889,34.1589,37.5768,38.1543,1800.6333,34.1569,37.5732,38.1509,measured,experiments/ts_predictor_r3/r3_risk_guard/JVET-hhi.xlsm,Test!B55:E55,scripts/JVET-hhi.xlsm,Reference!B55:E55,pass,pass,Test,True
r3,R3-1,r3_risk_guard,AI,PartyScene,C,37,975.0611,30.5607,36.0084,36.5744,975.5516,30.5599,36.01,36.5849,measured,experiments/ts_predictor_r3/r3_risk_guard/JVET-hhi.xlsm,Test!B56:E56,scripts/JVET-hhi.xlsm,Reference!B56:E56,pass,pass,Test,True
r3,R3-1,r3_risk_guard,AI,RaceHorsesC,C,22,1736.5018,43.476,44.226,45.2037,1736.8326,43.4766,44.228,45.2048,measured,experiments/ts_predictor_r3/r3_risk_guard/JVET-hhi.xlsm,Test!B57:E57,scripts/JVET-hhi.xlsm,Reference!B57:E57,pass,pass,Test,True
r3,R3-1,r3_risk_guard,AI,RaceHorsesC,C,27,1011.0197,40.1029,40.5243,42.353,1010.4884,40.0985,40.5202,42.3572,measured,experiments/ts_predictor_r3/r3_risk_guard/JVET-hhi.xlsm,Test!B58:E58,scripts/JVET-hhi.xlsm,Reference!B58:E58,pass,pass,Test,True
r3,R3-1,r3_risk_guard,AI,RaceHorsesC,C,32,579.9134,36.8622,37.618,39.9988,579.8337,36.861,37.6251,39.9975,measured,experiments/ts_predictor_r3/r3_risk_guard/JVET-hhi.xlsm,Test!B59:E59,scripts/JVET-hhi.xlsm,Reference!B59:E59,pass,pass,Test,True
r3,R3-1,r3_risk_guard,AI,RaceHorsesC,C,37,303.15,33.4709,36.5351,38.609,303.0426,33.4709,36.5333,38.617,measured,experiments/ts_predictor_r3/r3_risk_guard/JVET-hhi.xlsm,Test!B60:E60,scripts/JVET-hhi.xlsm,Reference!B60:E60,pass,pass,Test,True
r3,R3-1,r3_risk_guard,AI,FourPeople,E,22,3142.9896,44.7548,48.1121,49.3585,3142.8864,44.7539,48.1128,49.3604,measured,experiments/ts_predictor_r3/r3_risk_guard/JVET-hhi.xlsm,Test!B77:E77,scripts/JVET-hhi.xlsm,Reference!B77:E77,pass,pass,Test,True
r3,R3-1,r3_risk_guard,AI,FourPeople,E,27,1891.3624,42.4688,46.0652,47.2225,1890.8536,42.4675,46.0581,47.2279,measured,experiments/ts_predictor_r3/r3_risk_guard/JVET-hhi.xlsm,Test!B78:E78,scripts/JVET-hhi.xlsm,Reference!B78:E78,pass,pass,Test,True
r3,R3-1,r3_risk_guard,AI,FourPeople,E,32,1160.9952,39.8967,43.6034,44.6163,1161.0928,39.8966,43.6057,44.6273,measured,experiments/ts_predictor_r3/r3_risk_guard/JVET-hhi.xlsm,Test!B79:E79,scripts/JVET-hhi.xlsm,Reference!B79:E79,pass,pass,Test,True
r3,R3-1,r3_risk_guard,AI,FourPeople,E,37,716.4816,36.9214,42.0526,42.9822,716.044,36.9192,42.0652,42.9925,measured,experiments/ts_predictor_r3/r3_risk_guard/JVET-hhi.xlsm,Test!B80:E80,scripts/JVET-hhi.xlsm,Reference!B80:E80,pass,pass,Test,True
r3,R3-1,r3_risk_guard,AI,Johnny,E,22,2205.1432,44.9154,49.2736,49.8795,2205.5776,44.9158,49.2768,49.8837,measured,experiments/ts_predictor_r3/r3_risk_guard/JVET-hhi.xlsm,Test!B81:E81,scripts/JVET-hhi.xlsm,Reference!B81:E81,pass,pass,Test,True
r3,R3-1,r3_risk_guard,AI,Johnny,E,27,1162.4864,42.9014,47.7908,48.1773,1162.4912,42.9016,47.7886,48.174,measured,experiments/ts_predictor_r3/r3_risk_guard/JVET-hhi.xlsm,Test!B82:E82,scripts/JVET-hhi.xlsm,Reference!B82:E82,pass,pass,Test,True
r3,R3-1,r3_risk_guard,AI,Johnny,E,32,649.8232,40.8498,45.5894,45.8902,649.9016,40.8503,45.5876,45.9014,measured,experiments/ts_predictor_r3/r3_risk_guard/JVET-hhi.xlsm,Test!B83:E83,scripts/JVET-hhi.xlsm,Reference!B83:E83,pass,pass,Test,True
r3,R3-1,r3_risk_guard,AI,Johnny,E,37,382.5424,38.4704,44.0575,44.4628,382.4784,38.469,44.0536,44.4703,measured,experiments/ts_predictor_r3/r3_risk_guard/JVET-hhi.xlsm,Test!B84:E84,scripts/JVET-hhi.xlsm,Reference!B84:E84,pass,pass,Test,True
r3,R3-1,r3_risk_guard,AI,KristenAndSara,E,22,2343.3976,45.3087,48.6791,49.5915,2342.56,45.3063,48.6774,49.5937,measured,experiments/ts_predictor_r3/r3_risk_guard/JVET-hhi.xlsm,Test!B85:E85,scripts/JVET-hhi.xlsm,Reference!B85:E85,pass,pass,Test,True
r3,R3-1,r3_risk_guard,AI,KristenAndSara,E,27,1361.6336,43.2443,46.8988,47.7644,1361.6744,43.2447,46.894,47.7677,measured,experiments/ts_predictor_r3/r3_risk_guard/JVET-hhi.xlsm,Test!B86:E86,scripts/JVET-hhi.xlsm,Reference!B86:E86,pass,pass,Test,True
r3,R3-1,r3_risk_guard,AI,KristenAndSara,E,32,810.8288,40.8872,44.7754,45.4297,810.3976,40.8849,44.7687,45.4241,measured,experiments/ts_predictor_r3/r3_risk_guard/JVET-hhi.xlsm,Test!B87:E87,scripts/JVET-hhi.xlsm,Reference!B87:E87,pass,pass,Test,True
r3,R3-1,r3_risk_guard,AI,KristenAndSara,E,37,496.0408,38.236,43.284,43.8443,496.1088,38.237,43.2885,43.8455,measured,experiments/ts_predictor_r3/r3_risk_guard/JVET-hhi.xlsm,Test!B88:E88,scripts/JVET-hhi.xlsm,Reference!B88:E88,pass,pass,Test,True
r3,R3-1,r3_risk_guard,LB,BQTerrace,B,22,28642.616,38.2232,42.9341,45.3832,28640.9776,38.2236,42.9343,45.3851,measured,experiments/ts_predictor_r3/r3_risk_guard/JVET-hhi.xlsm,Test!B281:E281,scripts/JVET-hhi.xlsm,Reference!B281:E281,pass,pass,Test,True
r3,R3-1,r3_risk_guard,LB,BQTerrace,B,27,3625.1632,35.9183,41.8958,44.3897,3621.2032,35.9174,41.9011,44.3944,measured,experiments/ts_predictor_r3/r3_risk_guard/JVET-hhi.xlsm,Test!B282:E282,scripts/JVET-hhi.xlsm,Reference!B282:E282,pass,pass,Test,True
r3,R3-1,r3_risk_guard,LB,BQTerrace,B,32,1234.6176,34.376,40.745,43.192,1239.8064,34.379,40.7346,43.2319,measured,experiments/ts_predictor_r3/r3_risk_guard/JVET-hhi.xlsm,Test!B283:E283,scripts/JVET-hhi.xlsm,Reference!B283:E283,pass,pass,Test,True
r3,R3-1,r3_risk_guard,LB,BQTerrace,B,37,505.2032,32.6649,39.6092,42.1495,506.488,32.6716,39.5974,42.1503,measured,experiments/ts_predictor_r3/r3_risk_guard/JVET-hhi.xlsm,Test!B284:E284,scripts/JVET-hhi.xlsm,Reference!B284:E284,pass,pass,Test,True
r3,R3-1,r3_risk_guard,LB,BasketballDrive,B,22,13118.7216,39.5612,44.2584,45.5693,13120.0672,39.5601,44.2615,45.5737,measured,experiments/ts_predictor_r3/r3_risk_guard/JVET-hhi.xlsm,Test!B277:E277,scripts/JVET-hhi.xlsm,Reference!B277:E277,pass,pass,Test,True
r3,R3-1,r3_risk_guard,LB,BasketballDrive,B,27,4130.424,37.7724,42.7129,43.099,4132.9056,37.7719,42.6974,43.1073,measured,experiments/ts_predictor_r3/r3_risk_guard/JVET-hhi.xlsm,Test!B278:E278,scripts/JVET-hhi.xlsm,Reference!B278:E278,pass,pass,Test,True
r3,R3-1,r3_risk_guard,LB,BasketballDrive,B,32,1979.0816,35.9507,41.5407,41.4075,1978.2512,35.9536,41.5121,41.3996,measured,experiments/ts_predictor_r3/r3_risk_guard/JVET-hhi.xlsm,Test!B279:E279,scripts/JVET-hhi.xlsm,Reference!B279:E279,pass,pass,Test,True
r3,R3-1,r3_risk_guard,LB,BasketballDrive,B,37,1019.4736,33.99,40.2568,39.4332,1018.8416,33.9908,40.2748,39.4594,measured,experiments/ts_predictor_r3/r3_risk_guard/JVET-hhi.xlsm,Test!B280:E280,scripts/JVET-hhi.xlsm,Reference!B280:E280,pass,pass,Test,True
r3,R3-1,r3_risk_guard,LB,Cactus,B,22,10163.0032,38.6754,40.1807,43.8575,10151.4656,38.6744,40.1771,43.8569,measured,experiments/ts_predictor_r3/r3_risk_guard/JVET-hhi.xlsm,Test!B273:E273,scripts/JVET-hhi.xlsm,Reference!B273:E273,pass,pass,Test,True
r3,R3-1,r3_risk_guard,LB,Cactus,B,27,3073.9616,36.8377,39.2891,41.9174,3069.0272,36.8377,39.2929,41.9297,measured,experiments/ts_predictor_r3/r3_risk_guard/JVET-hhi.xlsm,Test!B274:E274,scripts/JVET-hhi.xlsm,Reference!B274:E274,pass,pass,Test,True
r3,R3-1,r3_risk_guard,LB,Cactus,B,32,1408.3744,34.8538,38.4643,40.2084,1407.9984,34.8439,38.4787,40.2461,measured,experiments/ts_predictor_r3/r3_risk_guard/JVET-hhi.xlsm,Test!B275:E275,scripts/JVET-hhi.xlsm,Reference!B275:E275,pass,pass,Test,True
r3,R3-1,r3_risk_guard,LB,Cactus,B,37,694.5264,32.6939,37.4156,38.567,693.3504,32.6951,37.4356,38.5498,measured,experiments/ts_predictor_r3/r3_risk_guard/JVET-hhi.xlsm,Test!B276:E276,scripts/JVET-hhi.xlsm,Reference!B276:E276,pass,pass,Test,True
r3,R3-1,r3_risk_guard,LB,MarketPlace,B,22,9258.3792,40.5867,44.4432,45.0589,9256.672,40.5861,44.4422,45.0556,measured,experiments/ts_predictor_r3/r3_risk_guard/JVET-hhi.xlsm,Test!B265:E265,scripts/JVET-hhi.xlsm,Reference!B265:E265,pass,pass,Test,True
r3,R3-1,r3_risk_guard,LB,MarketPlace,B,27,3046.1632,38.8761,43.1623,43.5444,3042.6208,38.8766,43.1541,43.5511,measured,experiments/ts_predictor_r3/r3_risk_guard/JVET-hhi.xlsm,Test!B266:E266,scripts/JVET-hhi.xlsm,Reference!B266:E266,pass,pass,Test,True
r3,R3-1,r3_risk_guard,LB,MarketPlace,B,32,1362.1424,36.94,42.0506,42.1599,1362.1936,36.9361,42.0658,42.1466,measured,experiments/ts_predictor_r3/r3_risk_guard/JVET-hhi.xlsm,Test!B267:E267,scripts/JVET-hhi.xlsm,Reference!B267:E267,pass,pass,Test,True
r3,R3-1,r3_risk_guard,LB,MarketPlace,B,37,655.2016,34.8411,40.9802,41.0485,654.9856,34.8395,40.9625,41.0572,measured,experiments/ts_predictor_r3/r3_risk_guard/JVET-hhi.xlsm,Test!B268:E268,scripts/JVET-hhi.xlsm,Reference!B268:E268,pass,pass,Test,True
r3,R3-1,r3_risk_guard,LB,RitualDance,B,22,7538.8048,44.8474,48.0447,48.5713,7538.2768,44.845,48.0562,48.584,measured,experiments/ts_predictor_r3/r3_risk_guard/JVET-hhi.xlsm,Test!B269:E269,scripts/JVET-hhi.xlsm,Reference!B269:E269,pass,pass,Test,True
r3,R3-1,r3_risk_guard,LB,RitualDance,B,27,3649.4352,41.51,45.5163,45.5656,3650.256,41.5086,45.5203,45.5465,measured,experiments/ts_predictor_r3/r3_risk_guard/JVET-hhi.xlsm,Test!B270:E270,scripts/JVET-hhi.xlsm,Reference!B270:E270,pass,pass,Test,True
r3,R3-1,r3_risk_guard,LB,RitualDance,B,32,1885.9056,38.2652,43.8151,43.6304,1884.136,38.2705,43.8253,43.6245,measured,experiments/ts_predictor_r3/r3_risk_guard/JVET-hhi.xlsm,Test!B271:E271,scripts/JVET-hhi.xlsm,Reference!B271:E271,pass,pass,Test,True
r3,R3-1,r3_risk_guard,LB,RitualDance,B,37,1023.6144,35.5456,42.3424,42.0477,1023.4272,35.5514,42.3288,42.0659,measured,experiments/ts_predictor_r3/r3_risk_guard/JVET-hhi.xlsm,Test!B272:E272,scripts/JVET-hhi.xlsm,Reference!B272:E272,pass,pass,Test,True
r3,R3-1,r3_risk_guard,LB,BQMall,C,22,2874.8944,40.0864,43.4565,44.5287,2874.3776,40.0827,43.4481,44.5175,measured,experiments/ts_predictor_r3/r3_risk_guard/JVET-hhi.xlsm,Test!B289:E289,scripts/JVET-hhi.xlsm,Reference!B289:E289,pass,pass,Test,True
r3,R3-1,r3_risk_guard,LB,BQMall,C,27,1168.2416,37.1909,41.3893,41.8146,1168.984,37.1948,41.404,41.8452,measured,experiments/ts_predictor_r3/r3_risk_guard/JVET-hhi.xlsm,Test!B290:E290,scripts/JVET-hhi.xlsm,Reference!B290:E290,pass,pass,Test,True
r3,R3-1,r3_risk_guard,LB,BQMall,C,32,557.1488,34.3853,39.6312,39.877,557.0192,34.3904,39.6007,39.8058,measured,experiments/ts_predictor_r3/r3_risk_guard/JVET-hhi.xlsm,Test!B291:E291,scripts/JVET-hhi.xlsm,Reference!B291:E291,pass,pass,Test,True
r3,R3-1,r3_risk_guard,LB,BQMall,C,37,285.6448,31.7048,38.2039,38.149,285.8736,31.6896,38.2493,38.2125,measured,experiments/ts_predictor_r3/r3_risk_guard/JVET-hhi.xlsm,Test!B292:E292,scripts/JVET-hhi.xlsm,Reference!B292:E292,pass,pass,Test,True
r3,R3-1,r3_risk_guard,LB,BasketballDrill,C,22,2278.9664,41.5883,43.8425,44.8196,2277.5984,41.5925,43.8253,44.8247,measured,experiments/ts_predictor_r3/r3_risk_guard/JVET-hhi.xlsm,Test!B285:E285,scripts/JVET-hhi.xlsm,Reference!B285:E285,pass,pass,Test,True
r3,R3-1,r3_risk_guard,LB,BasketballDrill,C,27,1008.3056,38.4519,41.3758,41.8327,1009.7824,38.4546,41.3835,41.8509,measured,experiments/ts_predictor_r3/r3_risk_guard/JVET-hhi.xlsm,Test!B286:E286,scripts/JVET-hhi.xlsm,Reference!B286:E286,pass,pass,Test,True
r3,R3-1,r3_risk_guard,LB,BasketballDrill,C,32,497.664,35.4772,39.591,39.7871,497.624,35.4916,39.5642,39.7957,measured,experiments/ts_predictor_r3/r3_risk_guard/JVET-hhi.xlsm,Test!B287:E287,scripts/JVET-hhi.xlsm,Reference!B287:E287,pass,pass,Test,True
r3,R3-1,r3_risk_guard,LB,BasketballDrill,C,37,258.3632,32.88,37.8066,37.6458,258.032,32.8837,37.8547,37.6309,measured,experiments/ts_predictor_r3/r3_risk_guard/JVET-hhi.xlsm,Test!B288:E288,scripts/JVET-hhi.xlsm,Reference!B288:E288,pass,pass,Test,True
r3,R3-1,r3_risk_guard,LB,PartyScene,C,22,6341.8096,38.4838,41.0541,41.7555,6342.2064,38.4878,41.0568,41.7473,measured,experiments/ts_predictor_r3/r3_risk_guard/JVET-hhi.xlsm,Test!B293:E293,scripts/JVET-hhi.xlsm,Reference!B293:E293,pass,pass,Test,True
r3,R3-1,r3_risk_guard,LB,PartyScene,C,27,2575.0336,34.5251,38.2017,38.6948,2573.0368,34.5305,38.2292,38.7429,measured,experiments/ts_predictor_r3/r3_risk_guard/JVET-hhi.xlsm,Test!B294:E294,scripts/JVET-hhi.xlsm,Reference!B294:E294,pass,pass,Test,True
r3,R3-1,r3_risk_guard,LB,PartyScene,C,32,1156.0592,31.13,36.29,36.6843,1152.9712,31.1253,36.3595,36.7413,measured,experiments/ts_predictor_r3/r3_risk_guard/JVET-hhi.xlsm,Test!B295:E295,scripts/JVET-hhi.xlsm,Reference!B295:E295,pass,pass,Test,True
r3,R3-1,r3_risk_guard,LB,PartyScene,C,37,527.608,28.1683,34.8517,35.0471,527.2784,28.1541,34.876,35.0395,measured,experiments/ts_predictor_r3/r3_risk_guard/JVET-hhi.xlsm,Test!B296:E296,scripts/JVET-hhi.xlsm,Reference!B296:E296,pass,pass,Test,True
r3,R3-1,r3_risk_guard,LB,RaceHorsesC,C,22,5398.0304,39.3018,40.3587,42.0068,5391.416,39.2971,40.363,42.0156,measured,experiments/ts_predictor_r3/r3_risk_guard/JVET-hhi.xlsm,Test!B297:E297,scripts/JVET-hhi.xlsm,Reference!B297:E297,pass,pass,Test,True
r3,R3-1,r3_risk_guard,LB,RaceHorsesC,C,27,1706.0992,34.8097,37.4534,39.5148,1707.9328,34.8173,37.439,39.5191,measured,experiments/ts_predictor_r3/r3_risk_guard/JVET-hhi.xlsm,Test!B298:E298,scripts/JVET-hhi.xlsm,Reference!B298:E298,pass,pass,Test,True
r3,R3-1,r3_risk_guard,LB,RaceHorsesC,C,32,714.984,31.5148,36.0945,38.1384,715.0592,31.517,36.1219,38.105,measured,experiments/ts_predictor_r3/r3_risk_guard/JVET-hhi.xlsm,Test!B299:E299,scripts/JVET-hhi.xlsm,Reference!B299:E299,pass,pass,Test,True
r3,R3-1,r3_risk_guard,LB,RaceHorsesC,C,37,312.168,28.7028,35.0027,36.6115,311.7168,28.6987,35.0011,36.6294,measured,experiments/ts_predictor_r3/r3_risk_guard/JVET-hhi.xlsm,Test!B300:E300,scripts/JVET-hhi.xlsm,Reference!B300:E300,pass,pass,Test,True
r3,R3-1,r3_risk_guard,LB,FourPeople,E,22,1685.5504,42.9908,47.2235,48.461,1686.472,42.9905,47.2335,48.4812,measured,experiments/ts_predictor_r3/r3_risk_guard/JVET-hhi.xlsm,Test!B317:E317,scripts/JVET-hhi.xlsm,Reference!B317:E317,pass,pass,Test,True
r3,R3-1,r3_risk_guard,LB,FourPeople,E,27,664.9296,40.8802,45.518,46.54,666.3504,40.8905,45.5547,46.5978,measured,experiments/ts_predictor_r3/r3_risk_guard/JVET-hhi.xlsm,Test!B318:E318,scripts/JVET-hhi.xlsm,Reference!B318:E318,pass,pass,Test,True
r3,R3-1,r3_risk_guard,LB,FourPeople,E,32,337.3088,38.4731,43.6085,44.428,337.8352,38.473,43.5812,44.4063,measured,experiments/ts_predictor_r3/r3_risk_guard/JVET-hhi.xlsm,Test!B319:E319,scripts/JVET-hhi.xlsm,Reference!B319:E319,pass,pass,Test,True
r3,R3-1,r3_risk_guard,LB,FourPeople,E,37,184.6192,35.7811,41.9541,42.755,184.6192,35.7811,41.9541,42.755,measured,experiments/ts_predictor_r3/r3_risk_guard/JVET-hhi.xlsm,Test!B320:E320,scripts/JVET-hhi.xlsm,Reference!B320:E320,pass,pass,Test,True
r3,R3-1,r3_risk_guard,LB,Johnny,E,22,1126.2976,43.2242,48.6858,49.364,1125.648,43.226,48.7102,49.3657,measured,experiments/ts_predictor_r3/r3_risk_guard/JVET-hhi.xlsm,Test!B321:E321,scripts/JVET-hhi.xlsm,Reference!B321:E321,pass,pass,Test,True
r3,R3-1,r3_risk_guard,LB,Johnny,E,27,344.3824,41.7407,47.4669,47.9865,344.4432,41.7426,47.4506,48.0084,measured,experiments/ts_predictor_r3/r3_risk_guard/JVET-hhi.xlsm,Test!B322:E322,scripts/JVET-hhi.xlsm,Reference!B322:E322,pass,pass,Test,True
r3,R3-1,r3_risk_guard,LB,Johnny,E,32,160.3824,39.9417,45.7831,46.1682,160.3824,39.9417,45.7831,46.1682,measured,experiments/ts_predictor_r3/r3_risk_guard/JVET-hhi.xlsm,Test!B323:E323,scripts/JVET-hhi.xlsm,Reference!B323:E323,pass,pass,Test,True
r3,R3-1,r3_risk_guard,LB,Johnny,E,37,88.1696,37.8163,44.145,44.5517,87.9216,37.8108,44.1691,44.5637,measured,experiments/ts_predictor_r3/r3_risk_guard/JVET-hhi.xlsm,Test!B324:E324,scripts/JVET-hhi.xlsm,Reference!B324:E324,pass,pass,Test,True
r3,R3-1,r3_risk_guard,LB,KristenAndSara,E,22,1361.2064,43.684,47.9585,48.9689,1358.8928,43.6854,47.9669,48.9511,measured,experiments/ts_predictor_r3/r3_risk_guard/JVET-hhi.xlsm,Test!B325:E325,scripts/JVET-hhi.xlsm,Reference!B325:E325,pass,pass,Test,True
r3,R3-1,r3_risk_guard,LB,KristenAndSara,E,27,497.352,41.8047,46.4641,47.22,496.5248,41.804,46.4015,47.2568,measured,experiments/ts_predictor_r3/r3_risk_guard/JVET-hhi.xlsm,Test!B326:E326,scripts/JVET-hhi.xlsm,Reference!B326:E326,pass,pass,Test,True
r3,R3-1,r3_risk_guard,LB,KristenAndSara,E,32,231.728,39.6272,44.7389,45.3238,232.1408,39.6293,44.7582,45.2557,measured,experiments/ts_predictor_r3/r3_risk_guard/JVET-hhi.xlsm,Test!B327:E327,scripts/JVET-hhi.xlsm,Reference!B327:E327,pass,pass,Test,True
r3,R3-1,r3_risk_guard,LB,KristenAndSara,E,37,123.4496,37.2139,43.0396,43.6902,123.4496,37.2139,43.0396,43.6902,measured,experiments/ts_predictor_r3/r3_risk_guard/JVET-hhi.xlsm,Test!B328:E328,scripts/JVET-hhi.xlsm,Reference!B328:E328,pass,pass,Test,True
r3,R3-1,r3_risk_guard,RA,BQTerrace,B,22,19482.8856,37.1986,43.1862,45.4779,19442.7416,37.1971,43.1835,45.4793,measured,experiments/ts_predictor_r3/r3_risk_guard/JVET-hhi.xlsm,Test!B161:E161,scripts/JVET-hhi.xlsm,Reference!B161:E161,pass,pass,Test,True
r3,R3-1,r3_risk_guard,RA,BQTerrace,B,27,3312.4512,35.8191,42.4576,44.8117,3312.9064,35.8196,42.4603,44.8155,measured,experiments/ts_predictor_r3/r3_risk_guard/JVET-hhi.xlsm,Test!B162:E162,scripts/JVET-hhi.xlsm,Reference!B162:E162,pass,pass,Test,True
r3,R3-1,r3_risk_guard,RA,BQTerrace,B,32,1381.6424,34.7801,41.4284,43.8678,1381.1472,34.7791,41.434,43.8792,measured,experiments/ts_predictor_r3/r3_risk_guard/JVET-hhi.xlsm,Test!B163:E163,scripts/JVET-hhi.xlsm,Reference!B163:E163,pass,pass,Test,True
r3,R3-1,r3_risk_guard,RA,BQTerrace,B,37,656.3432,33.3811,40.1969,42.6986,655.808,33.3803,40.199,42.6963,measured,experiments/ts_predictor_r3/r3_risk_guard/JVET-hhi.xlsm,Test!B164:E164,scripts/JVET-hhi.xlsm,Reference!B164:E164,pass,pass,Test,True
r3,R3-1,r3_risk_guard,RA,BasketballDrive,B,22,9552.6576,39.4261,44.5402,46.19,9554.516,39.4264,44.5426,46.1928,measured,experiments/ts_predictor_r3/r3_risk_guard/JVET-hhi.xlsm,Test!B157:E157,scripts/JVET-hhi.xlsm,Reference!B157:E157,pass,pass,Test,True
r3,R3-1,r3_risk_guard,RA,BasketballDrive,B,27,3815.7152,38.1845,43.4463,44.2451,3815.0216,38.1845,43.4472,44.2481,measured,experiments/ts_predictor_r3/r3_risk_guard/JVET-hhi.xlsm,Test!B158:E158,scripts/JVET-hhi.xlsm,Reference!B158:E158,pass,pass,Test,True
r3,R3-1,r3_risk_guard,RA,BasketballDrive,B,32,1849.4224,36.6523,42.3123,42.5156,1849.9584,36.6553,42.2937,42.5272,measured,experiments/ts_predictor_r3/r3_risk_guard/JVET-hhi.xlsm,Test!B159:E159,scripts/JVET-hhi.xlsm,Reference!B159:E159,pass,pass,Test,True
r3,R3-1,r3_risk_guard,RA,BasketballDrive,B,37,933.7904,34.7939,41.0689,40.5739,931.8696,34.7922,41.0644,40.5547,measured,experiments/ts_predictor_r3/r3_risk_guard/JVET-hhi.xlsm,Test!B160:E160,scripts/JVET-hhi.xlsm,Reference!B160:E160,fail(md5 mismatch).,pass,Test,True
r3,R3-1,r3_risk_guard,RA,Cactus,B,22,7804.136,38.7142,40.3825,44.7336,7814.5864,38.7139,40.3844,44.735,measured,experiments/ts_predictor_r3/r3_risk_guard/JVET-hhi.xlsm,Test!B153:E153,scripts/JVET-hhi.xlsm,Reference!B153:E153,pass,pass,Test,True
r3,R3-1,r3_risk_guard,RA,Cactus,B,27,3073.8304,37.5068,39.8405,43.2208,3071.1136,37.5063,39.8397,43.2174,measured,experiments/ts_predictor_r3/r3_risk_guard/JVET-hhi.xlsm,Test!B154:E154,scripts/JVET-hhi.xlsm,Reference!B154:E154,pass,pass,Test,True
r3,R3-1,r3_risk_guard,RA,Cactus,B,32,1492.3096,35.9185,39.15,41.5722,1491.9048,35.9184,39.1497,41.5719,measured,experiments/ts_predictor_r3/r3_risk_guard/JVET-hhi.xlsm,Test!B155:E155,scripts/JVET-hhi.xlsm,Reference!B155:E155,pass,pass,Test,True
r3,R3-1,r3_risk_guard,RA,Cactus,B,37,748.8616,33.9625,38.2072,39.837,748.5128,33.9616,38.2044,39.8277,measured,experiments/ts_predictor_r3/r3_risk_guard/JVET-hhi.xlsm,Test!B156:E156,scripts/JVET-hhi.xlsm,Reference!B156:E156,pass,pass,Test,True
r3,R3-1,r3_risk_guard,RA,MarketPlace,B,22,10628.9992,41.1617,45.1414,46.1203,,,,,missing,experiments/ts_predictor_r3/r3_risk_guard/JVET-hhi.xlsm,Test!B145:E145,scripts/JVET-hhi.xlsm,Reference!B145:E145,pass,,,False
r3,R3-1,r3_risk_guard,RA,MarketPlace,B,27,4384.9904,39.3329,43.8697,44.854,4384.4872,39.332,43.8718,44.8492,measured,experiments/ts_predictor_r3/r3_risk_guard/JVET-hhi.xlsm,Test!B146:E146,scripts/JVET-hhi.xlsm,Reference!B146:E146,pass,pass,Test,True
r3,R3-1,r3_risk_guard,RA,MarketPlace,B,32,2008.6376,37.275,42.4533,43.3342,2008.9248,37.2771,42.4491,43.3284,measured,experiments/ts_predictor_r3/r3_risk_guard/JVET-hhi.xlsm,Test!B147:E147,scripts/JVET-hhi.xlsm,Reference!B147:E147,pass,pass,Test,True
r3,R3-1,r3_risk_guard,RA,MarketPlace,B,37,931.104,35.1567,41.0768,41.9094,931.1848,35.1563,41.0741,41.9063,measured,experiments/ts_predictor_r3/r3_risk_guard/JVET-hhi.xlsm,Test!B148:E148,scripts/JVET-hhi.xlsm,Reference!B148:E148,pass,pass,Test,True
r3,R3-1,r3_risk_guard,RA,RitualDance,B,22,7811.8296,45.2285,48.7127,49.3827,7806.8584,45.2275,48.7031,49.3745,measured,experiments/ts_predictor_r3/r3_risk_guard/JVET-hhi.xlsm,Test!B149:E149,scripts/JVET-hhi.xlsm,Reference!B149:E149,pass,pass,Test,True
r3,R3-1,r3_risk_guard,RA,RitualDance,B,27,4001.3192,42.2945,46.5277,46.7858,4000.6216,42.2962,46.5145,46.8058,measured,experiments/ts_predictor_r3/r3_risk_guard/JVET-hhi.xlsm,Test!B150:E150,scripts/JVET-hhi.xlsm,Reference!B150:E150,pass,pass,Test,True
r3,R3-1,r3_risk_guard,RA,RitualDance,B,32,2144.6288,39.2314,44.6626,44.6414,2145.232,39.2318,44.6563,44.6358,measured,experiments/ts_predictor_r3/r3_risk_guard/JVET-hhi.xlsm,Test!B151:E151,scripts/JVET-hhi.xlsm,Reference!B151:E151,pass,pass,Test,True
r3,R3-1,r3_risk_guard,RA,RitualDance,B,37,1151.68,36.3664,42.8852,42.7318,1151.1848,36.3671,42.9082,42.7495,measured,experiments/ts_predictor_r3/r3_risk_guard/JVET-hhi.xlsm,Test!B152:E152,scripts/JVET-hhi.xlsm,Reference!B152:E152,pass,pass,Test,True
r3,R3-1,r3_risk_guard,RA,BQMall,C,22,2345.3464,40.9965,44.8853,46.7601,2344.9152,40.9963,44.8826,46.7572,measured,experiments/ts_predictor_r3/r3_risk_guard/JVET-hhi.xlsm,Test!B169:E169,scripts/JVET-hhi.xlsm,Reference!B169:E169,pass,pass,Test,True
r3,R3-1,r3_risk_guard,RA,BQMall,C,27,1125.0792,38.8295,43.2829,44.6383,1124.3696,38.8253,43.284,44.6535,measured,experiments/ts_predictor_r3/r3_risk_guard/JVET-hhi.xlsm,Test!B170:E170,scripts/JVET-hhi.xlsm,Reference!B170:E170,pass,pass,Test,True
r3,R3-1,r3_risk_guard,RA,BQMall,C,32,576.4432,36.368,41.387,42.3847,576.1736,36.366,41.3646,42.3677,measured,experiments/ts_predictor_r3/r3_risk_guard/JVET-hhi.xlsm,Test!B171:E171,scripts/JVET-hhi.xlsm,Reference!B171:E171,pass,pass,Test,True
r3,R3-1,r3_risk_guard,RA,BQMall,C,37,306.3136,33.7937,39.6462,40.3925,305.6976,33.7883,39.6184,40.421,measured,experiments/ts_predictor_r3/r3_risk_guard/JVET-hhi.xlsm,Test!B172:E172,scripts/JVET-hhi.xlsm,Reference!B172:E172,pass,pass,Test,True
r3,R3-1,r3_risk_guard,RA,BasketballDrill,C,22,2241.6184,42.2519,44.5586,45.5385,2241.7584,42.2499,44.5627,45.5407,measured,experiments/ts_predictor_r3/r3_risk_guard/JVET-hhi.xlsm,Test!B165:E165,scripts/JVET-hhi.xlsm,Reference!B165:E165,pass,pass,Test,True
r3,R3-1,r3_risk_guard,RA,BasketballDrill,C,27,1074.5136,39.3384,42.333,42.7897,1073.8744,39.332,42.3368,42.7931,measured,experiments/ts_predictor_r3/r3_risk_guard/JVET-hhi.xlsm,Test!B166:E166,scripts/JVET-hhi.xlsm,Reference!B166:E166,pass,pass,Test,True
r3,R3-1,r3_risk_guard,RA,BasketballDrill,C,32,542.2048,36.4531,40.4073,40.6432,542.5072,36.457,40.4148,40.6484,measured,experiments/ts_predictor_r3/r3_risk_guard/JVET-hhi.xlsm,Test!B167:E167,scripts/JVET-hhi.xlsm,Reference!B167:E167,pass,pass,Test,True
r3,R3-1,r3_risk_guard,RA,BasketballDrill,C,37,277.9728,33.7377,38.4197,38.4108,277.9368,33.7397,38.4307,38.4135,measured,experiments/ts_predictor_r3/r3_risk_guard/JVET-hhi.xlsm,Test!B168:E168,scripts/JVET-hhi.xlsm,Reference!B168:E168,pass,pass,Test,True
r3,R3-1,r3_risk_guard,RA,PartyScene,C,22,4367.6696,39.4735,43.0965,44.4112,4369.6848,39.4753,43.0881,44.3975,measured,experiments/ts_predictor_r3/r3_risk_guard/JVET-hhi.xlsm,Test!B173:E173,scripts/JVET-hhi.xlsm,Reference!B173:E173,pass,pass,Test,True
r3,R3-1,r3_risk_guard,RA,PartyScene,C,27,2040.6168,36.3853,40.6034,41.6842,2041.2096,36.3822,40.6052,41.6848,measured,experiments/ts_predictor_r3/r3_risk_guard/JVET-hhi.xlsm,Test!B174:E174,scripts/JVET-hhi.xlsm,Reference!B174:E174,pass,pass,Test,True
r3,R3-1,r3_risk_guard,RA,PartyScene,C,32,997.3808,33.3823,38.4549,39.2922,996.7744,33.3797,38.4574,39.2878,measured,experiments/ts_predictor_r3/r3_risk_guard/JVET-hhi.xlsm,Test!B175:E175,scripts/JVET-hhi.xlsm,Reference!B175:E175,pass,pass,Test,True
r3,R3-1,r3_risk_guard,RA,PartyScene,C,37,483.7096,30.5691,36.6063,37.2499,483.5664,30.5673,36.6065,37.2538,measured,experiments/ts_predictor_r3/r3_risk_guard/JVET-hhi.xlsm,Test!B176:E176,scripts/JVET-hhi.xlsm,Reference!B176:E176,pass,pass,Test,True
r3,R3-1,r3_risk_guard,RA,RaceHorsesC,C,22,3308.1488,39.4571,41.8455,43.4905,3310.6416,39.4597,41.851,43.4911,measured,experiments/ts_predictor_r3/r3_risk_guard/JVET-hhi.xlsm,Test!B177:E177,scripts/JVET-hhi.xlsm,Reference!B177:E177,pass,pass,Test,True
r3,R3-1,r3_risk_guard,RA,RaceHorsesC,C,27,1361.7976,36.6613,39.5587,41.3142,1362.8368,36.665,39.5607,41.3177,measured,experiments/ts_predictor_r3/r3_risk_guard/JVET-hhi.xlsm,Test!B178:E178,scripts/JVET-hhi.xlsm,Reference!B178:E178,pass,pass,Test,True
r3,R3-1,r3_risk_guard,RA,RaceHorsesC,C,32,636.6088,33.9865,37.5407,39.6141,636.9168,33.9847,37.5661,39.6042,measured,experiments/ts_predictor_r3/r3_risk_guard/JVET-hhi.xlsm,Test!B179:E179,scripts/JVET-hhi.xlsm,Reference!B179:E179,pass,pass,Test,True
r3,R3-1,r3_risk_guard,RA,RaceHorsesC,C,37,307.4736,31.2867,35.9654,37.9088,307.34,31.2863,35.9571,37.8686,measured,experiments/ts_predictor_r3/r3_risk_guard/JVET-hhi.xlsm,Test!B180:E180,scripts/JVET-hhi.xlsm,Reference!B180:E180,pass,pass,Test,True
r3,R3-2,r3_risk_guard_y,LB,BQTerrace,B,22,28642.616,38.2232,42.9341,45.3832,28642.616,38.2232,42.9341,45.3832,anchor_imputed,experiments/ts_predictor_r3/r3_risk_guard_y/JVET-hhi.xlsm,Test!B281:E281,scripts/JVET-hhi.xlsm,Reference!B281:E281,pass,,Current Reference,False
r3,R3-2,r3_risk_guard_y,LB,BQTerrace,B,27,3625.1632,35.9183,41.8958,44.3897,3626.6752,35.9183,41.9064,44.3918,measured,experiments/ts_predictor_r3/r3_risk_guard_y/JVET-hhi.xlsm,Test!B282:E282,scripts/JVET-hhi.xlsm,Reference!B282:E282,pass,pass,Test,True
r3,R3-2,r3_risk_guard_y,LB,BQTerrace,B,32,1234.6176,34.376,40.745,43.192,1239.8064,34.379,40.7346,43.2319,measured,experiments/ts_predictor_r3/r3_risk_guard_y/JVET-hhi.xlsm,Test!B283:E283,scripts/JVET-hhi.xlsm,Reference!B283:E283,pass,pass,Test,True
r3,R3-2,r3_risk_guard_y,LB,BQTerrace,B,37,505.2032,32.6649,39.6092,42.1495,506.488,32.6716,39.5974,42.1503,measured,experiments/ts_predictor_r3/r3_risk_guard_y/JVET-hhi.xlsm,Test!B284:E284,scripts/JVET-hhi.xlsm,Reference!B284:E284,pass,pass,Test,True
r3,R3-2,r3_risk_guard_y,LB,BasketballDrive,B,22,13118.7216,39.5612,44.2584,45.5693,13118.7216,39.5612,44.2584,45.5693,anchor_imputed,experiments/ts_predictor_r3/r3_risk_guard_y/JVET-hhi.xlsm,Test!B277:E277,scripts/JVET-hhi.xlsm,Reference!B277:E277,pass,,Current Reference,False
r3,R3-2,r3_risk_guard_y,LB,BasketballDrive,B,27,4130.424,37.7724,42.7129,43.099,4132.4528,37.7718,42.701,43.0968,measured,experiments/ts_predictor_r3/r3_risk_guard_y/JVET-hhi.xlsm,Test!B278:E278,scripts/JVET-hhi.xlsm,Reference!B278:E278,pass,pass,Test,True
r3,R3-2,r3_risk_guard_y,LB,BasketballDrive,B,32,1979.0816,35.9507,41.5407,41.4075,1978.0192,35.9535,41.5137,41.3984,measured,experiments/ts_predictor_r3/r3_risk_guard_y/JVET-hhi.xlsm,Test!B279:E279,scripts/JVET-hhi.xlsm,Reference!B279:E279,pass,pass,Test,True
r3,R3-2,r3_risk_guard_y,LB,BasketballDrive,B,37,1019.4736,33.99,40.2568,39.4332,1018.8416,33.9908,40.2748,39.4594,measured,experiments/ts_predictor_r3/r3_risk_guard_y/JVET-hhi.xlsm,Test!B280:E280,scripts/JVET-hhi.xlsm,Reference!B280:E280,pass,pass,Test,True
r3,R3-2,r3_risk_guard_y,LB,Cactus,B,22,10163.0032,38.6754,40.1807,43.8575,10151.4656,38.6744,40.1771,43.8569,measured,experiments/ts_predictor_r3/r3_risk_guard_y/JVET-hhi.xlsm,Test!B273:E273,scripts/JVET-hhi.xlsm,Reference!B273:E273,pass,pass,Test,True
r3,R3-2,r3_risk_guard_y,LB,Cactus,B,27,3073.9616,36.8377,39.2891,41.9174,3069.0272,36.8377,39.2929,41.9297,measured,experiments/ts_predictor_r3/r3_risk_guard_y/JVET-hhi.xlsm,Test!B274:E274,scripts/JVET-hhi.xlsm,Reference!B274:E274,pass,pass,Test,True
r3,R3-2,r3_risk_guard_y,LB,Cactus,B,32,1408.3744,34.8538,38.4643,40.2084,1407.9984,34.8439,38.4787,40.2461,measured,experiments/ts_predictor_r3/r3_risk_guard_y/JVET-hhi.xlsm,Test!B275:E275,scripts/JVET-hhi.xlsm,Reference!B275:E275,pass,pass,Test,True
r3,R3-2,r3_risk_guard_y,LB,Cactus,B,37,694.5264,32.6939,37.4156,38.567,693.3504,32.6951,37.4356,38.5498,measured,experiments/ts_predictor_r3/r3_risk_guard_y/JVET-hhi.xlsm,Test!B276:E276,scripts/JVET-hhi.xlsm,Reference!B276:E276,pass,pass,Test,True
r3,R3-2,r3_risk_guard_y,LB,MarketPlace,B,22,9258.3792,40.5867,44.4432,45.0589,9258.3792,40.5867,44.4432,45.0589,anchor_imputed,experiments/ts_predictor_r3/r3_risk_guard_y/JVET-hhi.xlsm,Test!B265:E265,scripts/JVET-hhi.xlsm,Reference!B265:E265,pass,,Current Reference,False
r3,R3-2,r3_risk_guard_y,LB,MarketPlace,B,27,3046.1632,38.8761,43.1623,43.5444,3042.6208,38.8766,43.1541,43.5511,measured,experiments/ts_predictor_r3/r3_risk_guard_y/JVET-hhi.xlsm,Test!B266:E266,scripts/JVET-hhi.xlsm,Reference!B266:E266,pass,pass,Test,True
r3,R3-2,r3_risk_guard_y,LB,MarketPlace,B,32,1362.1424,36.94,42.0506,42.1599,1362.1936,36.9361,42.0658,42.1466,measured,experiments/ts_predictor_r3/r3_risk_guard_y/JVET-hhi.xlsm,Test!B267:E267,scripts/JVET-hhi.xlsm,Reference!B267:E267,pass,pass,Test,True
r3,R3-2,r3_risk_guard_y,LB,MarketPlace,B,37,655.2016,34.8411,40.9802,41.0485,654.9856,34.8395,40.9625,41.0572,measured,experiments/ts_predictor_r3/r3_risk_guard_y/JVET-hhi.xlsm,Test!B268:E268,scripts/JVET-hhi.xlsm,Reference!B268:E268,pass,pass,Test,True
r3,R3-2,r3_risk_guard_y,LB,RitualDance,B,22,7538.8048,44.8474,48.0447,48.5713,7536.7856,44.8454,48.0515,48.5855,measured,experiments/ts_predictor_r3/r3_risk_guard_y/JVET-hhi.xlsm,Test!B269:E269,scripts/JVET-hhi.xlsm,Reference!B269:E269,pass,pass,Test,True
r3,R3-2,r3_risk_guard_y,LB,RitualDance,B,27,3649.4352,41.51,45.5163,45.5656,3651.7488,41.5089,45.5232,45.5462,measured,experiments/ts_predictor_r3/r3_risk_guard_y/JVET-hhi.xlsm,Test!B270:E270,scripts/JVET-hhi.xlsm,Reference!B270:E270,pass,pass,Test,True
r3,R3-2,r3_risk_guard_y,LB,RitualDance,B,32,1885.9056,38.2652,43.8151,43.6304,1884.136,38.2705,43.8253,43.6245,measured,experiments/ts_predictor_r3/r3_risk_guard_y/JVET-hhi.xlsm,Test!B271:E271,scripts/JVET-hhi.xlsm,Reference!B271:E271,pass,pass,Test,True
r3,R3-2,r3_risk_guard_y,LB,RitualDance,B,37,1023.6144,35.5456,42.3424,42.0477,1023.4272,35.5514,42.3288,42.0659,measured,experiments/ts_predictor_r3/r3_risk_guard_y/JVET-hhi.xlsm,Test!B272:E272,scripts/JVET-hhi.xlsm,Reference!B272:E272,pass,pass,Test,True
r3,R3-2,r3_risk_guard_y,LB,BQMall,C,22,2874.8944,40.0864,43.4565,44.5287,2873.2128,40.0832,43.4591,44.5418,measured,experiments/ts_predictor_r3/r3_risk_guard_y/JVET-hhi.xlsm,Test!B289:E289,scripts/JVET-hhi.xlsm,Reference!B289:E289,pass,pass,Test,True
r3,R3-2,r3_risk_guard_y,LB,BQMall,C,27,1168.2416,37.1909,41.3893,41.8146,1168.9072,37.1942,41.3986,41.8576,measured,experiments/ts_predictor_r3/r3_risk_guard_y/JVET-hhi.xlsm,Test!B290:E290,scripts/JVET-hhi.xlsm,Reference!B290:E290,pass,pass,Test,True
r3,R3-2,r3_risk_guard_y,LB,BQMall,C,32,557.1488,34.3853,39.6312,39.877,557.0192,34.3904,39.6007,39.8058,measured,experiments/ts_predictor_r3/r3_risk_guard_y/JVET-hhi.xlsm,Test!B291:E291,scripts/JVET-hhi.xlsm,Reference!B291:E291,pass,pass,Test,True
r3,R3-2,r3_risk_guard_y,LB,BQMall,C,37,285.6448,31.7048,38.2039,38.149,285.8736,31.6896,38.2493,38.2125,measured,experiments/ts_predictor_r3/r3_risk_guard_y/JVET-hhi.xlsm,Test!B292:E292,scripts/JVET-hhi.xlsm,Reference!B292:E292,pass,pass,Test,True
r3,R3-2,r3_risk_guard_y,LB,BasketballDrill,C,22,2278.9664,41.5883,43.8425,44.8196,2278.6176,41.5863,43.8348,44.8416,measured,experiments/ts_predictor_r3/r3_risk_guard_y/JVET-hhi.xlsm,Test!B285:E285,scripts/JVET-hhi.xlsm,Reference!B285:E285,pass,pass,Test,True
r3,R3-2,r3_risk_guard_y,LB,BasketballDrill,C,27,1008.3056,38.4519,41.3758,41.8327,1009.7824,38.4546,41.3835,41.8509,measured,experiments/ts_predictor_r3/r3_risk_guard_y/JVET-hhi.xlsm,Test!B286:E286,scripts/JVET-hhi.xlsm,Reference!B286:E286,pass,pass,Test,True
r3,R3-2,r3_risk_guard_y,LB,BasketballDrill,C,32,497.664,35.4772,39.591,39.7871,497.624,35.4916,39.5642,39.7957,measured,experiments/ts_predictor_r3/r3_risk_guard_y/JVET-hhi.xlsm,Test!B287:E287,scripts/JVET-hhi.xlsm,Reference!B287:E287,pass,pass,Test,True
r3,R3-2,r3_risk_guard_y,LB,BasketballDrill,C,37,258.3632,32.88,37.8066,37.6458,258.032,32.8837,37.8547,37.6309,measured,experiments/ts_predictor_r3/r3_risk_guard_y/JVET-hhi.xlsm,Test!B288:E288,scripts/JVET-hhi.xlsm,Reference!B288:E288,pass,pass,Test,True
r3,R3-2,r3_risk_guard_y,LB,PartyScene,C,22,6341.8096,38.4838,41.0541,41.7555,6335.5648,38.4875,41.0479,41.7448,measured,experiments/ts_predictor_r3/r3_risk_guard_y/JVET-hhi.xlsm,Test!B293:E293,scripts/JVET-hhi.xlsm,Reference!B293:E293,pass,pass,Test,True
r3,R3-2,r3_risk_guard_y,LB,PartyScene,C,27,2575.0336,34.5251,38.2017,38.6948,2574.104,34.5245,38.214,38.7297,measured,experiments/ts_predictor_r3/r3_risk_guard_y/JVET-hhi.xlsm,Test!B294:E294,scripts/JVET-hhi.xlsm,Reference!B294:E294,pass,pass,Test,True
r3,R3-2,r3_risk_guard_y,LB,PartyScene,C,32,1156.0592,31.13,36.29,36.6843,1152.9712,31.1253,36.3595,36.7413,measured,experiments/ts_predictor_r3/r3_risk_guard_y/JVET-hhi.xlsm,Test!B295:E295,scripts/JVET-hhi.xlsm,Reference!B295:E295,pass,pass,Test,True
r3,R3-2,r3_risk_guard_y,LB,PartyScene,C,37,527.608,28.1683,34.8517,35.0471,527.2784,28.1541,34.876,35.0395,measured,experiments/ts_predictor_r3/r3_risk_guard_y/JVET-hhi.xlsm,Test!B296:E296,scripts/JVET-hhi.xlsm,Reference!B296:E296,pass,pass,Test,True
r3,R3-2,r3_risk_guard_y,LB,RaceHorsesC,C,22,5398.0304,39.3018,40.3587,42.0068,5400.5552,39.3011,40.364,42.0092,measured,experiments/ts_predictor_r3/r3_risk_guard_y/JVET-hhi.xlsm,Test!B297:E297,scripts/JVET-hhi.xlsm,Reference!B297:E297,pass,pass,Test,True
r3,R3-2,r3_risk_guard_y,LB,RaceHorsesC,C,27,1706.0992,34.8097,37.4534,39.5148,1707.9328,34.8173,37.439,39.5191,measured,experiments/ts_predictor_r3/r3_risk_guard_y/JVET-hhi.xlsm,Test!B298:E298,scripts/JVET-hhi.xlsm,Reference!B298:E298,pass,pass,Test,True
r3,R3-2,r3_risk_guard_y,LB,RaceHorsesC,C,32,714.984,31.5148,36.0945,38.1384,715.0592,31.517,36.1219,38.105,measured,experiments/ts_predictor_r3/r3_risk_guard_y/JVET-hhi.xlsm,Test!B299:E299,scripts/JVET-hhi.xlsm,Reference!B299:E299,pass,pass,Test,True
r3,R3-2,r3_risk_guard_y,LB,RaceHorsesC,C,37,312.168,28.7028,35.0027,36.6115,311.7168,28.6987,35.0011,36.6294,measured,experiments/ts_predictor_r3/r3_risk_guard_y/JVET-hhi.xlsm,Test!B300:E300,scripts/JVET-hhi.xlsm,Reference!B300:E300,pass,pass,Test,True
r3,R3-2,r3_risk_guard_y,LB,FourPeople,E,22,1685.5504,42.9908,47.2235,48.461,1686.472,42.9905,47.2335,48.4812,measured,experiments/ts_predictor_r3/r3_risk_guard_y/JVET-hhi.xlsm,Test!B317:E317,scripts/JVET-hhi.xlsm,Reference!B317:E317,pass,pass,Test,True
r3,R3-2,r3_risk_guard_y,LB,FourPeople,E,27,664.9296,40.8802,45.518,46.54,666.3504,40.8905,45.5547,46.5978,measured,experiments/ts_predictor_r3/r3_risk_guard_y/JVET-hhi.xlsm,Test!B318:E318,scripts/JVET-hhi.xlsm,Reference!B318:E318,pass,pass,Test,True
r3,R3-2,r3_risk_guard_y,LB,FourPeople,E,32,337.3088,38.4731,43.6085,44.428,337.8352,38.473,43.5812,44.4063,measured,experiments/ts_predictor_r3/r3_risk_guard_y/JVET-hhi.xlsm,Test!B319:E319,scripts/JVET-hhi.xlsm,Reference!B319:E319,pass,pass,Test,True
r3,R3-2,r3_risk_guard_y,LB,FourPeople,E,37,184.6192,35.7811,41.9541,42.755,184.6192,35.7811,41.9541,42.755,measured,experiments/ts_predictor_r3/r3_risk_guard_y/JVET-hhi.xlsm,Test!B320:E320,scripts/JVET-hhi.xlsm,Reference!B320:E320,pass,pass,Test,True
r3,R3-2,r3_risk_guard_y,LB,Johnny,E,22,1126.2976,43.2242,48.6858,49.364,1125.648,43.226,48.7102,49.3657,measured,experiments/ts_predictor_r3/r3_risk_guard_y/JVET-hhi.xlsm,Test!B321:E321,scripts/JVET-hhi.xlsm,Reference!B321:E321,pass,pass,Test,True
r3,R3-2,r3_risk_guard_y,LB,Johnny,E,27,344.3824,41.7407,47.4669,47.9865,344.4432,41.7426,47.4506,48.0084,measured,experiments/ts_predictor_r3/r3_risk_guard_y/JVET-hhi.xlsm,Test!B322:E322,scripts/JVET-hhi.xlsm,Reference!B322:E322,pass,pass,Test,True
r3,R3-2,r3_risk_guard_y,LB,Johnny,E,32,160.3824,39.9417,45.7831,46.1682,160.3824,39.9417,45.7831,46.1682,measured,experiments/ts_predictor_r3/r3_risk_guard_y/JVET-hhi.xlsm,Test!B323:E323,scripts/JVET-hhi.xlsm,Reference!B323:E323,pass,pass,Test,True
r3,R3-2,r3_risk_guard_y,LB,Johnny,E,37,88.1696,37.8163,44.145,44.5517,87.9216,37.8108,44.1691,44.5637,measured,experiments/ts_predictor_r3/r3_risk_guard_y/JVET-hhi.xlsm,Test!B324:E324,scripts/JVET-hhi.xlsm,Reference!B324:E324,pass,pass,Test,True
r3,R3-2,r3_risk_guard_y,LB,KristenAndSara,E,22,1361.2064,43.684,47.9585,48.9689,1358.8928,43.6854,47.9669,48.9511,measured,experiments/ts_predictor_r3/r3_risk_guard_y/JVET-hhi.xlsm,Test!B325:E325,scripts/JVET-hhi.xlsm,Reference!B325:E325,pass,pass,Test,True
r3,R3-2,r3_risk_guard_y,LB,KristenAndSara,E,27,497.352,41.8047,46.4641,47.22,496.5248,41.804,46.4015,47.2568,measured,experiments/ts_predictor_r3/r3_risk_guard_y/JVET-hhi.xlsm,Test!B326:E326,scripts/JVET-hhi.xlsm,Reference!B326:E326,pass,pass,Test,True
r3,R3-2,r3_risk_guard_y,LB,KristenAndSara,E,32,231.728,39.6272,44.7389,45.3238,232.1408,39.6293,44.7582,45.2557,measured,experiments/ts_predictor_r3/r3_risk_guard_y/JVET-hhi.xlsm,Test!B327:E327,scripts/JVET-hhi.xlsm,Reference!B327:E327,pass,pass,Test,True
r3,R3-2,r3_risk_guard_y,LB,KristenAndSara,E,37,123.4496,37.2139,43.0396,43.6902,123.4496,37.2139,43.0396,43.6902,measured,experiments/ts_predictor_r3/r3_risk_guard_y/JVET-hhi.xlsm,Test!B328:E328,scripts/JVET-hhi.xlsm,Reference!B328:E328,pass,pass,Test,True
r3,R3-3,r3_cn_guard,LB,BQMall,C,22,2874.8944,40.0864,43.4565,44.5287,2877.7168,40.0839,43.472,44.5131,measured,experiments/ts_predictor_r3/r3_cn_guard/JVET-hhi.xlsm,Test!B289:E289,scripts/JVET-hhi.xlsm,Reference!B289:E289,pass,pass,Test,True
r3,R3-3,r3_cn_guard,LB,BQMall,C,27,1168.2416,37.1909,41.3893,41.8146,1168.6928,37.1961,41.3987,41.8524,measured,experiments/ts_predictor_r3/r3_cn_guard/JVET-hhi.xlsm,Test!B290:E290,scripts/JVET-hhi.xlsm,Reference!B290:E290,pass,pass,Test,True
r3,R3-3,r3_cn_guard,LB,BQMall,C,32,557.1488,34.3853,39.6312,39.877,558.0224,34.3835,39.5922,39.8907,measured,experiments/ts_predictor_r3/r3_cn_guard/JVET-hhi.xlsm,Test!B291:E291,scripts/JVET-hhi.xlsm,Reference!B291:E291,pass,pass,Test,True
r3,R3-3,r3_cn_guard,LB,BQMall,C,37,285.6448,31.7048,38.2039,38.149,285.6448,31.7048,38.2039,38.149,measured,experiments/ts_predictor_r3/r3_cn_guard/JVET-hhi.xlsm,Test!B292:E292,scripts/JVET-hhi.xlsm,Reference!B292:E292,pass,pass,Test,True
r3,R3-3,r3_cn_guard,LB,BasketballDrill,C,22,2278.9664,41.5883,43.8425,44.8196,2278.9056,41.5858,43.8286,44.8449,measured,experiments/ts_predictor_r3/r3_cn_guard/JVET-hhi.xlsm,Test!B285:E285,scripts/JVET-hhi.xlsm,Reference!B285:E285,pass,pass,Test,True
r3,R3-3,r3_cn_guard,LB,BasketballDrill,C,27,1008.3056,38.4519,41.3758,41.8327,1008.5072,38.4427,41.3625,41.8428,measured,experiments/ts_predictor_r3/r3_cn_guard/JVET-hhi.xlsm,Test!B286:E286,scripts/JVET-hhi.xlsm,Reference!B286:E286,pass,pass,Test,True
r3,R3-3,r3_cn_guard,LB,BasketballDrill,C,32,497.664,35.4772,39.591,39.7871,498.4576,35.475,39.5893,39.788,measured,experiments/ts_predictor_r3/r3_cn_guard/JVET-hhi.xlsm,Test!B287:E287,scripts/JVET-hhi.xlsm,Reference!B287:E287,pass,pass,Test,True
r3,R3-3,r3_cn_guard,LB,BasketballDrill,C,37,258.3632,32.88,37.8066,37.6458,258.3632,32.88,37.8066,37.6458,measured,experiments/ts_predictor_r3/r3_cn_guard/JVET-hhi.xlsm,Test!B288:E288,scripts/JVET-hhi.xlsm,Reference!B288:E288,pass,pass,Test,True
r3,R3-3,r3_cn_guard,LB,PartyScene,C,22,6341.8096,38.4838,41.0541,41.7555,6332.0144,38.4844,41.0522,41.7509,measured,experiments/ts_predictor_r3/r3_cn_guard/JVET-hhi.xlsm,Test!B293:E293,scripts/JVET-hhi.xlsm,Reference!B293:E293,pass,pass,Test,True
r3,R3-3,r3_cn_guard,LB,PartyScene,C,27,2575.0336,34.5251,38.2017,38.6948,2575.4464,34.5232,38.2379,38.7269,measured,experiments/ts_predictor_r3/r3_cn_guard/JVET-hhi.xlsm,Test!B294:E294,scripts/JVET-hhi.xlsm,Reference!B294:E294,pass,pass,Test,True
r3,R3-3,r3_cn_guard,LB,PartyScene,C,32,1156.0592,31.13,36.29,36.6843,1152.2384,31.1242,36.3239,36.7147,measured,experiments/ts_predictor_r3/r3_cn_guard/JVET-hhi.xlsm,Test!B295:E295,scripts/JVET-hhi.xlsm,Reference!B295:E295,pass,pass,Test,True
r3,R3-3,r3_cn_guard,LB,PartyScene,C,37,527.608,28.1683,34.8517,35.0471,526.584,28.1741,34.8624,35.0462,measured,experiments/ts_predictor_r3/r3_cn_guard/JVET-hhi.xlsm,Test!B296:E296,scripts/JVET-hhi.xlsm,Reference!B296:E296,pass,pass,Test,True
r3,R3-3,r3_cn_guard,LB,RaceHorsesC,C,22,5398.0304,39.3018,40.3587,42.0068,5402.3744,39.3044,40.3608,42.0032,measured,experiments/ts_predictor_r3/r3_cn_guard/JVET-hhi.xlsm,Test!B297:E297,scripts/JVET-hhi.xlsm,Reference!B297:E297,pass,pass,Test,True
r3,R3-3,r3_cn_guard,LB,RaceHorsesC,C,27,1706.0992,34.8097,37.4534,39.5148,1703.5616,34.8092,37.4484,39.5022,measured,experiments/ts_predictor_r3/r3_cn_guard/JVET-hhi.xlsm,Test!B298:E298,scripts/JVET-hhi.xlsm,Reference!B298:E298,pass,pass,Test,True
r3,R3-3,r3_cn_guard,LB,RaceHorsesC,C,32,714.984,31.5148,36.0945,38.1384,715.6144,31.5172,36.0917,38.1178,measured,experiments/ts_predictor_r3/r3_cn_guard/JVET-hhi.xlsm,Test!B299:E299,scripts/JVET-hhi.xlsm,Reference!B299:E299,pass,pass,Test,True
r3,R3-3,r3_cn_guard,LB,RaceHorsesC,C,37,312.168,28.7028,35.0027,36.6115,312.168,28.7028,35.0027,36.6115,measured,experiments/ts_predictor_r3/r3_cn_guard/JVET-hhi.xlsm,Test!B300:E300,scripts/JVET-hhi.xlsm,Reference!B300:E300,pass,pass,Test,True
r3,R3-3,r3_cn_guard,LB,FourPeople,E,22,1685.5504,42.9908,47.2235,48.461,1685.5504,42.9908,47.2235,48.461,measured,experiments/ts_predictor_r3/r3_cn_guard/JVET-hhi.xlsm,Test!B317:E317,scripts/JVET-hhi.xlsm,Reference!B317:E317,pass,pass,Test,True
r3,R3-3,r3_cn_guard,LB,FourPeople,E,27,664.9296,40.8802,45.518,46.54,664.9296,40.8802,45.518,46.54,measured,experiments/ts_predictor_r3/r3_cn_guard/JVET-hhi.xlsm,Test!B318:E318,scripts/JVET-hhi.xlsm,Reference!B318:E318,pass,pass,Test,True
r3,R3-3,r3_cn_guard,LB,FourPeople,E,32,337.3088,38.4731,43.6085,44.428,337.3088,38.4731,43.6085,44.428,measured,experiments/ts_predictor_r3/r3_cn_guard/JVET-hhi.xlsm,Test!B319:E319,scripts/JVET-hhi.xlsm,Reference!B319:E319,pass,pass,Test,True
r3,R3-3,r3_cn_guard,LB,FourPeople,E,37,184.6192,35.7811,41.9541,42.755,184.6192,35.7811,41.9541,42.755,measured,experiments/ts_predictor_r3/r3_cn_guard/JVET-hhi.xlsm,Test!B320:E320,scripts/JVET-hhi.xlsm,Reference!B320:E320,pass,pass,Test,True
r3,R3-3,r3_cn_guard,LB,Johnny,E,22,1126.2976,43.2242,48.6858,49.364,1126.5984,43.2239,48.6887,49.367,measured,experiments/ts_predictor_r3/r3_cn_guard/JVET-hhi.xlsm,Test!B321:E321,scripts/JVET-hhi.xlsm,Reference!B321:E321,pass,pass,Test,True
r3,R3-3,r3_cn_guard,LB,Johnny,E,27,344.3824,41.7407,47.4669,47.9865,344.3824,41.7407,47.4669,47.9865,measured,experiments/ts_predictor_r3/r3_cn_guard/JVET-hhi.xlsm,Test!B322:E322,scripts/JVET-hhi.xlsm,Reference!B322:E322,pass,pass,Test,True
r3,R3-3,r3_cn_guard,LB,Johnny,E,32,160.3824,39.9417,45.7831,46.1682,160.3824,39.9417,45.7831,46.1682,measured,experiments/ts_predictor_r3/r3_cn_guard/JVET-hhi.xlsm,Test!B323:E323,scripts/JVET-hhi.xlsm,Reference!B323:E323,pass,pass,Test,True
r3,R3-3,r3_cn_guard,LB,Johnny,E,37,88.1696,37.8163,44.145,44.5517,88.1696,37.8163,44.145,44.5517,measured,experiments/ts_predictor_r3/r3_cn_guard/JVET-hhi.xlsm,Test!B324:E324,scripts/JVET-hhi.xlsm,Reference!B324:E324,pass,pass,Test,True
r3,R3-3,r3_cn_guard,LB,KristenAndSara,E,22,1361.2064,43.684,47.9585,48.9689,1358.248,43.6903,47.9831,48.9361,measured,experiments/ts_predictor_r3/r3_cn_guard/JVET-hhi.xlsm,Test!B325:E325,scripts/JVET-hhi.xlsm,Reference!B325:E325,pass,pass,Test,True
r3,R3-3,r3_cn_guard,LB,KristenAndSara,E,27,497.352,41.8047,46.4641,47.22,497.352,41.8047,46.4641,47.22,measured,experiments/ts_predictor_r3/r3_cn_guard/JVET-hhi.xlsm,Test!B326:E326,scripts/JVET-hhi.xlsm,Reference!B326:E326,pass,pass,Test,True
r3,R3-3,r3_cn_guard,LB,KristenAndSara,E,32,231.728,39.6272,44.7389,45.3238,232.8928,39.6334,44.7183,45.3729,measured,experiments/ts_predictor_r3/r3_cn_guard/JVET-hhi.xlsm,Test!B327:E327,scripts/JVET-hhi.xlsm,Reference!B327:E327,pass,pass,Test,True
r3,R3-3,r3_cn_guard,LB,KristenAndSara,E,37,123.4496,37.2139,43.0396,43.6902,123.4496,37.2139,43.0396,43.6902,measured,experiments/ts_predictor_r3/r3_cn_guard/JVET-hhi.xlsm,Test!B328:E328,scripts/JVET-hhi.xlsm,Reference!B328:E328,pass,pass,Test,True
r3,R3-4,r3_cn_guard_y,LB,BQMall,C,22,2874.8944,40.0864,43.4565,44.5287,2877.7168,40.0839,43.472,44.5131,measured,experiments/ts_predictor_r3/r3_cn_guard_y/JVET-hhi.xlsm,Test!B289:E289,scripts/JVET-hhi.xlsm,Reference!B289:E289,pass,pass,Test,True
r3,R3-4,r3_cn_guard_y,LB,BQMall,C,27,1168.2416,37.1909,41.3893,41.8146,1168.6928,37.1961,41.3987,41.8524,measured,experiments/ts_predictor_r3/r3_cn_guard_y/JVET-hhi.xlsm,Test!B290:E290,scripts/JVET-hhi.xlsm,Reference!B290:E290,pass,pass,Test,True
r3,R3-4,r3_cn_guard_y,LB,BQMall,C,32,557.1488,34.3853,39.6312,39.877,558.0224,34.3835,39.5922,39.8907,measured,experiments/ts_predictor_r3/r3_cn_guard_y/JVET-hhi.xlsm,Test!B291:E291,scripts/JVET-hhi.xlsm,Reference!B291:E291,pass,pass,Test,True
r3,R3-4,r3_cn_guard_y,LB,BQMall,C,37,285.6448,31.7048,38.2039,38.149,285.6448,31.7048,38.2039,38.149,measured,experiments/ts_predictor_r3/r3_cn_guard_y/JVET-hhi.xlsm,Test!B292:E292,scripts/JVET-hhi.xlsm,Reference!B292:E292,pass,pass,Test,True
r3,R3-4,r3_cn_guard_y,LB,BasketballDrill,C,22,2278.9664,41.5883,43.8425,44.8196,2278.9056,41.5858,43.8286,44.8449,measured,experiments/ts_predictor_r3/r3_cn_guard_y/JVET-hhi.xlsm,Test!B285:E285,scripts/JVET-hhi.xlsm,Reference!B285:E285,pass,pass,Test,True
r3,R3-4,r3_cn_guard_y,LB,BasketballDrill,C,27,1008.3056,38.4519,41.3758,41.8327,1008.5072,38.4427,41.3625,41.8428,measured,experiments/ts_predictor_r3/r3_cn_guard_y/JVET-hhi.xlsm,Test!B286:E286,scripts/JVET-hhi.xlsm,Reference!B286:E286,pass,pass,Test,True
r3,R3-4,r3_cn_guard_y,LB,BasketballDrill,C,32,497.664,35.4772,39.591,39.7871,498.4576,35.475,39.5893,39.788,measured,experiments/ts_predictor_r3/r3_cn_guard_y/JVET-hhi.xlsm,Test!B287:E287,scripts/JVET-hhi.xlsm,Reference!B287:E287,pass,pass,Test,True
r3,R3-4,r3_cn_guard_y,LB,BasketballDrill,C,37,258.3632,32.88,37.8066,37.6458,258.3632,32.88,37.8066,37.6458,measured,experiments/ts_predictor_r3/r3_cn_guard_y/JVET-hhi.xlsm,Test!B288:E288,scripts/JVET-hhi.xlsm,Reference!B288:E288,pass,pass,Test,True
r3,R3-4,r3_cn_guard_y,LB,PartyScene,C,22,6341.8096,38.4838,41.0541,41.7555,6332.0144,38.4844,41.0522,41.7509,measured,experiments/ts_predictor_r3/r3_cn_guard_y/JVET-hhi.xlsm,Test!B293:E293,scripts/JVET-hhi.xlsm,Reference!B293:E293,pass,pass,Test,True
r3,R3-4,r3_cn_guard_y,LB,PartyScene,C,27,2575.0336,34.5251,38.2017,38.6948,2573.8736,34.525,38.2353,38.7164,measured,experiments/ts_predictor_r3/r3_cn_guard_y/JVET-hhi.xlsm,Test!B294:E294,scripts/JVET-hhi.xlsm,Reference!B294:E294,pass,pass,Test,True
r3,R3-4,r3_cn_guard_y,LB,PartyScene,C,32,1156.0592,31.13,36.29,36.6843,1152.2384,31.1242,36.3239,36.7147,measured,experiments/ts_predictor_r3/r3_cn_guard_y/JVET-hhi.xlsm,Test!B295:E295,scripts/JVET-hhi.xlsm,Reference!B295:E295,pass,pass,Test,True
r3,R3-4,r3_cn_guard_y,LB,PartyScene,C,37,527.608,28.1683,34.8517,35.0471,526.584,28.1741,34.8624,35.0462,measured,experiments/ts_predictor_r3/r3_cn_guard_y/JVET-hhi.xlsm,Test!B296:E296,scripts/JVET-hhi.xlsm,Reference!B296:E296,pass,pass,Test,True
r3,R3-4,r3_cn_guard_y,LB,RaceHorsesC,C,22,5398.0304,39.3018,40.3587,42.0068,5396.8768,39.3022,40.3608,42.0015,measured,experiments/ts_predictor_r3/r3_cn_guard_y/JVET-hhi.xlsm,Test!B297:E297,scripts/JVET-hhi.xlsm,Reference!B297:E297,pass,pass,Test,True
r3,R3-4,r3_cn_guard_y,LB,RaceHorsesC,C,27,1706.0992,34.8097,37.4534,39.5148,1703.5616,34.8092,37.4484,39.5022,measured,experiments/ts_predictor_r3/r3_cn_guard_y/JVET-hhi.xlsm,Test!B298:E298,scripts/JVET-hhi.xlsm,Reference!B298:E298,pass,pass,Test,True
r3,R3-4,r3_cn_guard_y,LB,RaceHorsesC,C,32,714.984,31.5148,36.0945,38.1384,715.6144,31.5172,36.0917,38.1178,measured,experiments/ts_predictor_r3/r3_cn_guard_y/JVET-hhi.xlsm,Test!B299:E299,scripts/JVET-hhi.xlsm,Reference!B299:E299,pass,pass,Test,True
r3,R3-4,r3_cn_guard_y,LB,RaceHorsesC,C,37,312.168,28.7028,35.0027,36.6115,312.168,28.7028,35.0027,36.6115,measured,experiments/ts_predictor_r3/r3_cn_guard_y/JVET-hhi.xlsm,Test!B300:E300,scripts/JVET-hhi.xlsm,Reference!B300:E300,pass,pass,Test,True
r3,R3-4,r3_cn_guard_y,LB,FourPeople,E,22,1685.5504,42.9908,47.2235,48.461,1685.5504,42.9908,47.2235,48.461,measured,experiments/ts_predictor_r3/r3_cn_guard_y/JVET-hhi.xlsm,Test!B317:E317,scripts/JVET-hhi.xlsm,Reference!B317:E317,pass,pass,Test,True
r3,R3-4,r3_cn_guard_y,LB,FourPeople,E,27,664.9296,40.8802,45.518,46.54,664.9296,40.8802,45.518,46.54,measured,experiments/ts_predictor_r3/r3_cn_guard_y/JVET-hhi.xlsm,Test!B318:E318,scripts/JVET-hhi.xlsm,Reference!B318:E318,pass,pass,Test,True
r3,R3-4,r3_cn_guard_y,LB,FourPeople,E,32,337.3088,38.4731,43.6085,44.428,337.3088,38.4731,43.6085,44.428,measured,experiments/ts_predictor_r3/r3_cn_guard_y/JVET-hhi.xlsm,Test!B319:E319,scripts/JVET-hhi.xlsm,Reference!B319:E319,pass,pass,Test,True
r3,R3-4,r3_cn_guard_y,LB,FourPeople,E,37,184.6192,35.7811,41.9541,42.755,184.6192,35.7811,41.9541,42.755,measured,experiments/ts_predictor_r3/r3_cn_guard_y/JVET-hhi.xlsm,Test!B320:E320,scripts/JVET-hhi.xlsm,Reference!B320:E320,pass,pass,Test,True
r3,R3-4,r3_cn_guard_y,LB,Johnny,E,22,1126.2976,43.2242,48.6858,49.364,1126.5984,43.2239,48.6887,49.367,measured,experiments/ts_predictor_r3/r3_cn_guard_y/JVET-hhi.xlsm,Test!B321:E321,scripts/JVET-hhi.xlsm,Reference!B321:E321,pass,pass,Test,True
r3,R3-4,r3_cn_guard_y,LB,Johnny,E,27,344.3824,41.7407,47.4669,47.9865,344.3824,41.7407,47.4669,47.9865,measured,experiments/ts_predictor_r3/r3_cn_guard_y/JVET-hhi.xlsm,Test!B322:E322,scripts/JVET-hhi.xlsm,Reference!B322:E322,pass,pass,Test,True
r3,R3-4,r3_cn_guard_y,LB,Johnny,E,32,160.3824,39.9417,45.7831,46.1682,160.3824,39.9417,45.7831,46.1682,measured,experiments/ts_predictor_r3/r3_cn_guard_y/JVET-hhi.xlsm,Test!B323:E323,scripts/JVET-hhi.xlsm,Reference!B323:E323,pass,pass,Test,True
r3,R3-4,r3_cn_guard_y,LB,Johnny,E,37,88.1696,37.8163,44.145,44.5517,88.1696,37.8163,44.145,44.5517,measured,experiments/ts_predictor_r3/r3_cn_guard_y/JVET-hhi.xlsm,Test!B324:E324,scripts/JVET-hhi.xlsm,Reference!B324:E324,pass,pass,Test,True
r3,R3-4,r3_cn_guard_y,LB,KristenAndSara,E,22,1361.2064,43.684,47.9585,48.9689,1358.248,43.6903,47.9831,48.9361,measured,experiments/ts_predictor_r3/r3_cn_guard_y/JVET-hhi.xlsm,Test!B325:E325,scripts/JVET-hhi.xlsm,Reference!B325:E325,pass,pass,Test,True
r3,R3-4,r3_cn_guard_y,LB,KristenAndSara,E,27,497.352,41.8047,46.4641,47.22,497.352,41.8047,46.4641,47.22,measured,experiments/ts_predictor_r3/r3_cn_guard_y/JVET-hhi.xlsm,Test!B326:E326,scripts/JVET-hhi.xlsm,Reference!B326:E326,pass,pass,Test,True
r3,R3-4,r3_cn_guard_y,LB,KristenAndSara,E,32,231.728,39.6272,44.7389,45.3238,232.8928,39.6334,44.7183,45.3729,measured,experiments/ts_predictor_r3/r3_cn_guard_y/JVET-hhi.xlsm,Test!B327:E327,scripts/JVET-hhi.xlsm,Reference!B327:E327,pass,pass,Test,True
r3,R3-4,r3_cn_guard_y,LB,KristenAndSara,E,37,123.4496,37.2139,43.0396,43.6902,123.4496,37.2139,43.0396,43.6902,measured,experiments/ts_predictor_r3/r3_cn_guard_y/JVET-hhi.xlsm,Test!B328:E328,scripts/JVET-hhi.xlsm,Reference!B328:E328,pass,pass,Test,True
r4,R4-1,r4_identity_only,LB,BQMall,C,22,2874.8944,40.0864,43.4565,44.5287,2874.0224,40.0818,43.4652,44.5263,measured,experiments/ts_predictor_r4/r4_1_identity_only/R4_1_JVET-hhi.xlsm,Test!B289:E289,scripts/JVET-hhi.xlsm,Reference!B289:E289,pass,pass,Test,True
r4,R4-1,r4_identity_only,LB,BQMall,C,27,1168.2416,37.1909,41.3893,41.8146,1168.9472,37.1913,41.3779,41.8201,measured,experiments/ts_predictor_r4/r4_1_identity_only/R4_1_JVET-hhi.xlsm,Test!B290:E290,scripts/JVET-hhi.xlsm,Reference!B290:E290,pass,pass,Test,True
r4,R4-1,r4_identity_only,LB,BQMall,C,32,557.1488,34.3853,39.6312,39.877,557.6064,34.3857,39.5839,39.8739,measured,experiments/ts_predictor_r4/r4_1_identity_only/R4_1_JVET-hhi.xlsm,Test!B291:E291,scripts/JVET-hhi.xlsm,Reference!B291:E291,pass,pass,Test,True
r4,R4-1,r4_identity_only,LB,BQMall,C,37,285.6448,31.7048,38.2039,38.149,285.9632,31.6964,38.2475,38.1723,measured,experiments/ts_predictor_r4/r4_1_identity_only/R4_1_JVET-hhi.xlsm,Test!B292:E292,scripts/JVET-hhi.xlsm,Reference!B292:E292,pass,pass,Test,True
r4,R4-1,r4_identity_only,LB,BasketballDrill,C,22,2278.9664,41.5883,43.8425,44.8196,2278.6592,41.5805,43.8287,44.8143,measured,experiments/ts_predictor_r4/r4_1_identity_only/R4_1_JVET-hhi.xlsm,Test!B285:E285,scripts/JVET-hhi.xlsm,Reference!B285:E285,pass,pass,Test,True
r4,R4-1,r4_identity_only,LB,BasketballDrill,C,27,1008.3056,38.4519,41.3758,41.8327,1009.4224,38.4575,41.3639,41.8142,measured,experiments/ts_predictor_r4/r4_1_identity_only/R4_1_JVET-hhi.xlsm,Test!B286:E286,scripts/JVET-hhi.xlsm,Reference!B286:E286,pass,pass,Test,True
r4,R4-1,r4_identity_only,LB,BasketballDrill,C,32,497.664,35.4772,39.591,39.7871,498.4992,35.4901,39.574,39.788,measured,experiments/ts_predictor_r4/r4_1_identity_only/R4_1_JVET-hhi.xlsm,Test!B287:E287,scripts/JVET-hhi.xlsm,Reference!B287:E287,pass,pass,Test,True
r4,R4-1,r4_identity_only,LB,BasketballDrill,C,37,258.3632,32.88,37.8066,37.6458,258.032,32.8837,37.8547,37.6309,measured,experiments/ts_predictor_r4/r4_1_identity_only/R4_1_JVET-hhi.xlsm,Test!B288:E288,scripts/JVET-hhi.xlsm,Reference!B288:E288,pass,pass,Test,True
r4,R4-1,r4_identity_only,LB,PartyScene,C,22,6341.8096,38.4838,41.0541,41.7555,6338.5056,38.4876,41.0543,41.7465,measured,experiments/ts_predictor_r4/r4_1_identity_only/R4_1_JVET-hhi.xlsm,Test!B293:E293,scripts/JVET-hhi.xlsm,Reference!B293:E293,pass,pass,Test,True
r4,R4-1,r4_identity_only,LB,PartyScene,C,27,2575.0336,34.5251,38.2017,38.6948,2573.7296,34.5279,38.2341,38.7491,measured,experiments/ts_predictor_r4/r4_1_identity_only/R4_1_JVET-hhi.xlsm,Test!B294:E294,scripts/JVET-hhi.xlsm,Reference!B294:E294,pass,pass,Test,True
r4,R4-1,r4_identity_only,LB,PartyScene,C,32,1156.0592,31.13,36.29,36.6843,1152.9936,31.1253,36.3154,36.7386,measured,experiments/ts_predictor_r4/r4_1_identity_only/R4_1_JVET-hhi.xlsm,Test!B295:E295,scripts/JVET-hhi.xlsm,Reference!B295:E295,pass,pass,Test,True
r4,R4-1,r4_identity_only,LB,PartyScene,C,37,527.608,28.1683,34.8517,35.0471,527.5408,28.1638,34.8277,35.0766,measured,experiments/ts_predictor_r4/r4_1_identity_only/R4_1_JVET-hhi.xlsm,Test!B296:E296,scripts/JVET-hhi.xlsm,Reference!B296:E296,pass,pass,Test,True
r4,R4-1,r4_identity_only,LB,RaceHorsesC,C,22,5398.0304,39.3018,40.3587,42.0068,5401.0384,39.302,40.3693,42.0044,measured,experiments/ts_predictor_r4/r4_1_identity_only/R4_1_JVET-hhi.xlsm,Test!B297:E297,scripts/JVET-hhi.xlsm,Reference!B297:E297,pass,pass,Test,True
r4,R4-1,r4_identity_only,LB,RaceHorsesC,C,27,1706.0992,34.8097,37.4534,39.5148,1705.4736,34.8128,37.4425,39.5211,measured,experiments/ts_predictor_r4/r4_1_identity_only/R4_1_JVET-hhi.xlsm,Test!B298:E298,scripts/JVET-hhi.xlsm,Reference!B298:E298,pass,pass,Test,True
r4,R4-1,r4_identity_only,LB,RaceHorsesC,C,32,714.984,31.5148,36.0945,38.1384,714.256,31.5132,36.089,38.1569,measured,experiments/ts_predictor_r4/r4_1_identity_only/R4_1_JVET-hhi.xlsm,Test!B299:E299,scripts/JVET-hhi.xlsm,Reference!B299:E299,pass,pass,Test,True
r4,R4-1,r4_identity_only,LB,RaceHorsesC,C,37,312.168,28.7028,35.0027,36.6115,311.9792,28.7043,34.9725,36.5769,measured,experiments/ts_predictor_r4/r4_1_identity_only/R4_1_JVET-hhi.xlsm,Test!B300:E300,scripts/JVET-hhi.xlsm,Reference!B300:E300,pass,pass,Test,True
r4,R4-1,r4_identity_only,LB,FourPeople,E,22,1685.5504,42.9908,47.2235,48.461,1686.472,42.9905,47.2335,48.4812,measured,experiments/ts_predictor_r4/r4_1_identity_only/R4_1_JVET-hhi.xlsm,Test!B317:E317,scripts/JVET-hhi.xlsm,Reference!B317:E317,pass,pass,Test,True
r4,R4-1,r4_identity_only,LB,FourPeople,E,27,664.9296,40.8802,45.518,46.54,666.3504,40.8905,45.5547,46.5978,measured,experiments/ts_predictor_r4/r4_1_identity_only/R4_1_JVET-hhi.xlsm,Test!B318:E318,scripts/JVET-hhi.xlsm,Reference!B318:E318,pass,pass,Test,True
r4,R4-1,r4_identity_only,LB,FourPeople,E,32,337.3088,38.4731,43.6085,44.428,337.8352,38.473,43.5812,44.4063,measured,experiments/ts_predictor_r4/r4_1_identity_only/R4_1_JVET-hhi.xlsm,Test!B319:E319,scripts/JVET-hhi.xlsm,Reference!B319:E319,pass,pass,Test,True
r4,R4-1,r4_identity_only,LB,FourPeople,E,37,184.6192,35.7811,41.9541,42.755,184.6192,35.7811,41.9541,42.755,measured,experiments/ts_predictor_r4/r4_1_identity_only/R4_1_JVET-hhi.xlsm,Test!B320:E320,scripts/JVET-hhi.xlsm,Reference!B320:E320,pass,pass,Test,True
r4,R4-1,r4_identity_only,LB,Johnny,E,22,1126.2976,43.2242,48.6858,49.364,1127.0432,43.2264,48.6928,49.3528,measured,experiments/ts_predictor_r4/r4_1_identity_only/R4_1_JVET-hhi.xlsm,Test!B321:E321,scripts/JVET-hhi.xlsm,Reference!B321:E321,pass,pass,Test,True
r4,R4-1,r4_identity_only,LB,Johnny,E,27,344.3824,41.7407,47.4669,47.9865,344.4432,41.7426,47.4506,48.0084,measured,experiments/ts_predictor_r4/r4_1_identity_only/R4_1_JVET-hhi.xlsm,Test!B322:E322,scripts/JVET-hhi.xlsm,Reference!B322:E322,pass,pass,Test,True
r4,R4-1,r4_identity_only,LB,Johnny,E,32,160.3824,39.9417,45.7831,46.1682,160.3824,39.9417,45.7831,46.1682,measured,experiments/ts_predictor_r4/r4_1_identity_only/R4_1_JVET-hhi.xlsm,Test!B323:E323,scripts/JVET-hhi.xlsm,Reference!B323:E323,pass,pass,Test,True
r4,R4-1,r4_identity_only,LB,Johnny,E,37,88.1696,37.8163,44.145,44.5517,87.9216,37.8108,44.1691,44.5637,measured,experiments/ts_predictor_r4/r4_1_identity_only/R4_1_JVET-hhi.xlsm,Test!B324:E324,scripts/JVET-hhi.xlsm,Reference!B324:E324,pass,pass,Test,True
r4,R4-1,r4_identity_only,LB,KristenAndSara,E,22,1361.2064,43.684,47.9585,48.9689,1359.7968,43.6843,47.9773,48.9669,measured,experiments/ts_predictor_r4/r4_1_identity_only/R4_1_JVET-hhi.xlsm,Test!B325:E325,scripts/JVET-hhi.xlsm,Reference!B325:E325,pass,pass,Test,True
r4,R4-1,r4_identity_only,LB,KristenAndSara,E,27,497.352,41.8047,46.4641,47.22,496.5248,41.804,46.4015,47.2568,measured,experiments/ts_predictor_r4/r4_1_identity_only/R4_1_JVET-hhi.xlsm,Test!B326:E326,scripts/JVET-hhi.xlsm,Reference!B326:E326,pass,pass,Test,True
r4,R4-1,r4_identity_only,LB,KristenAndSara,E,32,231.728,39.6272,44.7389,45.3238,232.1408,39.6293,44.7582,45.2557,measured,experiments/ts_predictor_r4/r4_1_identity_only/R4_1_JVET-hhi.xlsm,Test!B327:E327,scripts/JVET-hhi.xlsm,Reference!B327:E327,pass,pass,Test,True
r4,R4-1,r4_identity_only,LB,KristenAndSara,E,37,123.4496,37.2139,43.0396,43.6902,123.4496,37.2139,43.0396,43.6902,measured,experiments/ts_predictor_r4/r4_1_identity_only/R4_1_JVET-hhi.xlsm,Test!B328:E328,scripts/JVET-hhi.xlsm,Reference!B328:E328,pass,pass,Test,True
r4,R4-2,r4_magnitude_only,LB,BQMall,C,22,2874.8944,40.0864,43.4565,44.5287,2873.7232,40.0847,43.4677,44.5221,measured,experiments/ts_predictor_r4/r4_2_magnitude_only/R4_2_JVET-hhi.xlsm,Test!B289:E289,scripts/JVET-hhi.xlsm,Reference!B289:E289,pass,pass,Test,True
r4,R4-2,r4_magnitude_only,LB,BQMall,C,27,1168.2416,37.1909,41.3893,41.8146,1170.1136,37.1966,41.3806,41.8267,measured,experiments/ts_predictor_r4/r4_2_magnitude_only/R4_2_JVET-hhi.xlsm,Test!B290:E290,scripts/JVET-hhi.xlsm,Reference!B290:E290,pass,pass,Test,True
r4,R4-2,r4_magnitude_only,LB,BQMall,C,32,557.1488,34.3853,39.6312,39.877,557.1136,34.3875,39.6052,39.8593,measured,experiments/ts_predictor_r4/r4_2_magnitude_only/R4_2_JVET-hhi.xlsm,Test!B291:E291,scripts/JVET-hhi.xlsm,Reference!B291:E291,pass,pass,Test,True
r4,R4-2,r4_magnitude_only,LB,BQMall,C,37,285.6448,31.7048,38.2039,38.149,286.8592,31.6957,38.256,38.1472,measured,experiments/ts_predictor_r4/r4_2_magnitude_only/R4_2_JVET-hhi.xlsm,Test!B292:E292,scripts/JVET-hhi.xlsm,Reference!B292:E292,pass,pass,Test,True
r4,R4-2,r4_magnitude_only,LB,BasketballDrill,C,22,2278.9664,41.5883,43.8425,44.8196,2278.5728,41.5851,43.8356,44.8502,measured,experiments/ts_predictor_r4/r4_2_magnitude_only/R4_2_JVET-hhi.xlsm,Test!B285:E285,scripts/JVET-hhi.xlsm,Reference!B285:E285,pass,pass,Test,True
r4,R4-2,r4_magnitude_only,LB,BasketballDrill,C,27,1008.3056,38.4519,41.3758,41.8327,1008.4448,38.4549,41.3589,41.8254,measured,experiments/ts_predictor_r4/r4_2_magnitude_only/R4_2_JVET-hhi.xlsm,Test!B286:E286,scripts/JVET-hhi.xlsm,Reference!B286:E286,pass,pass,Test,True
r4,R4-2,r4_magnitude_only,LB,BasketballDrill,C,32,497.664,35.4772,39.591,39.7871,497.6864,35.4795,39.5563,39.7689,measured,experiments/ts_predictor_r4/r4_2_magnitude_only/R4_2_JVET-hhi.xlsm,Test!B287:E287,scripts/JVET-hhi.xlsm,Reference!B287:E287,pass,pass,Test,True
r4,R4-2,r4_magnitude_only,LB,BasketballDrill,C,37,258.3632,32.88,37.8066,37.6458,258.3632,32.88,37.8066,37.6458,measured,experiments/ts_predictor_r4/r4_2_magnitude_only/R4_2_JVET-hhi.xlsm,Test!B288:E288,scripts/JVET-hhi.xlsm,Reference!B288:E288,pass,pass,Test,True
r4,R4-2,r4_magnitude_only,LB,PartyScene,C,22,6341.8096,38.4838,41.0541,41.7555,6339.968,38.487,41.06,41.753,measured,experiments/ts_predictor_r4/r4_2_magnitude_only/R4_2_JVET-hhi.xlsm,Test!B293:E293,scripts/JVET-hhi.xlsm,Reference!B293:E293,pass,pass,Test,True
r4,R4-2,r4_magnitude_only,LB,PartyScene,C,27,2575.0336,34.5251,38.2017,38.6948,2571.2544,34.527,38.2083,38.7432,measured,experiments/ts_predictor_r4/r4_2_magnitude_only/R4_2_JVET-hhi.xlsm,Test!B294:E294,scripts/JVET-hhi.xlsm,Reference!B294:E294,pass,pass,Test,True
r4,R4-2,r4_magnitude_only,LB,PartyScene,C,32,1156.0592,31.13,36.29,36.6843,1152.9328,31.1298,36.2827,36.6709,measured,experiments/ts_predictor_r4/r4_2_magnitude_only/R4_2_JVET-hhi.xlsm,Test!B295:E295,scripts/JVET-hhi.xlsm,Reference!B295:E295,pass,pass,Test,True
r4,R4-2,r4_magnitude_only,LB,PartyScene,C,37,527.608,28.1683,34.8517,35.0471,527.6096,28.1683,34.8517,35.0471,measured,experiments/ts_predictor_r4/r4_2_magnitude_only/R4_2_JVET-hhi.xlsm,Test!B296:E296,scripts/JVET-hhi.xlsm,Reference!B296:E296,pass,pass,Test,True
r4,R4-2,r4_magnitude_only,LB,RaceHorsesC,C,22,5398.0304,39.3018,40.3587,42.0068,5398.4752,39.3022,40.3525,41.9951,measured,experiments/ts_predictor_r4/r4_2_magnitude_only/R4_2_JVET-hhi.xlsm,Test!B297:E297,scripts/JVET-hhi.xlsm,Reference!B297:E297,pass,pass,Test,True
r4,R4-2,r4_magnitude_only,LB,RaceHorsesC,C,27,1706.0992,34.8097,37.4534,39.5148,1706.7232,34.8151,37.436,39.5189,measured,experiments/ts_predictor_r4/r4_2_magnitude_only/R4_2_JVET-hhi.xlsm,Test!B298:E298,scripts/JVET-hhi.xlsm,Reference!B298:E298,pass,pass,Test,True
r4,R4-2,r4_magnitude_only,LB,RaceHorsesC,C,32,714.984,31.5148,36.0945,38.1384,715.7584,31.5148,36.1018,38.1233,measured,experiments/ts_predictor_r4/r4_2_magnitude_only/R4_2_JVET-hhi.xlsm,Test!B299:E299,scripts/JVET-hhi.xlsm,Reference!B299:E299,pass,pass,Test,True
r4,R4-2,r4_magnitude_only,LB,RaceHorsesC,C,37,312.168,28.7028,35.0027,36.6115,311.536,28.7009,35.0136,36.5877,measured,experiments/ts_predictor_r4/r4_2_magnitude_only/R4_2_JVET-hhi.xlsm,Test!B300:E300,scripts/JVET-hhi.xlsm,Reference!B300:E300,pass,pass,Test,True
r4,R4-2,r4_magnitude_only,LB,FourPeople,E,22,1685.5504,42.9908,47.2235,48.461,1687.3088,42.9924,47.2317,48.4672,measured,experiments/ts_predictor_r4/r4_2_magnitude_only/R4_2_JVET-hhi.xlsm,Test!B317:E317,scripts/JVET-hhi.xlsm,Reference!B317:E317,pass,pass,Test,True
r4,R4-2,r4_magnitude_only,LB,FourPeople,E,27,664.9296,40.8802,45.518,46.54,664.9296,40.8802,45.518,46.54,measured,experiments/ts_predictor_r4/r4_2_magnitude_only/R4_2_JVET-hhi.xlsm,Test!B318:E318,scripts/JVET-hhi.xlsm,Reference!B318:E318,pass,pass,Test,True
r4,R4-2,r4_magnitude_only,LB,FourPeople,E,32,337.3088,38.4731,43.6085,44.428,337.3088,38.4731,43.6085,44.428,measured,experiments/ts_predictor_r4/r4_2_magnitude_only/R4_2_JVET-hhi.xlsm,Test!B319:E319,scripts/JVET-hhi.xlsm,Reference!B319:E319,pass,pass,Test,True
r4,R4-2,r4_magnitude_only,LB,FourPeople,E,37,184.6192,35.7811,41.9541,42.755,184.6192,35.7811,41.9541,42.755,measured,experiments/ts_predictor_r4/r4_2_magnitude_only/R4_2_JVET-hhi.xlsm,Test!B320:E320,scripts/JVET-hhi.xlsm,Reference!B320:E320,pass,pass,Test,True
r4,R4-2,r4_magnitude_only,LB,Johnny,E,22,1126.2976,43.2242,48.6858,49.364,1126.2976,43.2242,48.6858,49.364,measured,experiments/ts_predictor_r4/r4_2_magnitude_only/R4_2_JVET-hhi.xlsm,Test!B321:E321,scripts/JVET-hhi.xlsm,Reference!B321:E321,pass,pass,Test,True
r4,R4-2,r4_magnitude_only,LB,Johnny,E,27,344.3824,41.7407,47.4669,47.9865,344.3824,41.7407,47.4669,47.9865,measured,experiments/ts_predictor_r4/r4_2_magnitude_only/R4_2_JVET-hhi.xlsm,Test!B322:E322,scripts/JVET-hhi.xlsm,Reference!B322:E322,pass,pass,Test,True
r4,R4-2,r4_magnitude_only,LB,Johnny,E,32,160.3824,39.9417,45.7831,46.1682,160.3824,39.9417,45.7831,46.1682,measured,experiments/ts_predictor_r4/r4_2_magnitude_only/R4_2_JVET-hhi.xlsm,Test!B323:E323,scripts/JVET-hhi.xlsm,Reference!B323:E323,pass,pass,Test,True
r4,R4-2,r4_magnitude_only,LB,Johnny,E,37,88.1696,37.8163,44.145,44.5517,88.1696,37.8163,44.145,44.5517,measured,experiments/ts_predictor_r4/r4_2_magnitude_only/R4_2_JVET-hhi.xlsm,Test!B324:E324,scripts/JVET-hhi.xlsm,Reference!B324:E324,pass,pass,Test,True
r4,R4-2,r4_magnitude_only,LB,KristenAndSara,E,22,1361.2064,43.684,47.9585,48.9689,1361.208,43.684,47.9585,48.9689,measured,experiments/ts_predictor_r4/r4_2_magnitude_only/R4_2_JVET-hhi.xlsm,Test!B325:E325,scripts/JVET-hhi.xlsm,Reference!B325:E325,pass,pass,Test,True
r4,R4-2,r4_magnitude_only,LB,KristenAndSara,E,27,497.352,41.8047,46.4641,47.22,496.3088,41.8036,46.451,47.2561,measured,experiments/ts_predictor_r4/r4_2_magnitude_only/R4_2_JVET-hhi.xlsm,Test!B326:E326,scripts/JVET-hhi.xlsm,Reference!B326:E326,pass,pass,Test,True
r4,R4-2,r4_magnitude_only,LB,KristenAndSara,E,32,231.728,39.6272,44.7389,45.3238,231.7264,39.6272,44.7389,45.3238,measured,experiments/ts_predictor_r4/r4_2_magnitude_only/R4_2_JVET-hhi.xlsm,Test!B327:E327,scripts/JVET-hhi.xlsm,Reference!B327:E327,pass,pass,Test,True
r4,R4-2,r4_magnitude_only,LB,KristenAndSara,E,37,123.4496,37.2139,43.0396,43.6902,123.4496,37.2139,43.0396,43.6902,measured,experiments/ts_predictor_r4/r4_2_magnitude_only/R4_2_JVET-hhi.xlsm,Test!B328:E328,scripts/JVET-hhi.xlsm,Reference!B328:E328,pass,pass,Test,True
r4,R4-3,r4_guard_rescue,LB,BQMall,C,22,2874.8944,40.0864,43.4565,44.5287,2874.3776,40.0827,43.4481,44.5175,measured,experiments/ts_predictor_r4/r4_3_guard_rescue/R4_3_JVET-hhi.xlsm,Test!B289:E289,scripts/JVET-hhi.xlsm,Reference!B289:E289,pass,pass,Test,True
r4,R4-3,r4_guard_rescue,LB,BQMall,C,27,1168.2416,37.1909,41.3893,41.8146,1168.984,37.1948,41.404,41.8452,measured,experiments/ts_predictor_r4/r4_3_guard_rescue/R4_3_JVET-hhi.xlsm,Test!B290:E290,scripts/JVET-hhi.xlsm,Reference!B290:E290,pass,pass,Test,True
r4,R4-3,r4_guard_rescue,LB,BQMall,C,32,557.1488,34.3853,39.6312,39.877,557.0192,34.3904,39.6007,39.8058,measured,experiments/ts_predictor_r4/r4_3_guard_rescue/R4_3_JVET-hhi.xlsm,Test!B291:E291,scripts/JVET-hhi.xlsm,Reference!B291:E291,pass,pass,Test,True
r4,R4-3,r4_guard_rescue,LB,BQMall,C,37,285.6448,31.7048,38.2039,38.149,285.8736,31.6896,38.2493,38.2125,measured,experiments/ts_predictor_r4/r4_3_guard_rescue/R4_3_JVET-hhi.xlsm,Test!B292:E292,scripts/JVET-hhi.xlsm,Reference!B292:E292,pass,pass,Test,True
r4,R4-3,r4_guard_rescue,LB,BasketballDrill,C,22,2278.9664,41.5883,43.8425,44.8196,2277.5984,41.5925,43.8253,44.8247,measured,experiments/ts_predictor_r4/r4_3_guard_rescue/R4_3_JVET-hhi.xlsm,Test!B285:E285,scripts/JVET-hhi.xlsm,Reference!B285:E285,pass,pass,Test,True
r4,R4-3,r4_guard_rescue,LB,BasketballDrill,C,27,1008.3056,38.4519,41.3758,41.8327,1009.7824,38.4546,41.3835,41.8509,measured,experiments/ts_predictor_r4/r4_3_guard_rescue/R4_3_JVET-hhi.xlsm,Test!B286:E286,scripts/JVET-hhi.xlsm,Reference!B286:E286,pass,pass,Test,True
r4,R4-3,r4_guard_rescue,LB,BasketballDrill,C,32,497.664,35.4772,39.591,39.7871,497.624,35.4916,39.5642,39.7957,measured,experiments/ts_predictor_r4/r4_3_guard_rescue/R4_3_JVET-hhi.xlsm,Test!B287:E287,scripts/JVET-hhi.xlsm,Reference!B287:E287,pass,pass,Test,True
r4,R4-3,r4_guard_rescue,LB,BasketballDrill,C,37,258.3632,32.88,37.8066,37.6458,258.032,32.8837,37.8547,37.6309,measured,experiments/ts_predictor_r4/r4_3_guard_rescue/R4_3_JVET-hhi.xlsm,Test!B288:E288,scripts/JVET-hhi.xlsm,Reference!B288:E288,pass,pass,Test,True
r4,R4-3,r4_guard_rescue,LB,PartyScene,C,22,6341.8096,38.4838,41.0541,41.7555,6342.2064,38.4878,41.0568,41.7473,measured,experiments/ts_predictor_r4/r4_3_guard_rescue/R4_3_JVET-hhi.xlsm,Test!B293:E293,scripts/JVET-hhi.xlsm,Reference!B293:E293,pass,pass,Test,True
r4,R4-3,r4_guard_rescue,LB,PartyScene,C,27,2575.0336,34.5251,38.2017,38.6948,2573.0368,34.5305,38.2292,38.7429,measured,experiments/ts_predictor_r4/r4_3_guard_rescue/R4_3_JVET-hhi.xlsm,Test!B294:E294,scripts/JVET-hhi.xlsm,Reference!B294:E294,pass,pass,Test,True
r4,R4-3,r4_guard_rescue,LB,PartyScene,C,32,1156.0592,31.13,36.29,36.6843,1152.9712,31.1253,36.3595,36.7413,measured,experiments/ts_predictor_r4/r4_3_guard_rescue/R4_3_JVET-hhi.xlsm,Test!B295:E295,scripts/JVET-hhi.xlsm,Reference!B295:E295,pass,pass,Test,True
r4,R4-3,r4_guard_rescue,LB,PartyScene,C,37,527.608,28.1683,34.8517,35.0471,527.2784,28.1541,34.876,35.0395,measured,experiments/ts_predictor_r4/r4_3_guard_rescue/R4_3_JVET-hhi.xlsm,Test!B296:E296,scripts/JVET-hhi.xlsm,Reference!B296:E296,pass,pass,Test,True
r4,R4-3,r4_guard_rescue,LB,RaceHorsesC,C,22,5398.0304,39.3018,40.3587,42.0068,5391.416,39.2971,40.363,42.0156,measured,experiments/ts_predictor_r4/r4_3_guard_rescue/R4_3_JVET-hhi.xlsm,Test!B297:E297,scripts/JVET-hhi.xlsm,Reference!B297:E297,pass,pass,Test,True
r4,R4-3,r4_guard_rescue,LB,RaceHorsesC,C,27,1706.0992,34.8097,37.4534,39.5148,1707.9328,34.8173,37.439,39.5191,measured,experiments/ts_predictor_r4/r4_3_guard_rescue/R4_3_JVET-hhi.xlsm,Test!B298:E298,scripts/JVET-hhi.xlsm,Reference!B298:E298,pass,pass,Test,True
r4,R4-3,r4_guard_rescue,LB,RaceHorsesC,C,32,714.984,31.5148,36.0945,38.1384,715.0592,31.517,36.1219,38.105,measured,experiments/ts_predictor_r4/r4_3_guard_rescue/R4_3_JVET-hhi.xlsm,Test!B299:E299,scripts/JVET-hhi.xlsm,Reference!B299:E299,pass,pass,Test,True
r4,R4-3,r4_guard_rescue,LB,RaceHorsesC,C,37,312.168,28.7028,35.0027,36.6115,311.7168,28.6987,35.0011,36.6294,measured,experiments/ts_predictor_r4/r4_3_guard_rescue/R4_3_JVET-hhi.xlsm,Test!B300:E300,scripts/JVET-hhi.xlsm,Reference!B300:E300,pass,pass,Test,True
r4,R4-3,r4_guard_rescue,LB,FourPeople,E,22,1685.5504,42.9908,47.2235,48.461,1686.472,42.9905,47.2335,48.4812,measured,experiments/ts_predictor_r4/r4_3_guard_rescue/R4_3_JVET-hhi.xlsm,Test!B317:E317,scripts/JVET-hhi.xlsm,Reference!B317:E317,pass,pass,Test,True
r4,R4-3,r4_guard_rescue,LB,FourPeople,E,27,664.9296,40.8802,45.518,46.54,666.3504,40.8905,45.5547,46.5978,measured,experiments/ts_predictor_r4/r4_3_guard_rescue/R4_3_JVET-hhi.xlsm,Test!B318:E318,scripts/JVET-hhi.xlsm,Reference!B318:E318,pass,pass,Test,True
r4,R4-3,r4_guard_rescue,LB,FourPeople,E,32,337.3088,38.4731,43.6085,44.428,337.8352,38.473,43.5812,44.4063,measured,experiments/ts_predictor_r4/r4_3_guard_rescue/R4_3_JVET-hhi.xlsm,Test!B319:E319,scripts/JVET-hhi.xlsm,Reference!B319:E319,pass,pass,Test,True
r4,R4-3,r4_guard_rescue,LB,FourPeople,E,37,184.6192,35.7811,41.9541,42.755,184.6192,35.7811,41.9541,42.755,measured,experiments/ts_predictor_r4/r4_3_guard_rescue/R4_3_JVET-hhi.xlsm,Test!B320:E320,scripts/JVET-hhi.xlsm,Reference!B320:E320,pass,pass,Test,True
r4,R4-3,r4_guard_rescue,LB,Johnny,E,22,1126.2976,43.2242,48.6858,49.364,1125.648,43.226,48.7102,49.3657,measured,experiments/ts_predictor_r4/r4_3_guard_rescue/R4_3_JVET-hhi.xlsm,Test!B321:E321,scripts/JVET-hhi.xlsm,Reference!B321:E321,pass,pass,Test,True
r4,R4-3,r4_guard_rescue,LB,Johnny,E,27,344.3824,41.7407,47.4669,47.9865,344.4432,41.7426,47.4506,48.0084,measured,experiments/ts_predictor_r4/r4_3_guard_rescue/R4_3_JVET-hhi.xlsm,Test!B322:E322,scripts/JVET-hhi.xlsm,Reference!B322:E322,pass,pass,Test,True
r4,R4-3,r4_guard_rescue,LB,Johnny,E,32,160.3824,39.9417,45.7831,46.1682,160.3824,39.9417,45.7831,46.1682,measured,experiments/ts_predictor_r4/r4_3_guard_rescue/R4_3_JVET-hhi.xlsm,Test!B323:E323,scripts/JVET-hhi.xlsm,Reference!B323:E323,pass,pass,Test,True
r4,R4-3,r4_guard_rescue,LB,Johnny,E,37,88.1696,37.8163,44.145,44.5517,87.9216,37.8108,44.1691,44.5637,measured,experiments/ts_predictor_r4/r4_3_guard_rescue/R4_3_JVET-hhi.xlsm,Test!B324:E324,scripts/JVET-hhi.xlsm,Reference!B324:E324,pass,pass,Test,True
r4,R4-3,r4_guard_rescue,LB,KristenAndSara,E,22,1361.2064,43.684,47.9585,48.9689,1358.8928,43.6854,47.9669,48.9511,measured,experiments/ts_predictor_r4/r4_3_guard_rescue/R4_3_JVET-hhi.xlsm,Test!B325:E325,scripts/JVET-hhi.xlsm,Reference!B325:E325,pass,pass,Test,True
r4,R4-3,r4_guard_rescue,LB,KristenAndSara,E,27,497.352,41.8047,46.4641,47.22,496.5248,41.804,46.4015,47.2568,measured,experiments/ts_predictor_r4/r4_3_guard_rescue/R4_3_JVET-hhi.xlsm,Test!B326:E326,scripts/JVET-hhi.xlsm,Reference!B326:E326,pass,pass,Test,True
r4,R4-3,r4_guard_rescue,LB,KristenAndSara,E,32,231.728,39.6272,44.7389,45.3238,232.1408,39.6293,44.7582,45.2557,measured,experiments/ts_predictor_r4/r4_3_guard_rescue/R4_3_JVET-hhi.xlsm,Test!B327:E327,scripts/JVET-hhi.xlsm,Reference!B327:E327,pass,pass,Test,True
r4,R4-3,r4_guard_rescue,LB,KristenAndSara,E,37,123.4496,37.2139,43.0396,43.6902,123.4496,37.2139,43.0396,43.6902,measured,experiments/ts_predictor_r4/r4_3_guard_rescue/R4_3_JVET-hhi.xlsm,Test!B328:E328,scripts/JVET-hhi.xlsm,Reference!B328:E328,pass,pass,Test,True
r4,R4-4,r4_directional_risk,LB,BQMall,C,22,2874.8944,40.0864,43.4565,44.5287,2874.9632,40.083,43.4548,44.5196,measured,experiments/ts_predictor_r4/r4_4_directional_risk/R4_4_JVET-hhi.xlsm,Test!B289:E289,scripts/JVET-hhi.xlsm,Reference!B289:E289,pass,pass,Test,True
r4,R4-4,r4_directional_risk,LB,BQMall,C,27,1168.2416,37.1909,41.3893,41.8146,1170.3024,37.1985,41.3969,41.828,measured,experiments/ts_predictor_r4/r4_4_directional_risk/R4_4_JVET-hhi.xlsm,Test!B290:E290,scripts/JVET-hhi.xlsm,Reference!B290:E290,pass,pass,Test,True
r4,R4-4,r4_directional_risk,LB,BQMall,C,32,557.1488,34.3853,39.6312,39.877,557.9984,34.3929,39.632,39.8119,measured,experiments/ts_predictor_r4/r4_4_directional_risk/R4_4_JVET-hhi.xlsm,Test!B291:E291,scripts/JVET-hhi.xlsm,Reference!B291:E291,pass,pass,Test,True
r4,R4-4,r4_directional_risk,LB,BQMall,C,37,285.6448,31.7048,38.2039,38.149,285.8656,31.7028,38.1759,38.1649,measured,experiments/ts_predictor_r4/r4_4_directional_risk/R4_4_JVET-hhi.xlsm,Test!B292:E292,scripts/JVET-hhi.xlsm,Reference!B292:E292,pass,pass,Test,True
r4,R4-4,r4_directional_risk,LB,BasketballDrill,C,22,2278.9664,41.5883,43.8425,44.8196,2279.7408,41.5886,43.8455,44.8356,measured,experiments/ts_predictor_r4/r4_4_directional_risk/R4_4_JVET-hhi.xlsm,Test!B285:E285,scripts/JVET-hhi.xlsm,Reference!B285:E285,pass,pass,Test,True
r4,R4-4,r4_directional_risk,LB,BasketballDrill,C,27,1008.3056,38.4519,41.3758,41.8327,1008.2336,38.4566,41.3849,41.8508,measured,experiments/ts_predictor_r4/r4_4_directional_risk/R4_4_JVET-hhi.xlsm,Test!B286:E286,scripts/JVET-hhi.xlsm,Reference!B286:E286,pass,pass,Test,True
r4,R4-4,r4_directional_risk,LB,BasketballDrill,C,32,497.664,35.4772,39.591,39.7871,497.8624,35.4759,39.5833,39.7769,measured,experiments/ts_predictor_r4/r4_4_directional_risk/R4_4_JVET-hhi.xlsm,Test!B287:E287,scripts/JVET-hhi.xlsm,Reference!B287:E287,pass,pass,Test,True
r4,R4-4,r4_directional_risk,LB,BasketballDrill,C,37,258.3632,32.88,37.8066,37.6458,258.032,32.8837,37.8547,37.6309,measured,experiments/ts_predictor_r4/r4_4_directional_risk/R4_4_JVET-hhi.xlsm,Test!B288:E288,scripts/JVET-hhi.xlsm,Reference!B288:E288,pass,pass,Test,True
r4,R4-4,r4_directional_risk,LB,PartyScene,C,22,6341.8096,38.4838,41.0541,41.7555,6338.8304,38.487,41.0623,41.7531,measured,experiments/ts_predictor_r4/r4_4_directional_risk/R4_4_JVET-hhi.xlsm,Test!B293:E293,scripts/JVET-hhi.xlsm,Reference!B293:E293,pass,pass,Test,True
r4,R4-4,r4_directional_risk,LB,PartyScene,C,27,2575.0336,34.5251,38.2017,38.6948,2575.2304,34.5327,38.2178,38.7647,measured,experiments/ts_predictor_r4/r4_4_directional_risk/R4_4_JVET-hhi.xlsm,Test!B294:E294,scripts/JVET-hhi.xlsm,Reference!B294:E294,pass,pass,Test,True
r4,R4-4,r4_directional_risk,LB,PartyScene,C,32,1156.0592,31.13,36.29,36.6843,1152.1648,31.1182,36.2833,36.7106,measured,experiments/ts_predictor_r4/r4_4_directional_risk/R4_4_JVET-hhi.xlsm,Test!B295:E295,scripts/JVET-hhi.xlsm,Reference!B295:E295,pass,pass,Test,True
r4,R4-4,r4_directional_risk,LB,PartyScene,C,37,527.608,28.1683,34.8517,35.0471,527.7952,28.1843,34.81,35.0303,measured,experiments/ts_predictor_r4/r4_4_directional_risk/R4_4_JVET-hhi.xlsm,Test!B296:E296,scripts/JVET-hhi.xlsm,Reference!B296:E296,pass,pass,Test,True
r4,R4-4,r4_directional_risk,LB,RaceHorsesC,C,22,5398.0304,39.3018,40.3587,42.0068,5401.5552,39.3049,40.3472,42.0061,measured,experiments/ts_predictor_r4/r4_4_directional_risk/R4_4_JVET-hhi.xlsm,Test!B297:E297,scripts/JVET-hhi.xlsm,Reference!B297:E297,pass,pass,Test,True
r4,R4-4,r4_directional_risk,LB,RaceHorsesC,C,27,1706.0992,34.8097,37.4534,39.5148,1706.8208,34.8155,37.4533,39.5184,measured,experiments/ts_predictor_r4/r4_4_directional_risk/R4_4_JVET-hhi.xlsm,Test!B298:E298,scripts/JVET-hhi.xlsm,Reference!B298:E298,pass,pass,Test,True
r4,R4-4,r4_directional_risk,LB,RaceHorsesC,C,32,714.984,31.5148,36.0945,38.1384,714.9552,31.5168,36.1037,38.1519,measured,experiments/ts_predictor_r4/r4_4_directional_risk/R4_4_JVET-hhi.xlsm,Test!B299:E299,scripts/JVET-hhi.xlsm,Reference!B299:E299,pass,pass,Test,True
r4,R4-4,r4_directional_risk,LB,RaceHorsesC,C,37,312.168,28.7028,35.0027,36.6115,311.9792,28.7021,35.004,36.5989,measured,experiments/ts_predictor_r4/r4_4_directional_risk/R4_4_JVET-hhi.xlsm,Test!B300:E300,scripts/JVET-hhi.xlsm,Reference!B300:E300,pass,pass,Test,True
r4,R4-4,r4_directional_risk,LB,FourPeople,E,22,1685.5504,42.9908,47.2235,48.461,1684.168,42.9877,47.2316,48.4597,measured,experiments/ts_predictor_r4/r4_4_directional_risk/R4_4_JVET-hhi.xlsm,Test!B317:E317,scripts/JVET-hhi.xlsm,Reference!B317:E317,pass,pass,Test,True
r4,R4-4,r4_directional_risk,LB,FourPeople,E,27,664.9296,40.8802,45.518,46.54,665.5264,40.885,45.511,46.5755,measured,experiments/ts_predictor_r4/r4_4_directional_risk/R4_4_JVET-hhi.xlsm,Test!B318:E318,scripts/JVET-hhi.xlsm,Reference!B318:E318,pass,pass,Test,True
r4,R4-4,r4_directional_risk,LB,FourPeople,E,32,337.3088,38.4731,43.6085,44.428,337.3392,38.4728,43.615,44.4371,measured,experiments/ts_predictor_r4/r4_4_directional_risk/R4_4_JVET-hhi.xlsm,Test!B319:E319,scripts/JVET-hhi.xlsm,Reference!B319:E319,pass,pass,Test,True
r4,R4-4,r4_directional_risk,LB,FourPeople,E,37,184.6192,35.7811,41.9541,42.755,184.6192,35.7811,41.9541,42.755,measured,experiments/ts_predictor_r4/r4_4_directional_risk/R4_4_JVET-hhi.xlsm,Test!B320:E320,scripts/JVET-hhi.xlsm,Reference!B320:E320,pass,pass,Test,True
r4,R4-4,r4_directional_risk,LB,Johnny,E,22,1126.2976,43.2242,48.6858,49.364,1128.0128,43.226,48.6719,49.3555,measured,experiments/ts_predictor_r4/r4_4_directional_risk/R4_4_JVET-hhi.xlsm,Test!B321:E321,scripts/JVET-hhi.xlsm,Reference!B321:E321,pass,pass,Test,True
r4,R4-4,r4_directional_risk,LB,Johnny,E,27,344.3824,41.7407,47.4669,47.9865,344.8464,41.7431,47.4564,47.9845,measured,experiments/ts_predictor_r4/r4_4_directional_risk/R4_4_JVET-hhi.xlsm,Test!B322:E322,scripts/JVET-hhi.xlsm,Reference!B322:E322,pass,pass,Test,True
r4,R4-4,r4_directional_risk,LB,Johnny,E,32,160.3824,39.9417,45.7831,46.1682,160.3824,39.9417,45.7831,46.1682,measured,experiments/ts_predictor_r4/r4_4_directional_risk/R4_4_JVET-hhi.xlsm,Test!B323:E323,scripts/JVET-hhi.xlsm,Reference!B323:E323,pass,pass,Test,True
r4,R4-4,r4_directional_risk,LB,Johnny,E,37,88.1696,37.8163,44.145,44.5517,88.4064,37.8168,44.1129,44.5128,measured,experiments/ts_predictor_r4/r4_4_directional_risk/R4_4_JVET-hhi.xlsm,Test!B324:E324,scripts/JVET-hhi.xlsm,Reference!B324:E324,pass,pass,Test,True
r4,R4-4,r4_directional_risk,LB,KristenAndSara,E,22,1361.2064,43.684,47.9585,48.9689,1359.328,43.6888,47.9867,48.9536,measured,experiments/ts_predictor_r4/r4_4_directional_risk/R4_4_JVET-hhi.xlsm,Test!B325:E325,scripts/JVET-hhi.xlsm,Reference!B325:E325,pass,pass,Test,True
r4,R4-4,r4_directional_risk,LB,KristenAndSara,E,27,497.352,41.8047,46.4641,47.22,496.3072,41.8036,46.451,47.2561,measured,experiments/ts_predictor_r4/r4_4_directional_risk/R4_4_JVET-hhi.xlsm,Test!B326:E326,scripts/JVET-hhi.xlsm,Reference!B326:E326,pass,pass,Test,True
r4,R4-4,r4_directional_risk,LB,KristenAndSara,E,32,231.728,39.6272,44.7389,45.3238,231.8048,39.6288,44.6644,45.2393,measured,experiments/ts_predictor_r4/r4_4_directional_risk/R4_4_JVET-hhi.xlsm,Test!B327:E327,scripts/JVET-hhi.xlsm,Reference!B327:E327,pass,pass,Test,True
r4,R4-4,r4_directional_risk,LB,KristenAndSara,E,37,123.4496,37.2139,43.0396,43.6902,123.4496,37.2139,43.0396,43.6902,measured,experiments/ts_predictor_r4/r4_4_directional_risk/R4_4_JVET-hhi.xlsm,Test!B328:E328,scripts/JVET-hhi.xlsm,Reference!B328:E328,pass,pass,Test,True
r4,R4-5,r4_causal_models,LB,BQMall,C,22,2874.8944,40.0864,43.4565,44.5287,2876.1936,40.081,43.4568,44.5179,measured,experiments/ts_predictor_r4/r4_5_causal_models/R4_5_JVET-hhi.xlsm,Test!B289:E289,scripts/JVET-hhi.xlsm,Reference!B289:E289,pass,pass,Test,True
r4,R4-5,r4_causal_models,LB,BQMall,C,27,1168.2416,37.1909,41.3893,41.8146,1170.6048,37.199,41.3979,41.8201,measured,experiments/ts_predictor_r4/r4_5_causal_models/R4_5_JVET-hhi.xlsm,Test!B290:E290,scripts/JVET-hhi.xlsm,Reference!B290:E290,pass,pass,Test,True
r4,R4-5,r4_causal_models,LB,BQMall,C,32,557.1488,34.3853,39.6312,39.877,557.408,34.3862,39.5964,39.8576,measured,experiments/ts_predictor_r4/r4_5_causal_models/R4_5_JVET-hhi.xlsm,Test!B291:E291,scripts/JVET-hhi.xlsm,Reference!B291:E291,pass,pass,Test,True
r4,R4-5,r4_causal_models,LB,BQMall,C,37,285.6448,31.7048,38.2039,38.149,285.9824,31.6869,38.2346,38.1575,measured,experiments/ts_predictor_r4/r4_5_causal_models/R4_5_JVET-hhi.xlsm,Test!B292:E292,scripts/JVET-hhi.xlsm,Reference!B292:E292,pass,pass,Test,True
r4,R4-5,r4_causal_models,LB,BasketballDrill,C,22,2278.9664,41.5883,43.8425,44.8196,2278.8352,41.5964,43.8217,44.811,measured,experiments/ts_predictor_r4/r4_5_causal_models/R4_5_JVET-hhi.xlsm,Test!B285:E285,scripts/JVET-hhi.xlsm,Reference!B285:E285,pass,pass,Test,True
r4,R4-5,r4_causal_models,LB,BasketballDrill,C,27,1008.3056,38.4519,41.3758,41.8327,1009.6752,38.4617,41.3933,41.8491,measured,experiments/ts_predictor_r4/r4_5_causal_models/R4_5_JVET-hhi.xlsm,Test!B286:E286,scripts/JVET-hhi.xlsm,Reference!B286:E286,pass,pass,Test,True
r4,R4-5,r4_causal_models,LB,BasketballDrill,C,32,497.664,35.4772,39.591,39.7871,498.7312,35.4954,39.5861,39.7919,measured,experiments/ts_predictor_r4/r4_5_causal_models/R4_5_JVET-hhi.xlsm,Test!B287:E287,scripts/JVET-hhi.xlsm,Reference!B287:E287,pass,pass,Test,True
r4,R4-5,r4_causal_models,LB,BasketballDrill,C,37,258.3632,32.88,37.8066,37.6458,258.8752,32.886,37.8367,37.6592,measured,experiments/ts_predictor_r4/r4_5_causal_models/R4_5_JVET-hhi.xlsm,Test!B288:E288,scripts/JVET-hhi.xlsm,Reference!B288:E288,pass,pass,Test,True
r4,R4-5,r4_causal_models,LB,PartyScene,C,22,6341.8096,38.4838,41.0541,41.7555,6333.8928,38.4836,41.0573,41.7514,measured,experiments/ts_predictor_r4/r4_5_causal_models/R4_5_JVET-hhi.xlsm,Test!B293:E293,scripts/JVET-hhi.xlsm,Reference!B293:E293,pass,pass,Test,True
r4,R4-5,r4_causal_models,LB,PartyScene,C,27,2575.0336,34.5251,38.2017,38.6948,2577.4112,34.5234,38.2344,38.7321,measured,experiments/ts_predictor_r4/r4_5_causal_models/R4_5_JVET-hhi.xlsm,Test!B294:E294,scripts/JVET-hhi.xlsm,Reference!B294:E294,pass,pass,Test,True
r4,R4-5,r4_causal_models,LB,PartyScene,C,32,1156.0592,31.13,36.29,36.6843,1154.3696,31.1239,36.2873,36.7578,measured,experiments/ts_predictor_r4/r4_5_causal_models/R4_5_JVET-hhi.xlsm,Test!B295:E295,scripts/JVET-hhi.xlsm,Reference!B295:E295,pass,pass,Test,True
r4,R4-5,r4_causal_models,LB,PartyScene,C,37,527.608,28.1683,34.8517,35.0471,527.3344,28.1578,34.8182,35.0567,measured,experiments/ts_predictor_r4/r4_5_causal_models/R4_5_JVET-hhi.xlsm,Test!B296:E296,scripts/JVET-hhi.xlsm,Reference!B296:E296,pass,pass,Test,True
r4,R4-5,r4_causal_models,LB,RaceHorsesC,C,22,5398.0304,39.3018,40.3587,42.0068,5397.888,39.2997,40.3684,42.0044,measured,experiments/ts_predictor_r4/r4_5_causal_models/R4_5_JVET-hhi.xlsm,Test!B297:E297,scripts/JVET-hhi.xlsm,Reference!B297:E297,pass,pass,Test,True
r4,R4-5,r4_causal_models,LB,RaceHorsesC,C,27,1706.0992,34.8097,37.4534,39.5148,1703.9264,34.8125,37.4373,39.5283,measured,experiments/ts_predictor_r4/r4_5_causal_models/R4_5_JVET-hhi.xlsm,Test!B298:E298,scripts/JVET-hhi.xlsm,Reference!B298:E298,pass,pass,Test,True
r4,R4-5,r4_causal_models,LB,RaceHorsesC,C,32,714.984,31.5148,36.0945,38.1384,714.5424,31.5144,36.1248,38.1345,measured,experiments/ts_predictor_r4/r4_5_causal_models/R4_5_JVET-hhi.xlsm,Test!B299:E299,scripts/JVET-hhi.xlsm,Reference!B299:E299,pass,pass,Test,True
r4,R4-5,r4_causal_models,LB,RaceHorsesC,C,37,312.168,28.7028,35.0027,36.6115,311.4896,28.7027,34.9936,36.6498,measured,experiments/ts_predictor_r4/r4_5_causal_models/R4_5_JVET-hhi.xlsm,Test!B300:E300,scripts/JVET-hhi.xlsm,Reference!B300:E300,pass,pass,Test,True
r4,R4-5,r4_causal_models,LB,FourPeople,E,22,1685.5504,42.9908,47.2235,48.461,1686.472,42.9905,47.2335,48.4812,measured,experiments/ts_predictor_r4/r4_5_causal_models/R4_5_JVET-hhi.xlsm,Test!B317:E317,scripts/JVET-hhi.xlsm,Reference!B317:E317,pass,pass,Test,True
r4,R4-5,r4_causal_models,LB,FourPeople,E,27,664.9296,40.8802,45.518,46.54,666.3504,40.8905,45.5547,46.5978,measured,experiments/ts_predictor_r4/r4_5_causal_models/R4_5_JVET-hhi.xlsm,Test!B318:E318,scripts/JVET-hhi.xlsm,Reference!B318:E318,pass,pass,Test,True
r4,R4-5,r4_causal_models,LB,FourPeople,E,32,337.3088,38.4731,43.6085,44.428,337.8352,38.473,43.5812,44.4063,measured,experiments/ts_predictor_r4/r4_5_causal_models/R4_5_JVET-hhi.xlsm,Test!B319:E319,scripts/JVET-hhi.xlsm,Reference!B319:E319,pass,pass,Test,True
r4,R4-5,r4_causal_models,LB,FourPeople,E,37,184.6192,35.7811,41.9541,42.755,184.6192,35.7811,41.9541,42.755,measured,experiments/ts_predictor_r4/r4_5_causal_models/R4_5_JVET-hhi.xlsm,Test!B320:E320,scripts/JVET-hhi.xlsm,Reference!B320:E320,pass,pass,Test,True
r4,R4-5,r4_causal_models,LB,Johnny,E,22,1126.2976,43.2242,48.6858,49.364,1129.568,43.2253,48.7057,49.3696,measured,experiments/ts_predictor_r4/r4_5_causal_models/R4_5_JVET-hhi.xlsm,Test!B321:E321,scripts/JVET-hhi.xlsm,Reference!B321:E321,pass,pass,Test,True
r4,R4-5,r4_causal_models,LB,Johnny,E,27,344.3824,41.7407,47.4669,47.9865,344.4432,41.7426,47.4506,48.0084,measured,experiments/ts_predictor_r4/r4_5_causal_models/R4_5_JVET-hhi.xlsm,Test!B322:E322,scripts/JVET-hhi.xlsm,Reference!B322:E322,pass,pass,Test,True
r4,R4-5,r4_causal_models,LB,Johnny,E,32,160.3824,39.9417,45.7831,46.1682,160.3824,39.9417,45.7831,46.1682,measured,experiments/ts_predictor_r4/r4_5_causal_models/R4_5_JVET-hhi.xlsm,Test!B323:E323,scripts/JVET-hhi.xlsm,Reference!B323:E323,pass,pass,Test,True
r4,R4-5,r4_causal_models,LB,Johnny,E,37,88.1696,37.8163,44.145,44.5517,87.9216,37.8108,44.1691,44.5637,measured,experiments/ts_predictor_r4/r4_5_causal_models/R4_5_JVET-hhi.xlsm,Test!B324:E324,scripts/JVET-hhi.xlsm,Reference!B324:E324,pass,pass,Test,True
r4,R4-5,r4_causal_models,LB,KristenAndSara,E,22,1361.2064,43.684,47.9585,48.9689,1357.6208,43.6915,47.977,48.9689,measured,experiments/ts_predictor_r4/r4_5_causal_models/R4_5_JVET-hhi.xlsm,Test!B325:E325,scripts/JVET-hhi.xlsm,Reference!B325:E325,pass,pass,Test,True
r4,R4-5,r4_causal_models,LB,KristenAndSara,E,27,497.352,41.8047,46.4641,47.22,496.5232,41.804,46.4015,47.2568,measured,experiments/ts_predictor_r4/r4_5_causal_models/R4_5_JVET-hhi.xlsm,Test!B326:E326,scripts/JVET-hhi.xlsm,Reference!B326:E326,pass,pass,Test,True
r4,R4-5,r4_causal_models,LB,KristenAndSara,E,32,231.728,39.6272,44.7389,45.3238,232.1408,39.6293,44.7582,45.2557,measured,experiments/ts_predictor_r4/r4_5_causal_models/R4_5_JVET-hhi.xlsm,Test!B327:E327,scripts/JVET-hhi.xlsm,Reference!B327:E327,pass,pass,Test,True
r4,R4-5,r4_causal_models,LB,KristenAndSara,E,37,123.4496,37.2139,43.0396,43.6902,123.4496,37.2139,43.0396,43.6902,measured,experiments/ts_predictor_r4/r4_5_causal_models/R4_5_JVET-hhi.xlsm,Test!B328:E328,scripts/JVET-hhi.xlsm,Reference!B328:E328,pass,pass,Test,True
r4,R4-6,r4_signed_plane,LB,BQMall,C,22,2874.8944,40.0864,43.4565,44.5287,2873.4384,40.0821,43.4673,44.5127,measured,experiments/ts_predictor_r4/r4_6_signed_plane/R4_6_JVET-hhi.xlsm,Test!B289:E289,scripts/JVET-hhi.xlsm,Reference!B289:E289,pass,pass,Test,True
r4,R4-6,r4_signed_plane,LB,BQMall,C,27,1168.2416,37.1909,41.3893,41.8146,1169.6816,37.1906,41.3812,41.8231,measured,experiments/ts_predictor_r4/r4_6_signed_plane/R4_6_JVET-hhi.xlsm,Test!B290:E290,scripts/JVET-hhi.xlsm,Reference!B290:E290,pass,pass,Test,True
r4,R4-6,r4_signed_plane,LB,BQMall,C,32,557.1488,34.3853,39.6312,39.877,557.6688,34.3852,39.568,39.7964,measured,experiments/ts_predictor_r4/r4_6_signed_plane/R4_6_JVET-hhi.xlsm,Test!B291:E291,scripts/JVET-hhi.xlsm,Reference!B291:E291,pass,pass,Test,True
r4,R4-6,r4_signed_plane,LB,BQMall,C,37,285.6448,31.7048,38.2039,38.149,285.8736,31.6896,38.2493,38.2125,measured,experiments/ts_predictor_r4/r4_6_signed_plane/R4_6_JVET-hhi.xlsm,Test!B292:E292,scripts/JVET-hhi.xlsm,Reference!B292:E292,pass,pass,Test,True
r4,R4-6,r4_signed_plane,LB,BasketballDrill,C,22,2278.9664,41.5883,43.8425,44.8196,2281.3664,41.5919,43.8216,44.8201,measured,experiments/ts_predictor_r4/r4_6_signed_plane/R4_6_JVET-hhi.xlsm,Test!B285:E285,scripts/JVET-hhi.xlsm,Reference!B285:E285,pass,pass,Test,True
r4,R4-6,r4_signed_plane,LB,BasketballDrill,C,27,1008.3056,38.4519,41.3758,41.8327,1009.4128,38.4533,41.3719,41.837,measured,experiments/ts_predictor_r4/r4_6_signed_plane/R4_6_JVET-hhi.xlsm,Test!B286:E286,scripts/JVET-hhi.xlsm,Reference!B286:E286,pass,pass,Test,True
r4,R4-6,r4_signed_plane,LB,BasketballDrill,C,32,497.664,35.4772,39.591,39.7871,497.9232,35.4941,39.5798,39.7882,measured,experiments/ts_predictor_r4/r4_6_signed_plane/R4_6_JVET-hhi.xlsm,Test!B287:E287,scripts/JVET-hhi.xlsm,Reference!B287:E287,pass,pass,Test,True
r4,R4-6,r4_signed_plane,LB,BasketballDrill,C,37,258.3632,32.88,37.8066,37.6458,258.032,32.8837,37.8547,37.6309,measured,experiments/ts_predictor_r4/r4_6_signed_plane/R4_6_JVET-hhi.xlsm,Test!B288:E288,scripts/JVET-hhi.xlsm,Reference!B288:E288,pass,pass,Test,True
r4,R4-6,r4_signed_plane,LB,PartyScene,C,22,6341.8096,38.4838,41.0541,41.7555,6333.4864,38.4919,41.0582,41.7357,measured,experiments/ts_predictor_r4/r4_6_signed_plane/R4_6_JVET-hhi.xlsm,Test!B293:E293,scripts/JVET-hhi.xlsm,Reference!B293:E293,pass,pass,Test,True
r4,R4-6,r4_signed_plane,LB,PartyScene,C,27,2575.0336,34.5251,38.2017,38.6948,2574.6272,34.5298,38.2318,38.7417,measured,experiments/ts_predictor_r4/r4_6_signed_plane/R4_6_JVET-hhi.xlsm,Test!B294:E294,scripts/JVET-hhi.xlsm,Reference!B294:E294,pass,pass,Test,True
r4,R4-6,r4_signed_plane,LB,PartyScene,C,32,1156.0592,31.13,36.29,36.6843,1151.8688,31.1345,36.3179,36.7469,measured,experiments/ts_predictor_r4/r4_6_signed_plane/R4_6_JVET-hhi.xlsm,Test!B295:E295,scripts/JVET-hhi.xlsm,Reference!B295:E295,pass,pass,Test,True
r4,R4-6,r4_signed_plane,LB,PartyScene,C,37,527.608,28.1683,34.8517,35.0471,529.4576,28.1765,34.8684,35.0254,measured,experiments/ts_predictor_r4/r4_6_signed_plane/R4_6_JVET-hhi.xlsm,Test!B296:E296,scripts/JVET-hhi.xlsm,Reference!B296:E296,pass,pass,Test,True
r4,R4-6,r4_signed_plane,LB,RaceHorsesC,C,22,5398.0304,39.3018,40.3587,42.0068,5395.8736,39.3016,40.3558,41.9959,measured,experiments/ts_predictor_r4/r4_6_signed_plane/R4_6_JVET-hhi.xlsm,Test!B297:E297,scripts/JVET-hhi.xlsm,Reference!B297:E297,pass,pass,Test,True
r4,R4-6,r4_signed_plane,LB,RaceHorsesC,C,27,1706.0992,34.8097,37.4534,39.5148,1706.736,34.8133,37.4384,39.5129,measured,experiments/ts_predictor_r4/r4_6_signed_plane/R4_6_JVET-hhi.xlsm,Test!B298:E298,scripts/JVET-hhi.xlsm,Reference!B298:E298,pass,pass,Test,True
r4,R4-6,r4_signed_plane,LB,RaceHorsesC,C,32,714.984,31.5148,36.0945,38.1384,715.512,31.5148,36.1199,38.1472,measured,experiments/ts_predictor_r4/r4_6_signed_plane/R4_6_JVET-hhi.xlsm,Test!B299:E299,scripts/JVET-hhi.xlsm,Reference!B299:E299,pass,pass,Test,True
r4,R4-6,r4_signed_plane,LB,RaceHorsesC,C,37,312.168,28.7028,35.0027,36.6115,311.4896,28.7027,34.9936,36.6498,measured,experiments/ts_predictor_r4/r4_6_signed_plane/R4_6_JVET-hhi.xlsm,Test!B300:E300,scripts/JVET-hhi.xlsm,Reference!B300:E300,pass,pass,Test,True
r4,R4-6,r4_signed_plane,LB,FourPeople,E,22,1685.5504,42.9908,47.2235,48.461,1686.5296,42.9905,47.2338,48.4758,measured,experiments/ts_predictor_r4/r4_6_signed_plane/R4_6_JVET-hhi.xlsm,Test!B317:E317,scripts/JVET-hhi.xlsm,Reference!B317:E317,pass,pass,Test,True
r4,R4-6,r4_signed_plane,LB,FourPeople,E,27,664.9296,40.8802,45.518,46.54,664.8848,40.8811,45.5142,46.5977,measured,experiments/ts_predictor_r4/r4_6_signed_plane/R4_6_JVET-hhi.xlsm,Test!B318:E318,scripts/JVET-hhi.xlsm,Reference!B318:E318,pass,pass,Test,True
r4,R4-6,r4_signed_plane,LB,FourPeople,E,32,337.3088,38.4731,43.6085,44.428,337.8352,38.473,43.5812,44.4063,measured,experiments/ts_predictor_r4/r4_6_signed_plane/R4_6_JVET-hhi.xlsm,Test!B319:E319,scripts/JVET-hhi.xlsm,Reference!B319:E319,pass,pass,Test,True
r4,R4-6,r4_signed_plane,LB,FourPeople,E,37,184.6192,35.7811,41.9541,42.755,184.6192,35.7811,41.9541,42.755,measured,experiments/ts_predictor_r4/r4_6_signed_plane/R4_6_JVET-hhi.xlsm,Test!B320:E320,scripts/JVET-hhi.xlsm,Reference!B320:E320,pass,pass,Test,True
r4,R4-6,r4_signed_plane,LB,Johnny,E,22,1126.2976,43.2242,48.6858,49.364,1126.0784,43.2263,48.71,49.3635,measured,experiments/ts_predictor_r4/r4_6_signed_plane/R4_6_JVET-hhi.xlsm,Test!B321:E321,scripts/JVET-hhi.xlsm,Reference!B321:E321,pass,pass,Test,True
r4,R4-6,r4_signed_plane,LB,Johnny,E,27,344.3824,41.7407,47.4669,47.9865,344.4432,41.7426,47.4506,48.0084,measured,experiments/ts_predictor_r4/r4_6_signed_plane/R4_6_JVET-hhi.xlsm,Test!B322:E322,scripts/JVET-hhi.xlsm,Reference!B322:E322,pass,pass,Test,True
r4,R4-6,r4_signed_plane,LB,Johnny,E,32,160.3824,39.9417,45.7831,46.1682,160.1472,39.9339,45.789,46.1241,measured,experiments/ts_predictor_r4/r4_6_signed_plane/R4_6_JVET-hhi.xlsm,Test!B323:E323,scripts/JVET-hhi.xlsm,Reference!B323:E323,pass,pass,Test,True
r4,R4-6,r4_signed_plane,LB,Johnny,E,37,88.1696,37.8163,44.145,44.5517,87.9216,37.8108,44.1691,44.5637,measured,experiments/ts_predictor_r4/r4_6_signed_plane/R4_6_JVET-hhi.xlsm,Test!B324:E324,scripts/JVET-hhi.xlsm,Reference!B324:E324,pass,pass,Test,True
r4,R4-6,r4_signed_plane,LB,KristenAndSara,E,22,1361.2064,43.684,47.9585,48.9689,1358.8928,43.6854,47.9669,48.9511,measured,experiments/ts_predictor_r4/r4_6_signed_plane/R4_6_JVET-hhi.xlsm,Test!B325:E325,scripts/JVET-hhi.xlsm,Reference!B325:E325,pass,pass,Test,True
r4,R4-6,r4_signed_plane,LB,KristenAndSara,E,27,497.352,41.8047,46.4641,47.22,496.5248,41.804,46.4015,47.2568,measured,experiments/ts_predictor_r4/r4_6_signed_plane/R4_6_JVET-hhi.xlsm,Test!B326:E326,scripts/JVET-hhi.xlsm,Reference!B326:E326,pass,pass,Test,True
r4,R4-6,r4_signed_plane,LB,KristenAndSara,E,32,231.728,39.6272,44.7389,45.3238,232.1408,39.6293,44.7582,45.2557,measured,experiments/ts_predictor_r4/r4_6_signed_plane/R4_6_JVET-hhi.xlsm,Test!B327:E327,scripts/JVET-hhi.xlsm,Reference!B327:E327,pass,pass,Test,True
r4,R4-6,r4_signed_plane,LB,KristenAndSara,E,37,123.4496,37.2139,43.0396,43.6902,123.4496,37.2139,43.0396,43.6902,measured,experiments/ts_predictor_r4/r4_6_signed_plane/R4_6_JVET-hhi.xlsm,Test!B328:E328,scripts/JVET-hhi.xlsm,Reference!B328:E328,pass,pass,Test,True
r5,R5-1,r5_margin_first,LB,BQMall,C,22,2874.8944,40.0864,43.4565,44.5287,2874.3776,40.0827,43.4481,44.5175,measured,experiments/ts_predictor_r5/r5_1_margin_first/JVET-hhi.xlsm,Test!B289:E289,scripts/JVET-hhi.xlsm,Reference!B289:E289,pass,pass,Test,True
r5,R5-1,r5_margin_first,LB,BQMall,C,27,1168.2416,37.1909,41.3893,41.8146,1168.984,37.1948,41.404,41.8452,measured,experiments/ts_predictor_r5/r5_1_margin_first/JVET-hhi.xlsm,Test!B290:E290,scripts/JVET-hhi.xlsm,Reference!B290:E290,pass,pass,Test,True
r5,R5-1,r5_margin_first,LB,BQMall,C,32,557.1488,34.3853,39.6312,39.877,557.0192,34.3904,39.6007,39.8058,measured,experiments/ts_predictor_r5/r5_1_margin_first/JVET-hhi.xlsm,Test!B291:E291,scripts/JVET-hhi.xlsm,Reference!B291:E291,pass,pass,Test,True
r5,R5-1,r5_margin_first,LB,BQMall,C,37,285.6448,31.7048,38.2039,38.149,285.8736,31.6896,38.2493,38.2125,measured,experiments/ts_predictor_r5/r5_1_margin_first/JVET-hhi.xlsm,Test!B292:E292,scripts/JVET-hhi.xlsm,Reference!B292:E292,pass,pass,Test,True
r5,R5-1,r5_margin_first,LB,BasketballDrill,C,22,2278.9664,41.5883,43.8425,44.8196,2277.5984,41.5925,43.8253,44.8247,measured,experiments/ts_predictor_r5/r5_1_margin_first/JVET-hhi.xlsm,Test!B285:E285,scripts/JVET-hhi.xlsm,Reference!B285:E285,pass,pass,Test,True
r5,R5-1,r5_margin_first,LB,BasketballDrill,C,27,1008.3056,38.4519,41.3758,41.8327,1009.7824,38.4546,41.3835,41.8509,measured,experiments/ts_predictor_r5/r5_1_margin_first/JVET-hhi.xlsm,Test!B286:E286,scripts/JVET-hhi.xlsm,Reference!B286:E286,pass,pass,Test,True
r5,R5-1,r5_margin_first,LB,BasketballDrill,C,32,497.664,35.4772,39.591,39.7871,497.624,35.4916,39.5642,39.7957,measured,experiments/ts_predictor_r5/r5_1_margin_first/JVET-hhi.xlsm,Test!B287:E287,scripts/JVET-hhi.xlsm,Reference!B287:E287,pass,pass,Test,True
r5,R5-1,r5_margin_first,LB,BasketballDrill,C,37,258.3632,32.88,37.8066,37.6458,258.032,32.8837,37.8547,37.6309,measured,experiments/ts_predictor_r5/r5_1_margin_first/JVET-hhi.xlsm,Test!B288:E288,scripts/JVET-hhi.xlsm,Reference!B288:E288,pass,pass,Test,True
r5,R5-1,r5_margin_first,LB,PartyScene,C,22,6341.8096,38.4838,41.0541,41.7555,6342.2064,38.4878,41.0568,41.7473,measured,experiments/ts_predictor_r5/r5_1_margin_first/JVET-hhi.xlsm,Test!B293:E293,scripts/JVET-hhi.xlsm,Reference!B293:E293,pass,pass,Test,True
r5,R5-1,r5_margin_first,LB,PartyScene,C,27,2575.0336,34.5251,38.2017,38.6948,2573.0368,34.5305,38.2292,38.7429,measured,experiments/ts_predictor_r5/r5_1_margin_first/JVET-hhi.xlsm,Test!B294:E294,scripts/JVET-hhi.xlsm,Reference!B294:E294,pass,pass,Test,True
r5,R5-1,r5_margin_first,LB,PartyScene,C,32,1156.0592,31.13,36.29,36.6843,1152.9712,31.1253,36.3595,36.7413,measured,experiments/ts_predictor_r5/r5_1_margin_first/JVET-hhi.xlsm,Test!B295:E295,scripts/JVET-hhi.xlsm,Reference!B295:E295,pass,pass,Test,True
r5,R5-1,r5_margin_first,LB,PartyScene,C,37,527.608,28.1683,34.8517,35.0471,527.2784,28.1541,34.876,35.0395,measured,experiments/ts_predictor_r5/r5_1_margin_first/JVET-hhi.xlsm,Test!B296:E296,scripts/JVET-hhi.xlsm,Reference!B296:E296,pass,pass,Test,True
r5,R5-1,r5_margin_first,LB,RaceHorsesC,C,22,5398.0304,39.3018,40.3587,42.0068,5391.416,39.2971,40.363,42.0156,measured,experiments/ts_predictor_r5/r5_1_margin_first/JVET-hhi.xlsm,Test!B297:E297,scripts/JVET-hhi.xlsm,Reference!B297:E297,pass,pass,Test,True
r5,R5-1,r5_margin_first,LB,RaceHorsesC,C,27,1706.0992,34.8097,37.4534,39.5148,1707.9328,34.8173,37.439,39.5191,measured,experiments/ts_predictor_r5/r5_1_margin_first/JVET-hhi.xlsm,Test!B298:E298,scripts/JVET-hhi.xlsm,Reference!B298:E298,pass,pass,Test,True
r5,R5-1,r5_margin_first,LB,RaceHorsesC,C,32,714.984,31.5148,36.0945,38.1384,715.0592,31.517,36.1219,38.105,measured,experiments/ts_predictor_r5/r5_1_margin_first/JVET-hhi.xlsm,Test!B299:E299,scripts/JVET-hhi.xlsm,Reference!B299:E299,pass,pass,Test,True
r5,R5-1,r5_margin_first,LB,RaceHorsesC,C,37,312.168,28.7028,35.0027,36.6115,311.7168,28.6987,35.0011,36.6294,measured,experiments/ts_predictor_r5/r5_1_margin_first/JVET-hhi.xlsm,Test!B300:E300,scripts/JVET-hhi.xlsm,Reference!B300:E300,pass,pass,Test,True
r5,R5-1,r5_margin_first,LB,FourPeople,E,22,1685.5504,42.9908,47.2235,48.461,1686.472,42.9905,47.2335,48.4812,measured,experiments/ts_predictor_r5/r5_1_margin_first/JVET-hhi.xlsm,Test!B317:E317,scripts/JVET-hhi.xlsm,Reference!B317:E317,pass,pass,Test,True
r5,R5-1,r5_margin_first,LB,FourPeople,E,27,664.9296,40.8802,45.518,46.54,666.3504,40.8905,45.5547,46.5978,measured,experiments/ts_predictor_r5/r5_1_margin_first/JVET-hhi.xlsm,Test!B318:E318,scripts/JVET-hhi.xlsm,Reference!B318:E318,pass,pass,Test,True
r5,R5-1,r5_margin_first,LB,FourPeople,E,32,337.3088,38.4731,43.6085,44.428,337.8352,38.473,43.5812,44.4063,measured,experiments/ts_predictor_r5/r5_1_margin_first/JVET-hhi.xlsm,Test!B319:E319,scripts/JVET-hhi.xlsm,Reference!B319:E319,pass,pass,Test,True
r5,R5-1,r5_margin_first,LB,FourPeople,E,37,184.6192,35.7811,41.9541,42.755,184.6192,35.7811,41.9541,42.755,measured,experiments/ts_predictor_r5/r5_1_margin_first/JVET-hhi.xlsm,Test!B320:E320,scripts/JVET-hhi.xlsm,Reference!B320:E320,pass,pass,Test,True
r5,R5-1,r5_margin_first,LB,Johnny,E,22,1126.2976,43.2242,48.6858,49.364,1125.648,43.226,48.7102,49.3657,measured,experiments/ts_predictor_r5/r5_1_margin_first/JVET-hhi.xlsm,Test!B321:E321,scripts/JVET-hhi.xlsm,Reference!B321:E321,pass,pass,Test,True
r5,R5-1,r5_margin_first,LB,Johnny,E,27,344.3824,41.7407,47.4669,47.9865,344.4432,41.7426,47.4506,48.0084,measured,experiments/ts_predictor_r5/r5_1_margin_first/JVET-hhi.xlsm,Test!B322:E322,scripts/JVET-hhi.xlsm,Reference!B322:E322,pass,pass,Test,True
r5,R5-1,r5_margin_first,LB,Johnny,E,32,160.3824,39.9417,45.7831,46.1682,160.3824,39.9417,45.7831,46.1682,measured,experiments/ts_predictor_r5/r5_1_margin_first/JVET-hhi.xlsm,Test!B323:E323,scripts/JVET-hhi.xlsm,Reference!B323:E323,pass,pass,Test,True
r5,R5-1,r5_margin_first,LB,Johnny,E,37,88.1696,37.8163,44.145,44.5517,87.9216,37.8108,44.1691,44.5637,measured,experiments/ts_predictor_r5/r5_1_margin_first/JVET-hhi.xlsm,Test!B324:E324,scripts/JVET-hhi.xlsm,Reference!B324:E324,pass,pass,Test,True
r5,R5-1,r5_margin_first,LB,KristenAndSara,E,22,1361.2064,43.684,47.9585,48.9689,1358.8928,43.6854,47.9669,48.9511,measured,experiments/ts_predictor_r5/r5_1_margin_first/JVET-hhi.xlsm,Test!B325:E325,scripts/JVET-hhi.xlsm,Reference!B325:E325,pass,pass,Test,True
r5,R5-1,r5_margin_first,LB,KristenAndSara,E,27,497.352,41.8047,46.4641,47.22,496.5248,41.804,46.4015,47.2568,measured,experiments/ts_predictor_r5/r5_1_margin_first/JVET-hhi.xlsm,Test!B326:E326,scripts/JVET-hhi.xlsm,Reference!B326:E326,pass,pass,Test,True
r5,R5-1,r5_margin_first,LB,KristenAndSara,E,32,231.728,39.6272,44.7389,45.3238,232.1408,39.6293,44.7582,45.2557,measured,experiments/ts_predictor_r5/r5_1_margin_first/JVET-hhi.xlsm,Test!B327:E327,scripts/JVET-hhi.xlsm,Reference!B327:E327,pass,pass,Test,True
r5,R5-1,r5_margin_first,LB,KristenAndSara,E,37,123.4496,37.2139,43.0396,43.6902,123.4496,37.2139,43.0396,43.6902,measured,experiments/ts_predictor_r5/r5_1_margin_first/JVET-hhi.xlsm,Test!B328:E328,scripts/JVET-hhi.xlsm,Reference!B328:E328,pass,pass,Test,True
r5,R5-2,r5_current_veto,LB,BQMall,C,22,2874.8944,40.0864,43.4565,44.5287,2874.3776,40.0827,43.4481,44.5175,measured,experiments/ts_predictor_r5/JVET-hhi.xlsm,Test!B289:E289,scripts/JVET-hhi.xlsm,Reference!B289:E289,pass,pass,Test,True
r5,R5-2,r5_current_veto,LB,BQMall,C,27,1168.2416,37.1909,41.3893,41.8146,1168.984,37.1948,41.404,41.8452,measured,experiments/ts_predictor_r5/JVET-hhi.xlsm,Test!B290:E290,scripts/JVET-hhi.xlsm,Reference!B290:E290,pass,pass,Test,True
r5,R5-2,r5_current_veto,LB,BQMall,C,32,557.1488,34.3853,39.6312,39.877,557.0192,34.3904,39.6007,39.8058,measured,experiments/ts_predictor_r5/JVET-hhi.xlsm,Test!B291:E291,scripts/JVET-hhi.xlsm,Reference!B291:E291,pass,pass,Test,True
r5,R5-2,r5_current_veto,LB,BQMall,C,37,285.6448,31.7048,38.2039,38.149,285.8736,31.6896,38.2493,38.2125,measured,experiments/ts_predictor_r5/JVET-hhi.xlsm,Test!B292:E292,scripts/JVET-hhi.xlsm,Reference!B292:E292,pass,pass,Test,True
r5,R5-2,r5_current_veto,LB,BasketballDrill,C,22,2278.9664,41.5883,43.8425,44.8196,2277.5984,41.5925,43.8253,44.8247,measured,experiments/ts_predictor_r5/JVET-hhi.xlsm,Test!B285:E285,scripts/JVET-hhi.xlsm,Reference!B285:E285,pass,pass,Test,True
r5,R5-2,r5_current_veto,LB,BasketballDrill,C,27,1008.3056,38.4519,41.3758,41.8327,1009.7824,38.4546,41.3835,41.8509,measured,experiments/ts_predictor_r5/JVET-hhi.xlsm,Test!B286:E286,scripts/JVET-hhi.xlsm,Reference!B286:E286,pass,pass,Test,True
r5,R5-2,r5_current_veto,LB,BasketballDrill,C,32,497.664,35.4772,39.591,39.7871,497.624,35.4916,39.5642,39.7957,measured,experiments/ts_predictor_r5/JVET-hhi.xlsm,Test!B287:E287,scripts/JVET-hhi.xlsm,Reference!B287:E287,pass,pass,Test,True
r5,R5-2,r5_current_veto,LB,BasketballDrill,C,37,258.3632,32.88,37.8066,37.6458,258.032,32.8837,37.8547,37.6309,measured,experiments/ts_predictor_r5/JVET-hhi.xlsm,Test!B288:E288,scripts/JVET-hhi.xlsm,Reference!B288:E288,pass,pass,Test,True
r5,R5-2,r5_current_veto,LB,PartyScene,C,22,6341.8096,38.4838,41.0541,41.7555,6342.2064,38.4878,41.0568,41.7473,measured,experiments/ts_predictor_r5/JVET-hhi.xlsm,Test!B293:E293,scripts/JVET-hhi.xlsm,Reference!B293:E293,pass,pass,Test,True
r5,R5-2,r5_current_veto,LB,PartyScene,C,27,2575.0336,34.5251,38.2017,38.6948,2573.0368,34.5305,38.2292,38.7429,measured,experiments/ts_predictor_r5/JVET-hhi.xlsm,Test!B294:E294,scripts/JVET-hhi.xlsm,Reference!B294:E294,pass,pass,Test,True
r5,R5-2,r5_current_veto,LB,PartyScene,C,32,1156.0592,31.13,36.29,36.6843,1152.9712,31.1253,36.3595,36.7413,measured,experiments/ts_predictor_r5/JVET-hhi.xlsm,Test!B295:E295,scripts/JVET-hhi.xlsm,Reference!B295:E295,pass,pass,Test,True
r5,R5-2,r5_current_veto,LB,PartyScene,C,37,527.608,28.1683,34.8517,35.0471,527.2784,28.1541,34.876,35.0395,measured,experiments/ts_predictor_r5/JVET-hhi.xlsm,Test!B296:E296,scripts/JVET-hhi.xlsm,Reference!B296:E296,pass,pass,Test,True
r5,R5-2,r5_current_veto,LB,RaceHorsesC,C,22,5398.0304,39.3018,40.3587,42.0068,5391.416,39.2971,40.363,42.0156,measured,experiments/ts_predictor_r5/JVET-hhi.xlsm,Test!B297:E297,scripts/JVET-hhi.xlsm,Reference!B297:E297,pass,pass,Test,True
r5,R5-2,r5_current_veto,LB,RaceHorsesC,C,27,1706.0992,34.8097,37.4534,39.5148,1707.9328,34.8173,37.439,39.5191,measured,experiments/ts_predictor_r5/JVET-hhi.xlsm,Test!B298:E298,scripts/JVET-hhi.xlsm,Reference!B298:E298,pass,pass,Test,True
r5,R5-2,r5_current_veto,LB,RaceHorsesC,C,32,714.984,31.5148,36.0945,38.1384,715.0592,31.517,36.1219,38.105,measured,experiments/ts_predictor_r5/JVET-hhi.xlsm,Test!B299:E299,scripts/JVET-hhi.xlsm,Reference!B299:E299,pass,pass,Test,True
r5,R5-2,r5_current_veto,LB,RaceHorsesC,C,37,312.168,28.7028,35.0027,36.6115,311.7168,28.6987,35.0011,36.6294,measured,experiments/ts_predictor_r5/JVET-hhi.xlsm,Test!B300:E300,scripts/JVET-hhi.xlsm,Reference!B300:E300,pass,pass,Test,True
r5,R5-2,r5_current_veto,LB,FourPeople,E,22,1685.5504,42.9908,47.2235,48.461,1686.472,42.9905,47.2335,48.4812,measured,experiments/ts_predictor_r5/JVET-hhi.xlsm,Test!B317:E317,scripts/JVET-hhi.xlsm,Reference!B317:E317,pass,pass,Test,True
r5,R5-2,r5_current_veto,LB,FourPeople,E,27,664.9296,40.8802,45.518,46.54,666.3504,40.8905,45.5547,46.5978,measured,experiments/ts_predictor_r5/JVET-hhi.xlsm,Test!B318:E318,scripts/JVET-hhi.xlsm,Reference!B318:E318,pass,pass,Test,True
r5,R5-2,r5_current_veto,LB,FourPeople,E,32,337.3088,38.4731,43.6085,44.428,337.8352,38.473,43.5812,44.4063,measured,experiments/ts_predictor_r5/JVET-hhi.xlsm,Test!B319:E319,scripts/JVET-hhi.xlsm,Reference!B319:E319,pass,pass,Test,True
r5,R5-2,r5_current_veto,LB,FourPeople,E,37,184.6192,35.7811,41.9541,42.755,184.6192,35.7811,41.9541,42.755,measured,experiments/ts_predictor_r5/JVET-hhi.xlsm,Test!B320:E320,scripts/JVET-hhi.xlsm,Reference!B320:E320,pass,pass,Test,True
r5,R5-2,r5_current_veto,LB,Johnny,E,22,1126.2976,43.2242,48.6858,49.364,1125.648,43.226,48.7102,49.3657,measured,experiments/ts_predictor_r5/JVET-hhi.xlsm,Test!B321:E321,scripts/JVET-hhi.xlsm,Reference!B321:E321,pass,pass,Test,True
r5,R5-2,r5_current_veto,LB,Johnny,E,27,344.3824,41.7407,47.4669,47.9865,344.4432,41.7426,47.4506,48.0084,measured,experiments/ts_predictor_r5/JVET-hhi.xlsm,Test!B322:E322,scripts/JVET-hhi.xlsm,Reference!B322:E322,pass,pass,Test,True
r5,R5-2,r5_current_veto,LB,Johnny,E,32,160.3824,39.9417,45.7831,46.1682,160.3824,39.9417,45.7831,46.1682,measured,experiments/ts_predictor_r5/JVET-hhi.xlsm,Test!B323:E323,scripts/JVET-hhi.xlsm,Reference!B323:E323,pass,pass,Test,True
r5,R5-2,r5_current_veto,LB,Johnny,E,37,88.1696,37.8163,44.145,44.5517,87.9216,37.8108,44.1691,44.5637,measured,experiments/ts_predictor_r5/JVET-hhi.xlsm,Test!B324:E324,scripts/JVET-hhi.xlsm,Reference!B324:E324,pass,pass,Test,True
r5,R5-2,r5_current_veto,LB,KristenAndSara,E,22,1361.2064,43.684,47.9585,48.9689,1358.8928,43.6854,47.9669,48.9511,measured,experiments/ts_predictor_r5/JVET-hhi.xlsm,Test!B325:E325,scripts/JVET-hhi.xlsm,Reference!B325:E325,pass,pass,Test,True
r5,R5-2,r5_current_veto,LB,KristenAndSara,E,27,497.352,41.8047,46.4641,47.22,496.5248,41.804,46.4015,47.2568,measured,experiments/ts_predictor_r5/JVET-hhi.xlsm,Test!B326:E326,scripts/JVET-hhi.xlsm,Reference!B326:E326,pass,pass,Test,True
r5,R5-2,r5_current_veto,LB,KristenAndSara,E,32,231.728,39.6272,44.7389,45.3238,232.1408,39.6293,44.7582,45.2557,measured,experiments/ts_predictor_r5/JVET-hhi.xlsm,Test!B327:E327,scripts/JVET-hhi.xlsm,Reference!B327:E327,pass,pass,Test,True
r5,R5-2,r5_current_veto,LB,KristenAndSara,E,37,123.4496,37.2139,43.0396,43.6902,123.4496,37.2139,43.0396,43.6902,measured,experiments/ts_predictor_r5/JVET-hhi.xlsm,Test!B328:E328,scripts/JVET-hhi.xlsm,Reference!B328:E328,pass,pass,Test,True
r6,R6-1,r6_dense_nopred,LB,BQMall,C,22,2874.8944,40.0864,43.4565,44.5287,2873.4896,40.0868,43.4532,44.5141,measured,experiments/ts_predictor_r6/R6_1_JVET-hhi.xlsm,Test!B289:E289,scripts/JVET-hhi.xlsm,Reference!B289:E289,pass,pass,Test,True
r6,R6-1,r6_dense_nopred,LB,BQMall,C,27,1168.2416,37.1909,41.3893,41.8146,1169.4384,37.1909,41.3767,41.8459,measured,experiments/ts_predictor_r6/R6_1_JVET-hhi.xlsm,Test!B290:E290,scripts/JVET-hhi.xlsm,Reference!B290:E290,pass,pass,Test,True
r6,R6-1,r6_dense_nopred,LB,BQMall,C,32,557.1488,34.3853,39.6312,39.877,557.2208,34.3871,39.6667,39.8222,measured,experiments/ts_predictor_r6/R6_1_JVET-hhi.xlsm,Test!B291:E291,scripts/JVET-hhi.xlsm,Reference!B291:E291,pass,pass,Test,True
r6,R6-1,r6_dense_nopred,LB,BQMall,C,37,285.6448,31.7048,38.2039,38.149,285.1728,31.6959,38.2481,38.1644,measured,experiments/ts_predictor_r6/R6_1_JVET-hhi.xlsm,Test!B292:E292,scripts/JVET-hhi.xlsm,Reference!B292:E292,pass,pass,Test,True
r6,R6-1,r6_dense_nopred,LB,BasketballDrill,C,22,2278.9664,41.5883,43.8425,44.8196,2281.5568,41.5962,43.831,44.8334,measured,experiments/ts_predictor_r6/R6_1_JVET-hhi.xlsm,Test!B285:E285,scripts/JVET-hhi.xlsm,Reference!B285:E285,pass,pass,Test,True
r6,R6-1,r6_dense_nopred,LB,BasketballDrill,C,27,1008.3056,38.4519,41.3758,41.8327,1009.2976,38.4524,41.3783,41.8486,measured,experiments/ts_predictor_r6/R6_1_JVET-hhi.xlsm,Test!B286:E286,scripts/JVET-hhi.xlsm,Reference!B286:E286,pass,pass,Test,True
r6,R6-1,r6_dense_nopred,LB,BasketballDrill,C,32,497.664,35.4772,39.591,39.7871,498.392,35.4971,39.5773,39.8038,measured,experiments/ts_predictor_r6/R6_1_JVET-hhi.xlsm,Test!B287:E287,scripts/JVET-hhi.xlsm,Reference!B287:E287,pass,pass,Test,True
r6,R6-1,r6_dense_nopred,LB,BasketballDrill,C,37,258.3632,32.88,37.8066,37.6458,259.1168,32.8961,37.8048,37.6527,measured,experiments/ts_predictor_r6/R6_1_JVET-hhi.xlsm,Test!B288:E288,scripts/JVET-hhi.xlsm,Reference!B288:E288,pass,pass,Test,True
r6,R6-1,r6_dense_nopred,LB,PartyScene,C,22,6341.8096,38.4838,41.0541,41.7555,6341.696,38.4851,41.0581,41.7436,measured,experiments/ts_predictor_r6/R6_1_JVET-hhi.xlsm,Test!B293:E293,scripts/JVET-hhi.xlsm,Reference!B293:E293,pass,pass,Test,True
r6,R6-1,r6_dense_nopred,LB,PartyScene,C,27,2575.0336,34.5251,38.2017,38.6948,2574.2496,34.524,38.2471,38.7371,measured,experiments/ts_predictor_r6/R6_1_JVET-hhi.xlsm,Test!B294:E294,scripts/JVET-hhi.xlsm,Reference!B294:E294,pass,pass,Test,True
r6,R6-1,r6_dense_nopred,LB,PartyScene,C,32,1156.0592,31.13,36.29,36.6843,1153.2192,31.1293,36.3299,36.6799,measured,experiments/ts_predictor_r6/R6_1_JVET-hhi.xlsm,Test!B295:E295,scripts/JVET-hhi.xlsm,Reference!B295:E295,pass,pass,Test,True
r6,R6-1,r6_dense_nopred,LB,PartyScene,C,37,527.608,28.1683,34.8517,35.0471,528.9248,28.1707,34.7827,35.0094,measured,experiments/ts_predictor_r6/R6_1_JVET-hhi.xlsm,Test!B296:E296,scripts/JVET-hhi.xlsm,Reference!B296:E296,pass,pass,Test,True
r6,R6-1,r6_dense_nopred,LB,RaceHorsesC,C,22,5398.0304,39.3018,40.3587,42.0068,5400.1472,39.3034,40.3592,42.0018,measured,experiments/ts_predictor_r6/R6_1_JVET-hhi.xlsm,Test!B297:E297,scripts/JVET-hhi.xlsm,Reference!B297:E297,pass,pass,Test,True
r6,R6-1,r6_dense_nopred,LB,RaceHorsesC,C,27,1706.0992,34.8097,37.4534,39.5148,1706.3312,34.8168,37.4668,39.527,measured,experiments/ts_predictor_r6/R6_1_JVET-hhi.xlsm,Test!B298:E298,scripts/JVET-hhi.xlsm,Reference!B298:E298,pass,pass,Test,True
r6,R6-1,r6_dense_nopred,LB,RaceHorsesC,C,32,714.984,31.5148,36.0945,38.1384,714.0272,31.5128,36.0971,38.1492,measured,experiments/ts_predictor_r6/R6_1_JVET-hhi.xlsm,Test!B299:E299,scripts/JVET-hhi.xlsm,Reference!B299:E299,pass,pass,Test,True
r6,R6-1,r6_dense_nopred,LB,RaceHorsesC,C,37,312.168,28.7028,35.0027,36.6115,310.856,28.6864,35.0017,36.6217,measured,experiments/ts_predictor_r6/R6_1_JVET-hhi.xlsm,Test!B300:E300,scripts/JVET-hhi.xlsm,Reference!B300:E300,pass,pass,Test,True
r6,R6-1,r6_dense_nopred,LB,FourPeople,E,22,1685.5504,42.9908,47.2235,48.461,1687.6944,42.9891,47.2161,48.4717,measured,experiments/ts_predictor_r6/R6_1_JVET-hhi.xlsm,Test!B317:E317,scripts/JVET-hhi.xlsm,Reference!B317:E317,pass,pass,Test,True
r6,R6-1,r6_dense_nopred,LB,FourPeople,E,27,664.9296,40.8802,45.518,46.54,664.8704,40.8846,45.5071,46.6121,measured,experiments/ts_predictor_r6/R6_1_JVET-hhi.xlsm,Test!B318:E318,scripts/JVET-hhi.xlsm,Reference!B318:E318,pass,pass,Test,True
r6,R6-1,r6_dense_nopred,LB,FourPeople,E,32,337.3088,38.4731,43.6085,44.428,338.1008,38.462,43.6093,44.4287,measured,experiments/ts_predictor_r6/R6_1_JVET-hhi.xlsm,Test!B319:E319,scripts/JVET-hhi.xlsm,Reference!B319:E319,pass,pass,Test,True
r6,R6-1,r6_dense_nopred,LB,FourPeople,E,37,184.6192,35.7811,41.9541,42.755,184.8816,35.7833,41.9872,42.7016,measured,experiments/ts_predictor_r6/R6_1_JVET-hhi.xlsm,Test!B320:E320,scripts/JVET-hhi.xlsm,Reference!B320:E320,pass,pass,Test,True
r6,R6-1,r6_dense_nopred,LB,Johnny,E,22,1126.2976,43.2242,48.6858,49.364,1128.7056,43.2279,48.6922,49.3609,measured,experiments/ts_predictor_r6/R6_1_JVET-hhi.xlsm,Test!B321:E321,scripts/JVET-hhi.xlsm,Reference!B321:E321,pass,pass,Test,True
r6,R6-1,r6_dense_nopred,LB,Johnny,E,27,344.3824,41.7407,47.4669,47.9865,344.5328,41.7332,47.4633,47.964,measured,experiments/ts_predictor_r6/R6_1_JVET-hhi.xlsm,Test!B322:E322,scripts/JVET-hhi.xlsm,Reference!B322:E322,pass,pass,Test,True
r6,R6-1,r6_dense_nopred,LB,Johnny,E,32,160.3824,39.9417,45.7831,46.1682,160.2656,39.948,45.7602,46.152,measured,experiments/ts_predictor_r6/R6_1_JVET-hhi.xlsm,Test!B323:E323,scripts/JVET-hhi.xlsm,Reference!B323:E323,pass,pass,Test,True
r6,R6-1,r6_dense_nopred,LB,Johnny,E,37,88.1696,37.8163,44.145,44.5517,87.9936,37.8157,44.1585,44.5627,measured,experiments/ts_predictor_r6/R6_1_JVET-hhi.xlsm,Test!B324:E324,scripts/JVET-hhi.xlsm,Reference!B324:E324,pass,pass,Test,True
r6,R6-1,r6_dense_nopred,LB,KristenAndSara,E,22,1361.2064,43.684,47.9585,48.9689,1358.0848,43.6905,47.9669,48.9235,measured,experiments/ts_predictor_r6/R6_1_JVET-hhi.xlsm,Test!B325:E325,scripts/JVET-hhi.xlsm,Reference!B325:E325,pass,pass,Test,True
r6,R6-1,r6_dense_nopred,LB,KristenAndSara,E,27,497.352,41.8047,46.4641,47.22,498.1472,41.8118,46.4515,47.2398,measured,experiments/ts_predictor_r6/R6_1_JVET-hhi.xlsm,Test!B326:E326,scripts/JVET-hhi.xlsm,Reference!B326:E326,pass,pass,Test,True
r6,R6-1,r6_dense_nopred,LB,KristenAndSara,E,32,231.728,39.6272,44.7389,45.3238,230.7872,39.6203,44.5931,45.2289,measured,experiments/ts_predictor_r6/R6_1_JVET-hhi.xlsm,Test!B327:E327,scripts/JVET-hhi.xlsm,Reference!B327:E327,pass,pass,Test,True
r6,R6-1,r6_dense_nopred,LB,KristenAndSara,E,37,123.4496,37.2139,43.0396,43.6902,123.1872,37.218,43.0792,43.6602,measured,experiments/ts_predictor_r6/R6_1_JVET-hhi.xlsm,Test!B328:E328,scripts/JVET-hhi.xlsm,Reference!B328:E328,pass,pass,Test,True
r6,R6-2,r6_reject_nopred,LB,BQTerrace,B,22,28642.616,38.2232,42.9341,45.3832,28637.0688,38.2244,42.943,45.3799,measured,experiments/ts_predictor_r6/R6_2_JVET-hhi.xlsm,Test!B281:E281,scripts/JVET-hhi.xlsm,Reference!B281:E281,pass,pass,Test,False
r6,R6-2,r6_reject_nopred,LB,BQTerrace,B,27,3625.1632,35.9183,41.8958,44.3897,3623.7888,35.9192,41.8965,44.402,measured,experiments/ts_predictor_r6/R6_2_JVET-hhi.xlsm,Test!B282:E282,scripts/JVET-hhi.xlsm,Reference!B282:E282,pass,pass,Test,True
r6,R6-2,r6_reject_nopred,LB,BQTerrace,B,32,1234.6176,34.376,40.745,43.192,1239.1552,34.3769,40.7258,43.1868,measured,experiments/ts_predictor_r6/R6_2_JVET-hhi.xlsm,Test!B283:E283,scripts/JVET-hhi.xlsm,Reference!B283:E283,pass,pass,Test,True
r6,R6-2,r6_reject_nopred,LB,BQTerrace,B,37,505.2032,32.6649,39.6092,42.1495,506.5712,32.6645,39.6293,42.1638,measured,experiments/ts_predictor_r6/R6_2_JVET-hhi.xlsm,Test!B284:E284,scripts/JVET-hhi.xlsm,Reference!B284:E284,pass,pass,Test,True
r6,R6-2,r6_reject_nopred,LB,BasketballDrive,B,22,13118.7216,39.5612,44.2584,45.5693,13115.1856,39.5601,44.2583,45.576,measured,experiments/ts_predictor_r6/R6_2_JVET-hhi.xlsm,Test!B277:E277,scripts/JVET-hhi.xlsm,Reference!B277:E277,pass,pass,Test,False
r6,R6-2,r6_reject_nopred,LB,BasketballDrive,B,27,4130.424,37.7724,42.7129,43.099,4132.92,37.7723,42.714,43.1047,measured,experiments/ts_predictor_r6/R6_2_JVET-hhi.xlsm,Test!B278:E278,scripts/JVET-hhi.xlsm,Reference!B278:E278,pass,pass,Test,True
r6,R6-2,r6_reject_nopred,LB,BasketballDrive,B,32,1979.0816,35.9507,41.5407,41.4075,1976.8176,35.9533,41.5177,41.4118,measured,experiments/ts_predictor_r6/R6_2_JVET-hhi.xlsm,Test!B279:E279,scripts/JVET-hhi.xlsm,Reference!B279:E279,pass,pass,Test,True
r6,R6-2,r6_reject_nopred,LB,BasketballDrive,B,37,1019.4736,33.99,40.2568,39.4332,1018.824,33.9957,40.238,39.4348,measured,experiments/ts_predictor_r6/R6_2_JVET-hhi.xlsm,Test!B280:E280,scripts/JVET-hhi.xlsm,Reference!B280:E280,pass,pass,Test,True
r6,R6-2,r6_reject_nopred,LB,Cactus,B,22,10163.0032,38.6754,40.1807,43.8575,10152.7904,38.6745,40.181,43.8643,measured,experiments/ts_predictor_r6/R6_2_JVET-hhi.xlsm,Test!B273:E273,scripts/JVET-hhi.xlsm,Reference!B273:E273,pass,pass,Test,False
r6,R6-2,r6_reject_nopred,LB,Cactus,B,27,3073.9616,36.8377,39.2891,41.9174,3067.7376,36.8379,39.3007,41.9188,measured,experiments/ts_predictor_r6/R6_2_JVET-hhi.xlsm,Test!B274:E274,scripts/JVET-hhi.xlsm,Reference!B274:E274,pass,pass,Test,True
r6,R6-2,r6_reject_nopred,LB,Cactus,B,32,1408.3744,34.8538,38.4643,40.2084,1410.368,34.8511,38.4764,40.2508,measured,experiments/ts_predictor_r6/R6_2_JVET-hhi.xlsm,Test!B275:E275,scripts/JVET-hhi.xlsm,Reference!B275:E275,pass,pass,Test,True
r6,R6-2,r6_reject_nopred,LB,Cactus,B,37,694.5264,32.6939,37.4156,38.567,693.8992,32.7014,37.4034,38.5421,measured,experiments/ts_predictor_r6/R6_2_JVET-hhi.xlsm,Test!B276:E276,scripts/JVET-hhi.xlsm,Reference!B276:E276,pass,pass,Test,True
r6,R6-2,r6_reject_nopred,LB,MarketPlace,B,22,9258.3792,40.5867,44.4432,45.0589,9257.0848,40.5855,44.4487,45.058,measured,experiments/ts_predictor_r6/R6_2_JVET-hhi.xlsm,Test!B265:E265,scripts/JVET-hhi.xlsm,Reference!B265:E265,pass,pass,Test,False
r6,R6-2,r6_reject_nopred,LB,MarketPlace,B,27,3046.1632,38.8761,43.1623,43.5444,3041.784,38.8763,43.1565,43.5471,measured,experiments/ts_predictor_r6/R6_2_JVET-hhi.xlsm,Test!B266:E266,scripts/JVET-hhi.xlsm,Reference!B266:E266,pass,pass,Test,True
r6,R6-2,r6_reject_nopred,LB,MarketPlace,B,32,1362.1424,36.94,42.0506,42.1599,1360.1984,36.938,42.0571,42.1585,measured,experiments/ts_predictor_r6/R6_2_JVET-hhi.xlsm,Test!B267:E267,scripts/JVET-hhi.xlsm,Reference!B267:E267,pass,pass,Test,True
r6,R6-2,r6_reject_nopred,LB,MarketPlace,B,37,655.2016,34.8411,40.9802,41.0485,653.9744,34.8356,40.9556,41.0462,measured,experiments/ts_predictor_r6/R6_2_JVET-hhi.xlsm,Test!B268:E268,scripts/JVET-hhi.xlsm,Reference!B268:E268,pass,pass,Test,True
r6,R6-2,r6_reject_nopred,LB,RitualDance,B,22,7538.8048,44.8474,48.0447,48.5713,7539.3872,44.8478,48.0491,48.5745,measured,experiments/ts_predictor_r6/R6_2_JVET-hhi.xlsm,Test!B269:E269,scripts/JVET-hhi.xlsm,Reference!B269:E269,pass,pass,Test,True
r6,R6-2,r6_reject_nopred,LB,RitualDance,B,27,3649.4352,41.51,45.5163,45.5656,3645.9776,41.5102,45.5131,45.556,measured,experiments/ts_predictor_r6/R6_2_JVET-hhi.xlsm,Test!B270:E270,scripts/JVET-hhi.xlsm,Reference!B270:E270,pass,pass,Test,True
r6,R6-2,r6_reject_nopred,LB,RitualDance,B,32,1885.9056,38.2652,43.8151,43.6304,1885.4416,38.2717,43.818,43.5928,measured,experiments/ts_predictor_r6/R6_2_JVET-hhi.xlsm,Test!B271:E271,scripts/JVET-hhi.xlsm,Reference!B271:E271,pass,pass,Test,True
r6,R6-2,r6_reject_nopred,LB,RitualDance,B,37,1023.6144,35.5456,42.3424,42.0477,1023.9344,35.5425,42.317,42.0498,measured,experiments/ts_predictor_r6/R6_2_JVET-hhi.xlsm,Test!B272:E272,scripts/JVET-hhi.xlsm,Reference!B272:E272,pass,pass,Test,True
r6,R6-2,r6_reject_nopred,LB,BQMall,C,22,2874.8944,40.0864,43.4565,44.5287,2872.3184,40.0818,43.4617,44.5232,measured,experiments/ts_predictor_r6/R6_2_JVET-hhi.xlsm,Test!B289:E289,scripts/JVET-hhi.xlsm,Reference!B289:E289,pass,pass,Test,True
r6,R6-2,r6_reject_nopred,LB,BQMall,C,27,1168.2416,37.1909,41.3893,41.8146,1168.3488,37.1913,41.4082,41.8113,measured,experiments/ts_predictor_r6/R6_2_JVET-hhi.xlsm,Test!B290:E290,scripts/JVET-hhi.xlsm,Reference!B290:E290,pass,pass,Test,True
r6,R6-2,r6_reject_nopred,LB,BQMall,C,32,557.1488,34.3853,39.6312,39.877,557.9104,34.3759,39.6024,39.8171,measured,experiments/ts_predictor_r6/R6_2_JVET-hhi.xlsm,Test!B291:E291,scripts/JVET-hhi.xlsm,Reference!B291:E291,pass,pass,Test,True
r6,R6-2,r6_reject_nopred,LB,BQMall,C,37,285.6448,31.7048,38.2039,38.149,285.7232,31.6976,38.2404,38.1612,measured,experiments/ts_predictor_r6/R6_2_JVET-hhi.xlsm,Test!B292:E292,scripts/JVET-hhi.xlsm,Reference!B292:E292,pass,pass,Test,True
r6,R6-2,r6_reject_nopred,LB,BasketballDrill,C,22,2278.9664,41.5883,43.8425,44.8196,2281.8544,41.5964,43.8209,44.8529,measured,experiments/ts_predictor_r6/R6_2_JVET-hhi.xlsm,Test!B285:E285,scripts/JVET-hhi.xlsm,Reference!B285:E285,pass,pass,Test,True
r6,R6-2,r6_reject_nopred,LB,BasketballDrill,C,27,1008.3056,38.4519,41.3758,41.8327,1009.2832,38.4541,41.394,41.8335,measured,experiments/ts_predictor_r6/R6_2_JVET-hhi.xlsm,Test!B286:E286,scripts/JVET-hhi.xlsm,Reference!B286:E286,pass,pass,Test,True
r6,R6-2,r6_reject_nopred,LB,BasketballDrill,C,32,497.664,35.4772,39.591,39.7871,497.5072,35.496,39.5821,39.7854,measured,experiments/ts_predictor_r6/R6_2_JVET-hhi.xlsm,Test!B287:E287,scripts/JVET-hhi.xlsm,Reference!B287:E287,pass,pass,Test,True
r6,R6-2,r6_reject_nopred,LB,BasketballDrill,C,37,258.3632,32.88,37.8066,37.6458,258.5968,32.8827,37.831,37.6691,measured,experiments/ts_predictor_r6/R6_2_JVET-hhi.xlsm,Test!B288:E288,scripts/JVET-hhi.xlsm,Reference!B288:E288,pass,pass,Test,True
r6,R6-2,r6_reject_nopred,LB,PartyScene,C,22,6341.8096,38.4838,41.0541,41.7555,6340.2816,38.4836,41.0559,41.7509,measured,experiments/ts_predictor_r6/R6_2_JVET-hhi.xlsm,Test!B293:E293,scripts/JVET-hhi.xlsm,Reference!B293:E293,pass,pass,Test,True
r6,R6-2,r6_reject_nopred,LB,PartyScene,C,27,2575.0336,34.5251,38.2017,38.6948,2573.1616,34.5177,38.2558,38.7318,measured,experiments/ts_predictor_r6/R6_2_JVET-hhi.xlsm,Test!B294:E294,scripts/JVET-hhi.xlsm,Reference!B294:E294,pass,pass,Test,True
r6,R6-2,r6_reject_nopred,LB,PartyScene,C,32,1156.0592,31.13,36.29,36.6843,1152.7248,31.1333,36.3269,36.6809,measured,experiments/ts_predictor_r6/R6_2_JVET-hhi.xlsm,Test!B295:E295,scripts/JVET-hhi.xlsm,Reference!B295:E295,pass,pass,Test,True
r6,R6-2,r6_reject_nopred,LB,PartyScene,C,37,527.608,28.1683,34.8517,35.0471,527.68,28.1707,34.848,35.0103,measured,experiments/ts_predictor_r6/R6_2_JVET-hhi.xlsm,Test!B296:E296,scripts/JVET-hhi.xlsm,Reference!B296:E296,pass,pass,Test,True
r6,R6-2,r6_reject_nopred,LB,RaceHorsesC,C,22,5398.0304,39.3018,40.3587,42.0068,5399.4608,39.303,40.3596,42.0088,measured,experiments/ts_predictor_r6/R6_2_JVET-hhi.xlsm,Test!B297:E297,scripts/JVET-hhi.xlsm,Reference!B297:E297,pass,pass,Test,True
r6,R6-2,r6_reject_nopred,LB,RaceHorsesC,C,27,1706.0992,34.8097,37.4534,39.5148,1707.256,34.8186,37.4266,39.5178,measured,experiments/ts_predictor_r6/R6_2_JVET-hhi.xlsm,Test!B298:E298,scripts/JVET-hhi.xlsm,Reference!B298:E298,pass,pass,Test,True
r6,R6-2,r6_reject_nopred,LB,RaceHorsesC,C,32,714.984,31.5148,36.0945,38.1384,717.0112,31.5145,36.1216,38.1573,measured,experiments/ts_predictor_r6/R6_2_JVET-hhi.xlsm,Test!B299:E299,scripts/JVET-hhi.xlsm,Reference!B299:E299,pass,pass,Test,True
r6,R6-2,r6_reject_nopred,LB,RaceHorsesC,C,37,312.168,28.7028,35.0027,36.6115,310.9632,28.7015,34.9799,36.6075,measured,experiments/ts_predictor_r6/R6_2_JVET-hhi.xlsm,Test!B300:E300,scripts/JVET-hhi.xlsm,Reference!B300:E300,pass,pass,Test,True
r6,R6-2,r6_reject_nopred,LB,FourPeople,E,22,1685.5504,42.9908,47.2235,48.461,1687.4064,42.9873,47.215,48.488,measured,experiments/ts_predictor_r6/R6_2_JVET-hhi.xlsm,Test!B317:E317,scripts/JVET-hhi.xlsm,Reference!B317:E317,pass,pass,Test,True
r6,R6-2,r6_reject_nopred,LB,FourPeople,E,27,664.9296,40.8802,45.518,46.54,665.144,40.8842,45.5514,46.6074,measured,experiments/ts_predictor_r6/R6_2_JVET-hhi.xlsm,Test!B318:E318,scripts/JVET-hhi.xlsm,Reference!B318:E318,pass,pass,Test,True
r6,R6-2,r6_reject_nopred,LB,FourPeople,E,32,337.3088,38.4731,43.6085,44.428,337.4032,38.4562,43.6331,44.4315,measured,experiments/ts_predictor_r6/R6_2_JVET-hhi.xlsm,Test!B319:E319,scripts/JVET-hhi.xlsm,Reference!B319:E319,pass,pass,Test,True
r6,R6-2,r6_reject_nopred,LB,FourPeople,E,37,184.6192,35.7811,41.9541,42.755,185.216,35.7903,41.9954,42.7886,measured,experiments/ts_predictor_r6/R6_2_JVET-hhi.xlsm,Test!B320:E320,scripts/JVET-hhi.xlsm,Reference!B320:E320,pass,pass,Test,True
r6,R6-2,r6_reject_nopred,LB,Johnny,E,22,1126.2976,43.2242,48.6858,49.364,1128.32,43.229,48.703,49.3578,measured,experiments/ts_predictor_r6/R6_2_JVET-hhi.xlsm,Test!B321:E321,scripts/JVET-hhi.xlsm,Reference!B321:E321,pass,pass,Test,True
r6,R6-2,r6_reject_nopred,LB,Johnny,E,27,344.3824,41.7407,47.4669,47.9865,344.2272,41.744,47.4317,47.977,measured,experiments/ts_predictor_r6/R6_2_JVET-hhi.xlsm,Test!B322:E322,scripts/JVET-hhi.xlsm,Reference!B322:E322,pass,pass,Test,True
r6,R6-2,r6_reject_nopred,LB,Johnny,E,32,160.3824,39.9417,45.7831,46.1682,160.7664,39.9503,45.7892,46.1531,measured,experiments/ts_predictor_r6/R6_2_JVET-hhi.xlsm,Test!B323:E323,scripts/JVET-hhi.xlsm,Reference!B323:E323,pass,pass,Test,True
r6,R6-2,r6_reject_nopred,LB,Johnny,E,37,88.1696,37.8163,44.145,44.5517,88.008,37.7954,44.1512,44.5268,measured,experiments/ts_predictor_r6/R6_2_JVET-hhi.xlsm,Test!B324:E324,scripts/JVET-hhi.xlsm,Reference!B324:E324,pass,pass,Test,True
r6,R6-2,r6_reject_nopred,LB,KristenAndSara,E,22,1361.2064,43.684,47.9585,48.9689,1359.4688,43.691,47.974,48.9499,measured,experiments/ts_predictor_r6/R6_2_JVET-hhi.xlsm,Test!B325:E325,scripts/JVET-hhi.xlsm,Reference!B325:E325,pass,pass,Test,True
r6,R6-2,r6_reject_nopred,LB,KristenAndSara,E,27,497.352,41.8047,46.4641,47.22,496.3808,41.8059,46.4547,47.2619,measured,experiments/ts_predictor_r6/R6_2_JVET-hhi.xlsm,Test!B326:E326,scripts/JVET-hhi.xlsm,Reference!B326:E326,pass,pass,Test,True
r6,R6-2,r6_reject_nopred,LB,KristenAndSara,E,32,231.728,39.6272,44.7389,45.3238,231.9472,39.6462,44.658,45.4207,measured,experiments/ts_predictor_r6/R6_2_JVET-hhi.xlsm,Test!B327:E327,scripts/JVET-hhi.xlsm,Reference!B327:E327,pass,pass,Test,True
r6,R6-2,r6_reject_nopred,LB,KristenAndSara,E,37,123.4496,37.2139,43.0396,43.6902,123.3184,37.2195,43.0287,43.6688,measured,experiments/ts_predictor_r6/R6_2_JVET-hhi.xlsm,Test!B328:E328,scripts/JVET-hhi.xlsm,Reference!B328:E328,pass,pass,Test,True
r6,R6-3,r6_trim_cost,LB,BQMall,C,22,2874.8944,40.0864,43.4565,44.5287,2875.6608,40.0841,43.4558,44.519,measured,experiments/ts_predictor_r6/R6_3_JVET-hhi.xlsm,Test!B289:E289,scripts/JVET-hhi.xlsm,Reference!B289:E289,pass,pass,Test,True
r6,R6-3,r6_trim_cost,LB,BQMall,C,27,1168.2416,37.1909,41.3893,41.8146,1168.6448,37.19,41.3932,41.8296,measured,experiments/ts_predictor_r6/R6_3_JVET-hhi.xlsm,Test!B290:E290,scripts/JVET-hhi.xlsm,Reference!B290:E290,pass,pass,Test,True
r6,R6-3,r6_trim_cost,LB,BQMall,C,32,557.1488,34.3853,39.6312,39.877,557.448,34.3715,39.5751,39.8707,measured,experiments/ts_predictor_r6/R6_3_JVET-hhi.xlsm,Test!B291:E291,scripts/JVET-hhi.xlsm,Reference!B291:E291,pass,pass,Test,True
r6,R6-3,r6_trim_cost,LB,BQMall,C,37,285.6448,31.7048,38.2039,38.149,285.8112,31.7029,38.1841,38.1751,measured,experiments/ts_predictor_r6/R6_3_JVET-hhi.xlsm,Test!B292:E292,scripts/JVET-hhi.xlsm,Reference!B292:E292,pass,pass,Test,True
r6,R6-3,r6_trim_cost,LB,BasketballDrill,C,22,2278.9664,41.5883,43.8425,44.8196,2280.952,41.5887,43.8505,44.8487,measured,experiments/ts_predictor_r6/R6_3_JVET-hhi.xlsm,Test!B285:E285,scripts/JVET-hhi.xlsm,Reference!B285:E285,pass,pass,Test,True
r6,R6-3,r6_trim_cost,LB,BasketballDrill,C,27,1008.3056,38.4519,41.3758,41.8327,1008.7488,38.4497,41.3662,41.8557,measured,experiments/ts_predictor_r6/R6_3_JVET-hhi.xlsm,Test!B286:E286,scripts/JVET-hhi.xlsm,Reference!B286:E286,pass,pass,Test,True
r6,R6-3,r6_trim_cost,LB,BasketballDrill,C,32,497.664,35.4772,39.591,39.7871,498.5568,35.4787,39.56,39.7994,measured,experiments/ts_predictor_r6/R6_3_JVET-hhi.xlsm,Test!B287:E287,scripts/JVET-hhi.xlsm,Reference!B287:E287,pass,pass,Test,True
r6,R6-3,r6_trim_cost,LB,BasketballDrill,C,37,258.3632,32.88,37.8066,37.6458,259.2464,32.8949,37.79,37.6826,measured,experiments/ts_predictor_r6/R6_3_JVET-hhi.xlsm,Test!B288:E288,scripts/JVET-hhi.xlsm,Reference!B288:E288,pass,pass,Test,True
r6,R6-3,r6_trim_cost,LB,PartyScene,C,22,6341.8096,38.4838,41.0541,41.7555,6341.792,38.4846,41.0667,41.7548,measured,experiments/ts_predictor_r6/R6_3_JVET-hhi.xlsm,Test!B293:E293,scripts/JVET-hhi.xlsm,Reference!B293:E293,pass,pass,Test,True
r6,R6-3,r6_trim_cost,LB,PartyScene,C,27,2575.0336,34.5251,38.2017,38.6948,2574.928,34.5228,38.2398,38.7258,measured,experiments/ts_predictor_r6/R6_3_JVET-hhi.xlsm,Test!B294:E294,scripts/JVET-hhi.xlsm,Reference!B294:E294,pass,pass,Test,True
r6,R6-3,r6_trim_cost,LB,PartyScene,C,32,1156.0592,31.13,36.29,36.6843,1155.0752,31.1292,36.3132,36.7195,measured,experiments/ts_predictor_r6/R6_3_JVET-hhi.xlsm,Test!B295:E295,scripts/JVET-hhi.xlsm,Reference!B295:E295,pass,pass,Test,True
r6,R6-3,r6_trim_cost,LB,PartyScene,C,37,527.608,28.1683,34.8517,35.0471,526.8464,28.1701,34.8268,35.0008,measured,experiments/ts_predictor_r6/R6_3_JVET-hhi.xlsm,Test!B296:E296,scripts/JVET-hhi.xlsm,Reference!B296:E296,pass,pass,Test,True
r6,R6-3,r6_trim_cost,LB,RaceHorsesC,C,22,5398.0304,39.3018,40.3587,42.0068,5395.24,39.3015,40.3656,42.0094,measured,experiments/ts_predictor_r6/R6_3_JVET-hhi.xlsm,Test!B297:E297,scripts/JVET-hhi.xlsm,Reference!B297:E297,pass,pass,Test,True
r6,R6-3,r6_trim_cost,LB,RaceHorsesC,C,27,1706.0992,34.8097,37.4534,39.5148,1705.2272,34.8123,37.4432,39.5064,measured,experiments/ts_predictor_r6/R6_3_JVET-hhi.xlsm,Test!B298:E298,scripts/JVET-hhi.xlsm,Reference!B298:E298,pass,pass,Test,True
r6,R6-3,r6_trim_cost,LB,RaceHorsesC,C,32,714.984,31.5148,36.0945,38.1384,714.1808,31.506,36.0764,38.1311,measured,experiments/ts_predictor_r6/R6_3_JVET-hhi.xlsm,Test!B299:E299,scripts/JVET-hhi.xlsm,Reference!B299:E299,pass,pass,Test,True
r6,R6-3,r6_trim_cost,LB,RaceHorsesC,C,37,312.168,28.7028,35.0027,36.6115,310.9632,28.7015,34.9799,36.6075,measured,experiments/ts_predictor_r6/R6_3_JVET-hhi.xlsm,Test!B300:E300,scripts/JVET-hhi.xlsm,Reference!B300:E300,pass,pass,Test,True
r6,R6-3,r6_trim_cost,LB,FourPeople,E,22,1685.5504,42.9908,47.2235,48.461,1687.5408,42.9901,47.2191,48.4944,measured,experiments/ts_predictor_r6/R6_3_JVET-hhi.xlsm,Test!B317:E317,scripts/JVET-hhi.xlsm,Reference!B317:E317,pass,pass,Test,True
r6,R6-3,r6_trim_cost,LB,FourPeople,E,27,664.9296,40.8802,45.518,46.54,664.7696,40.8817,45.5391,46.5643,measured,experiments/ts_predictor_r6/R6_3_JVET-hhi.xlsm,Test!B318:E318,scripts/JVET-hhi.xlsm,Reference!B318:E318,pass,pass,Test,True
r6,R6-3,r6_trim_cost,LB,FourPeople,E,32,337.3088,38.4731,43.6085,44.428,338.6416,38.4859,43.6707,44.4445,measured,experiments/ts_predictor_r6/R6_3_JVET-hhi.xlsm,Test!B319:E319,scripts/JVET-hhi.xlsm,Reference!B319:E319,pass,pass,Test,True
r6,R6-3,r6_trim_cost,LB,FourPeople,E,37,184.6192,35.7811,41.9541,42.755,185.216,35.7903,41.9954,42.7886,measured,experiments/ts_predictor_r6/R6_3_JVET-hhi.xlsm,Test!B320:E320,scripts/JVET-hhi.xlsm,Reference!B320:E320,pass,pass,Test,True
r6,R6-3,r6_trim_cost,LB,Johnny,E,22,1126.2976,43.2242,48.6858,49.364,1127.696,43.2272,48.6993,49.3642,measured,experiments/ts_predictor_r6/R6_3_JVET-hhi.xlsm,Test!B321:E321,scripts/JVET-hhi.xlsm,Reference!B321:E321,pass,pass,Test,True
r6,R6-3,r6_trim_cost,LB,Johnny,E,27,344.3824,41.7407,47.4669,47.9865,344.2272,41.744,47.4317,47.977,measured,experiments/ts_predictor_r6/R6_3_JVET-hhi.xlsm,Test!B322:E322,scripts/JVET-hhi.xlsm,Reference!B322:E322,pass,pass,Test,True
r6,R6-3,r6_trim_cost,LB,Johnny,E,32,160.3824,39.9417,45.7831,46.1682,160.7664,39.9503,45.7892,46.1531,measured,experiments/ts_predictor_r6/R6_3_JVET-hhi.xlsm,Test!B323:E323,scripts/JVET-hhi.xlsm,Reference!B323:E323,pass,pass,Test,True
r6,R6-3,r6_trim_cost,LB,Johnny,E,37,88.1696,37.8163,44.145,44.5517,88.008,37.7954,44.1512,44.5268,measured,experiments/ts_predictor_r6/R6_3_JVET-hhi.xlsm,Test!B324:E324,scripts/JVET-hhi.xlsm,Reference!B324:E324,pass,pass,Test,True
r6,R6-3,r6_trim_cost,LB,KristenAndSara,E,22,1361.2064,43.684,47.9585,48.9689,1358.4624,43.6869,47.9731,48.9319,measured,experiments/ts_predictor_r6/R6_3_JVET-hhi.xlsm,Test!B325:E325,scripts/JVET-hhi.xlsm,Reference!B325:E325,pass,pass,Test,True
r6,R6-3,r6_trim_cost,LB,KristenAndSara,E,27,497.352,41.8047,46.4641,47.22,497.552,41.8124,46.4214,47.2492,measured,experiments/ts_predictor_r6/R6_3_JVET-hhi.xlsm,Test!B326:E326,scripts/JVET-hhi.xlsm,Reference!B326:E326,pass,pass,Test,True
r6,R6-3,r6_trim_cost,LB,KristenAndSara,E,32,231.728,39.6272,44.7389,45.3238,231.9472,39.6462,44.658,45.4207,measured,experiments/ts_predictor_r6/R6_3_JVET-hhi.xlsm,Test!B327:E327,scripts/JVET-hhi.xlsm,Reference!B327:E327,pass,pass,Test,True
r6,R6-3,r6_trim_cost,LB,KristenAndSara,E,37,123.4496,37.2139,43.0396,43.6902,123.3184,37.2195,43.0287,43.6688,measured,experiments/ts_predictor_r6/R6_3_JVET-hhi.xlsm,Test!B328:E328,scripts/JVET-hhi.xlsm,Reference!B328:E328,pass,pass,Test,True
r6,R6-4,r6_trim_saving,LB,BQMall,C,22,2874.8944,40.0864,43.4565,44.5287,2873.2384,40.0847,43.4495,44.5094,measured,experiments/ts_predictor_r6/R6_4_JVET-hhi.xlsm,Test!B289:E289,scripts/JVET-hhi.xlsm,Reference!B289:E289,pass,pass,Test,True
r6,R6-4,r6_trim_saving,LB,BQMall,C,27,1168.2416,37.1909,41.3893,41.8146,1170.8464,37.1872,41.375,41.8185,measured,experiments/ts_predictor_r6/R6_4_JVET-hhi.xlsm,Test!B290:E290,scripts/JVET-hhi.xlsm,Reference!B290:E290,pass,pass,Test,True
r6,R6-4,r6_trim_saving,LB,BQMall,C,32,557.1488,34.3853,39.6312,39.877,558.3808,34.385,39.572,39.8593,measured,experiments/ts_predictor_r6/R6_4_JVET-hhi.xlsm,Test!B291:E291,scripts/JVET-hhi.xlsm,Reference!B291:E291,pass,pass,Test,True
r6,R6-4,r6_trim_saving,LB,BQMall,C,37,285.6448,31.7048,38.2039,38.149,285.9952,31.7044,38.2313,38.1457,measured,experiments/ts_predictor_r6/R6_4_JVET-hhi.xlsm,Test!B292:E292,scripts/JVET-hhi.xlsm,Reference!B292:E292,pass,pass,Test,True
r6,R6-4,r6_trim_saving,LB,BasketballDrill,C,22,2278.9664,41.5883,43.8425,44.8196,2282.0384,41.5772,43.827,44.8336,measured,experiments/ts_predictor_r6/R6_4_JVET-hhi.xlsm,Test!B285:E285,scripts/JVET-hhi.xlsm,Reference!B285:E285,pass,pass,Test,True
r6,R6-4,r6_trim_saving,LB,BasketballDrill,C,27,1008.3056,38.4519,41.3758,41.8327,1009.4544,38.4487,41.3959,41.8515,measured,experiments/ts_predictor_r6/R6_4_JVET-hhi.xlsm,Test!B286:E286,scripts/JVET-hhi.xlsm,Reference!B286:E286,pass,pass,Test,True
r6,R6-4,r6_trim_saving,LB,BasketballDrill,C,32,497.664,35.4772,39.591,39.7871,497.7008,35.4814,39.5501,39.7821,measured,experiments/ts_predictor_r6/R6_4_JVET-hhi.xlsm,Test!B287:E287,scripts/JVET-hhi.xlsm,Reference!B287:E287,pass,pass,Test,True
r6,R6-4,r6_trim_saving,LB,BasketballDrill,C,37,258.3632,32.88,37.8066,37.6458,258.416,32.8983,37.8171,37.6655,measured,experiments/ts_predictor_r6/R6_4_JVET-hhi.xlsm,Test!B288:E288,scripts/JVET-hhi.xlsm,Reference!B288:E288,pass,pass,Test,True
r6,R6-4,r6_trim_saving,LB,PartyScene,C,22,6341.8096,38.4838,41.0541,41.7555,6342.4048,38.4838,41.0545,41.7501,measured,experiments/ts_predictor_r6/R6_4_JVET-hhi.xlsm,Test!B293:E293,scripts/JVET-hhi.xlsm,Reference!B293:E293,pass,pass,Test,True
r6,R6-4,r6_trim_saving,LB,PartyScene,C,27,2575.0336,34.5251,38.2017,38.6948,2572.2064,34.5246,38.2338,38.7278,measured,experiments/ts_predictor_r6/R6_4_JVET-hhi.xlsm,Test!B294:E294,scripts/JVET-hhi.xlsm,Reference!B294:E294,pass,pass,Test,True
r6,R6-4,r6_trim_saving,LB,PartyScene,C,32,1156.0592,31.13,36.29,36.6843,1151.5776,31.1185,36.3029,36.7082,measured,experiments/ts_predictor_r6/R6_4_JVET-hhi.xlsm,Test!B295:E295,scripts/JVET-hhi.xlsm,Reference!B295:E295,pass,pass,Test,True
r6,R6-4,r6_trim_saving,LB,PartyScene,C,37,527.608,28.1683,34.8517,35.0471,527.4704,28.1759,34.8598,35.0456,measured,experiments/ts_predictor_r6/R6_4_JVET-hhi.xlsm,Test!B296:E296,scripts/JVET-hhi.xlsm,Reference!B296:E296,pass,pass,Test,True
r6,R6-4,r6_trim_saving,LB,RaceHorsesC,C,22,5398.0304,39.3018,40.3587,42.0068,5400.0224,39.3026,40.3644,42.0088,measured,experiments/ts_predictor_r6/R6_4_JVET-hhi.xlsm,Test!B297:E297,scripts/JVET-hhi.xlsm,Reference!B297:E297,pass,pass,Test,True
r6,R6-4,r6_trim_saving,LB,RaceHorsesC,C,27,1706.0992,34.8097,37.4534,39.5148,1705.4928,34.816,37.4407,39.5258,measured,experiments/ts_predictor_r6/R6_4_JVET-hhi.xlsm,Test!B298:E298,scripts/JVET-hhi.xlsm,Reference!B298:E298,pass,pass,Test,True
r6,R6-4,r6_trim_saving,LB,RaceHorsesC,C,32,714.984,31.5148,36.0945,38.1384,716.5536,31.515,36.0969,38.1625,measured,experiments/ts_predictor_r6/R6_4_JVET-hhi.xlsm,Test!B299:E299,scripts/JVET-hhi.xlsm,Reference!B299:E299,pass,pass,Test,True
r6,R6-4,r6_trim_saving,LB,RaceHorsesC,C,37,312.168,28.7028,35.0027,36.6115,311.4944,28.6991,35.0125,36.6116,measured,experiments/ts_predictor_r6/R6_4_JVET-hhi.xlsm,Test!B300:E300,scripts/JVET-hhi.xlsm,Reference!B300:E300,pass,pass,Test,True
r6,R6-4,r6_trim_saving,LB,FourPeople,E,22,1685.5504,42.9908,47.2235,48.461,1687.4688,42.9931,47.2277,48.4764,measured,experiments/ts_predictor_r6/R6_4_JVET-hhi.xlsm,Test!B317:E317,scripts/JVET-hhi.xlsm,Reference!B317:E317,pass,pass,Test,True
r6,R6-4,r6_trim_saving,LB,FourPeople,E,27,664.9296,40.8802,45.518,46.54,666.112,40.8771,45.5473,46.5728,measured,experiments/ts_predictor_r6/R6_4_JVET-hhi.xlsm,Test!B318:E318,scripts/JVET-hhi.xlsm,Reference!B318:E318,pass,pass,Test,True
r6,R6-4,r6_trim_saving,LB,FourPeople,E,32,337.3088,38.4731,43.6085,44.428,338.2736,38.4781,43.6145,44.4732,measured,experiments/ts_predictor_r6/R6_4_JVET-hhi.xlsm,Test!B319:E319,scripts/JVET-hhi.xlsm,Reference!B319:E319,pass,pass,Test,True
r6,R6-4,r6_trim_saving,LB,FourPeople,E,37,184.6192,35.7811,41.9541,42.755,185.216,35.7903,41.9954,42.7886,measured,experiments/ts_predictor_r6/R6_4_JVET-hhi.xlsm,Test!B320:E320,scripts/JVET-hhi.xlsm,Reference!B320:E320,pass,pass,Test,True
r6,R6-4,r6_trim_saving,LB,Johnny,E,22,1126.2976,43.2242,48.6858,49.364,1127.4704,43.227,48.6986,49.347,measured,experiments/ts_predictor_r6/R6_4_JVET-hhi.xlsm,Test!B321:E321,scripts/JVET-hhi.xlsm,Reference!B321:E321,pass,pass,Test,True
r6,R6-4,r6_trim_saving,LB,Johnny,E,27,344.3824,41.7407,47.4669,47.9865,344.2272,41.744,47.4317,47.977,measured,experiments/ts_predictor_r6/R6_4_JVET-hhi.xlsm,Test!B322:E322,scripts/JVET-hhi.xlsm,Reference!B322:E322,pass,pass,Test,True
r6,R6-4,r6_trim_saving,LB,Johnny,E,32,160.3824,39.9417,45.7831,46.1682,160.6144,39.9478,45.8166,46.1087,measured,experiments/ts_predictor_r6/R6_4_JVET-hhi.xlsm,Test!B323:E323,scripts/JVET-hhi.xlsm,Reference!B323:E323,pass,pass,Test,True
r6,R6-4,r6_trim_saving,LB,Johnny,E,37,88.1696,37.8163,44.145,44.5517,87.8352,37.7992,44.0877,44.5792,measured,experiments/ts_predictor_r6/R6_4_JVET-hhi.xlsm,Test!B324:E324,scripts/JVET-hhi.xlsm,Reference!B324:E324,pass,pass,Test,True
r6,R6-4,r6_trim_saving,LB,KristenAndSara,E,22,1361.2064,43.684,47.9585,48.9689,1361.1216,43.6907,47.9494,48.945,measured,experiments/ts_predictor_r6/R6_4_JVET-hhi.xlsm,Test!B325:E325,scripts/JVET-hhi.xlsm,Reference!B325:E325,pass,pass,Test,True
r6,R6-4,r6_trim_saving,LB,KristenAndSara,E,27,497.352,41.8047,46.4641,47.22,497.1088,41.8109,46.4334,47.2601,measured,experiments/ts_predictor_r6/R6_4_JVET-hhi.xlsm,Test!B326:E326,scripts/JVET-hhi.xlsm,Reference!B326:E326,pass,pass,Test,True
r6,R6-4,r6_trim_saving,LB,KristenAndSara,E,32,231.728,39.6272,44.7389,45.3238,232.32,39.6272,44.6652,45.4129,measured,experiments/ts_predictor_r6/R6_4_JVET-hhi.xlsm,Test!B327:E327,scripts/JVET-hhi.xlsm,Reference!B327:E327,pass,pass,Test,True
r6,R6-4,r6_trim_saving,LB,KristenAndSara,E,37,123.4496,37.2139,43.0396,43.6902,123.2608,37.2294,43.1279,43.7096,measured,experiments/ts_predictor_r6/R6_4_JVET-hhi.xlsm,Test!B328:E328,scripts/JVET-hhi.xlsm,Reference!B328:E328,pass,pass,Test,True
r6,R6-5,r6_sparse_max,LB,BQMall,C,22,2874.8944,40.0864,43.4565,44.5287,2870.7616,40.0815,43.459,44.5117,measured,experiments/ts_predictor_r6/R6_5_JVET-hhi.xlsm,Test!B289:E289,scripts/JVET-hhi.xlsm,Reference!B289:E289,pass,pass,Test,True
r6,R6-5,r6_sparse_max,LB,BQMall,C,27,1168.2416,37.1909,41.3893,41.8146,1169.264,37.1909,41.377,41.8354,measured,experiments/ts_predictor_r6/R6_5_JVET-hhi.xlsm,Test!B290:E290,scripts/JVET-hhi.xlsm,Reference!B290:E290,pass,pass,Test,True
r6,R6-5,r6_sparse_max,LB,BQMall,C,32,557.1488,34.3853,39.6312,39.877,558.0048,34.3883,39.6187,39.843,measured,experiments/ts_predictor_r6/R6_5_JVET-hhi.xlsm,Test!B291:E291,scripts/JVET-hhi.xlsm,Reference!B291:E291,pass,pass,Test,True
r6,R6-5,r6_sparse_max,LB,BQMall,C,37,285.6448,31.7048,38.2039,38.149,286.1056,31.7031,38.2188,38.162,measured,experiments/ts_predictor_r6/R6_5_JVET-hhi.xlsm,Test!B292:E292,scripts/JVET-hhi.xlsm,Reference!B292:E292,pass,pass,Test,True
r6,R6-5,r6_sparse_max,LB,BasketballDrill,C,22,2278.9664,41.5883,43.8425,44.8196,2280.64,41.5823,43.8277,44.8487,measured,experiments/ts_predictor_r6/R6_5_JVET-hhi.xlsm,Test!B285:E285,scripts/JVET-hhi.xlsm,Reference!B285:E285,pass,pass,Test,True
r6,R6-5,r6_sparse_max,LB,BasketballDrill,C,27,1008.3056,38.4519,41.3758,41.8327,1008.9856,38.4581,41.376,41.8573,measured,experiments/ts_predictor_r6/R6_5_JVET-hhi.xlsm,Test!B286:E286,scripts/JVET-hhi.xlsm,Reference!B286:E286,pass,pass,Test,True
r6,R6-5,r6_sparse_max,LB,BasketballDrill,C,32,497.664,35.4772,39.591,39.7871,497.8112,35.508,39.5526,39.8222,measured,experiments/ts_predictor_r6/R6_5_JVET-hhi.xlsm,Test!B287:E287,scripts/JVET-hhi.xlsm,Reference!B287:E287,pass,pass,Test,True
r6,R6-5,r6_sparse_max,LB,BasketballDrill,C,37,258.3632,32.88,37.8066,37.6458,258.8368,32.8881,37.7786,37.6661,measured,experiments/ts_predictor_r6/R6_5_JVET-hhi.xlsm,Test!B288:E288,scripts/JVET-hhi.xlsm,Reference!B288:E288,pass,pass,Test,True
r6,R6-5,r6_sparse_max,LB,PartyScene,C,22,6341.8096,38.4838,41.0541,41.7555,6338.1856,38.4807,41.0567,41.7557,measured,experiments/ts_predictor_r6/R6_5_JVET-hhi.xlsm,Test!B293:E293,scripts/JVET-hhi.xlsm,Reference!B293:E293,pass,pass,Test,True
r6,R6-5,r6_sparse_max,LB,PartyScene,C,27,2575.0336,34.5251,38.2017,38.6948,2572.3104,34.5272,38.24,38.7279,measured,experiments/ts_predictor_r6/R6_5_JVET-hhi.xlsm,Test!B294:E294,scripts/JVET-hhi.xlsm,Reference!B294:E294,pass,pass,Test,True
r6,R6-5,r6_sparse_max,LB,PartyScene,C,32,1156.0592,31.13,36.29,36.6843,1152.5712,31.1253,36.2986,36.6915,measured,experiments/ts_predictor_r6/R6_5_JVET-hhi.xlsm,Test!B295:E295,scripts/JVET-hhi.xlsm,Reference!B295:E295,pass,pass,Test,True
r6,R6-5,r6_sparse_max,LB,PartyScene,C,37,527.608,28.1683,34.8517,35.0471,527.2576,28.169,34.8306,35.0018,measured,experiments/ts_predictor_r6/R6_5_JVET-hhi.xlsm,Test!B296:E296,scripts/JVET-hhi.xlsm,Reference!B296:E296,pass,pass,Test,True
r6,R6-5,r6_sparse_max,LB,RaceHorsesC,C,22,5398.0304,39.3018,40.3587,42.0068,5397.568,39.2997,40.3579,42.0072,measured,experiments/ts_predictor_r6/R6_5_JVET-hhi.xlsm,Test!B297:E297,scripts/JVET-hhi.xlsm,Reference!B297:E297,pass,pass,Test,True
r6,R6-5,r6_sparse_max,LB,RaceHorsesC,C,27,1706.0992,34.8097,37.4534,39.5148,1704.36,34.8156,37.4455,39.527,measured,experiments/ts_predictor_r6/R6_5_JVET-hhi.xlsm,Test!B298:E298,scripts/JVET-hhi.xlsm,Reference!B298:E298,pass,pass,Test,True
r6,R6-5,r6_sparse_max,LB,RaceHorsesC,C,32,714.984,31.5148,36.0945,38.1384,715.672,31.5127,36.1097,38.1744,measured,experiments/ts_predictor_r6/R6_5_JVET-hhi.xlsm,Test!B299:E299,scripts/JVET-hhi.xlsm,Reference!B299:E299,pass,pass,Test,True
r6,R6-5,r6_sparse_max,LB,RaceHorsesC,C,37,312.168,28.7028,35.0027,36.6115,310.896,28.6971,34.9936,36.5691,measured,experiments/ts_predictor_r6/R6_5_JVET-hhi.xlsm,Test!B300:E300,scripts/JVET-hhi.xlsm,Reference!B300:E300,pass,pass,Test,True
r6,R6-5,r6_sparse_max,LB,FourPeople,E,22,1685.5504,42.9908,47.2235,48.461,1685.6656,42.9904,47.2227,48.4794,measured,experiments/ts_predictor_r6/R6_5_JVET-hhi.xlsm,Test!B317:E317,scripts/JVET-hhi.xlsm,Reference!B317:E317,pass,pass,Test,True
r6,R6-5,r6_sparse_max,LB,FourPeople,E,27,664.9296,40.8802,45.518,46.54,665,40.8859,45.5291,46.5492,measured,experiments/ts_predictor_r6/R6_5_JVET-hhi.xlsm,Test!B318:E318,scripts/JVET-hhi.xlsm,Reference!B318:E318,pass,pass,Test,True
r6,R6-5,r6_sparse_max,LB,FourPeople,E,32,337.3088,38.4731,43.6085,44.428,338.8464,38.4711,43.6164,44.4884,measured,experiments/ts_predictor_r6/R6_5_JVET-hhi.xlsm,Test!B319:E319,scripts/JVET-hhi.xlsm,Reference!B319:E319,pass,pass,Test,True
r6,R6-5,r6_sparse_max,LB,FourPeople,E,37,184.6192,35.7811,41.9541,42.755,184.8576,35.7825,41.9882,42.6787,measured,experiments/ts_predictor_r6/R6_5_JVET-hhi.xlsm,Test!B320:E320,scripts/JVET-hhi.xlsm,Reference!B320:E320,pass,pass,Test,True
r6,R6-5,r6_sparse_max,LB,Johnny,E,22,1126.2976,43.2242,48.6858,49.364,1128.6832,43.2271,48.7009,49.3588,measured,experiments/ts_predictor_r6/R6_5_JVET-hhi.xlsm,Test!B321:E321,scripts/JVET-hhi.xlsm,Reference!B321:E321,pass,pass,Test,True
r6,R6-5,r6_sparse_max,LB,Johnny,E,27,344.3824,41.7407,47.4669,47.9865,345.288,41.7447,47.4549,47.935,measured,experiments/ts_predictor_r6/R6_5_JVET-hhi.xlsm,Test!B322:E322,scripts/JVET-hhi.xlsm,Reference!B322:E322,pass,pass,Test,True
r6,R6-5,r6_sparse_max,LB,Johnny,E,32,160.3824,39.9417,45.7831,46.1682,159.984,39.9484,45.7352,46.1675,measured,experiments/ts_predictor_r6/R6_5_JVET-hhi.xlsm,Test!B323:E323,scripts/JVET-hhi.xlsm,Reference!B323:E323,pass,pass,Test,True
r6,R6-5,r6_sparse_max,LB,Johnny,E,37,88.1696,37.8163,44.145,44.5517,88.0192,37.7916,44.1751,44.5536,measured,experiments/ts_predictor_r6/R6_5_JVET-hhi.xlsm,Test!B324:E324,scripts/JVET-hhi.xlsm,Reference!B324:E324,pass,pass,Test,True
r6,R6-5,r6_sparse_max,LB,KristenAndSara,E,22,1361.2064,43.684,47.9585,48.9689,1360.6352,43.6892,47.9839,48.9645,measured,experiments/ts_predictor_r6/R6_5_JVET-hhi.xlsm,Test!B325:E325,scripts/JVET-hhi.xlsm,Reference!B325:E325,pass,pass,Test,True
r6,R6-5,r6_sparse_max,LB,KristenAndSara,E,27,497.352,41.8047,46.4641,47.22,496.6832,41.8056,46.437,47.2725,measured,experiments/ts_predictor_r6/R6_5_JVET-hhi.xlsm,Test!B326:E326,scripts/JVET-hhi.xlsm,Reference!B326:E326,pass,pass,Test,True
r6,R6-5,r6_sparse_max,LB,KristenAndSara,E,32,231.728,39.6272,44.7389,45.3238,232.6672,39.6314,44.7348,45.2358,measured,experiments/ts_predictor_r6/R6_5_JVET-hhi.xlsm,Test!B327:E327,scripts/JVET-hhi.xlsm,Reference!B327:E327,pass,pass,Test,True
r6,R6-5,r6_sparse_max,LB,KristenAndSara,E,37,123.4496,37.2139,43.0396,43.6902,123.0048,37.2343,43.1878,43.6143,measured,experiments/ts_predictor_r6/R6_5_JVET-hhi.xlsm,Test!B328:E328,scripts/JVET-hhi.xlsm,Reference!B328:E328,pass,pass,Test,True
r6,R6-6,r6_sparse_mean,LB,BQMall,C,22,2874.8944,40.0864,43.4565,44.5287,2872.4496,40.083,43.4699,44.5259,measured,experiments/ts_predictor_r6/R6_6_JVET-hhi.xlsm,Test!B289:E289,scripts/JVET-hhi.xlsm,Reference!B289:E289,pass,pass,Test,True
r6,R6-6,r6_sparse_mean,LB,BQMall,C,27,1168.2416,37.1909,41.3893,41.8146,1170.8912,37.1952,41.3823,41.8054,measured,experiments/ts_predictor_r6/R6_6_JVET-hhi.xlsm,Test!B290:E290,scripts/JVET-hhi.xlsm,Reference!B290:E290,pass,pass,Test,True
r6,R6-6,r6_sparse_mean,LB,BQMall,C,32,557.1488,34.3853,39.6312,39.877,556.6912,34.3767,39.5907,39.8456,measured,experiments/ts_predictor_r6/R6_6_JVET-hhi.xlsm,Test!B291:E291,scripts/JVET-hhi.xlsm,Reference!B291:E291,pass,pass,Test,True
r6,R6-6,r6_sparse_mean,LB,BQMall,C,37,285.6448,31.7048,38.2039,38.149,286.1056,31.7031,38.2188,38.162,measured,experiments/ts_predictor_r6/R6_6_JVET-hhi.xlsm,Test!B292:E292,scripts/JVET-hhi.xlsm,Reference!B292:E292,pass,pass,Test,True
r6,R6-6,r6_sparse_mean,LB,BasketballDrill,C,22,2278.9664,41.5883,43.8425,44.8196,2279.4736,41.5892,43.8445,44.8441,measured,experiments/ts_predictor_r6/R6_6_JVET-hhi.xlsm,Test!B285:E285,scripts/JVET-hhi.xlsm,Reference!B285:E285,pass,pass,Test,True
r6,R6-6,r6_sparse_mean,LB,BasketballDrill,C,27,1008.3056,38.4519,41.3758,41.8327,1009.1568,38.4568,41.3782,41.851,measured,experiments/ts_predictor_r6/R6_6_JVET-hhi.xlsm,Test!B286:E286,scripts/JVET-hhi.xlsm,Reference!B286:E286,pass,pass,Test,True
r6,R6-6,r6_sparse_mean,LB,BasketballDrill,C,32,497.664,35.4772,39.591,39.7871,497.8112,35.508,39.5526,39.8222,measured,experiments/ts_predictor_r6/R6_6_JVET-hhi.xlsm,Test!B287:E287,scripts/JVET-hhi.xlsm,Reference!B287:E287,pass,pass,Test,True
r6,R6-6,r6_sparse_mean,LB,BasketballDrill,C,37,258.3632,32.88,37.8066,37.6458,258.8368,32.8881,37.7786,37.6661,measured,experiments/ts_predictor_r6/R6_6_JVET-hhi.xlsm,Test!B288:E288,scripts/JVET-hhi.xlsm,Reference!B288:E288,pass,pass,Test,True
r6,R6-6,r6_sparse_mean,LB,PartyScene,C,22,6341.8096,38.4838,41.0541,41.7555,6335.9088,38.4856,41.0584,41.7497,measured,experiments/ts_predictor_r6/R6_6_JVET-hhi.xlsm,Test!B293:E293,scripts/JVET-hhi.xlsm,Reference!B293:E293,pass,pass,Test,True
r6,R6-6,r6_sparse_mean,LB,PartyScene,C,27,2575.0336,34.5251,38.2017,38.6948,2573.1664,34.5273,38.2388,38.7257,measured,experiments/ts_predictor_r6/R6_6_JVET-hhi.xlsm,Test!B294:E294,scripts/JVET-hhi.xlsm,Reference!B294:E294,pass,pass,Test,True
r6,R6-6,r6_sparse_mean,LB,PartyScene,C,32,1156.0592,31.13,36.29,36.6843,1155.2576,31.1271,36.2742,36.7132,measured,experiments/ts_predictor_r6/R6_6_JVET-hhi.xlsm,Test!B295:E295,scripts/JVET-hhi.xlsm,Reference!B295:E295,pass,pass,Test,True
r6,R6-6,r6_sparse_mean,LB,PartyScene,C,37,527.608,28.1683,34.8517,35.0471,527.7552,28.1713,34.7996,34.9881,measured,experiments/ts_predictor_r6/R6_6_JVET-hhi.xlsm,Test!B296:E296,scripts/JVET-hhi.xlsm,Reference!B296:E296,pass,pass,Test,True
r6,R6-6,r6_sparse_mean,LB,RaceHorsesC,C,22,5398.0304,39.3018,40.3587,42.0068,5393.5232,39.2987,40.3647,42.0105,measured,experiments/ts_predictor_r6/R6_6_JVET-hhi.xlsm,Test!B297:E297,scripts/JVET-hhi.xlsm,Reference!B297:E297,pass,pass,Test,True
r6,R6-6,r6_sparse_mean,LB,RaceHorsesC,C,27,1706.0992,34.8097,37.4534,39.5148,1705.5216,34.8171,37.4484,39.5326,measured,experiments/ts_predictor_r6/R6_6_JVET-hhi.xlsm,Test!B298:E298,scripts/JVET-hhi.xlsm,Reference!B298:E298,pass,pass,Test,True
r6,R6-6,r6_sparse_mean,LB,RaceHorsesC,C,32,714.984,31.5148,36.0945,38.1384,714.584,31.5133,36.1157,38.1642,measured,experiments/ts_predictor_r6/R6_6_JVET-hhi.xlsm,Test!B299:E299,scripts/JVET-hhi.xlsm,Reference!B299:E299,pass,pass,Test,True
r6,R6-6,r6_sparse_mean,LB,RaceHorsesC,C,37,312.168,28.7028,35.0027,36.6115,310.9664,28.6969,34.9938,36.5696,measured,experiments/ts_predictor_r6/R6_6_JVET-hhi.xlsm,Test!B300:E300,scripts/JVET-hhi.xlsm,Reference!B300:E300,pass,pass,Test,True
r6,R6-6,r6_sparse_mean,LB,FourPeople,E,22,1685.5504,42.9908,47.2235,48.461,1685.6656,42.9904,47.2227,48.4794,measured,experiments/ts_predictor_r6/R6_6_JVET-hhi.xlsm,Test!B317:E317,scripts/JVET-hhi.xlsm,Reference!B317:E317,pass,pass,Test,True
r6,R6-6,r6_sparse_mean,LB,FourPeople,E,27,664.9296,40.8802,45.518,46.54,665,40.8859,45.5291,46.5492,measured,experiments/ts_predictor_r6/R6_6_JVET-hhi.xlsm,Test!B318:E318,scripts/JVET-hhi.xlsm,Reference!B318:E318,pass,pass,Test,True
r6,R6-6,r6_sparse_mean,LB,FourPeople,E,32,337.3088,38.4731,43.6085,44.428,338.8464,38.4711,43.6164,44.4884,measured,experiments/ts_predictor_r6/R6_6_JVET-hhi.xlsm,Test!B319:E319,scripts/JVET-hhi.xlsm,Reference!B319:E319,pass,pass,Test,True
r6,R6-6,r6_sparse_mean,LB,FourPeople,E,37,184.6192,35.7811,41.9541,42.755,184.8576,35.7825,41.9882,42.6787,measured,experiments/ts_predictor_r6/R6_6_JVET-hhi.xlsm,Test!B320:E320,scripts/JVET-hhi.xlsm,Reference!B320:E320,pass,pass,Test,True
r6,R6-6,r6_sparse_mean,LB,Johnny,E,22,1126.2976,43.2242,48.6858,49.364,1128.6832,43.2271,48.7009,49.3588,measured,experiments/ts_predictor_r6/R6_6_JVET-hhi.xlsm,Test!B321:E321,scripts/JVET-hhi.xlsm,Reference!B321:E321,pass,pass,Test,True
r6,R6-6,r6_sparse_mean,LB,Johnny,E,27,344.3824,41.7407,47.4669,47.9865,345.288,41.7447,47.4549,47.935,measured,experiments/ts_predictor_r6/R6_6_JVET-hhi.xlsm,Test!B322:E322,scripts/JVET-hhi.xlsm,Reference!B322:E322,pass,pass,Test,True
r6,R6-6,r6_sparse_mean,LB,Johnny,E,32,160.3824,39.9417,45.7831,46.1682,159.984,39.9484,45.7352,46.1675,measured,experiments/ts_predictor_r6/R6_6_JVET-hhi.xlsm,Test!B323:E323,scripts/JVET-hhi.xlsm,Reference!B323:E323,pass,pass,Test,True
r6,R6-6,r6_sparse_mean,LB,Johnny,E,37,88.1696,37.8163,44.145,44.5517,88.0192,37.7916,44.1751,44.5536,measured,experiments/ts_predictor_r6/R6_6_JVET-hhi.xlsm,Test!B324:E324,scripts/JVET-hhi.xlsm,Reference!B324:E324,pass,pass,Test,True
r6,R6-6,r6_sparse_mean,LB,KristenAndSara,E,22,1361.2064,43.684,47.9585,48.9689,1360.6384,43.6894,47.9798,48.9623,measured,experiments/ts_predictor_r6/R6_6_JVET-hhi.xlsm,Test!B325:E325,scripts/JVET-hhi.xlsm,Reference!B325:E325,pass,pass,Test,True
r6,R6-6,r6_sparse_mean,LB,KristenAndSara,E,27,497.352,41.8047,46.4641,47.22,496.6832,41.8056,46.437,47.2725,measured,experiments/ts_predictor_r6/R6_6_JVET-hhi.xlsm,Test!B326:E326,scripts/JVET-hhi.xlsm,Reference!B326:E326,pass,pass,Test,True
r6,R6-6,r6_sparse_mean,LB,KristenAndSara,E,32,231.728,39.6272,44.7389,45.3238,232.6672,39.6314,44.7348,45.2358,measured,experiments/ts_predictor_r6/R6_6_JVET-hhi.xlsm,Test!B327:E327,scripts/JVET-hhi.xlsm,Reference!B327:E327,pass,pass,Test,True
r6,R6-6,r6_sparse_mean,LB,KristenAndSara,E,37,123.4496,37.2139,43.0396,43.6902,123.0048,37.2343,43.1878,43.6143,measured,experiments/ts_predictor_r6/R6_6_JVET-hhi.xlsm,Test!B328:E328,scripts/JVET-hhi.xlsm,Reference!B328:E328,pass,pass,Test,True
r6,R6-7,r6_sparse_min,LB,BQMall,C,22,2874.8944,40.0864,43.4565,44.5287,2873.9312,40.0834,43.4635,44.5316,measured,experiments/ts_predictor_r6/R6_7_JVET-hhi.xlsm,Test!B289:E289,scripts/JVET-hhi.xlsm,Reference!B289:E289,pass,pass,Test,True
r6,R6-7,r6_sparse_min,LB,BQMall,C,27,1168.2416,37.1909,41.3893,41.8146,1170.4464,37.1885,41.3923,41.832,measured,experiments/ts_predictor_r6/R6_7_JVET-hhi.xlsm,Test!B290:E290,scripts/JVET-hhi.xlsm,Reference!B290:E290,pass,pass,Test,True
r6,R6-7,r6_sparse_min,LB,BQMall,C,32,557.1488,34.3853,39.6312,39.877,557.0864,34.3765,39.5903,39.8105,measured,experiments/ts_predictor_r6/R6_7_JVET-hhi.xlsm,Test!B291:E291,scripts/JVET-hhi.xlsm,Reference!B291:E291,pass,pass,Test,True
r6,R6-7,r6_sparse_min,LB,BQMall,C,37,285.6448,31.7048,38.2039,38.149,285.7968,31.707,38.2648,38.2059,measured,experiments/ts_predictor_r6/R6_7_JVET-hhi.xlsm,Test!B292:E292,scripts/JVET-hhi.xlsm,Reference!B292:E292,pass,pass,Test,True
r6,R6-7,r6_sparse_min,LB,BasketballDrill,C,22,2278.9664,41.5883,43.8425,44.8196,2277.5664,41.5991,43.8318,44.8473,measured,experiments/ts_predictor_r6/R6_7_JVET-hhi.xlsm,Test!B285:E285,scripts/JVET-hhi.xlsm,Reference!B285:E285,pass,pass,Test,True
r6,R6-7,r6_sparse_min,LB,BasketballDrill,C,27,1008.3056,38.4519,41.3758,41.8327,1009.7776,38.4548,41.3893,41.8313,measured,experiments/ts_predictor_r6/R6_7_JVET-hhi.xlsm,Test!B286:E286,scripts/JVET-hhi.xlsm,Reference!B286:E286,pass,pass,Test,True
r6,R6-7,r6_sparse_min,LB,BasketballDrill,C,32,497.664,35.4772,39.591,39.7871,498.4768,35.5088,39.5826,39.7713,measured,experiments/ts_predictor_r6/R6_7_JVET-hhi.xlsm,Test!B287:E287,scripts/JVET-hhi.xlsm,Reference!B287:E287,pass,pass,Test,True
r6,R6-7,r6_sparse_min,LB,BasketballDrill,C,37,258.3632,32.88,37.8066,37.6458,258.864,32.8951,37.8276,37.6748,measured,experiments/ts_predictor_r6/R6_7_JVET-hhi.xlsm,Test!B288:E288,scripts/JVET-hhi.xlsm,Reference!B288:E288,pass,pass,Test,True
r6,R6-7,r6_sparse_min,LB,PartyScene,C,22,6341.8096,38.4838,41.0541,41.7555,6338.5136,38.4829,41.067,41.7642,measured,experiments/ts_predictor_r6/R6_7_JVET-hhi.xlsm,Test!B293:E293,scripts/JVET-hhi.xlsm,Reference!B293:E293,pass,pass,Test,True
r6,R6-7,r6_sparse_min,LB,PartyScene,C,27,2575.0336,34.5251,38.2017,38.6948,2573.736,34.5284,38.2125,38.7219,measured,experiments/ts_predictor_r6/R6_7_JVET-hhi.xlsm,Test!B294:E294,scripts/JVET-hhi.xlsm,Reference!B294:E294,pass,pass,Test,True
r6,R6-7,r6_sparse_min,LB,PartyScene,C,32,1156.0592,31.13,36.29,36.6843,1152.5024,31.1188,36.307,36.7181,measured,experiments/ts_predictor_r6/R6_7_JVET-hhi.xlsm,Test!B295:E295,scripts/JVET-hhi.xlsm,Reference!B295:E295,pass,pass,Test,True
r6,R6-7,r6_sparse_min,LB,PartyScene,C,37,527.608,28.1683,34.8517,35.0471,527.5424,28.1638,34.8455,35.0377,measured,experiments/ts_predictor_r6/R6_7_JVET-hhi.xlsm,Test!B296:E296,scripts/JVET-hhi.xlsm,Reference!B296:E296,pass,pass,Test,True
r6,R6-7,r6_sparse_min,LB,RaceHorsesC,C,22,5398.0304,39.3018,40.3587,42.0068,5399.3088,39.3003,40.3697,42.0084,measured,experiments/ts_predictor_r6/R6_7_JVET-hhi.xlsm,Test!B297:E297,scripts/JVET-hhi.xlsm,Reference!B297:E297,pass,pass,Test,True
r6,R6-7,r6_sparse_min,LB,RaceHorsesC,C,27,1706.0992,34.8097,37.4534,39.5148,1703.928,34.8117,37.4504,39.5412,measured,experiments/ts_predictor_r6/R6_7_JVET-hhi.xlsm,Test!B298:E298,scripts/JVET-hhi.xlsm,Reference!B298:E298,pass,pass,Test,True
r6,R6-7,r6_sparse_min,LB,RaceHorsesC,C,32,714.984,31.5148,36.0945,38.1384,715.3312,31.5176,36.0995,38.144,measured,experiments/ts_predictor_r6/R6_7_JVET-hhi.xlsm,Test!B299:E299,scripts/JVET-hhi.xlsm,Reference!B299:E299,pass,pass,Test,True
r6,R6-7,r6_sparse_min,LB,RaceHorsesC,C,37,312.168,28.7028,35.0027,36.6115,311.3424,28.7023,34.99,36.5694,measured,experiments/ts_predictor_r6/R6_7_JVET-hhi.xlsm,Test!B300:E300,scripts/JVET-hhi.xlsm,Reference!B300:E300,pass,pass,Test,True
r6,R6-7,r6_sparse_min,LB,FourPeople,E,22,1685.5504,42.9908,47.2235,48.461,1686.2368,42.991,47.2236,48.4792,measured,experiments/ts_predictor_r6/R6_7_JVET-hhi.xlsm,Test!B317:E317,scripts/JVET-hhi.xlsm,Reference!B317:E317,pass,pass,Test,True
r6,R6-7,r6_sparse_min,LB,FourPeople,E,27,664.9296,40.8802,45.518,46.54,665,40.8859,45.5291,46.5492,measured,experiments/ts_predictor_r6/R6_7_JVET-hhi.xlsm,Test!B318:E318,scripts/JVET-hhi.xlsm,Reference!B318:E318,pass,pass,Test,True
r6,R6-7,r6_sparse_min,LB,FourPeople,E,32,337.3088,38.4731,43.6085,44.428,338.8464,38.4711,43.6164,44.4884,measured,experiments/ts_predictor_r6/R6_7_JVET-hhi.xlsm,Test!B319:E319,scripts/JVET-hhi.xlsm,Reference!B319:E319,pass,pass,Test,True
r6,R6-7,r6_sparse_min,LB,FourPeople,E,37,184.6192,35.7811,41.9541,42.755,185.032,35.7857,42.0652,42.5951,measured,experiments/ts_predictor_r6/R6_7_JVET-hhi.xlsm,Test!B320:E320,scripts/JVET-hhi.xlsm,Reference!B320:E320,pass,pass,Test,True
r6,R6-7,r6_sparse_min,LB,Johnny,E,22,1126.2976,43.2242,48.6858,49.364,1127.232,43.2268,48.6875,49.3726,measured,experiments/ts_predictor_r6/R6_7_JVET-hhi.xlsm,Test!B321:E321,scripts/JVET-hhi.xlsm,Reference!B321:E321,pass,pass,Test,True
r6,R6-7,r6_sparse_min,LB,Johnny,E,27,344.3824,41.7407,47.4669,47.9865,345.288,41.7447,47.4549,47.935,measured,experiments/ts_predictor_r6/R6_7_JVET-hhi.xlsm,Test!B322:E322,scripts/JVET-hhi.xlsm,Reference!B322:E322,pass,pass,Test,True
r6,R6-7,r6_sparse_min,LB,Johnny,E,32,160.3824,39.9417,45.7831,46.1682,159.984,39.9484,45.7352,46.1675,measured,experiments/ts_predictor_r6/R6_7_JVET-hhi.xlsm,Test!B323:E323,scripts/JVET-hhi.xlsm,Reference!B323:E323,pass,pass,Test,True
r6,R6-7,r6_sparse_min,LB,Johnny,E,37,88.1696,37.8163,44.145,44.5517,88.0192,37.7916,44.1751,44.5536,measured,experiments/ts_predictor_r6/R6_7_JVET-hhi.xlsm,Test!B324:E324,scripts/JVET-hhi.xlsm,Reference!B324:E324,pass,pass,Test,True
r6,R6-7,r6_sparse_min,LB,KristenAndSara,E,22,1361.2064,43.684,47.9585,48.9689,1359.3424,43.6922,47.9911,48.9459,measured,experiments/ts_predictor_r6/R6_7_JVET-hhi.xlsm,Test!B325:E325,scripts/JVET-hhi.xlsm,Reference!B325:E325,pass,pass,Test,True
r6,R6-7,r6_sparse_min,LB,KristenAndSara,E,27,497.352,41.8047,46.4641,47.22,497.8032,41.8113,46.4079,47.2649,measured,experiments/ts_predictor_r6/R6_7_JVET-hhi.xlsm,Test!B326:E326,scripts/JVET-hhi.xlsm,Reference!B326:E326,pass,pass,Test,True
r6,R6-7,r6_sparse_min,LB,KristenAndSara,E,32,231.728,39.6272,44.7389,45.3238,232.6672,39.6314,44.7348,45.2358,measured,experiments/ts_predictor_r6/R6_7_JVET-hhi.xlsm,Test!B327:E327,scripts/JVET-hhi.xlsm,Reference!B327:E327,pass,pass,Test,True
r6,R6-7,r6_sparse_min,LB,KristenAndSara,E,37,123.4496,37.2139,43.0396,43.6902,123.0048,37.2343,43.1878,43.6143,measured,experiments/ts_predictor_r6/R6_7_JVET-hhi.xlsm,Test!B328:E328,scripts/JVET-hhi.xlsm,Reference!B328:E328,pass,pass,Test,True
r7,R7-1,rate_raw,LB,BQMall,C,22,2874.8944,40.0864,43.4565,44.5287,2869.6128,40.0821,43.4461,44.5373,measured,experiments/ts_predictor_r7/R7_1_JVET-hhi.xlsm,Test!B289:E289,scripts/JVET-hhi.xlsm,Reference!B289:E289,pass,pass,Test,True
r7,R7-1,rate_raw,LB,BQMall,C,27,1168.2416,37.1909,41.3893,41.8146,1170.4288,37.1953,41.3921,41.8018,measured,experiments/ts_predictor_r7/R7_1_JVET-hhi.xlsm,Test!B290:E290,scripts/JVET-hhi.xlsm,Reference!B290:E290,pass,pass,Test,True
r7,R7-1,rate_raw,LB,BQMall,C,32,557.1488,34.3853,39.6312,39.877,558.0688,34.3817,39.6097,39.8405,measured,experiments/ts_predictor_r7/R7_1_JVET-hhi.xlsm,Test!B291:E291,scripts/JVET-hhi.xlsm,Reference!B291:E291,pass,pass,Test,True
r7,R7-1,rate_raw,LB,BQMall,C,37,285.6448,31.7048,38.2039,38.149,285.0272,31.7038,38.2669,38.1289,measured,experiments/ts_predictor_r7/R7_1_JVET-hhi.xlsm,Test!B292:E292,scripts/JVET-hhi.xlsm,Reference!B292:E292,pass,pass,Test,True
r7,R7-1,rate_raw,LB,BasketballDrill,C,22,2278.9664,41.5883,43.8425,44.8196,2280.0864,41.5859,43.83,44.8013,measured,experiments/ts_predictor_r7/R7_1_JVET-hhi.xlsm,Test!B285:E285,scripts/JVET-hhi.xlsm,Reference!B285:E285,pass,pass,Test,True
r7,R7-1,rate_raw,LB,BasketballDrill,C,27,1008.3056,38.4519,41.3758,41.8327,1008.5744,38.4655,41.4091,41.8552,measured,experiments/ts_predictor_r7/R7_1_JVET-hhi.xlsm,Test!B286:E286,scripts/JVET-hhi.xlsm,Reference!B286:E286,pass,pass,Test,True
r7,R7-1,rate_raw,LB,BasketballDrill,C,32,497.664,35.4772,39.591,39.7871,498.3488,35.4961,39.5997,39.7953,measured,experiments/ts_predictor_r7/R7_1_JVET-hhi.xlsm,Test!B287:E287,scripts/JVET-hhi.xlsm,Reference!B287:E287,pass,pass,Test,True
r7,R7-1,rate_raw,LB,BasketballDrill,C,37,258.3632,32.88,37.8066,37.6458,259.248,32.8949,37.79,37.6826,measured,experiments/ts_predictor_r7/R7_1_JVET-hhi.xlsm,Test!B288:E288,scripts/JVET-hhi.xlsm,Reference!B288:E288,pass,pass,Test,True
r7,R7-1,rate_raw,LB,PartyScene,C,22,6341.8096,38.4838,41.0541,41.7555,6338.4288,38.4803,41.058,41.7552,measured,experiments/ts_predictor_r7/R7_1_JVET-hhi.xlsm,Test!B293:E293,scripts/JVET-hhi.xlsm,Reference!B293:E293,pass,pass,Test,True
r7,R7-1,rate_raw,LB,PartyScene,C,27,2575.0336,34.5251,38.2017,38.6948,2579.4896,34.5287,38.2214,38.7081,measured,experiments/ts_predictor_r7/R7_1_JVET-hhi.xlsm,Test!B294:E294,scripts/JVET-hhi.xlsm,Reference!B294:E294,pass,pass,Test,True
r7,R7-1,rate_raw,LB,PartyScene,C,32,1156.0592,31.13,36.29,36.6843,1153.2368,31.1265,36.2937,36.7219,measured,experiments/ts_predictor_r7/R7_1_JVET-hhi.xlsm,Test!B295:E295,scripts/JVET-hhi.xlsm,Reference!B295:E295,pass,pass,Test,True
r7,R7-1,rate_raw,LB,PartyScene,C,37,527.608,28.1683,34.8517,35.0471,527.2192,28.1631,34.8335,35.047,measured,experiments/ts_predictor_r7/R7_1_JVET-hhi.xlsm,Test!B296:E296,scripts/JVET-hhi.xlsm,Reference!B296:E296,pass,pass,Test,True
r7,R7-1,rate_raw,LB,RaceHorsesC,C,22,5398.0304,39.3018,40.3587,42.0068,5396.2,39.2992,40.3662,42.0107,measured,experiments/ts_predictor_r7/R7_1_JVET-hhi.xlsm,Test!B297:E297,scripts/JVET-hhi.xlsm,Reference!B297:E297,pass,pass,Test,True
r7,R7-1,rate_raw,LB,RaceHorsesC,C,27,1706.0992,34.8097,37.4534,39.5148,1704.7472,34.8128,37.4395,39.5264,measured,experiments/ts_predictor_r7/R7_1_JVET-hhi.xlsm,Test!B298:E298,scripts/JVET-hhi.xlsm,Reference!B298:E298,pass,pass,Test,True
r7,R7-1,rate_raw,LB,RaceHorsesC,C,32,714.984,31.5148,36.0945,38.1384,716.0304,31.5121,36.1101,38.166,measured,experiments/ts_predictor_r7/R7_1_JVET-hhi.xlsm,Test!B299:E299,scripts/JVET-hhi.xlsm,Reference!B299:E299,pass,pass,Test,True
r7,R7-1,rate_raw,LB,RaceHorsesC,C,37,312.168,28.7028,35.0027,36.6115,311.3968,28.6974,35.0133,36.6093,measured,experiments/ts_predictor_r7/R7_1_JVET-hhi.xlsm,Test!B300:E300,scripts/JVET-hhi.xlsm,Reference!B300:E300,pass,pass,Test,True
r7,R7-1,rate_raw,LB,FourPeople,E,22,1685.5504,42.9908,47.2235,48.461,1685.424,42.9898,47.2175,48.4822,measured,experiments/ts_predictor_r7/R7_1_JVET-hhi.xlsm,Test!B317:E317,scripts/JVET-hhi.xlsm,Reference!B317:E317,pass,pass,Test,True
r7,R7-1,rate_raw,LB,FourPeople,E,27,664.9296,40.8802,45.518,46.54,665.144,40.8842,45.5514,46.6074,measured,experiments/ts_predictor_r7/R7_1_JVET-hhi.xlsm,Test!B318:E318,scripts/JVET-hhi.xlsm,Reference!B318:E318,pass,pass,Test,True
r7,R7-1,rate_raw,LB,FourPeople,E,32,337.3088,38.4731,43.6085,44.428,338.6416,38.4859,43.6707,44.4445,measured,experiments/ts_predictor_r7/R7_1_JVET-hhi.xlsm,Test!B319:E319,scripts/JVET-hhi.xlsm,Reference!B319:E319,pass,pass,Test,True
r7,R7-1,rate_raw,LB,FourPeople,E,37,184.6192,35.7811,41.9541,42.755,184.6336,35.7824,41.96,42.6534,measured,experiments/ts_predictor_r7/R7_1_JVET-hhi.xlsm,Test!B320:E320,scripts/JVET-hhi.xlsm,Reference!B320:E320,pass,pass,Test,True
r7,R7-1,rate_raw,LB,Johnny,E,22,1126.2976,43.2242,48.6858,49.364,1126.928,43.2267,48.6986,49.3514,measured,experiments/ts_predictor_r7/R7_1_JVET-hhi.xlsm,Test!B321:E321,scripts/JVET-hhi.xlsm,Reference!B321:E321,pass,pass,Test,True
r7,R7-1,rate_raw,LB,Johnny,E,27,344.3824,41.7407,47.4669,47.9865,343.608,41.7403,47.4469,47.9376,measured,experiments/ts_predictor_r7/R7_1_JVET-hhi.xlsm,Test!B322:E322,scripts/JVET-hhi.xlsm,Reference!B322:E322,pass,pass,Test,True
r7,R7-1,rate_raw,LB,Johnny,E,32,160.3824,39.9417,45.7831,46.1682,160.2512,39.9388,45.755,46.1495,measured,experiments/ts_predictor_r7/R7_1_JVET-hhi.xlsm,Test!B323:E323,scripts/JVET-hhi.xlsm,Reference!B323:E323,pass,pass,Test,True
r7,R7-1,rate_raw,LB,Johnny,E,37,88.1696,37.8163,44.145,44.5517,88.008,37.7954,44.1512,44.5268,measured,experiments/ts_predictor_r7/R7_1_JVET-hhi.xlsm,Test!B324:E324,scripts/JVET-hhi.xlsm,Reference!B324:E324,pass,pass,Test,True
r7,R7-1,rate_raw,LB,KristenAndSara,E,22,1361.2064,43.684,47.9585,48.9689,1359.9616,43.688,47.9778,48.9328,measured,experiments/ts_predictor_r7/R7_1_JVET-hhi.xlsm,Test!B325:E325,scripts/JVET-hhi.xlsm,Reference!B325:E325,pass,pass,Test,True
r7,R7-1,rate_raw,LB,KristenAndSara,E,27,497.352,41.8047,46.4641,47.22,496.28,41.8107,46.4628,47.2635,measured,experiments/ts_predictor_r7/R7_1_JVET-hhi.xlsm,Test!B326:E326,scripts/JVET-hhi.xlsm,Reference!B326:E326,pass,pass,Test,True
r7,R7-1,rate_raw,LB,KristenAndSara,E,32,231.728,39.6272,44.7389,45.3238,231.6736,39.6343,44.6752,45.2991,measured,experiments/ts_predictor_r7/R7_1_JVET-hhi.xlsm,Test!B327:E327,scripts/JVET-hhi.xlsm,Reference!B327:E327,pass,pass,Test,True
r7,R7-1,rate_raw,LB,KristenAndSara,E,37,123.4496,37.2139,43.0396,43.6902,123.3184,37.2195,43.0287,43.6688,measured,experiments/ts_predictor_r7/R7_1_JVET-hhi.xlsm,Test!B328:E328,scripts/JVET-hhi.xlsm,Reference!B328:E328,pass,pass,Test,True
r7,R7-2,rate_guard,LB,BQMall,C,22,2874.8944,40.0864,43.4565,44.5287,2873.9552,40.0825,43.4611,44.5161,measured,experiments/ts_predictor_r7/R7_2_JVET-hhi.xlsm,Test!B289:E289,scripts/JVET-hhi.xlsm,Reference!B289:E289,pass,pass,Test,True
r7,R7-2,rate_guard,LB,BQMall,C,27,1168.2416,37.1909,41.3893,41.8146,1169.0912,37.1917,41.368,41.835,measured,experiments/ts_predictor_r7/R7_2_JVET-hhi.xlsm,Test!B290:E290,scripts/JVET-hhi.xlsm,Reference!B290:E290,pass,pass,Test,True
r7,R7-2,rate_guard,LB,BQMall,C,32,557.1488,34.3853,39.6312,39.877,557.3264,34.3871,39.5985,39.8276,measured,experiments/ts_predictor_r7/R7_2_JVET-hhi.xlsm,Test!B291:E291,scripts/JVET-hhi.xlsm,Reference!B291:E291,pass,pass,Test,True
r7,R7-2,rate_guard,LB,BQMall,C,37,285.6448,31.7048,38.2039,38.149,286.0624,31.6957,38.2362,38.1792,measured,experiments/ts_predictor_r7/R7_2_JVET-hhi.xlsm,Test!B292:E292,scripts/JVET-hhi.xlsm,Reference!B292:E292,pass,pass,Test,True
r7,R7-2,rate_guard,LB,BasketballDrill,C,22,2278.9664,41.5883,43.8425,44.8196,2280.2384,41.5917,43.8409,44.8188,measured,experiments/ts_predictor_r7/R7_2_JVET-hhi.xlsm,Test!B285:E285,scripts/JVET-hhi.xlsm,Reference!B285:E285,pass,pass,Test,True
r7,R7-2,rate_guard,LB,BasketballDrill,C,27,1008.3056,38.4519,41.3758,41.8327,1010.3232,38.4509,41.3552,41.8226,measured,experiments/ts_predictor_r7/R7_2_JVET-hhi.xlsm,Test!B286:E286,scripts/JVET-hhi.xlsm,Reference!B286:E286,pass,pass,Test,True
r7,R7-2,rate_guard,LB,BasketballDrill,C,32,497.664,35.4772,39.591,39.7871,498.0848,35.4914,39.5821,39.7944,measured,experiments/ts_predictor_r7/R7_2_JVET-hhi.xlsm,Test!B287:E287,scripts/JVET-hhi.xlsm,Reference!B287:E287,pass,pass,Test,True
r7,R7-2,rate_guard,LB,BasketballDrill,C,37,258.3632,32.88,37.8066,37.6458,258.9424,32.8822,37.8029,37.6362,measured,experiments/ts_predictor_r7/R7_2_JVET-hhi.xlsm,Test!B288:E288,scripts/JVET-hhi.xlsm,Reference!B288:E288,pass,pass,Test,True
r7,R7-2,rate_guard,LB,PartyScene,C,22,6341.8096,38.4838,41.0541,41.7555,6342.6592,38.4853,41.0578,41.7425,measured,experiments/ts_predictor_r7/R7_2_JVET-hhi.xlsm,Test!B293:E293,scripts/JVET-hhi.xlsm,Reference!B293:E293,pass,pass,Test,True
r7,R7-2,rate_guard,LB,PartyScene,C,27,2575.0336,34.5251,38.2017,38.6948,2572.888,34.5262,38.2294,38.7275,measured,experiments/ts_predictor_r7/R7_2_JVET-hhi.xlsm,Test!B294:E294,scripts/JVET-hhi.xlsm,Reference!B294:E294,pass,pass,Test,True
r7,R7-2,rate_guard,LB,PartyScene,C,32,1156.0592,31.13,36.29,36.6843,1153.528,31.1273,36.3075,36.7325,measured,experiments/ts_predictor_r7/R7_2_JVET-hhi.xlsm,Test!B295:E295,scripts/JVET-hhi.xlsm,Reference!B295:E295,pass,pass,Test,True
r7,R7-2,rate_guard,LB,PartyScene,C,37,527.608,28.1683,34.8517,35.0471,527.5472,28.1725,34.8551,35.055,measured,experiments/ts_predictor_r7/R7_2_JVET-hhi.xlsm,Test!B296:E296,scripts/JVET-hhi.xlsm,Reference!B296:E296,pass,pass,Test,True
r7,R7-2,rate_guard,LB,RaceHorsesC,C,22,5398.0304,39.3018,40.3587,42.0068,5397.5488,39.2996,40.3539,41.9915,measured,experiments/ts_predictor_r7/R7_2_JVET-hhi.xlsm,Test!B297:E297,scripts/JVET-hhi.xlsm,Reference!B297:E297,pass,pass,Test,True
r7,R7-2,rate_guard,LB,RaceHorsesC,C,27,1706.0992,34.8097,37.4534,39.5148,1706.8736,34.819,37.4481,39.5296,measured,experiments/ts_predictor_r7/R7_2_JVET-hhi.xlsm,Test!B298:E298,scripts/JVET-hhi.xlsm,Reference!B298:E298,pass,pass,Test,True
r7,R7-2,rate_guard,LB,RaceHorsesC,C,32,714.984,31.5148,36.0945,38.1384,715.6704,31.5173,36.0864,38.1185,measured,experiments/ts_predictor_r7/R7_2_JVET-hhi.xlsm,Test!B299:E299,scripts/JVET-hhi.xlsm,Reference!B299:E299,pass,pass,Test,True
r7,R7-2,rate_guard,LB,RaceHorsesC,C,37,312.168,28.7028,35.0027,36.6115,311.3088,28.6963,34.9902,36.6253,measured,experiments/ts_predictor_r7/R7_2_JVET-hhi.xlsm,Test!B300:E300,scripts/JVET-hhi.xlsm,Reference!B300:E300,pass,pass,Test,True
r7,R7-2,rate_guard,LB,FourPeople,E,22,1685.5504,42.9908,47.2235,48.461,1686.5312,42.993,47.2186,48.4654,measured,experiments/ts_predictor_r7/R7_2_JVET-hhi.xlsm,Test!B317:E317,scripts/JVET-hhi.xlsm,Reference!B317:E317,pass,pass,Test,True
r7,R7-2,rate_guard,LB,FourPeople,E,27,664.9296,40.8802,45.518,46.54,665.912,40.8858,45.5371,46.5698,measured,experiments/ts_predictor_r7/R7_2_JVET-hhi.xlsm,Test!B318:E318,scripts/JVET-hhi.xlsm,Reference!B318:E318,pass,pass,Test,True
r7,R7-2,rate_guard,LB,FourPeople,E,32,337.3088,38.4731,43.6085,44.428,337.3392,38.4728,43.615,44.4371,measured,experiments/ts_predictor_r7/R7_2_JVET-hhi.xlsm,Test!B319:E319,scripts/JVET-hhi.xlsm,Reference!B319:E319,pass,pass,Test,True
r7,R7-2,rate_guard,LB,FourPeople,E,37,184.6192,35.7811,41.9541,42.755,184.608,35.7813,41.9393,42.6225,measured,experiments/ts_predictor_r7/R7_2_JVET-hhi.xlsm,Test!B320:E320,scripts/JVET-hhi.xlsm,Reference!B320:E320,pass,pass,Test,True
r7,R7-2,rate_guard,LB,Johnny,E,22,1126.2976,43.2242,48.6858,49.364,1127.4144,43.2264,48.7127,49.3626,measured,experiments/ts_predictor_r7/R7_2_JVET-hhi.xlsm,Test!B321:E321,scripts/JVET-hhi.xlsm,Reference!B321:E321,pass,pass,Test,True
r7,R7-2,rate_guard,LB,Johnny,E,27,344.3824,41.7407,47.4669,47.9865,344.3824,41.7407,47.4669,47.9865,measured,experiments/ts_predictor_r7/R7_2_JVET-hhi.xlsm,Test!B322:E322,scripts/JVET-hhi.xlsm,Reference!B322:E322,pass,pass,Test,True
r7,R7-2,rate_guard,LB,Johnny,E,32,160.3824,39.9417,45.7831,46.1682,160.3824,39.9417,45.7831,46.1682,measured,experiments/ts_predictor_r7/R7_2_JVET-hhi.xlsm,Test!B323:E323,scripts/JVET-hhi.xlsm,Reference!B323:E323,pass,pass,Test,True
r7,R7-2,rate_guard,LB,Johnny,E,37,88.1696,37.8163,44.145,44.5517,87.9216,37.8108,44.1691,44.5637,measured,experiments/ts_predictor_r7/R7_2_JVET-hhi.xlsm,Test!B324:E324,scripts/JVET-hhi.xlsm,Reference!B324:E324,pass,pass,Test,True
r7,R7-2,rate_guard,LB,KristenAndSara,E,22,1361.2064,43.684,47.9585,48.9689,1360.0704,43.6925,47.9904,48.9373,measured,experiments/ts_predictor_r7/R7_2_JVET-hhi.xlsm,Test!B325:E325,scripts/JVET-hhi.xlsm,Reference!B325:E325,pass,pass,Test,True
r7,R7-2,rate_guard,LB,KristenAndSara,E,27,497.352,41.8047,46.4641,47.22,496.8608,41.8048,46.4525,47.2165,measured,experiments/ts_predictor_r7/R7_2_JVET-hhi.xlsm,Test!B326:E326,scripts/JVET-hhi.xlsm,Reference!B326:E326,pass,pass,Test,True
r7,R7-2,rate_guard,LB,KristenAndSara,E,32,231.728,39.6272,44.7389,45.3238,232.1392,39.6293,44.7582,45.2557,measured,experiments/ts_predictor_r7/R7_2_JVET-hhi.xlsm,Test!B327:E327,scripts/JVET-hhi.xlsm,Reference!B327:E327,pass,pass,Test,True
r7,R7-2,rate_guard,LB,KristenAndSara,E,37,123.4496,37.2139,43.0396,43.6902,123.4496,37.2139,43.0396,43.6902,measured,experiments/ts_predictor_r7/R7_2_JVET-hhi.xlsm,Test!B328:E328,scripts/JVET-hhi.xlsm,Reference!B328:E328,pass,pass,Test,True
r8,R8-1,R8_MODE=1,LB,BQMall,C,22,2874.8944,40.0864,43.4565,44.5287,2874.808,40.0834,43.4661,44.519,measured,experiments/ts_predictor_r8/r8_1_JVET-hhi.xlsm,Test!B289:E289,scripts/JVET-hhi.xlsm,Reference!B289:E289,pass,pass,Test,True
r8,R8-1,R8_MODE=1,LB,BQMall,C,27,1168.2416,37.1909,41.3893,41.8146,1169.7216,37.1961,41.3964,41.8388,measured,experiments/ts_predictor_r8/r8_1_JVET-hhi.xlsm,Test!B290:E290,scripts/JVET-hhi.xlsm,Reference!B290:E290,pass,pass,Test,True
r8,R8-1,R8_MODE=1,LB,BQMall,C,32,557.1488,34.3853,39.6312,39.877,558.408,34.3898,39.5927,39.7831,measured,experiments/ts_predictor_r8/r8_1_JVET-hhi.xlsm,Test!B291:E291,scripts/JVET-hhi.xlsm,Reference!B291:E291,pass,pass,Test,True
r8,R8-1,R8_MODE=1,LB,BQMall,C,37,285.6448,31.7048,38.2039,38.149,286.032,31.7015,38.2051,38.1855,measured,experiments/ts_predictor_r8/r8_1_JVET-hhi.xlsm,Test!B292:E292,scripts/JVET-hhi.xlsm,Reference!B292:E292,pass,pass,Test,True
r8,R8-1,R8_MODE=1,LB,BasketballDrill,C,22,2278.9664,41.5883,43.8425,44.8196,2280.2528,41.588,43.815,44.8415,measured,experiments/ts_predictor_r8/r8_1_JVET-hhi.xlsm,Test!B285:E285,scripts/JVET-hhi.xlsm,Reference!B285:E285,pass,pass,Test,True
r8,R8-1,R8_MODE=1,LB,BasketballDrill,C,27,1008.3056,38.4519,41.3758,41.8327,1007.408,38.4486,41.3877,41.853,measured,experiments/ts_predictor_r8/r8_1_JVET-hhi.xlsm,Test!B286:E286,scripts/JVET-hhi.xlsm,Reference!B286:E286,pass,pass,Test,True
r8,R8-1,R8_MODE=1,LB,BasketballDrill,C,32,497.664,35.4772,39.591,39.7871,497.9616,35.493,39.5534,39.7651,measured,experiments/ts_predictor_r8/r8_1_JVET-hhi.xlsm,Test!B287:E287,scripts/JVET-hhi.xlsm,Reference!B287:E287,pass,pass,Test,True
r8,R8-1,R8_MODE=1,LB,BasketballDrill,C,37,258.3632,32.88,37.8066,37.6458,258.9824,32.9,37.84,37.65,measured,experiments/ts_predictor_r8/r8_1_JVET-hhi.xlsm,Test!B288:E288,scripts/JVET-hhi.xlsm,Reference!B288:E288,pass,pass,Test,True
r8,R8-1,R8_MODE=1,LB,PartyScene,C,22,6341.8096,38.4838,41.0541,41.7555,6341.4368,38.4821,41.0679,41.746,measured,experiments/ts_predictor_r8/r8_1_JVET-hhi.xlsm,Test!B293:E293,scripts/JVET-hhi.xlsm,Reference!B293:E293,pass,pass,Test,True
r8,R8-1,R8_MODE=1,LB,PartyScene,C,27,2575.0336,34.5251,38.2017,38.6948,2570.976,34.5268,38.2291,38.7346,measured,experiments/ts_predictor_r8/r8_1_JVET-hhi.xlsm,Test!B294:E294,scripts/JVET-hhi.xlsm,Reference!B294:E294,pass,pass,Test,True
r8,R8-1,R8_MODE=1,LB,PartyScene,C,32,1156.0592,31.13,36.29,36.6843,1152.3952,31.1272,36.2988,36.7067,measured,experiments/ts_predictor_r8/r8_1_JVET-hhi.xlsm,Test!B295:E295,scripts/JVET-hhi.xlsm,Reference!B295:E295,pass,pass,Test,True
r8,R8-1,R8_MODE=1,LB,PartyScene,C,37,527.608,28.1683,34.8517,35.0471,527.7232,28.1839,34.8302,35.0226,measured,experiments/ts_predictor_r8/r8_1_JVET-hhi.xlsm,Test!B296:E296,scripts/JVET-hhi.xlsm,Reference!B296:E296,pass,pass,Test,True
r8,R8-1,R8_MODE=1,LB,RaceHorsesC,C,22,5398.0304,39.3018,40.3587,42.0068,5394.152,39.3004,40.3664,42.007,measured,experiments/ts_predictor_r8/r8_1_JVET-hhi.xlsm,Test!B297:E297,scripts/JVET-hhi.xlsm,Reference!B297:E297,pass,pass,Test,True
r8,R8-1,R8_MODE=1,LB,RaceHorsesC,C,27,1706.0992,34.8097,37.4534,39.5148,1704.0672,34.8124,37.4545,39.5201,measured,experiments/ts_predictor_r8/r8_1_JVET-hhi.xlsm,Test!B298:E298,scripts/JVET-hhi.xlsm,Reference!B298:E298,pass,pass,Test,True
r8,R8-1,R8_MODE=1,LB,RaceHorsesC,C,32,714.984,31.5148,36.0945,38.1384,714.192,31.5171,36.1064,38.146,measured,experiments/ts_predictor_r8/r8_1_JVET-hhi.xlsm,Test!B299:E299,scripts/JVET-hhi.xlsm,Reference!B299:E299,pass,pass,Test,True
r8,R8-1,R8_MODE=1,LB,RaceHorsesC,C,37,312.168,28.7028,35.0027,36.6115,312.0128,28.7013,34.9902,36.59,measured,experiments/ts_predictor_r8/r8_1_JVET-hhi.xlsm,Test!B300:E300,scripts/JVET-hhi.xlsm,Reference!B300:E300,pass,pass,Test,True
r8,R8-1,R8_MODE=1,LB,FourPeople,E,22,1685.5504,42.9908,47.2235,48.461,1685.9472,42.9897,47.2436,48.477,measured,experiments/ts_predictor_r8/r8_1_JVET-hhi.xlsm,Test!B317:E317,scripts/JVET-hhi.xlsm,Reference!B317:E317,pass,pass,Test,True
r8,R8-1,R8_MODE=1,LB,FourPeople,E,27,664.9296,40.8802,45.518,46.54,665.3488,40.8867,45.5316,46.5699,measured,experiments/ts_predictor_r8/r8_1_JVET-hhi.xlsm,Test!B318:E318,scripts/JVET-hhi.xlsm,Reference!B318:E318,pass,pass,Test,True
r8,R8-1,R8_MODE=1,LB,FourPeople,E,32,337.3088,38.4731,43.6085,44.428,338.44,38.4686,43.6089,44.4513,measured,experiments/ts_predictor_r8/r8_1_JVET-hhi.xlsm,Test!B319:E319,scripts/JVET-hhi.xlsm,Reference!B319:E319,pass,pass,Test,True
r8,R8-1,R8_MODE=1,LB,FourPeople,E,37,184.6192,35.7811,41.9541,42.755,184.4768,35.7808,42.0182,42.6791,measured,experiments/ts_predictor_r8/r8_1_JVET-hhi.xlsm,Test!B320:E320,scripts/JVET-hhi.xlsm,Reference!B320:E320,pass,pass,Test,True
r8,R8-1,R8_MODE=1,LB,Johnny,E,22,1126.2976,43.2242,48.6858,49.364,1127.856,43.2283,48.6944,49.3652,measured,experiments/ts_predictor_r8/r8_1_JVET-hhi.xlsm,Test!B321:E321,scripts/JVET-hhi.xlsm,Reference!B321:E321,pass,pass,Test,True
r8,R8-1,R8_MODE=1,LB,Johnny,E,27,344.3824,41.7407,47.4669,47.9865,345.6512,41.7369,47.4686,47.9792,measured,experiments/ts_predictor_r8/r8_1_JVET-hhi.xlsm,Test!B322:E322,scripts/JVET-hhi.xlsm,Reference!B322:E322,pass,pass,Test,True
r8,R8-1,R8_MODE=1,LB,Johnny,E,32,160.3824,39.9417,45.7831,46.1682,160.3808,39.9437,45.7244,46.1446,measured,experiments/ts_predictor_r8/r8_1_JVET-hhi.xlsm,Test!B323:E323,scripts/JVET-hhi.xlsm,Reference!B323:E323,pass,pass,Test,True
r8,R8-1,R8_MODE=1,LB,Johnny,E,37,88.1696,37.8163,44.145,44.5517,88.008,37.7954,44.1512,44.5268,measured,experiments/ts_predictor_r8/r8_1_JVET-hhi.xlsm,Test!B324:E324,scripts/JVET-hhi.xlsm,Reference!B324:E324,pass,pass,Test,True
r8,R8-1,R8_MODE=1,LB,KristenAndSara,E,22,1361.2064,43.684,47.9585,48.9689,1359.0272,43.6886,47.9771,48.9357,measured,experiments/ts_predictor_r8/r8_1_JVET-hhi.xlsm,Test!B325:E325,scripts/JVET-hhi.xlsm,Reference!B325:E325,pass,pass,Test,True
r8,R8-1,R8_MODE=1,LB,KristenAndSara,E,27,497.352,41.8047,46.4641,47.22,498.16,41.8097,46.4396,47.2607,measured,experiments/ts_predictor_r8/r8_1_JVET-hhi.xlsm,Test!B326:E326,scripts/JVET-hhi.xlsm,Reference!B326:E326,pass,pass,Test,True
r8,R8-1,R8_MODE=1,LB,KristenAndSara,E,32,231.728,39.6272,44.7389,45.3238,232.5744,39.6351,44.7463,45.2687,measured,experiments/ts_predictor_r8/r8_1_JVET-hhi.xlsm,Test!B327:E327,scripts/JVET-hhi.xlsm,Reference!B327:E327,pass,pass,Test,True
r8,R8-1,R8_MODE=1,LB,KristenAndSara,E,37,123.4496,37.2139,43.0396,43.6902,122.9552,37.2034,43.0948,43.6628,measured,experiments/ts_predictor_r8/r8_1_JVET-hhi.xlsm,Test!B328:E328,scripts/JVET-hhi.xlsm,Reference!B328:E328,pass,pass,Test,True
r8,R8-2,R8_MODE=2,LB,BQMall,C,22,2874.8944,40.0864,43.4565,44.5287,2875.8032,40.0828,43.4609,44.532,measured,experiments/ts_predictor_r8/R8_2_JVET-hhi.xlsm,Test!B289:E289,scripts/JVET-hhi.xlsm,Reference!B289:E289,pass,pass,Test,True
r8,R8-2,R8_MODE=2,LB,BQMall,C,27,1168.2416,37.1909,41.3893,41.8146,1169.088,37.1956,41.3947,41.8278,measured,experiments/ts_predictor_r8/R8_2_JVET-hhi.xlsm,Test!B290:E290,scripts/JVET-hhi.xlsm,Reference!B290:E290,pass,pass,Test,True
r8,R8-2,R8_MODE=2,LB,BQMall,C,32,557.1488,34.3853,39.6312,39.877,558.4992,34.3938,39.5899,39.8515,measured,experiments/ts_predictor_r8/R8_2_JVET-hhi.xlsm,Test!B291:E291,scripts/JVET-hhi.xlsm,Reference!B291:E291,pass,pass,Test,True
r8,R8-2,R8_MODE=2,LB,BQMall,C,37,285.6448,31.7048,38.2039,38.149,286.032,31.7015,38.2051,38.1855,measured,experiments/ts_predictor_r8/R8_2_JVET-hhi.xlsm,Test!B292:E292,scripts/JVET-hhi.xlsm,Reference!B292:E292,pass,pass,Test,True
r8,R8-2,R8_MODE=2,LB,BasketballDrill,C,22,2278.9664,41.5883,43.8425,44.8196,2280.9216,41.5828,43.8265,44.8384,measured,experiments/ts_predictor_r8/R8_2_JVET-hhi.xlsm,Test!B285:E285,scripts/JVET-hhi.xlsm,Reference!B285:E285,pass,pass,Test,True
r8,R8-2,R8_MODE=2,LB,BasketballDrill,C,27,1008.3056,38.4519,41.3758,41.8327,1009.4464,38.4552,41.4006,41.8352,measured,experiments/ts_predictor_r8/R8_2_JVET-hhi.xlsm,Test!B286:E286,scripts/JVET-hhi.xlsm,Reference!B286:E286,pass,pass,Test,True
r8,R8-2,R8_MODE=2,LB,BasketballDrill,C,32,497.664,35.4772,39.591,39.7871,497.9616,35.493,39.5534,39.7651,measured,experiments/ts_predictor_r8/R8_2_JVET-hhi.xlsm,Test!B287:E287,scripts/JVET-hhi.xlsm,Reference!B287:E287,pass,pass,Test,True
r8,R8-2,R8_MODE=2,LB,BasketballDrill,C,37,258.3632,32.88,37.8066,37.6458,258.9984,32.9135,37.8441,37.635,measured,experiments/ts_predictor_r8/R8_2_JVET-hhi.xlsm,Test!B288:E288,scripts/JVET-hhi.xlsm,Reference!B288:E288,pass,pass,Test,True
r8,R8-2,R8_MODE=2,LB,PartyScene,C,22,6341.8096,38.4838,41.0541,41.7555,6335.9584,38.487,41.0623,41.746,measured,experiments/ts_predictor_r8/R8_2_JVET-hhi.xlsm,Test!B293:E293,scripts/JVET-hhi.xlsm,Reference!B293:E293,pass,pass,Test,True
r8,R8-2,R8_MODE=2,LB,PartyScene,C,27,2575.0336,34.5251,38.2017,38.6948,2575.3712,34.5286,38.2229,38.7319,measured,experiments/ts_predictor_r8/R8_2_JVET-hhi.xlsm,Test!B294:E294,scripts/JVET-hhi.xlsm,Reference!B294:E294,pass,pass,Test,True
r8,R8-2,R8_MODE=2,LB,PartyScene,C,32,1156.0592,31.13,36.29,36.6843,1154.2416,31.1205,36.3091,36.716,measured,experiments/ts_predictor_r8/R8_2_JVET-hhi.xlsm,Test!B295:E295,scripts/JVET-hhi.xlsm,Reference!B295:E295,pass,pass,Test,True
r8,R8-2,R8_MODE=2,LB,PartyScene,C,37,527.608,28.1683,34.8517,35.0471,526.9216,28.1742,34.8341,35.053,measured,experiments/ts_predictor_r8/R8_2_JVET-hhi.xlsm,Test!B296:E296,scripts/JVET-hhi.xlsm,Reference!B296:E296,pass,pass,Test,True
r8,R8-2,R8_MODE=2,LB,RaceHorsesC,C,22,5398.0304,39.3018,40.3587,42.0068,5397.2416,39.3003,40.3608,42.0044,measured,experiments/ts_predictor_r8/R8_2_JVET-hhi.xlsm,Test!B297:E297,scripts/JVET-hhi.xlsm,Reference!B297:E297,pass,pass,Test,True
r8,R8-2,R8_MODE=2,LB,RaceHorsesC,C,27,1706.0992,34.8097,37.4534,39.5148,1703.9104,34.8147,37.457,39.5261,measured,experiments/ts_predictor_r8/R8_2_JVET-hhi.xlsm,Test!B298:E298,scripts/JVET-hhi.xlsm,Reference!B298:E298,pass,pass,Test,True
r8,R8-2,R8_MODE=2,LB,RaceHorsesC,C,32,714.984,31.5148,36.0945,38.1384,715.6192,31.5221,36.0924,38.1658,measured,experiments/ts_predictor_r8/R8_2_JVET-hhi.xlsm,Test!B299:E299,scripts/JVET-hhi.xlsm,Reference!B299:E299,pass,pass,Test,True
r8,R8-2,R8_MODE=2,LB,RaceHorsesC,C,37,312.168,28.7028,35.0027,36.6115,312.0128,28.7013,34.9902,36.59,measured,experiments/ts_predictor_r8/R8_2_JVET-hhi.xlsm,Test!B300:E300,scripts/JVET-hhi.xlsm,Reference!B300:E300,pass,pass,Test,True
r8,R8-2,R8_MODE=2,LB,FourPeople,E,22,1685.5504,42.9908,47.2235,48.461,1685.9472,42.9897,47.2436,48.477,measured,experiments/ts_predictor_r8/R8_2_JVET-hhi.xlsm,Test!B317:E317,scripts/JVET-hhi.xlsm,Reference!B317:E317,pass,pass,Test,True
r8,R8-2,R8_MODE=2,LB,FourPeople,E,27,664.9296,40.8802,45.518,46.54,665.3488,40.8867,45.5316,46.5699,measured,experiments/ts_predictor_r8/R8_2_JVET-hhi.xlsm,Test!B318:E318,scripts/JVET-hhi.xlsm,Reference!B318:E318,pass,pass,Test,True
r8,R8-2,R8_MODE=2,LB,FourPeople,E,32,337.3088,38.4731,43.6085,44.428,338.44,38.4686,43.6089,44.4513,measured,experiments/ts_predictor_r8/R8_2_JVET-hhi.xlsm,Test!B319:E319,scripts/JVET-hhi.xlsm,Reference!B319:E319,pass,pass,Test,True
r8,R8-2,R8_MODE=2,LB,FourPeople,E,37,184.6192,35.7811,41.9541,42.755,184.4768,35.7808,42.0182,42.6791,measured,experiments/ts_predictor_r8/R8_2_JVET-hhi.xlsm,Test!B320:E320,scripts/JVET-hhi.xlsm,Reference!B320:E320,pass,pass,Test,True
r8,R8-2,R8_MODE=2,LB,Johnny,E,22,1126.2976,43.2242,48.6858,49.364,1127.8016,43.2308,48.7094,49.3719,measured,experiments/ts_predictor_r8/R8_2_JVET-hhi.xlsm,Test!B321:E321,scripts/JVET-hhi.xlsm,Reference!B321:E321,pass,pass,Test,True
r8,R8-2,R8_MODE=2,LB,Johnny,E,27,344.3824,41.7407,47.4669,47.9865,345.6512,41.7369,47.4686,47.9792,measured,experiments/ts_predictor_r8/R8_2_JVET-hhi.xlsm,Test!B322:E322,scripts/JVET-hhi.xlsm,Reference!B322:E322,pass,pass,Test,True
r8,R8-2,R8_MODE=2,LB,Johnny,E,32,160.3824,39.9417,45.7831,46.1682,160.3808,39.9437,45.7244,46.1446,measured,experiments/ts_predictor_r8/R8_2_JVET-hhi.xlsm,Test!B323:E323,scripts/JVET-hhi.xlsm,Reference!B323:E323,pass,pass,Test,True
r8,R8-2,R8_MODE=2,LB,Johnny,E,37,88.1696,37.8163,44.145,44.5517,88.008,37.7954,44.1512,44.5268,measured,experiments/ts_predictor_r8/R8_2_JVET-hhi.xlsm,Test!B324:E324,scripts/JVET-hhi.xlsm,Reference!B324:E324,pass,pass,Test,True
r8,R8-2,R8_MODE=2,LB,KristenAndSara,E,22,1361.2064,43.684,47.9585,48.9689,1359.0272,43.6886,47.9771,48.9357,measured,experiments/ts_predictor_r8/R8_2_JVET-hhi.xlsm,Test!B325:E325,scripts/JVET-hhi.xlsm,Reference!B325:E325,pass,pass,Test,True
r8,R8-2,R8_MODE=2,LB,KristenAndSara,E,27,497.352,41.8047,46.4641,47.22,498.16,41.8097,46.4396,47.2607,measured,experiments/ts_predictor_r8/R8_2_JVET-hhi.xlsm,Test!B326:E326,scripts/JVET-hhi.xlsm,Reference!B326:E326,pass,pass,Test,True
r8,R8-2,R8_MODE=2,LB,KristenAndSara,E,32,231.728,39.6272,44.7389,45.3238,232.7232,39.6351,44.7255,45.2738,measured,experiments/ts_predictor_r8/R8_2_JVET-hhi.xlsm,Test!B327:E327,scripts/JVET-hhi.xlsm,Reference!B327:E327,pass,pass,Test,True
r8,R8-2,R8_MODE=2,LB,KristenAndSara,E,37,123.4496,37.2139,43.0396,43.6902,122.9552,37.2034,43.0948,43.6628,measured,experiments/ts_predictor_r8/R8_2_JVET-hhi.xlsm,Test!B328:E328,scripts/JVET-hhi.xlsm,Reference!B328:E328,pass,pass,Test,True
r8,R8-3,R8_MODE=3,LB,BQMall,C,22,2874.8944,40.0864,43.4565,44.5287,2876.7904,40.0852,43.4633,44.5349,measured,experiments/ts_predictor_r8/R8_3_JVET-hhi.xlsm,Test!B289:E289,scripts/JVET-hhi.xlsm,Reference!B289:E289,pass,pass,Test,True
r8,R8-3,R8_MODE=3,LB,BQMall,C,27,1168.2416,37.1909,41.3893,41.8146,1170.0448,37.1949,41.3656,41.8337,measured,experiments/ts_predictor_r8/R8_3_JVET-hhi.xlsm,Test!B290:E290,scripts/JVET-hhi.xlsm,Reference!B290:E290,pass,pass,Test,True
r8,R8-3,R8_MODE=3,LB,BQMall,C,32,557.1488,34.3853,39.6312,39.877,558.1328,34.3901,39.5777,39.791,measured,experiments/ts_predictor_r8/R8_3_JVET-hhi.xlsm,Test!B291:E291,scripts/JVET-hhi.xlsm,Reference!B291:E291,pass,pass,Test,True
r8,R8-3,R8_MODE=3,LB,BQMall,C,37,285.6448,31.7048,38.2039,38.149,285.9168,31.7018,38.2141,38.1589,measured,experiments/ts_predictor_r8/R8_3_JVET-hhi.xlsm,Test!B292:E292,scripts/JVET-hhi.xlsm,Reference!B292:E292,pass,pass,Test,True
r8,R8-3,R8_MODE=3,LB,BasketballDrill,C,22,2278.9664,41.5883,43.8425,44.8196,2277.704,41.5851,43.8426,44.8406,measured,experiments/ts_predictor_r8/R8_3_JVET-hhi.xlsm,Test!B285:E285,scripts/JVET-hhi.xlsm,Reference!B285:E285,pass,pass,Test,True
r8,R8-3,R8_MODE=3,LB,BasketballDrill,C,27,1008.3056,38.4519,41.3758,41.8327,1008.8288,38.4535,41.3793,41.8168,measured,experiments/ts_predictor_r8/R8_3_JVET-hhi.xlsm,Test!B286:E286,scripts/JVET-hhi.xlsm,Reference!B286:E286,pass,pass,Test,True
r8,R8-3,R8_MODE=3,LB,BasketballDrill,C,32,497.664,35.4772,39.591,39.7871,497.5952,35.4863,39.535,39.7549,measured,experiments/ts_predictor_r8/R8_3_JVET-hhi.xlsm,Test!B287:E287,scripts/JVET-hhi.xlsm,Reference!B287:E287,pass,pass,Test,True
r8,R8-3,R8_MODE=3,LB,BasketballDrill,C,37,258.3632,32.88,37.8066,37.6458,258.5136,32.8974,37.8522,37.6531,measured,experiments/ts_predictor_r8/R8_3_JVET-hhi.xlsm,Test!B288:E288,scripts/JVET-hhi.xlsm,Reference!B288:E288,pass,pass,Test,True
r8,R8-3,R8_MODE=3,LB,PartyScene,C,22,6341.8096,38.4838,41.0541,41.7555,6334.9968,38.4839,41.0652,41.7539,measured,experiments/ts_predictor_r8/R8_3_JVET-hhi.xlsm,Test!B293:E293,scripts/JVET-hhi.xlsm,Reference!B293:E293,pass,pass,Test,True
r8,R8-3,R8_MODE=3,LB,PartyScene,C,27,2575.0336,34.5251,38.2017,38.6948,2573.8304,34.5276,38.2313,38.7255,measured,experiments/ts_predictor_r8/R8_3_JVET-hhi.xlsm,Test!B294:E294,scripts/JVET-hhi.xlsm,Reference!B294:E294,pass,pass,Test,True
r8,R8-3,R8_MODE=3,LB,PartyScene,C,32,1156.0592,31.13,36.29,36.6843,1154.704,31.121,36.296,36.6964,measured,experiments/ts_predictor_r8/R8_3_JVET-hhi.xlsm,Test!B295:E295,scripts/JVET-hhi.xlsm,Reference!B295:E295,pass,pass,Test,True
r8,R8-3,R8_MODE=3,LB,PartyScene,C,37,527.608,28.1683,34.8517,35.0471,527.4096,28.1815,34.8329,35.0064,measured,experiments/ts_predictor_r8/R8_3_JVET-hhi.xlsm,Test!B296:E296,scripts/JVET-hhi.xlsm,Reference!B296:E296,pass,pass,Test,True
r8,R8-3,R8_MODE=3,LB,RaceHorsesC,C,22,5398.0304,39.3018,40.3587,42.0068,5397.408,39.3024,40.3703,42.0085,measured,experiments/ts_predictor_r8/R8_3_JVET-hhi.xlsm,Test!B297:E297,scripts/JVET-hhi.xlsm,Reference!B297:E297,pass,pass,Test,True
r8,R8-3,R8_MODE=3,LB,RaceHorsesC,C,27,1706.0992,34.8097,37.4534,39.5148,1706.0736,34.8191,37.4469,39.5164,measured,experiments/ts_predictor_r8/R8_3_JVET-hhi.xlsm,Test!B298:E298,scripts/JVET-hhi.xlsm,Reference!B298:E298,pass,pass,Test,True
r8,R8-3,R8_MODE=3,LB,RaceHorsesC,C,32,714.984,31.5148,36.0945,38.1384,715.8032,31.5211,36.1062,38.1854,measured,experiments/ts_predictor_r8/R8_3_JVET-hhi.xlsm,Test!B299:E299,scripts/JVET-hhi.xlsm,Reference!B299:E299,pass,pass,Test,True
r8,R8-3,R8_MODE=3,LB,RaceHorsesC,C,37,312.168,28.7028,35.0027,36.6115,311.24,28.6994,35.0128,36.601,measured,experiments/ts_predictor_r8/R8_3_JVET-hhi.xlsm,Test!B300:E300,scripts/JVET-hhi.xlsm,Reference!B300:E300,pass,pass,Test,True
r8,R8-3,R8_MODE=3,LB,FourPeople,E,22,1685.5504,42.9908,47.2235,48.461,1684.6048,42.9894,47.2402,48.4719,measured,experiments/ts_predictor_r8/R8_3_JVET-hhi.xlsm,Test!B317:E317,scripts/JVET-hhi.xlsm,Reference!B317:E317,pass,pass,Test,True
r8,R8-3,R8_MODE=3,LB,FourPeople,E,27,664.9296,40.8802,45.518,46.54,664.624,40.8821,45.5301,46.5621,measured,experiments/ts_predictor_r8/R8_3_JVET-hhi.xlsm,Test!B318:E318,scripts/JVET-hhi.xlsm,Reference!B318:E318,pass,pass,Test,True
r8,R8-3,R8_MODE=3,LB,FourPeople,E,32,337.3088,38.4731,43.6085,44.428,338.44,38.4686,43.6089,44.4513,measured,experiments/ts_predictor_r8/R8_3_JVET-hhi.xlsm,Test!B319:E319,scripts/JVET-hhi.xlsm,Reference!B319:E319,pass,pass,Test,True
r8,R8-3,R8_MODE=3,LB,FourPeople,E,37,184.6192,35.7811,41.9541,42.755,184.4768,35.7808,42.0182,42.6791,measured,experiments/ts_predictor_r8/R8_3_JVET-hhi.xlsm,Test!B320:E320,scripts/JVET-hhi.xlsm,Reference!B320:E320,pass,pass,Test,True
r8,R8-3,R8_MODE=3,LB,Johnny,E,22,1126.2976,43.2242,48.6858,49.364,1129.3184,43.2286,48.6931,49.3628,measured,experiments/ts_predictor_r8/R8_3_JVET-hhi.xlsm,Test!B321:E321,scripts/JVET-hhi.xlsm,Reference!B321:E321,pass,pass,Test,True
r8,R8-3,R8_MODE=3,LB,Johnny,E,27,344.3824,41.7407,47.4669,47.9865,345.6512,41.7369,47.4686,47.9792,measured,experiments/ts_predictor_r8/R8_3_JVET-hhi.xlsm,Test!B322:E322,scripts/JVET-hhi.xlsm,Reference!B322:E322,pass,pass,Test,True
r8,R8-3,R8_MODE=3,LB,Johnny,E,32,160.3824,39.9417,45.7831,46.1682,160.3808,39.9437,45.7244,46.1446,measured,experiments/ts_predictor_r8/R8_3_JVET-hhi.xlsm,Test!B323:E323,scripts/JVET-hhi.xlsm,Reference!B323:E323,pass,pass,Test,True
r8,R8-3,R8_MODE=3,LB,Johnny,E,37,88.1696,37.8163,44.145,44.5517,88.008,37.7954,44.1512,44.5268,measured,experiments/ts_predictor_r8/R8_3_JVET-hhi.xlsm,Test!B324:E324,scripts/JVET-hhi.xlsm,Reference!B324:E324,pass,pass,Test,True
r8,R8-3,R8_MODE=3,LB,KristenAndSara,E,22,1361.2064,43.684,47.9585,48.9689,1359.7744,43.6897,47.9775,48.9238,measured,experiments/ts_predictor_r8/R8_3_JVET-hhi.xlsm,Test!B325:E325,scripts/JVET-hhi.xlsm,Reference!B325:E325,pass,pass,Test,True
r8,R8-3,R8_MODE=3,LB,KristenAndSara,E,27,497.352,41.8047,46.4641,47.22,497.7744,41.8188,46.4435,47.2838,measured,experiments/ts_predictor_r8/R8_3_JVET-hhi.xlsm,Test!B326:E326,scripts/JVET-hhi.xlsm,Reference!B326:E326,pass,pass,Test,True
r8,R8-3,R8_MODE=3,LB,KristenAndSara,E,32,231.728,39.6272,44.7389,45.3238,233.2512,39.6311,44.7064,45.2881,measured,experiments/ts_predictor_r8/R8_3_JVET-hhi.xlsm,Test!B327:E327,scripts/JVET-hhi.xlsm,Reference!B327:E327,pass,pass,Test,True
r8,R8-3,R8_MODE=3,LB,KristenAndSara,E,37,123.4496,37.2139,43.0396,43.6902,122.9552,37.2034,43.0948,43.6628,measured,experiments/ts_predictor_r8/R8_3_JVET-hhi.xlsm,Test!B328:E328,scripts/JVET-hhi.xlsm,Reference!B328:E328,pass,pass,Test,True
r8,R8-4,R8_MODE=4,LB,BQMall,C,22,2874.8944,40.0864,43.4565,44.5287,2877.2592,40.0838,43.4603,44.5162,measured,experiments/ts_predictor_r8/r8_4_JVET-hhi.xlsm,Test!B289:E289,scripts/JVET-hhi.xlsm,Reference!B289:E289,pass,pass,Test,True
r8,R8-4,R8_MODE=4,LB,BQMall,C,27,1168.2416,37.1909,41.3893,41.8146,1168.0112,37.1909,41.3902,41.8194,measured,experiments/ts_predictor_r8/r8_4_JVET-hhi.xlsm,Test!B290:E290,scripts/JVET-hhi.xlsm,Reference!B290:E290,pass,pass,Test,True
r8,R8-4,R8_MODE=4,LB,BQMall,C,32,557.1488,34.3853,39.6312,39.877,556.8576,34.3823,39.6071,39.8132,measured,experiments/ts_predictor_r8/r8_4_JVET-hhi.xlsm,Test!B291:E291,scripts/JVET-hhi.xlsm,Reference!B291:E291,pass,pass,Test,True
r8,R8-4,R8_MODE=4,LB,BQMall,C,37,285.6448,31.7048,38.2039,38.149,285.7712,31.7064,38.2243,38.1495,measured,experiments/ts_predictor_r8/r8_4_JVET-hhi.xlsm,Test!B292:E292,scripts/JVET-hhi.xlsm,Reference!B292:E292,pass,pass,Test,True
r8,R8-4,R8_MODE=4,LB,BasketballDrill,C,22,2278.9664,41.5883,43.8425,44.8196,2281.4336,41.586,43.8458,44.8303,measured,experiments/ts_predictor_r8/r8_4_JVET-hhi.xlsm,Test!B285:E285,scripts/JVET-hhi.xlsm,Reference!B285:E285,pass,pass,Test,True
r8,R8-4,R8_MODE=4,LB,BasketballDrill,C,27,1008.3056,38.4519,41.3758,41.8327,1009.3504,38.464,41.4024,41.8561,measured,experiments/ts_predictor_r8/r8_4_JVET-hhi.xlsm,Test!B286:E286,scripts/JVET-hhi.xlsm,Reference!B286:E286,pass,pass,Test,True
r8,R8-4,R8_MODE=4,LB,BasketballDrill,C,32,497.664,35.4772,39.591,39.7871,498.6432,35.5083,39.5651,39.7786,measured,experiments/ts_predictor_r8/r8_4_JVET-hhi.xlsm,Test!B287:E287,scripts/JVET-hhi.xlsm,Reference!B287:E287,pass,pass,Test,True
r8,R8-4,R8_MODE=4,LB,BasketballDrill,C,37,258.3632,32.88,37.8066,37.6458,258.8368,32.8881,37.7786,37.6661,measured,experiments/ts_predictor_r8/r8_4_JVET-hhi.xlsm,Test!B288:E288,scripts/JVET-hhi.xlsm,Reference!B288:E288,pass,pass,Test,True
r8,R8-4,R8_MODE=4,LB,PartyScene,C,22,6341.8096,38.4838,41.0541,41.7555,6338.4704,38.481,41.0636,41.7518,measured,experiments/ts_predictor_r8/r8_4_JVET-hhi.xlsm,Test!B293:E293,scripts/JVET-hhi.xlsm,Reference!B293:E293,pass,pass,Test,True
r8,R8-4,R8_MODE=4,LB,PartyScene,C,27,2575.0336,34.5251,38.2017,38.6948,2574.0432,34.5187,38.2228,38.7403,measured,experiments/ts_predictor_r8/r8_4_JVET-hhi.xlsm,Test!B294:E294,scripts/JVET-hhi.xlsm,Reference!B294:E294,pass,pass,Test,True
r8,R8-4,R8_MODE=4,LB,PartyScene,C,32,1156.0592,31.13,36.29,36.6843,1152.424,31.1236,36.2936,36.6677,measured,experiments/ts_predictor_r8/r8_4_JVET-hhi.xlsm,Test!B295:E295,scripts/JVET-hhi.xlsm,Reference!B295:E295,pass,pass,Test,True
r8,R8-4,R8_MODE=4,LB,PartyScene,C,37,527.608,28.1683,34.8517,35.0471,528.8224,28.1753,34.8361,35.0192,measured,experiments/ts_predictor_r8/r8_4_JVET-hhi.xlsm,Test!B296:E296,scripts/JVET-hhi.xlsm,Reference!B296:E296,pass,pass,Test,True
r8,R8-4,R8_MODE=4,LB,RaceHorsesC,C,22,5398.0304,39.3018,40.3587,42.0068,5394.8272,39.2995,40.3481,42.0069,measured,experiments/ts_predictor_r8/r8_4_JVET-hhi.xlsm,Test!B297:E297,scripts/JVET-hhi.xlsm,Reference!B297:E297,pass,pass,Test,True
r8,R8-4,R8_MODE=4,LB,RaceHorsesC,C,27,1706.0992,34.8097,37.4534,39.5148,1705.936,34.816,37.4583,39.5262,measured,experiments/ts_predictor_r8/r8_4_JVET-hhi.xlsm,Test!B298:E298,scripts/JVET-hhi.xlsm,Reference!B298:E298,pass,pass,Test,True
r8,R8-4,R8_MODE=4,LB,RaceHorsesC,C,32,714.984,31.5148,36.0945,38.1384,714.9728,31.5151,36.1106,38.165,measured,experiments/ts_predictor_r8/r8_4_JVET-hhi.xlsm,Test!B299:E299,scripts/JVET-hhi.xlsm,Reference!B299:E299,pass,pass,Test,True
r8,R8-4,R8_MODE=4,LB,RaceHorsesC,C,37,312.168,28.7028,35.0027,36.6115,311.0912,28.6957,35.0252,36.5724,measured,experiments/ts_predictor_r8/r8_4_JVET-hhi.xlsm,Test!B300:E300,scripts/JVET-hhi.xlsm,Reference!B300:E300,pass,pass,Test,True
r8,R8-4,R8_MODE=4,LB,FourPeople,E,22,1685.5504,42.9908,47.2235,48.461,1686.5328,42.9944,47.2048,48.4655,measured,experiments/ts_predictor_r8/r8_4_JVET-hhi.xlsm,Test!B317:E317,scripts/JVET-hhi.xlsm,Reference!B317:E317,pass,pass,Test,True
r8,R8-4,R8_MODE=4,LB,FourPeople,E,27,664.9296,40.8802,45.518,46.54,665,40.8859,45.5291,46.5492,measured,experiments/ts_predictor_r8/r8_4_JVET-hhi.xlsm,Test!B318:E318,scripts/JVET-hhi.xlsm,Reference!B318:E318,pass,pass,Test,True
r8,R8-4,R8_MODE=4,LB,FourPeople,E,32,337.3088,38.4731,43.6085,44.428,338.8464,38.4711,43.6164,44.4884,measured,experiments/ts_predictor_r8/r8_4_JVET-hhi.xlsm,Test!B319:E319,scripts/JVET-hhi.xlsm,Reference!B319:E319,pass,pass,Test,True
r8,R8-4,R8_MODE=4,LB,FourPeople,E,37,184.6192,35.7811,41.9541,42.755,184.8576,35.7825,41.9882,42.6787,measured,experiments/ts_predictor_r8/r8_4_JVET-hhi.xlsm,Test!B320:E320,scripts/JVET-hhi.xlsm,Reference!B320:E320,pass,pass,Test,True
r8,R8-4,R8_MODE=4,LB,Johnny,E,22,1126.2976,43.2242,48.6858,49.364,1128.832,43.23,48.6996,49.357,measured,experiments/ts_predictor_r8/r8_4_JVET-hhi.xlsm,Test!B321:E321,scripts/JVET-hhi.xlsm,Reference!B321:E321,pass,pass,Test,True
r8,R8-4,R8_MODE=4,LB,Johnny,E,27,344.3824,41.7407,47.4669,47.9865,344.2128,41.7465,47.4583,47.9475,measured,experiments/ts_predictor_r8/r8_4_JVET-hhi.xlsm,Test!B322:E322,scripts/JVET-hhi.xlsm,Reference!B322:E322,pass,pass,Test,True
r8,R8-4,R8_MODE=4,LB,Johnny,E,32,160.3824,39.9417,45.7831,46.1682,159.984,39.9484,45.7352,46.1675,measured,experiments/ts_predictor_r8/r8_4_JVET-hhi.xlsm,Test!B323:E323,scripts/JVET-hhi.xlsm,Reference!B323:E323,pass,pass,Test,True
r8,R8-4,R8_MODE=4,LB,Johnny,E,37,88.1696,37.8163,44.145,44.5517,88.0192,37.7916,44.1751,44.5536,measured,experiments/ts_predictor_r8/r8_4_JVET-hhi.xlsm,Test!B324:E324,scripts/JVET-hhi.xlsm,Reference!B324:E324,pass,pass,Test,True
r8,R8-4,R8_MODE=4,LB,KristenAndSara,E,22,1361.2064,43.684,47.9585,48.9689,1358.4672,43.6888,47.9806,48.9658,measured,experiments/ts_predictor_r8/r8_4_JVET-hhi.xlsm,Test!B325:E325,scripts/JVET-hhi.xlsm,Reference!B325:E325,pass,pass,Test,True
r8,R8-4,R8_MODE=4,LB,KristenAndSara,E,27,497.352,41.8047,46.4641,47.22,496.2272,41.8076,46.4003,47.2398,measured,experiments/ts_predictor_r8/r8_4_JVET-hhi.xlsm,Test!B326:E326,scripts/JVET-hhi.xlsm,Reference!B326:E326,pass,pass,Test,True
r8,R8-4,R8_MODE=4,LB,KristenAndSara,E,32,231.728,39.6272,44.7389,45.3238,232.6672,39.6314,44.7348,45.2358,measured,experiments/ts_predictor_r8/r8_4_JVET-hhi.xlsm,Test!B327:E327,scripts/JVET-hhi.xlsm,Reference!B327:E327,pass,pass,Test,True
r8,R8-4,R8_MODE=4,LB,KristenAndSara,E,37,123.4496,37.2139,43.0396,43.6902,123.0048,37.2343,43.1878,43.6143,measured,experiments/ts_predictor_r8/r8_4_JVET-hhi.xlsm,Test!B328:E328,scripts/JVET-hhi.xlsm,Reference!B328:E328,pass,pass,Test,True
r8,R8-5,R8_MODE=5,LB,BQMall,C,22,2874.8944,40.0864,43.4565,44.5287,2876.9792,40.0846,43.4573,44.5209,measured,experiments/ts_predictor_r8/R8_5_JVET-hhi.xlsm,Test!B289:E289,scripts/JVET-hhi.xlsm,Reference!B289:E289,pass,pass,Test,True
r8,R8-5,R8_MODE=5,LB,BQMall,C,27,1168.2416,37.1909,41.3893,41.8146,1169.9392,37.1942,41.3932,41.7977,measured,experiments/ts_predictor_r8/R8_5_JVET-hhi.xlsm,Test!B290:E290,scripts/JVET-hhi.xlsm,Reference!B290:E290,pass,pass,Test,True
r8,R8-5,R8_MODE=5,LB,BQMall,C,32,557.1488,34.3853,39.6312,39.877,557.5408,34.3827,39.599,39.8307,measured,experiments/ts_predictor_r8/R8_5_JVET-hhi.xlsm,Test!B291:E291,scripts/JVET-hhi.xlsm,Reference!B291:E291,pass,pass,Test,True
r8,R8-5,R8_MODE=5,LB,BQMall,C,37,285.6448,31.7048,38.2039,38.149,285.7712,31.7064,38.2243,38.1495,measured,experiments/ts_predictor_r8/R8_5_JVET-hhi.xlsm,Test!B292:E292,scripts/JVET-hhi.xlsm,Reference!B292:E292,pass,pass,Test,True
r8,R8-5,R8_MODE=5,LB,BasketballDrill,C,22,2278.9664,41.5883,43.8425,44.8196,2281.9008,41.5852,43.8528,44.8462,measured,experiments/ts_predictor_r8/R8_5_JVET-hhi.xlsm,Test!B285:E285,scripts/JVET-hhi.xlsm,Reference!B285:E285,pass,pass,Test,True
r8,R8-5,R8_MODE=5,LB,BasketballDrill,C,27,1008.3056,38.4519,41.3758,41.8327,1010.1264,38.4445,41.3805,41.8276,measured,experiments/ts_predictor_r8/R8_5_JVET-hhi.xlsm,Test!B286:E286,scripts/JVET-hhi.xlsm,Reference!B286:E286,pass,pass,Test,True
r8,R8-5,R8_MODE=5,LB,BasketballDrill,C,32,497.664,35.4772,39.591,39.7871,497.3632,35.4961,39.5828,39.7854,measured,experiments/ts_predictor_r8/R8_5_JVET-hhi.xlsm,Test!B287:E287,scripts/JVET-hhi.xlsm,Reference!B287:E287,pass,pass,Test,True
r8,R8-5,R8_MODE=5,LB,BasketballDrill,C,37,258.3632,32.88,37.8066,37.6458,258.8368,32.8881,37.7786,37.6661,measured,experiments/ts_predictor_r8/R8_5_JVET-hhi.xlsm,Test!B288:E288,scripts/JVET-hhi.xlsm,Reference!B288:E288,pass,pass,Test,True
r8,R8-5,R8_MODE=5,LB,PartyScene,C,22,6341.8096,38.4838,41.0541,41.7555,6339.4752,38.4878,41.0631,41.7638,measured,experiments/ts_predictor_r8/R8_5_JVET-hhi.xlsm,Test!B293:E293,scripts/JVET-hhi.xlsm,Reference!B293:E293,pass,pass,Test,True
r8,R8-5,R8_MODE=5,LB,PartyScene,C,27,2575.0336,34.5251,38.2017,38.6948,2580.0416,34.527,38.2416,38.7147,measured,experiments/ts_predictor_r8/R8_5_JVET-hhi.xlsm,Test!B294:E294,scripts/JVET-hhi.xlsm,Reference!B294:E294,pass,pass,Test,True
r8,R8-5,R8_MODE=5,LB,PartyScene,C,32,1156.0592,31.13,36.29,36.6843,1154.1488,31.1305,36.2824,36.6722,measured,experiments/ts_predictor_r8/R8_5_JVET-hhi.xlsm,Test!B295:E295,scripts/JVET-hhi.xlsm,Reference!B295:E295,pass,pass,Test,True
r8,R8-5,R8_MODE=5,LB,PartyScene,C,37,527.608,28.1683,34.8517,35.0471,528.3632,28.1671,34.8041,35.0041,measured,experiments/ts_predictor_r8/R8_5_JVET-hhi.xlsm,Test!B296:E296,scripts/JVET-hhi.xlsm,Reference!B296:E296,pass,pass,Test,True
r8,R8-5,R8_MODE=5,LB,RaceHorsesC,C,22,5398.0304,39.3018,40.3587,42.0068,5400.8272,39.307,40.3652,42.0046,measured,experiments/ts_predictor_r8/R8_5_JVET-hhi.xlsm,Test!B297:E297,scripts/JVET-hhi.xlsm,Reference!B297:E297,pass,pass,Test,True
r8,R8-5,R8_MODE=5,LB,RaceHorsesC,C,27,1706.0992,34.8097,37.4534,39.5148,1705.2224,34.8144,37.4498,39.518,measured,experiments/ts_predictor_r8/R8_5_JVET-hhi.xlsm,Test!B298:E298,scripts/JVET-hhi.xlsm,Reference!B298:E298,pass,pass,Test,True
r8,R8-5,R8_MODE=5,LB,RaceHorsesC,C,32,714.984,31.5148,36.0945,38.1384,714.7104,31.514,36.1069,38.161,measured,experiments/ts_predictor_r8/R8_5_JVET-hhi.xlsm,Test!B299:E299,scripts/JVET-hhi.xlsm,Reference!B299:E299,pass,pass,Test,True
r8,R8-5,R8_MODE=5,LB,RaceHorsesC,C,37,312.168,28.7028,35.0027,36.6115,311.0912,28.6957,35.0252,36.5724,measured,experiments/ts_predictor_r8/R8_5_JVET-hhi.xlsm,Test!B300:E300,scripts/JVET-hhi.xlsm,Reference!B300:E300,pass,pass,Test,True
r8,R8-5,R8_MODE=5,LB,FourPeople,E,22,1685.5504,42.9908,47.2235,48.461,1686.5328,42.9944,47.2048,48.4655,measured,experiments/ts_predictor_r8/R8_5_JVET-hhi.xlsm,Test!B317:E317,scripts/JVET-hhi.xlsm,Reference!B317:E317,pass,pass,Test,True
r8,R8-5,R8_MODE=5,LB,FourPeople,E,27,664.9296,40.8802,45.518,46.54,665,40.8859,45.5291,46.5492,measured,experiments/ts_predictor_r8/R8_5_JVET-hhi.xlsm,Test!B318:E318,scripts/JVET-hhi.xlsm,Reference!B318:E318,pass,pass,Test,True
r8,R8-5,R8_MODE=5,LB,FourPeople,E,32,337.3088,38.4731,43.6085,44.428,338.8464,38.4711,43.6164,44.4884,measured,experiments/ts_predictor_r8/R8_5_JVET-hhi.xlsm,Test!B319:E319,scripts/JVET-hhi.xlsm,Reference!B319:E319,pass,pass,Test,True
r8,R8-5,R8_MODE=5,LB,FourPeople,E,37,184.6192,35.7811,41.9541,42.755,184.8576,35.7825,41.9882,42.6787,measured,experiments/ts_predictor_r8/R8_5_JVET-hhi.xlsm,Test!B320:E320,scripts/JVET-hhi.xlsm,Reference!B320:E320,pass,pass,Test,True
r8,R8-5,R8_MODE=5,LB,Johnny,E,22,1126.2976,43.2242,48.6858,49.364,1127.8096,43.2301,48.6912,49.3535,measured,experiments/ts_predictor_r8/R8_5_JVET-hhi.xlsm,Test!B321:E321,scripts/JVET-hhi.xlsm,Reference!B321:E321,pass,pass,Test,True
r8,R8-5,R8_MODE=5,LB,Johnny,E,27,344.3824,41.7407,47.4669,47.9865,344.2128,41.7465,47.4583,47.9475,measured,experiments/ts_predictor_r8/R8_5_JVET-hhi.xlsm,Test!B322:E322,scripts/JVET-hhi.xlsm,Reference!B322:E322,pass,pass,Test,True
r8,R8-5,R8_MODE=5,LB,Johnny,E,32,160.3824,39.9417,45.7831,46.1682,159.984,39.9484,45.7352,46.1675,measured,experiments/ts_predictor_r8/R8_5_JVET-hhi.xlsm,Test!B323:E323,scripts/JVET-hhi.xlsm,Reference!B323:E323,pass,pass,Test,True
r8,R8-5,R8_MODE=5,LB,Johnny,E,37,88.1696,37.8163,44.145,44.5517,88.0192,37.7916,44.1751,44.5536,measured,experiments/ts_predictor_r8/R8_5_JVET-hhi.xlsm,Test!B324:E324,scripts/JVET-hhi.xlsm,Reference!B324:E324,pass,pass,Test,True
r8,R8-5,R8_MODE=5,LB,KristenAndSara,E,22,1361.2064,43.684,47.9585,48.9689,1359.648,43.6894,47.982,48.9691,measured,experiments/ts_predictor_r8/R8_5_JVET-hhi.xlsm,Test!B325:E325,scripts/JVET-hhi.xlsm,Reference!B325:E325,pass,pass,Test,True
r8,R8-5,R8_MODE=5,LB,KristenAndSara,E,27,497.352,41.8047,46.4641,47.22,496.2272,41.8076,46.4003,47.2398,measured,experiments/ts_predictor_r8/R8_5_JVET-hhi.xlsm,Test!B326:E326,scripts/JVET-hhi.xlsm,Reference!B326:E326,pass,pass,Test,True
r8,R8-5,R8_MODE=5,LB,KristenAndSara,E,32,231.728,39.6272,44.7389,45.3238,232.6672,39.6314,44.7348,45.2358,measured,experiments/ts_predictor_r8/R8_5_JVET-hhi.xlsm,Test!B327:E327,scripts/JVET-hhi.xlsm,Reference!B327:E327,pass,pass,Test,True
r8,R8-5,R8_MODE=5,LB,KristenAndSara,E,37,123.4496,37.2139,43.0396,43.6902,123.0048,37.2343,43.1878,43.6143,measured,experiments/ts_predictor_r8/R8_5_JVET-hhi.xlsm,Test!B328:E328,scripts/JVET-hhi.xlsm,Reference!B328:E328,pass,pass,Test,True
r8,R8-6,R8_MODE=6,LB,BQMall,C,22,2874.8944,40.0864,43.4565,44.5287,2871.4512,40.0824,43.4569,44.5192,measured,experiments/ts_predictor_r8/R8_6_JVET-hhi.xlsm,Test!B289:E289,scripts/JVET-hhi.xlsm,Reference!B289:E289,pass,pass,Test,True
r8,R8-6,R8_MODE=6,LB,BQMall,C,27,1168.2416,37.1909,41.3893,41.8146,1168.8368,37.1962,41.3952,41.8378,measured,experiments/ts_predictor_r8/R8_6_JVET-hhi.xlsm,Test!B290:E290,scripts/JVET-hhi.xlsm,Reference!B290:E290,pass,pass,Test,True
r8,R8-6,R8_MODE=6,LB,BQMall,C,32,557.1488,34.3853,39.6312,39.877,557.8128,34.3898,39.6283,39.8036,measured,experiments/ts_predictor_r8/R8_6_JVET-hhi.xlsm,Test!B291:E291,scripts/JVET-hhi.xlsm,Reference!B291:E291,pass,pass,Test,True
r8,R8-6,R8_MODE=6,LB,BQMall,C,37,285.6448,31.7048,38.2039,38.149,285.856,31.6991,38.2571,38.1694,measured,experiments/ts_predictor_r8/R8_6_JVET-hhi.xlsm,Test!B292:E292,scripts/JVET-hhi.xlsm,Reference!B292:E292,pass,pass,Test,True
r8,R8-6,R8_MODE=6,LB,BasketballDrill,C,22,2278.9664,41.5883,43.8425,44.8196,2277.528,41.5796,43.8384,44.8336,measured,experiments/ts_predictor_r8/R8_6_JVET-hhi.xlsm,Test!B285:E285,scripts/JVET-hhi.xlsm,Reference!B285:E285,pass,pass,Test,True
r8,R8-6,R8_MODE=6,LB,BasketballDrill,C,27,1008.3056,38.4519,41.3758,41.8327,1007.8496,38.4463,41.3729,41.8325,measured,experiments/ts_predictor_r8/R8_6_JVET-hhi.xlsm,Test!B286:E286,scripts/JVET-hhi.xlsm,Reference!B286:E286,pass,pass,Test,True
r8,R8-6,R8_MODE=6,LB,BasketballDrill,C,32,497.664,35.4772,39.591,39.7871,497.8528,35.4978,39.577,39.8248,measured,experiments/ts_predictor_r8/R8_6_JVET-hhi.xlsm,Test!B287:E287,scripts/JVET-hhi.xlsm,Reference!B287:E287,pass,pass,Test,True
r8,R8-6,R8_MODE=6,LB,BasketballDrill,C,37,258.3632,32.88,37.8066,37.6458,258.864,32.8951,37.8276,37.6748,measured,experiments/ts_predictor_r8/R8_6_JVET-hhi.xlsm,Test!B288:E288,scripts/JVET-hhi.xlsm,Reference!B288:E288,pass,pass,Test,True
r8,R8-6,R8_MODE=6,LB,PartyScene,C,22,6341.8096,38.4838,41.0541,41.7555,6338.688,38.4793,41.0476,41.7446,measured,experiments/ts_predictor_r8/R8_6_JVET-hhi.xlsm,Test!B293:E293,scripts/JVET-hhi.xlsm,Reference!B293:E293,pass,pass,Test,True
r8,R8-6,R8_MODE=6,LB,PartyScene,C,27,2575.0336,34.5251,38.2017,38.6948,2572.3536,34.5318,38.246,38.7188,measured,experiments/ts_predictor_r8/R8_6_JVET-hhi.xlsm,Test!B294:E294,scripts/JVET-hhi.xlsm,Reference!B294:E294,pass,pass,Test,True
r8,R8-6,R8_MODE=6,LB,PartyScene,C,32,1156.0592,31.13,36.29,36.6843,1152.5712,31.1323,36.3121,36.6779,measured,experiments/ts_predictor_r8/R8_6_JVET-hhi.xlsm,Test!B295:E295,scripts/JVET-hhi.xlsm,Reference!B295:E295,pass,pass,Test,True
r8,R8-6,R8_MODE=6,LB,PartyScene,C,37,527.608,28.1683,34.8517,35.0471,526.8464,28.1639,34.8162,35.0317,measured,experiments/ts_predictor_r8/R8_6_JVET-hhi.xlsm,Test!B296:E296,scripts/JVET-hhi.xlsm,Reference!B296:E296,pass,pass,Test,True
r8,R8-6,R8_MODE=6,LB,RaceHorsesC,C,22,5398.0304,39.3018,40.3587,42.0068,5400.016,39.3063,40.3511,42.007,measured,experiments/ts_predictor_r8/R8_6_JVET-hhi.xlsm,Test!B297:E297,scripts/JVET-hhi.xlsm,Reference!B297:E297,pass,pass,Test,True
r8,R8-6,R8_MODE=6,LB,RaceHorsesC,C,27,1706.0992,34.8097,37.4534,39.5148,1704.8592,34.814,37.448,39.5452,measured,experiments/ts_predictor_r8/R8_6_JVET-hhi.xlsm,Test!B298:E298,scripts/JVET-hhi.xlsm,Reference!B298:E298,pass,pass,Test,True
r8,R8-6,R8_MODE=6,LB,RaceHorsesC,C,32,714.984,31.5148,36.0945,38.1384,714.6944,31.5079,36.1153,38.1494,measured,experiments/ts_predictor_r8/R8_6_JVET-hhi.xlsm,Test!B299:E299,scripts/JVET-hhi.xlsm,Reference!B299:E299,pass,pass,Test,True
r8,R8-6,R8_MODE=6,LB,RaceHorsesC,C,37,312.168,28.7028,35.0027,36.6115,310.9936,28.696,35.0129,36.5676,measured,experiments/ts_predictor_r8/R8_6_JVET-hhi.xlsm,Test!B300:E300,scripts/JVET-hhi.xlsm,Reference!B300:E300,pass,pass,Test,True
r8,R8-6,R8_MODE=6,LB,FourPeople,E,22,1685.5504,42.9908,47.2235,48.461,1687.2672,42.9919,47.193,48.4559,measured,experiments/ts_predictor_r8/R8_6_JVET-hhi.xlsm,Test!B317:E317,scripts/JVET-hhi.xlsm,Reference!B317:E317,pass,pass,Test,True
r8,R8-6,R8_MODE=6,LB,FourPeople,E,27,664.9296,40.8802,45.518,46.54,665,40.8859,45.5291,46.5492,measured,experiments/ts_predictor_r8/R8_6_JVET-hhi.xlsm,Test!B318:E318,scripts/JVET-hhi.xlsm,Reference!B318:E318,pass,pass,Test,True
r8,R8-6,R8_MODE=6,LB,FourPeople,E,32,337.3088,38.4731,43.6085,44.428,338.8464,38.4711,43.6164,44.4884,measured,experiments/ts_predictor_r8/R8_6_JVET-hhi.xlsm,Test!B319:E319,scripts/JVET-hhi.xlsm,Reference!B319:E319,pass,pass,Test,True
r8,R8-6,R8_MODE=6,LB,FourPeople,E,37,184.6192,35.7811,41.9541,42.755,185.032,35.7857,42.0652,42.5951,measured,experiments/ts_predictor_r8/R8_6_JVET-hhi.xlsm,Test!B320:E320,scripts/JVET-hhi.xlsm,Reference!B320:E320,pass,pass,Test,True
r8,R8-6,R8_MODE=6,LB,Johnny,E,22,1126.2976,43.2242,48.6858,49.364,1126.3488,43.2288,48.6924,49.3553,measured,experiments/ts_predictor_r8/R8_6_JVET-hhi.xlsm,Test!B321:E321,scripts/JVET-hhi.xlsm,Reference!B321:E321,pass,pass,Test,True
r8,R8-6,R8_MODE=6,LB,Johnny,E,27,344.3824,41.7407,47.4669,47.9865,344.2128,41.7465,47.4583,47.9475,measured,experiments/ts_predictor_r8/R8_6_JVET-hhi.xlsm,Test!B322:E322,scripts/JVET-hhi.xlsm,Reference!B322:E322,pass,pass,Test,True
r8,R8-6,R8_MODE=6,LB,Johnny,E,32,160.3824,39.9417,45.7831,46.1682,159.984,39.9484,45.7352,46.1675,measured,experiments/ts_predictor_r8/R8_6_JVET-hhi.xlsm,Test!B323:E323,scripts/JVET-hhi.xlsm,Reference!B323:E323,pass,pass,Test,True
r8,R8-6,R8_MODE=6,LB,Johnny,E,37,88.1696,37.8163,44.145,44.5517,88.0192,37.7916,44.1751,44.5536,measured,experiments/ts_predictor_r8/R8_6_JVET-hhi.xlsm,Test!B324:E324,scripts/JVET-hhi.xlsm,Reference!B324:E324,pass,pass,Test,True
r8,R8-6,R8_MODE=6,LB,KristenAndSara,E,22,1361.2064,43.684,47.9585,48.9689,1360.248,43.6878,47.9884,48.9406,measured,experiments/ts_predictor_r8/R8_6_JVET-hhi.xlsm,Test!B325:E325,scripts/JVET-hhi.xlsm,Reference!B325:E325,pass,pass,Test,True
r8,R8-6,R8_MODE=6,LB,KristenAndSara,E,27,497.352,41.8047,46.4641,47.22,496.648,41.8076,46.4017,47.2148,measured,experiments/ts_predictor_r8/R8_6_JVET-hhi.xlsm,Test!B326:E326,scripts/JVET-hhi.xlsm,Reference!B326:E326,pass,pass,Test,True
r8,R8-6,R8_MODE=6,LB,KristenAndSara,E,32,231.728,39.6272,44.7389,45.3238,232.6672,39.6314,44.7348,45.2358,measured,experiments/ts_predictor_r8/R8_6_JVET-hhi.xlsm,Test!B327:E327,scripts/JVET-hhi.xlsm,Reference!B327:E327,pass,pass,Test,True
r8,R8-6,R8_MODE=6,LB,KristenAndSara,E,37,123.4496,37.2139,43.0396,43.6902,123.0048,37.2343,43.1878,43.6143,measured,experiments/ts_predictor_r8/R8_6_JVET-hhi.xlsm,Test!B328:E328,scripts/JVET-hhi.xlsm,Reference!B328:E328,pass,pass,Test,True
r8,R8-7,R8_MODE=7,LB,BQMall,C,22,2874.8944,40.0864,43.4565,44.5287,2875.704,40.0852,43.4457,44.5168,measured,experiments/ts_predictor_r8/R8_7_JVET-hhi.xlsm,Test!B289:E289,scripts/JVET-hhi.xlsm,Reference!B289:E289,pass,pass,Test,True
r8,R8-7,R8_MODE=7,LB,BQMall,C,27,1168.2416,37.1909,41.3893,41.8146,1167.4944,37.1907,41.363,41.8235,measured,experiments/ts_predictor_r8/R8_7_JVET-hhi.xlsm,Test!B290:E290,scripts/JVET-hhi.xlsm,Reference!B290:E290,pass,pass,Test,True
r8,R8-7,R8_MODE=7,LB,BQMall,C,32,557.1488,34.3853,39.6312,39.877,558.2544,34.3801,39.6434,39.8344,measured,experiments/ts_predictor_r8/R8_7_JVET-hhi.xlsm,Test!B291:E291,scripts/JVET-hhi.xlsm,Reference!B291:E291,pass,pass,Test,True
r8,R8-7,R8_MODE=7,LB,BQMall,C,37,285.6448,31.7048,38.2039,38.149,285.8976,31.6908,38.2044,38.1341,measured,experiments/ts_predictor_r8/R8_7_JVET-hhi.xlsm,Test!B292:E292,scripts/JVET-hhi.xlsm,Reference!B292:E292,pass,pass,Test,True
r8,R8-7,R8_MODE=7,LB,BasketballDrill,C,22,2278.9664,41.5883,43.8425,44.8196,2278.776,41.5939,43.8263,44.8432,measured,experiments/ts_predictor_r8/R8_7_JVET-hhi.xlsm,Test!B285:E285,scripts/JVET-hhi.xlsm,Reference!B285:E285,pass,pass,Test,True
r8,R8-7,R8_MODE=7,LB,BasketballDrill,C,27,1008.3056,38.4519,41.3758,41.8327,1008.7216,38.4417,41.3867,41.8549,measured,experiments/ts_predictor_r8/R8_7_JVET-hhi.xlsm,Test!B286:E286,scripts/JVET-hhi.xlsm,Reference!B286:E286,pass,pass,Test,True
r8,R8-7,R8_MODE=7,LB,BasketballDrill,C,32,497.664,35.4772,39.591,39.7871,497.352,35.4941,39.5813,39.7933,measured,experiments/ts_predictor_r8/R8_7_JVET-hhi.xlsm,Test!B287:E287,scripts/JVET-hhi.xlsm,Reference!B287:E287,pass,pass,Test,True
r8,R8-7,R8_MODE=7,LB,BasketballDrill,C,37,258.3632,32.88,37.8066,37.6458,259.1168,32.8961,37.8048,37.6527,measured,experiments/ts_predictor_r8/R8_7_JVET-hhi.xlsm,Test!B288:E288,scripts/JVET-hhi.xlsm,Reference!B288:E288,pass,pass,Test,True
r8,R8-7,R8_MODE=7,LB,PartyScene,C,22,6341.8096,38.4838,41.0541,41.7555,6333.8368,38.4851,41.0476,41.7407,measured,experiments/ts_predictor_r8/R8_7_JVET-hhi.xlsm,Test!B293:E293,scripts/JVET-hhi.xlsm,Reference!B293:E293,pass,pass,Test,True
r8,R8-7,R8_MODE=7,LB,PartyScene,C,27,2575.0336,34.5251,38.2017,38.6948,2573.24,34.5187,38.2097,38.7214,measured,experiments/ts_predictor_r8/R8_7_JVET-hhi.xlsm,Test!B294:E294,scripts/JVET-hhi.xlsm,Reference!B294:E294,pass,pass,Test,True
r8,R8-7,R8_MODE=7,LB,PartyScene,C,32,1156.0592,31.13,36.29,36.6843,1154.4752,31.1186,36.3032,36.7333,measured,experiments/ts_predictor_r8/R8_7_JVET-hhi.xlsm,Test!B295:E295,scripts/JVET-hhi.xlsm,Reference!B295:E295,pass,pass,Test,True
r8,R8-7,R8_MODE=7,LB,PartyScene,C,37,527.608,28.1683,34.8517,35.0471,527.84,28.1606,34.8675,35.0492,measured,experiments/ts_predictor_r8/R8_7_JVET-hhi.xlsm,Test!B296:E296,scripts/JVET-hhi.xlsm,Reference!B296:E296,pass,pass,Test,True
r8,R8-7,R8_MODE=7,LB,RaceHorsesC,C,22,5398.0304,39.3018,40.3587,42.0068,5401.2192,39.306,40.3582,41.9993,measured,experiments/ts_predictor_r8/R8_7_JVET-hhi.xlsm,Test!B297:E297,scripts/JVET-hhi.xlsm,Reference!B297:E297,pass,pass,Test,True
r8,R8-7,R8_MODE=7,LB,RaceHorsesC,C,27,1706.0992,34.8097,37.4534,39.5148,1706.0272,34.8214,37.4558,39.5511,measured,experiments/ts_predictor_r8/R8_7_JVET-hhi.xlsm,Test!B298:E298,scripts/JVET-hhi.xlsm,Reference!B298:E298,pass,pass,Test,True
r8,R8-7,R8_MODE=7,LB,RaceHorsesC,C,32,714.984,31.5148,36.0945,38.1384,714.3472,31.513,36.1046,38.1518,measured,experiments/ts_predictor_r8/R8_7_JVET-hhi.xlsm,Test!B299:E299,scripts/JVET-hhi.xlsm,Reference!B299:E299,pass,pass,Test,True
r8,R8-7,R8_MODE=7,LB,RaceHorsesC,C,37,312.168,28.7028,35.0027,36.6115,311.4928,28.6963,34.9865,36.5772,measured,experiments/ts_predictor_r8/R8_7_JVET-hhi.xlsm,Test!B300:E300,scripts/JVET-hhi.xlsm,Reference!B300:E300,pass,pass,Test,True
r8,R8-7,R8_MODE=7,LB,FourPeople,E,22,1685.5504,42.9908,47.2235,48.461,1687.696,42.9891,47.2161,48.4717,measured,experiments/ts_predictor_r8/R8_7_JVET-hhi.xlsm,Test!B317:E317,scripts/JVET-hhi.xlsm,Reference!B317:E317,pass,pass,Test,True
r8,R8-7,R8_MODE=7,LB,FourPeople,E,27,664.9296,40.8802,45.518,46.54,664.2368,40.8841,45.5082,46.5891,measured,experiments/ts_predictor_r8/R8_7_JVET-hhi.xlsm,Test!B318:E318,scripts/JVET-hhi.xlsm,Reference!B318:E318,pass,pass,Test,True
r8,R8-7,R8_MODE=7,LB,FourPeople,E,32,337.3088,38.4731,43.6085,44.428,338.1008,38.462,43.6093,44.4287,measured,experiments/ts_predictor_r8/R8_7_JVET-hhi.xlsm,Test!B319:E319,scripts/JVET-hhi.xlsm,Reference!B319:E319,pass,pass,Test,True
r8,R8-7,R8_MODE=7,LB,FourPeople,E,37,184.6192,35.7811,41.9541,42.755,184.752,35.7883,41.9445,42.5904,measured,experiments/ts_predictor_r8/R8_7_JVET-hhi.xlsm,Test!B320:E320,scripts/JVET-hhi.xlsm,Reference!B320:E320,pass,pass,Test,True
r8,R8-7,R8_MODE=7,LB,Johnny,E,22,1126.2976,43.2242,48.6858,49.364,1128.6928,43.228,48.6919,49.3606,measured,experiments/ts_predictor_r8/R8_7_JVET-hhi.xlsm,Test!B321:E321,scripts/JVET-hhi.xlsm,Reference!B321:E321,pass,pass,Test,True
r8,R8-7,R8_MODE=7,LB,Johnny,E,27,344.3824,41.7407,47.4669,47.9865,344.5328,41.7332,47.4633,47.964,measured,experiments/ts_predictor_r8/R8_7_JVET-hhi.xlsm,Test!B322:E322,scripts/JVET-hhi.xlsm,Reference!B322:E322,pass,pass,Test,True
r8,R8-7,R8_MODE=7,LB,Johnny,E,32,160.3824,39.9417,45.7831,46.1682,160.2656,39.948,45.7602,46.152,measured,experiments/ts_predictor_r8/R8_7_JVET-hhi.xlsm,Test!B323:E323,scripts/JVET-hhi.xlsm,Reference!B323:E323,pass,pass,Test,True
r8,R8-7,R8_MODE=7,LB,Johnny,E,37,88.1696,37.8163,44.145,44.5517,87.9936,37.8157,44.1585,44.5627,measured,experiments/ts_predictor_r8/R8_7_JVET-hhi.xlsm,Test!B324:E324,scripts/JVET-hhi.xlsm,Reference!B324:E324,pass,pass,Test,True
r8,R8-7,R8_MODE=7,LB,KristenAndSara,E,22,1361.2064,43.684,47.9585,48.9689,1360.8752,43.6892,47.9631,48.934,measured,experiments/ts_predictor_r8/R8_7_JVET-hhi.xlsm,Test!B325:E325,scripts/JVET-hhi.xlsm,Reference!B325:E325,pass,pass,Test,True
r8,R8-7,R8_MODE=7,LB,KristenAndSara,E,27,497.352,41.8047,46.4641,47.22,498.1472,41.8118,46.4515,47.2398,measured,experiments/ts_predictor_r8/R8_7_JVET-hhi.xlsm,Test!B326:E326,scripts/JVET-hhi.xlsm,Reference!B326:E326,pass,pass,Test,True
r8,R8-7,R8_MODE=7,LB,KristenAndSara,E,32,231.728,39.6272,44.7389,45.3238,231.9904,39.6283,44.6684,45.3235,measured,experiments/ts_predictor_r8/R8_7_JVET-hhi.xlsm,Test!B327:E327,scripts/JVET-hhi.xlsm,Reference!B327:E327,pass,pass,Test,True
r8,R8-7,R8_MODE=7,LB,KristenAndSara,E,37,123.4496,37.2139,43.0396,43.6902,123.1872,37.218,43.0792,43.6602,measured,experiments/ts_predictor_r8/R8_7_JVET-hhi.xlsm,Test!B328:E328,scripts/JVET-hhi.xlsm,Reference!B328:E328,pass,pass,Test,True
r8,R8-8,R8_MODE=8,LB,BQMall,C,22,2874.8944,40.0864,43.4565,44.5287,2872.8096,40.0811,43.4564,44.5229,measured,experiments/ts_predictor_r8/r8_8_JVET-hhi.xlsm,Test!B289:E289,scripts/JVET-hhi.xlsm,Reference!B289:E289,pass,pass,Test,True
r8,R8-8,R8_MODE=8,LB,BQMall,C,27,1168.2416,37.1909,41.3893,41.8146,1170.072,37.1961,41.3862,41.8193,measured,experiments/ts_predictor_r8/r8_8_JVET-hhi.xlsm,Test!B290:E290,scripts/JVET-hhi.xlsm,Reference!B290:E290,pass,pass,Test,True
r8,R8-8,R8_MODE=8,LB,BQMall,C,32,557.1488,34.3853,39.6312,39.877,557.3808,34.379,39.5903,39.8111,measured,experiments/ts_predictor_r8/r8_8_JVET-hhi.xlsm,Test!B291:E291,scripts/JVET-hhi.xlsm,Reference!B291:E291,pass,pass,Test,True
r8,R8-8,R8_MODE=8,LB,BQMall,C,37,285.6448,31.7048,38.2039,38.149,286.232,31.7101,38.2265,38.1413,measured,experiments/ts_predictor_r8/r8_8_JVET-hhi.xlsm,Test!B292:E292,scripts/JVET-hhi.xlsm,Reference!B292:E292,pass,pass,Test,True
r8,R8-8,R8_MODE=8,LB,BasketballDrill,C,22,2278.9664,41.5883,43.8425,44.8196,2279.616,41.5937,43.8211,44.8367,measured,experiments/ts_predictor_r8/r8_8_JVET-hhi.xlsm,Test!B285:E285,scripts/JVET-hhi.xlsm,Reference!B285:E285,pass,pass,Test,True
r8,R8-8,R8_MODE=8,LB,BasketballDrill,C,27,1008.3056,38.4519,41.3758,41.8327,1009.2,38.4502,41.3905,41.8367,measured,experiments/ts_predictor_r8/r8_8_JVET-hhi.xlsm,Test!B286:E286,scripts/JVET-hhi.xlsm,Reference!B286:E286,pass,pass,Test,True
r8,R8-8,R8_MODE=8,LB,BasketballDrill,C,32,497.664,35.4772,39.591,39.7871,497.2128,35.482,39.5914,39.823,measured,experiments/ts_predictor_r8/r8_8_JVET-hhi.xlsm,Test!B287:E287,scripts/JVET-hhi.xlsm,Reference!B287:E287,pass,pass,Test,True
r8,R8-8,R8_MODE=8,LB,BasketballDrill,C,37,258.3632,32.88,37.8066,37.6458,258.8752,32.886,37.8367,37.6592,measured,experiments/ts_predictor_r8/r8_8_JVET-hhi.xlsm,Test!B288:E288,scripts/JVET-hhi.xlsm,Reference!B288:E288,pass,pass,Test,True
r8,R8-8,R8_MODE=8,LB,PartyScene,C,22,6341.8096,38.4838,41.0541,41.7555,6353.2448,38.4859,41.0647,41.7541,measured,experiments/ts_predictor_r8/r8_8_JVET-hhi.xlsm,Test!B293:E293,scripts/JVET-hhi.xlsm,Reference!B293:E293,pass,pass,Test,True
r8,R8-8,R8_MODE=8,LB,PartyScene,C,27,2575.0336,34.5251,38.2017,38.6948,2574.3184,34.5246,38.2391,38.7179,measured,experiments/ts_predictor_r8/r8_8_JVET-hhi.xlsm,Test!B294:E294,scripts/JVET-hhi.xlsm,Reference!B294:E294,pass,pass,Test,True
r8,R8-8,R8_MODE=8,LB,PartyScene,C,32,1156.0592,31.13,36.29,36.6843,1154.1216,31.1276,36.2855,36.7136,measured,experiments/ts_predictor_r8/r8_8_JVET-hhi.xlsm,Test!B295:E295,scripts/JVET-hhi.xlsm,Reference!B295:E295,pass,pass,Test,True
r8,R8-8,R8_MODE=8,LB,PartyScene,C,37,527.608,28.1683,34.8517,35.0471,526.3296,28.1578,34.867,35.0629,measured,experiments/ts_predictor_r8/r8_8_JVET-hhi.xlsm,Test!B296:E296,scripts/JVET-hhi.xlsm,Reference!B296:E296,pass,pass,Test,True
r8,R8-8,R8_MODE=8,LB,RaceHorsesC,C,22,5398.0304,39.3018,40.3587,42.0068,5396.2048,39.2994,40.3658,42.0101,measured,experiments/ts_predictor_r8/r8_8_JVET-hhi.xlsm,Test!B297:E297,scripts/JVET-hhi.xlsm,Reference!B297:E297,pass,pass,Test,True
r8,R8-8,R8_MODE=8,LB,RaceHorsesC,C,27,1706.0992,34.8097,37.4534,39.5148,1705.224,34.8153,37.4404,39.5085,measured,experiments/ts_predictor_r8/r8_8_JVET-hhi.xlsm,Test!B298:E298,scripts/JVET-hhi.xlsm,Reference!B298:E298,pass,pass,Test,True
r8,R8-8,R8_MODE=8,LB,RaceHorsesC,C,32,714.984,31.5148,36.0945,38.1384,714.9696,31.513,36.1166,38.1691,measured,experiments/ts_predictor_r8/r8_8_JVET-hhi.xlsm,Test!B299:E299,scripts/JVET-hhi.xlsm,Reference!B299:E299,pass,pass,Test,True
r8,R8-8,R8_MODE=8,LB,RaceHorsesC,C,37,312.168,28.7028,35.0027,36.6115,310.9696,28.6983,35.0139,36.5614,measured,experiments/ts_predictor_r8/r8_8_JVET-hhi.xlsm,Test!B300:E300,scripts/JVET-hhi.xlsm,Reference!B300:E300,pass,pass,Test,True
r8,R8-8,R8_MODE=8,LB,FourPeople,E,22,1685.5504,42.9908,47.2235,48.461,1685.424,42.9898,47.2175,48.4822,measured,experiments/ts_predictor_r8/r8_8_JVET-hhi.xlsm,Test!B317:E317,scripts/JVET-hhi.xlsm,Reference!B317:E317,pass,pass,Test,True
r8,R8-8,R8_MODE=8,LB,FourPeople,E,27,664.9296,40.8802,45.518,46.54,665.144,40.8842,45.5514,46.6074,measured,experiments/ts_predictor_r8/r8_8_JVET-hhi.xlsm,Test!B318:E318,scripts/JVET-hhi.xlsm,Reference!B318:E318,pass,pass,Test,True
r8,R8-8,R8_MODE=8,LB,FourPeople,E,32,337.3088,38.4731,43.6085,44.428,337.4032,38.4562,43.6331,44.4315,measured,experiments/ts_predictor_r8/r8_8_JVET-hhi.xlsm,Test!B319:E319,scripts/JVET-hhi.xlsm,Reference!B319:E319,pass,pass,Test,True
r8,R8-8,R8_MODE=8,LB,FourPeople,E,37,184.6192,35.7811,41.9541,42.755,184.6336,35.7824,41.96,42.6534,measured,experiments/ts_predictor_r8/r8_8_JVET-hhi.xlsm,Test!B320:E320,scripts/JVET-hhi.xlsm,Reference!B320:E320,pass,pass,Test,True
r8,R8-8,R8_MODE=8,LB,Johnny,E,22,1126.2976,43.2242,48.6858,49.364,1126.6912,43.2267,48.6964,49.3599,measured,experiments/ts_predictor_r8/r8_8_JVET-hhi.xlsm,Test!B321:E321,scripts/JVET-hhi.xlsm,Reference!B321:E321,pass,pass,Test,True
r8,R8-8,R8_MODE=8,LB,Johnny,E,27,344.3824,41.7407,47.4669,47.9865,344.256,41.7442,47.4489,47.987,measured,experiments/ts_predictor_r8/r8_8_JVET-hhi.xlsm,Test!B322:E322,scripts/JVET-hhi.xlsm,Reference!B322:E322,pass,pass,Test,True
r8,R8-8,R8_MODE=8,LB,Johnny,E,32,160.3824,39.9417,45.7831,46.1682,160.2512,39.9388,45.755,46.1495,measured,experiments/ts_predictor_r8/r8_8_JVET-hhi.xlsm,Test!B323:E323,scripts/JVET-hhi.xlsm,Reference!B323:E323,pass,pass,Test,True
r8,R8-8,R8_MODE=8,LB,Johnny,E,37,88.1696,37.8163,44.145,44.5517,88.008,37.7954,44.1512,44.5268,measured,experiments/ts_predictor_r8/r8_8_JVET-hhi.xlsm,Test!B324:E324,scripts/JVET-hhi.xlsm,Reference!B324:E324,pass,pass,Test,True
r8,R8-8,R8_MODE=8,LB,KristenAndSara,E,22,1361.2064,43.684,47.9585,48.9689,1358.4672,43.692,47.9628,48.9334,measured,experiments/ts_predictor_r8/r8_8_JVET-hhi.xlsm,Test!B325:E325,scripts/JVET-hhi.xlsm,Reference!B325:E325,pass,pass,Test,True
r8,R8-8,R8_MODE=8,LB,KristenAndSara,E,27,497.352,41.8047,46.4641,47.22,498.104,41.8134,46.4382,47.2693,measured,experiments/ts_predictor_r8/r8_8_JVET-hhi.xlsm,Test!B326:E326,scripts/JVET-hhi.xlsm,Reference!B326:E326,pass,pass,Test,True
r8,R8-8,R8_MODE=8,LB,KristenAndSara,E,32,231.728,39.6272,44.7389,45.3238,231.6736,39.6343,44.6752,45.2991,measured,experiments/ts_predictor_r8/r8_8_JVET-hhi.xlsm,Test!B327:E327,scripts/JVET-hhi.xlsm,Reference!B327:E327,pass,pass,Test,True
r8,R8-8,R8_MODE=8,LB,KristenAndSara,E,37,123.4496,37.2139,43.0396,43.6902,123.3184,37.2195,43.0287,43.6688,measured,experiments/ts_predictor_r8/r8_8_JVET-hhi.xlsm,Test!B328:E328,scripts/JVET-hhi.xlsm,Reference!B328:E328,pass,pass,Test,True
r8,R8-9,R8_MODE=9,LB,BQMall,C,22,2874.8944,40.0864,43.4565,44.5287,2873.0864,40.0798,43.4503,44.5435,measured,experiments/ts_predictor_r8/R8_9_JVET-hhi.xlsm,Test!B289:E289,scripts/JVET-hhi.xlsm,Reference!B289:E289,pass,pass,Test,True
r8,R8-9,R8_MODE=9,LB,BQMall,C,27,1168.2416,37.1909,41.3893,41.8146,1170.1344,37.19,41.3831,41.8453,measured,experiments/ts_predictor_r8/R8_9_JVET-hhi.xlsm,Test!B290:E290,scripts/JVET-hhi.xlsm,Reference!B290:E290,pass,pass,Test,True
r8,R8-9,R8_MODE=9,LB,BQMall,C,32,557.1488,34.3853,39.6312,39.877,558.2,34.3844,39.5878,39.8147,measured,experiments/ts_predictor_r8/R8_9_JVET-hhi.xlsm,Test!B291:E291,scripts/JVET-hhi.xlsm,Reference!B291:E291,pass,pass,Test,True
r8,R8-9,R8_MODE=9,LB,BQMall,C,37,285.6448,31.7048,38.2039,38.149,285.0272,31.7038,38.2669,38.1289,measured,experiments/ts_predictor_r8/R8_9_JVET-hhi.xlsm,Test!B292:E292,scripts/JVET-hhi.xlsm,Reference!B292:E292,pass,pass,Test,True
r8,R8-9,R8_MODE=9,LB,BasketballDrill,C,22,2278.9664,41.5883,43.8425,44.8196,2279.2832,41.5887,43.8198,44.8462,measured,experiments/ts_predictor_r8/R8_9_JVET-hhi.xlsm,Test!B285:E285,scripts/JVET-hhi.xlsm,Reference!B285:E285,pass,pass,Test,True
r8,R8-9,R8_MODE=9,LB,BasketballDrill,C,27,1008.3056,38.4519,41.3758,41.8327,1009.4448,38.4563,41.3884,41.8456,measured,experiments/ts_predictor_r8/R8_9_JVET-hhi.xlsm,Test!B286:E286,scripts/JVET-hhi.xlsm,Reference!B286:E286,pass,pass,Test,True
r8,R8-9,R8_MODE=9,LB,BasketballDrill,C,32,497.664,35.4772,39.591,39.7871,498.3488,35.4961,39.5997,39.7953,measured,experiments/ts_predictor_r8/R8_9_JVET-hhi.xlsm,Test!B287:E287,scripts/JVET-hhi.xlsm,Reference!B287:E287,pass,pass,Test,True
r8,R8-9,R8_MODE=9,LB,BasketballDrill,C,37,258.3632,32.88,37.8066,37.6458,259.248,32.8949,37.79,37.6826,measured,experiments/ts_predictor_r8/R8_9_JVET-hhi.xlsm,Test!B288:E288,scripts/JVET-hhi.xlsm,Reference!B288:E288,pass,pass,Test,True
r8,R8-9,R8_MODE=9,LB,PartyScene,C,22,6341.8096,38.4838,41.0541,41.7555,6337.5232,38.4862,41.0517,41.7577,measured,experiments/ts_predictor_r8/R8_9_JVET-hhi.xlsm,Test!B293:E293,scripts/JVET-hhi.xlsm,Reference!B293:E293,pass,pass,Test,True
r8,R8-9,R8_MODE=9,LB,PartyScene,C,27,2575.0336,34.5251,38.2017,38.6948,2575.432,34.5268,38.2449,38.7458,measured,experiments/ts_predictor_r8/R8_9_JVET-hhi.xlsm,Test!B294:E294,scripts/JVET-hhi.xlsm,Reference!B294:E294,pass,pass,Test,True
r8,R8-9,R8_MODE=9,LB,PartyScene,C,32,1156.0592,31.13,36.29,36.6843,1152.7616,31.1258,36.2838,36.6936,measured,experiments/ts_predictor_r8/R8_9_JVET-hhi.xlsm,Test!B295:E295,scripts/JVET-hhi.xlsm,Reference!B295:E295,pass,pass,Test,True
r8,R8-9,R8_MODE=9,LB,PartyScene,C,37,527.608,28.1683,34.8517,35.0471,527.2192,28.1631,34.8335,35.047,measured,experiments/ts_predictor_r8/R8_9_JVET-hhi.xlsm,Test!B296:E296,scripts/JVET-hhi.xlsm,Reference!B296:E296,pass,pass,Test,True
r8,R8-9,R8_MODE=9,LB,RaceHorsesC,C,22,5398.0304,39.3018,40.3587,42.0068,5400.0848,39.3005,40.3515,42.0014,measured,experiments/ts_predictor_r8/R8_9_JVET-hhi.xlsm,Test!B297:E297,scripts/JVET-hhi.xlsm,Reference!B297:E297,pass,pass,Test,True
r8,R8-9,R8_MODE=9,LB,RaceHorsesC,C,27,1706.0992,34.8097,37.4534,39.5148,1706.7952,34.8156,37.4344,39.5167,measured,experiments/ts_predictor_r8/R8_9_JVET-hhi.xlsm,Test!B298:E298,scripts/JVET-hhi.xlsm,Reference!B298:E298,pass,pass,Test,True
r8,R8-9,R8_MODE=9,LB,RaceHorsesC,C,32,714.984,31.5148,36.0945,38.1384,716.0304,31.5121,36.1101,38.166,measured,experiments/ts_predictor_r8/R8_9_JVET-hhi.xlsm,Test!B299:E299,scripts/JVET-hhi.xlsm,Reference!B299:E299,pass,pass,Test,True
r8,R8-9,R8_MODE=9,LB,RaceHorsesC,C,37,312.168,28.7028,35.0027,36.6115,311.3968,28.6974,35.0133,36.6093,measured,experiments/ts_predictor_r8/R8_9_JVET-hhi.xlsm,Test!B300:E300,scripts/JVET-hhi.xlsm,Reference!B300:E300,pass,pass,Test,True
r8,R8-9,R8_MODE=9,LB,FourPeople,E,22,1685.5504,42.9908,47.2235,48.461,1685.424,42.9898,47.2175,48.4822,measured,experiments/ts_predictor_r8/R8_9_JVET-hhi.xlsm,Test!B317:E317,scripts/JVET-hhi.xlsm,Reference!B317:E317,pass,pass,Test,True
r8,R8-9,R8_MODE=9,LB,FourPeople,E,27,664.9296,40.8802,45.518,46.54,665.144,40.8842,45.5514,46.6074,measured,experiments/ts_predictor_r8/R8_9_JVET-hhi.xlsm,Test!B318:E318,scripts/JVET-hhi.xlsm,Reference!B318:E318,pass,pass,Test,True
r8,R8-9,R8_MODE=9,LB,FourPeople,E,32,337.3088,38.4731,43.6085,44.428,338.6416,38.4859,43.6707,44.4445,measured,experiments/ts_predictor_r8/R8_9_JVET-hhi.xlsm,Test!B319:E319,scripts/JVET-hhi.xlsm,Reference!B319:E319,pass,pass,Test,True
r8,R8-9,R8_MODE=9,LB,FourPeople,E,37,184.6192,35.7811,41.9541,42.755,184.6336,35.7824,41.96,42.6534,measured,experiments/ts_predictor_r8/R8_9_JVET-hhi.xlsm,Test!B320:E320,scripts/JVET-hhi.xlsm,Reference!B320:E320,pass,pass,Test,True
r8,R8-9,R8_MODE=9,LB,Johnny,E,22,1126.2976,43.2242,48.6858,49.364,1126.928,43.2267,48.6986,49.3514,measured,experiments/ts_predictor_r8/R8_9_JVET-hhi.xlsm,Test!B321:E321,scripts/JVET-hhi.xlsm,Reference!B321:E321,pass,pass,Test,True
r8,R8-9,R8_MODE=9,LB,Johnny,E,27,344.3824,41.7407,47.4669,47.9865,343.608,41.7403,47.4469,47.9376,measured,experiments/ts_predictor_r8/R8_9_JVET-hhi.xlsm,Test!B322:E322,scripts/JVET-hhi.xlsm,Reference!B322:E322,pass,pass,Test,True
r8,R8-9,R8_MODE=9,LB,Johnny,E,32,160.3824,39.9417,45.7831,46.1682,160.2512,39.9388,45.755,46.1495,measured,experiments/ts_predictor_r8/R8_9_JVET-hhi.xlsm,Test!B323:E323,scripts/JVET-hhi.xlsm,Reference!B323:E323,pass,pass,Test,True
r8,R8-9,R8_MODE=9,LB,Johnny,E,37,88.1696,37.8163,44.145,44.5517,88.008,37.7954,44.1512,44.5268,measured,experiments/ts_predictor_r8/R8_9_JVET-hhi.xlsm,Test!B324:E324,scripts/JVET-hhi.xlsm,Reference!B324:E324,pass,pass,Test,True
r8,R8-9,R8_MODE=9,LB,KristenAndSara,E,22,1361.2064,43.684,47.9585,48.9689,1359.9616,43.688,47.9778,48.9328,measured,experiments/ts_predictor_r8/R8_9_JVET-hhi.xlsm,Test!B325:E325,scripts/JVET-hhi.xlsm,Reference!B325:E325,pass,pass,Test,True
r8,R8-9,R8_MODE=9,LB,KristenAndSara,E,27,497.352,41.8047,46.4641,47.22,496.28,41.8107,46.4628,47.2635,measured,experiments/ts_predictor_r8/R8_9_JVET-hhi.xlsm,Test!B326:E326,scripts/JVET-hhi.xlsm,Reference!B326:E326,pass,pass,Test,True
r8,R8-9,R8_MODE=9,LB,KristenAndSara,E,32,231.728,39.6272,44.7389,45.3238,231.6736,39.6343,44.6752,45.2991,measured,experiments/ts_predictor_r8/R8_9_JVET-hhi.xlsm,Test!B327:E327,scripts/JVET-hhi.xlsm,Reference!B327:E327,pass,pass,Test,True
r8,R8-9,R8_MODE=9,LB,KristenAndSara,E,37,123.4496,37.2139,43.0396,43.6902,123.3184,37.2195,43.0287,43.6688,measured,experiments/ts_predictor_r8/R8_9_JVET-hhi.xlsm,Test!B328:E328,scripts/JVET-hhi.xlsm,Reference!B328:E328,pass,pass,Test,True
r8,R8-10,R8_MODE=10,LB,BQMall,C,22,2874.8944,40.0864,43.4565,44.5287,2871.7504,40.0819,43.4566,44.5274,measured,experiments/ts_predictor_r8/R8_10_JVET-hhi.xlsm,Test!B289:E289,scripts/JVET-hhi.xlsm,Reference!B289:E289,pass,pass,Test,True
r8,R8-10,R8_MODE=10,LB,BQMall,C,27,1168.2416,37.1909,41.3893,41.8146,1169.7872,37.1976,41.3628,41.8531,measured,experiments/ts_predictor_r8/R8_10_JVET-hhi.xlsm,Test!B290:E290,scripts/JVET-hhi.xlsm,Reference!B290:E290,pass,pass,Test,True
r8,R8-10,R8_MODE=10,LB,BQMall,C,32,557.1488,34.3853,39.6312,39.877,557.7024,34.3876,39.6106,39.8517,measured,experiments/ts_predictor_r8/R8_10_JVET-hhi.xlsm,Test!B291:E291,scripts/JVET-hhi.xlsm,Reference!B291:E291,pass,pass,Test,True
r8,R8-10,R8_MODE=10,LB,BQMall,C,37,285.6448,31.7048,38.2039,38.149,286.72,31.7061,38.2214,38.1068,measured,experiments/ts_predictor_r8/R8_10_JVET-hhi.xlsm,Test!B292:E292,scripts/JVET-hhi.xlsm,Reference!B292:E292,pass,pass,Test,True
r8,R8-10,R8_MODE=10,LB,BasketballDrill,C,22,2278.9664,41.5883,43.8425,44.8196,2278.8848,41.5796,43.8324,44.8324,measured,experiments/ts_predictor_r8/R8_10_JVET-hhi.xlsm,Test!B285:E285,scripts/JVET-hhi.xlsm,Reference!B285:E285,pass,pass,Test,True
r8,R8-10,R8_MODE=10,LB,BasketballDrill,C,27,1008.3056,38.4519,41.3758,41.8327,1008.6848,38.4557,41.4059,41.8425,measured,experiments/ts_predictor_r8/R8_10_JVET-hhi.xlsm,Test!B286:E286,scripts/JVET-hhi.xlsm,Reference!B286:E286,pass,pass,Test,True
r8,R8-10,R8_MODE=10,LB,BasketballDrill,C,32,497.664,35.4772,39.591,39.7871,497.592,35.5043,39.5744,39.8216,measured,experiments/ts_predictor_r8/R8_10_JVET-hhi.xlsm,Test!B287:E287,scripts/JVET-hhi.xlsm,Reference!B287:E287,pass,pass,Test,True
r8,R8-10,R8_MODE=10,LB,BasketballDrill,C,37,258.3632,32.88,37.8066,37.6458,258.416,32.8983,37.8171,37.6655,measured,experiments/ts_predictor_r8/R8_10_JVET-hhi.xlsm,Test!B288:E288,scripts/JVET-hhi.xlsm,Reference!B288:E288,pass,pass,Test,True
r8,R8-10,R8_MODE=10,LB,PartyScene,C,22,6341.8096,38.4838,41.0541,41.7555,6336.0784,38.4815,41.0555,41.7617,measured,experiments/ts_predictor_r8/R8_10_JVET-hhi.xlsm,Test!B293:E293,scripts/JVET-hhi.xlsm,Reference!B293:E293,pass,pass,Test,True
r8,R8-10,R8_MODE=10,LB,PartyScene,C,27,2575.0336,34.5251,38.2017,38.6948,2573.3648,34.525,38.2241,38.714,measured,experiments/ts_predictor_r8/R8_10_JVET-hhi.xlsm,Test!B294:E294,scripts/JVET-hhi.xlsm,Reference!B294:E294,pass,pass,Test,True
r8,R8-10,R8_MODE=10,LB,PartyScene,C,32,1156.0592,31.13,36.29,36.6843,1152.3824,31.1306,36.3157,36.6633,measured,experiments/ts_predictor_r8/R8_10_JVET-hhi.xlsm,Test!B295:E295,scripts/JVET-hhi.xlsm,Reference!B295:E295,pass,pass,Test,True
r8,R8-10,R8_MODE=10,LB,PartyScene,C,37,527.608,28.1683,34.8517,35.0471,527.408,28.1714,34.8202,34.9973,measured,experiments/ts_predictor_r8/R8_10_JVET-hhi.xlsm,Test!B296:E296,scripts/JVET-hhi.xlsm,Reference!B296:E296,pass,pass,Test,True
r8,R8-10,R8_MODE=10,LB,RaceHorsesC,C,22,5398.0304,39.3018,40.3587,42.0068,5397.2928,39.3003,40.3588,42.0102,measured,experiments/ts_predictor_r8/R8_10_JVET-hhi.xlsm,Test!B297:E297,scripts/JVET-hhi.xlsm,Reference!B297:E297,pass,pass,Test,True
r8,R8-10,R8_MODE=10,LB,RaceHorsesC,C,27,1706.0992,34.8097,37.4534,39.5148,1704.7504,34.814,37.4618,39.5118,measured,experiments/ts_predictor_r8/R8_10_JVET-hhi.xlsm,Test!B298:E298,scripts/JVET-hhi.xlsm,Reference!B298:E298,pass,pass,Test,True
r8,R8-10,R8_MODE=10,LB,RaceHorsesC,C,32,714.984,31.5148,36.0945,38.1384,714.376,31.5156,36.1074,38.1423,measured,experiments/ts_predictor_r8/R8_10_JVET-hhi.xlsm,Test!B299:E299,scripts/JVET-hhi.xlsm,Reference!B299:E299,pass,pass,Test,True
r8,R8-10,R8_MODE=10,LB,RaceHorsesC,C,37,312.168,28.7028,35.0027,36.6115,312.0928,28.697,35.014,36.6182,measured,experiments/ts_predictor_r8/R8_10_JVET-hhi.xlsm,Test!B300:E300,scripts/JVET-hhi.xlsm,Reference!B300:E300,pass,pass,Test,True
r8,R8-10,R8_MODE=10,LB,FourPeople,E,22,1685.5504,42.9908,47.2235,48.461,1684.4464,42.9911,47.2099,48.4485,measured,experiments/ts_predictor_r8/R8_10_JVET-hhi.xlsm,Test!B317:E317,scripts/JVET-hhi.xlsm,Reference!B317:E317,pass,pass,Test,True
r8,R8-10,R8_MODE=10,LB,FourPeople,E,27,664.9296,40.8802,45.518,46.54,664.9056,40.8779,45.5269,46.6052,measured,experiments/ts_predictor_r8/R8_10_JVET-hhi.xlsm,Test!B318:E318,scripts/JVET-hhi.xlsm,Reference!B318:E318,pass,pass,Test,True
r8,R8-10,R8_MODE=10,LB,FourPeople,E,32,337.3088,38.4731,43.6085,44.428,337.7616,38.465,43.622,44.4998,measured,experiments/ts_predictor_r8/R8_10_JVET-hhi.xlsm,Test!B319:E319,scripts/JVET-hhi.xlsm,Reference!B319:E319,pass,pass,Test,True
r8,R8-10,R8_MODE=10,LB,FourPeople,E,37,184.6192,35.7811,41.9541,42.755,185.216,35.7903,41.9954,42.7886,measured,experiments/ts_predictor_r8/R8_10_JVET-hhi.xlsm,Test!B320:E320,scripts/JVET-hhi.xlsm,Reference!B320:E320,pass,pass,Test,True
r8,R8-10,R8_MODE=10,LB,Johnny,E,22,1126.2976,43.2242,48.6858,49.364,1128.6528,43.2255,48.6978,49.3551,measured,experiments/ts_predictor_r8/R8_10_JVET-hhi.xlsm,Test!B321:E321,scripts/JVET-hhi.xlsm,Reference!B321:E321,pass,pass,Test,True
r8,R8-10,R8_MODE=10,LB,Johnny,E,27,344.3824,41.7407,47.4669,47.9865,344.7856,41.7388,47.4383,47.962,measured,experiments/ts_predictor_r8/R8_10_JVET-hhi.xlsm,Test!B322:E322,scripts/JVET-hhi.xlsm,Reference!B322:E322,pass,pass,Test,True
r8,R8-10,R8_MODE=10,LB,Johnny,E,32,160.3824,39.9417,45.7831,46.1682,160.3904,39.9469,45.7727,46.1288,measured,experiments/ts_predictor_r8/R8_10_JVET-hhi.xlsm,Test!B323:E323,scripts/JVET-hhi.xlsm,Reference!B323:E323,pass,pass,Test,True
r8,R8-10,R8_MODE=10,LB,Johnny,E,37,88.1696,37.8163,44.145,44.5517,87.8352,37.7992,44.0877,44.5792,measured,experiments/ts_predictor_r8/R8_10_JVET-hhi.xlsm,Test!B324:E324,scripts/JVET-hhi.xlsm,Reference!B324:E324,pass,pass,Test,True
r8,R8-10,R8_MODE=10,LB,KristenAndSara,E,22,1361.2064,43.684,47.9585,48.9689,1360.184,43.6893,47.9701,48.9193,measured,experiments/ts_predictor_r8/R8_10_JVET-hhi.xlsm,Test!B325:E325,scripts/JVET-hhi.xlsm,Reference!B325:E325,pass,pass,Test,True
r8,R8-10,R8_MODE=10,LB,KristenAndSara,E,27,497.352,41.8047,46.4641,47.22,497.3232,41.8119,46.4256,47.1854,measured,experiments/ts_predictor_r8/R8_10_JVET-hhi.xlsm,Test!B326:E326,scripts/JVET-hhi.xlsm,Reference!B326:E326,pass,pass,Test,True
r8,R8-10,R8_MODE=10,LB,KristenAndSara,E,32,231.728,39.6272,44.7389,45.3238,232.2448,39.6403,44.6742,45.2736,measured,experiments/ts_predictor_r8/R8_10_JVET-hhi.xlsm,Test!B327:E327,scripts/JVET-hhi.xlsm,Reference!B327:E327,pass,pass,Test,True
r8,R8-10,R8_MODE=10,LB,KristenAndSara,E,37,123.4496,37.2139,43.0396,43.6902,123.2608,37.2294,43.1279,43.7096,measured,experiments/ts_predictor_r8/R8_10_JVET-hhi.xlsm,Test!B328:E328,scripts/JVET-hhi.xlsm,Reference!B328:E328,pass,pass,Test,True
r8,R8-11,R8_MODE=11,LB,BQMall,C,22,2874.8944,40.0864,43.4565,44.5287,2874.5488,40.0842,43.4535,44.516,measured,experiments/ts_predictor_r8/R8_11_JVET-hhi.xlsm,Test!B289:E289,scripts/JVET-hhi.xlsm,Reference!B289:E289,pass,pass,Test,True
r8,R8-11,R8_MODE=11,LB,BQMall,C,27,1168.2416,37.1909,41.3893,41.8146,1167.3664,37.1938,41.4108,41.8244,measured,experiments/ts_predictor_r8/R8_11_JVET-hhi.xlsm,Test!B290:E290,scripts/JVET-hhi.xlsm,Reference!B290:E290,pass,pass,Test,True
r8,R8-11,R8_MODE=11,LB,BQMall,C,32,557.1488,34.3853,39.6312,39.877,558.9136,34.3806,39.6323,39.8895,measured,experiments/ts_predictor_r8/R8_11_JVET-hhi.xlsm,Test!B291:E291,scripts/JVET-hhi.xlsm,Reference!B291:E291,pass,pass,Test,True
r8,R8-11,R8_MODE=11,LB,BQMall,C,37,285.6448,31.7048,38.2039,38.149,286.4384,31.7138,38.1951,38.1915,measured,experiments/ts_predictor_r8/R8_11_JVET-hhi.xlsm,Test!B292:E292,scripts/JVET-hhi.xlsm,Reference!B292:E292,pass,pass,Test,True
r8,R8-11,R8_MODE=11,LB,BasketballDrill,C,22,2278.9664,41.5883,43.8425,44.8196,2278.0368,41.583,43.8331,44.8075,measured,experiments/ts_predictor_r8/R8_11_JVET-hhi.xlsm,Test!B285:E285,scripts/JVET-hhi.xlsm,Reference!B285:E285,pass,pass,Test,True
r8,R8-11,R8_MODE=11,LB,BasketballDrill,C,27,1008.3056,38.4519,41.3758,41.8327,1010.008,38.4727,41.4065,41.8076,measured,experiments/ts_predictor_r8/R8_11_JVET-hhi.xlsm,Test!B286:E286,scripts/JVET-hhi.xlsm,Reference!B286:E286,pass,pass,Test,True
r8,R8-11,R8_MODE=11,LB,BasketballDrill,C,32,497.664,35.4772,39.591,39.7871,497.7552,35.5008,39.5148,39.7787,measured,experiments/ts_predictor_r8/R8_11_JVET-hhi.xlsm,Test!B287:E287,scripts/JVET-hhi.xlsm,Reference!B287:E287,pass,pass,Test,True
r8,R8-11,R8_MODE=11,LB,BasketballDrill,C,37,258.3632,32.88,37.8066,37.6458,258.4336,32.9021,37.8138,37.708,measured,experiments/ts_predictor_r8/R8_11_JVET-hhi.xlsm,Test!B288:E288,scripts/JVET-hhi.xlsm,Reference!B288:E288,pass,pass,Test,True
r8,R8-11,R8_MODE=11,LB,PartyScene,C,22,6341.8096,38.4838,41.0541,41.7555,6335.4672,38.484,41.0668,41.7508,measured,experiments/ts_predictor_r8/R8_11_JVET-hhi.xlsm,Test!B293:E293,scripts/JVET-hhi.xlsm,Reference!B293:E293,pass,pass,Test,True
r8,R8-11,R8_MODE=11,LB,PartyScene,C,27,2575.0336,34.5251,38.2017,38.6948,2570.416,34.528,38.2414,38.7279,measured,experiments/ts_predictor_r8/R8_11_JVET-hhi.xlsm,Test!B294:E294,scripts/JVET-hhi.xlsm,Reference!B294:E294,pass,pass,Test,True
r8,R8-11,R8_MODE=11,LB,PartyScene,C,32,1156.0592,31.13,36.29,36.6843,1152.696,31.1312,36.3086,36.7308,measured,experiments/ts_predictor_r8/R8_11_JVET-hhi.xlsm,Test!B295:E295,scripts/JVET-hhi.xlsm,Reference!B295:E295,pass,pass,Test,True
r8,R8-11,R8_MODE=11,LB,PartyScene,C,37,527.608,28.1683,34.8517,35.0471,528.5328,28.1736,34.788,35.0311,measured,experiments/ts_predictor_r8/R8_11_JVET-hhi.xlsm,Test!B296:E296,scripts/JVET-hhi.xlsm,Reference!B296:E296,pass,pass,Test,True
r8,R8-11,R8_MODE=11,LB,RaceHorsesC,C,22,5398.0304,39.3018,40.3587,42.0068,5398.5808,39.3014,40.3615,42.0057,measured,experiments/ts_predictor_r8/R8_11_JVET-hhi.xlsm,Test!B297:E297,scripts/JVET-hhi.xlsm,Reference!B297:E297,pass,pass,Test,True
r8,R8-11,R8_MODE=11,LB,RaceHorsesC,C,27,1706.0992,34.8097,37.4534,39.5148,1705.4208,34.8156,37.449,39.5348,measured,experiments/ts_predictor_r8/R8_11_JVET-hhi.xlsm,Test!B298:E298,scripts/JVET-hhi.xlsm,Reference!B298:E298,pass,pass,Test,True
r8,R8-11,R8_MODE=11,LB,RaceHorsesC,C,32,714.984,31.5148,36.0945,38.1384,715.6768,31.5153,36.0842,38.1579,measured,experiments/ts_predictor_r8/R8_11_JVET-hhi.xlsm,Test!B299:E299,scripts/JVET-hhi.xlsm,Reference!B299:E299,pass,pass,Test,True
r8,R8-11,R8_MODE=11,LB,RaceHorsesC,C,37,312.168,28.7028,35.0027,36.6115,312.0128,28.7013,34.9902,36.59,measured,experiments/ts_predictor_r8/R8_11_JVET-hhi.xlsm,Test!B300:E300,scripts/JVET-hhi.xlsm,Reference!B300:E300,pass,pass,Test,True
r8,R8-11,R8_MODE=11,LB,FourPeople,E,22,1685.5504,42.9908,47.2235,48.461,1686.3504,42.9934,47.2105,48.4607,measured,experiments/ts_predictor_r8/R8_11_JVET-hhi.xlsm,Test!B317:E317,scripts/JVET-hhi.xlsm,Reference!B317:E317,pass,pass,Test,True
r8,R8-11,R8_MODE=11,LB,FourPeople,E,27,664.9296,40.8802,45.518,46.54,665.3488,40.8867,45.5316,46.5699,measured,experiments/ts_predictor_r8/R8_11_JVET-hhi.xlsm,Test!B318:E318,scripts/JVET-hhi.xlsm,Reference!B318:E318,pass,pass,Test,True
r8,R8-11,R8_MODE=11,LB,FourPeople,E,32,337.3088,38.4731,43.6085,44.428,338.44,38.4686,43.6089,44.4513,measured,experiments/ts_predictor_r8/R8_11_JVET-hhi.xlsm,Test!B319:E319,scripts/JVET-hhi.xlsm,Reference!B319:E319,pass,pass,Test,True
r8,R8-11,R8_MODE=11,LB,FourPeople,E,37,184.6192,35.7811,41.9541,42.755,184.4768,35.7808,42.0182,42.6791,measured,experiments/ts_predictor_r8/R8_11_JVET-hhi.xlsm,Test!B320:E320,scripts/JVET-hhi.xlsm,Reference!B320:E320,pass,pass,Test,True
r8,R8-11,R8_MODE=11,LB,Johnny,E,22,1126.2976,43.2242,48.6858,49.364,1128.0128,43.2312,48.6965,49.3598,measured,experiments/ts_predictor_r8/R8_11_JVET-hhi.xlsm,Test!B321:E321,scripts/JVET-hhi.xlsm,Reference!B321:E321,pass,pass,Test,True
r8,R8-11,R8_MODE=11,LB,Johnny,E,27,344.3824,41.7407,47.4669,47.9865,345.2992,41.7404,47.4624,47.9634,measured,experiments/ts_predictor_r8/R8_11_JVET-hhi.xlsm,Test!B322:E322,scripts/JVET-hhi.xlsm,Reference!B322:E322,pass,pass,Test,True
r8,R8-11,R8_MODE=11,LB,Johnny,E,32,160.3824,39.9417,45.7831,46.1682,160.3808,39.9437,45.7244,46.1446,measured,experiments/ts_predictor_r8/R8_11_JVET-hhi.xlsm,Test!B323:E323,scripts/JVET-hhi.xlsm,Reference!B323:E323,pass,pass,Test,True
r8,R8-11,R8_MODE=11,LB,Johnny,E,37,88.1696,37.8163,44.145,44.5517,88.008,37.7954,44.1512,44.5268,measured,experiments/ts_predictor_r8/R8_11_JVET-hhi.xlsm,Test!B324:E324,scripts/JVET-hhi.xlsm,Reference!B324:E324,pass,pass,Test,True
r8,R8-11,R8_MODE=11,LB,KristenAndSara,E,22,1361.2064,43.684,47.9585,48.9689,1358.456,43.6886,47.9751,48.929,measured,experiments/ts_predictor_r8/R8_11_JVET-hhi.xlsm,Test!B325:E325,scripts/JVET-hhi.xlsm,Reference!B325:E325,pass,pass,Test,True
r8,R8-11,R8_MODE=11,LB,KristenAndSara,E,27,497.352,41.8047,46.4641,47.22,497.4064,41.8083,46.4108,47.2607,measured,experiments/ts_predictor_r8/R8_11_JVET-hhi.xlsm,Test!B326:E326,scripts/JVET-hhi.xlsm,Reference!B326:E326,pass,pass,Test,True
r8,R8-11,R8_MODE=11,LB,KristenAndSara,E,32,231.728,39.6272,44.7389,45.3238,232.5744,39.6351,44.7463,45.2687,measured,experiments/ts_predictor_r8/R8_11_JVET-hhi.xlsm,Test!B327:E327,scripts/JVET-hhi.xlsm,Reference!B327:E327,pass,pass,Test,True
r8,R8-11,R8_MODE=11,LB,KristenAndSara,E,37,123.4496,37.2139,43.0396,43.6902,122.9552,37.2034,43.0948,43.6628,measured,experiments/ts_predictor_r8/R8_11_JVET-hhi.xlsm,Test!B328:E328,scripts/JVET-hhi.xlsm,Reference!B328:E328,pass,pass,Test,True
r8,R8-12,R8_MODE=12,LB,BQMall,C,22,2874.8944,40.0864,43.4565,44.5287,2872.9072,40.0835,43.4547,44.5236,measured,experiments/ts_predictor_r8/R8_12_JVET-hhi.xlsm,Test!B289:E289,scripts/JVET-hhi.xlsm,Reference!B289:E289,pass,pass,Test,True
r8,R8-12,R8_MODE=12,LB,BQMall,C,27,1168.2416,37.1909,41.3893,41.8146,1169.8256,37.1945,41.3826,41.8366,measured,experiments/ts_predictor_r8/R8_12_JVET-hhi.xlsm,Test!B290:E290,scripts/JVET-hhi.xlsm,Reference!B290:E290,pass,pass,Test,True
r8,R8-12,R8_MODE=12,LB,BQMall,C,32,557.1488,34.3853,39.6312,39.877,557.1216,34.3851,39.6423,39.851,measured,experiments/ts_predictor_r8/R8_12_JVET-hhi.xlsm,Test!B291:E291,scripts/JVET-hhi.xlsm,Reference!B291:E291,pass,pass,Test,True
r8,R8-12,R8_MODE=12,LB,BQMall,C,37,285.6448,31.7048,38.2039,38.149,285.6272,31.7045,38.1658,38.0992,measured,experiments/ts_predictor_r8/R8_12_JVET-hhi.xlsm,Test!B292:E292,scripts/JVET-hhi.xlsm,Reference!B292:E292,pass,pass,Test,True
r8,R8-12,R8_MODE=12,LB,BasketballDrill,C,22,2278.9664,41.5883,43.8425,44.8196,2277.9776,41.5895,43.8301,44.8343,measured,experiments/ts_predictor_r8/R8_12_JVET-hhi.xlsm,Test!B285:E285,scripts/JVET-hhi.xlsm,Reference!B285:E285,pass,pass,Test,True
r8,R8-12,R8_MODE=12,LB,BasketballDrill,C,27,1008.3056,38.4519,41.3758,41.8327,1008.9216,38.4803,41.3761,41.848,measured,experiments/ts_predictor_r8/R8_12_JVET-hhi.xlsm,Test!B286:E286,scripts/JVET-hhi.xlsm,Reference!B286:E286,pass,pass,Test,True
r8,R8-12,R8_MODE=12,LB,BasketballDrill,C,32,497.664,35.4772,39.591,39.7871,497.4144,35.51,39.6133,39.8233,measured,experiments/ts_predictor_r8/R8_12_JVET-hhi.xlsm,Test!B287:E287,scripts/JVET-hhi.xlsm,Reference!B287:E287,pass,pass,Test,True
r8,R8-12,R8_MODE=12,LB,BasketballDrill,C,37,258.3632,32.88,37.8066,37.6458,258.808,32.9095,37.8253,37.719,measured,experiments/ts_predictor_r8/R8_12_JVET-hhi.xlsm,Test!B288:E288,scripts/JVET-hhi.xlsm,Reference!B288:E288,pass,pass,Test,True
r8,R8-12,R8_MODE=12,LB,PartyScene,C,22,6341.8096,38.4838,41.0541,41.7555,6338.152,38.4772,41.0677,41.7614,measured,experiments/ts_predictor_r8/R8_12_JVET-hhi.xlsm,Test!B293:E293,scripts/JVET-hhi.xlsm,Reference!B293:E293,pass,pass,Test,True
r8,R8-12,R8_MODE=12,LB,PartyScene,C,27,2575.0336,34.5251,38.2017,38.6948,2575.2336,34.5198,38.2438,38.7387,measured,experiments/ts_predictor_r8/R8_12_JVET-hhi.xlsm,Test!B294:E294,scripts/JVET-hhi.xlsm,Reference!B294:E294,pass,pass,Test,True
r8,R8-12,R8_MODE=12,LB,PartyScene,C,32,1156.0592,31.13,36.29,36.6843,1153.992,31.1253,36.3009,36.7225,measured,experiments/ts_predictor_r8/R8_12_JVET-hhi.xlsm,Test!B295:E295,scripts/JVET-hhi.xlsm,Reference!B295:E295,pass,pass,Test,True
r8,R8-12,R8_MODE=12,LB,PartyScene,C,37,527.608,28.1683,34.8517,35.0471,528.208,28.1605,34.8465,35.0224,measured,experiments/ts_predictor_r8/R8_12_JVET-hhi.xlsm,Test!B296:E296,scripts/JVET-hhi.xlsm,Reference!B296:E296,pass,pass,Test,True
r8,R8-12,R8_MODE=12,LB,RaceHorsesC,C,22,5398.0304,39.3018,40.3587,42.0068,5397.696,39.3017,40.3588,42.0055,measured,experiments/ts_predictor_r8/R8_12_JVET-hhi.xlsm,Test!B297:E297,scripts/JVET-hhi.xlsm,Reference!B297:E297,pass,pass,Test,True
r8,R8-12,R8_MODE=12,LB,RaceHorsesC,C,27,1706.0992,34.8097,37.4534,39.5148,1706.4096,34.8213,37.4473,39.5403,measured,experiments/ts_predictor_r8/R8_12_JVET-hhi.xlsm,Test!B298:E298,scripts/JVET-hhi.xlsm,Reference!B298:E298,pass,pass,Test,True
r8,R8-12,R8_MODE=12,LB,RaceHorsesC,C,32,714.984,31.5148,36.0945,38.1384,714.624,31.5152,36.0961,38.1287,measured,experiments/ts_predictor_r8/R8_12_JVET-hhi.xlsm,Test!B299:E299,scripts/JVET-hhi.xlsm,Reference!B299:E299,pass,pass,Test,True
r8,R8-12,R8_MODE=12,LB,RaceHorsesC,C,37,312.168,28.7028,35.0027,36.6115,311.8992,28.6997,35.0276,36.6025,measured,experiments/ts_predictor_r8/R8_12_JVET-hhi.xlsm,Test!B300:E300,scripts/JVET-hhi.xlsm,Reference!B300:E300,pass,pass,Test,True
r8,R8-12,R8_MODE=12,LB,FourPeople,E,22,1685.5504,42.9908,47.2235,48.461,1687.3232,42.9902,47.227,48.4833,measured,experiments/ts_predictor_r8/R8_12_JVET-hhi.xlsm,Test!B317:E317,scripts/JVET-hhi.xlsm,Reference!B317:E317,pass,pass,Test,True
r8,R8-12,R8_MODE=12,LB,FourPeople,E,27,664.9296,40.8802,45.518,46.54,665.1216,40.8823,45.5129,46.5647,measured,experiments/ts_predictor_r8/R8_12_JVET-hhi.xlsm,Test!B318:E318,scripts/JVET-hhi.xlsm,Reference!B318:E318,pass,pass,Test,True
r8,R8-12,R8_MODE=12,LB,FourPeople,E,32,337.3088,38.4731,43.6085,44.428,337.4624,38.4606,43.5638,44.4653,measured,experiments/ts_predictor_r8/R8_12_JVET-hhi.xlsm,Test!B319:E319,scripts/JVET-hhi.xlsm,Reference!B319:E319,pass,pass,Test,True
r8,R8-12,R8_MODE=12,LB,FourPeople,E,37,184.6192,35.7811,41.9541,42.755,184.4768,35.7808,42.0182,42.6791,measured,experiments/ts_predictor_r8/R8_12_JVET-hhi.xlsm,Test!B320:E320,scripts/JVET-hhi.xlsm,Reference!B320:E320,pass,pass,Test,True
r8,R8-12,R8_MODE=12,LB,Johnny,E,22,1126.2976,43.2242,48.6858,49.364,1126.4928,43.2263,48.6919,49.3732,measured,experiments/ts_predictor_r8/R8_12_JVET-hhi.xlsm,Test!B321:E321,scripts/JVET-hhi.xlsm,Reference!B321:E321,pass,pass,Test,True
r8,R8-12,R8_MODE=12,LB,Johnny,E,27,344.3824,41.7407,47.4669,47.9865,344.4512,41.733,47.4573,47.9528,measured,experiments/ts_predictor_r8/R8_12_JVET-hhi.xlsm,Test!B322:E322,scripts/JVET-hhi.xlsm,Reference!B322:E322,pass,pass,Test,True
r8,R8-12,R8_MODE=12,LB,Johnny,E,32,160.3824,39.9417,45.7831,46.1682,159.9424,39.9358,45.7079,46.1588,measured,experiments/ts_predictor_r8/R8_12_JVET-hhi.xlsm,Test!B323:E323,scripts/JVET-hhi.xlsm,Reference!B323:E323,pass,pass,Test,True
r8,R8-12,R8_MODE=12,LB,Johnny,E,37,88.1696,37.8163,44.145,44.5517,88.1984,37.8114,44.0995,44.5103,measured,experiments/ts_predictor_r8/R8_12_JVET-hhi.xlsm,Test!B324:E324,scripts/JVET-hhi.xlsm,Reference!B324:E324,pass,pass,Test,True
r8,R8-12,R8_MODE=12,LB,KristenAndSara,E,22,1361.2064,43.684,47.9585,48.9689,1358.0352,43.6897,47.9793,48.9736,measured,experiments/ts_predictor_r8/R8_12_JVET-hhi.xlsm,Test!B325:E325,scripts/JVET-hhi.xlsm,Reference!B325:E325,pass,pass,Test,True
r8,R8-12,R8_MODE=12,LB,KristenAndSara,E,27,497.352,41.8047,46.4641,47.22,497.2144,41.802,46.4678,47.3257,measured,experiments/ts_predictor_r8/R8_12_JVET-hhi.xlsm,Test!B326:E326,scripts/JVET-hhi.xlsm,Reference!B326:E326,pass,pass,Test,True
r8,R8-12,R8_MODE=12,LB,KristenAndSara,E,32,231.728,39.6272,44.7389,45.3238,232.5728,39.6388,44.7057,45.2371,measured,experiments/ts_predictor_r8/R8_12_JVET-hhi.xlsm,Test!B327:E327,scripts/JVET-hhi.xlsm,Reference!B327:E327,pass,pass,Test,True
r8,R8-12,R8_MODE=12,LB,KristenAndSara,E,37,123.4496,37.2139,43.0396,43.6902,122.9552,37.2034,43.0948,43.6628,measured,experiments/ts_predictor_r8/R8_12_JVET-hhi.xlsm,Test!B328:E328,scripts/JVET-hhi.xlsm,Reference!B328:E328,pass,pass,Test,True
r8,R8-13,R8_MODE=13,LB,BQMall,C,22,2874.8944,40.0864,43.4565,44.5287,2871.2672,40.085,43.4632,44.5351,measured,experiments/ts_predictor_r8/r8_13_JVET-hhi.xlsm,Test!B289:E289,scripts/JVET-hhi.xlsm,Reference!B289:E289,pass,pass,Test,True
r8,R8-13,R8_MODE=13,LB,BQMall,C,27,1168.2416,37.1909,41.3893,41.8146,1169.8848,37.1921,41.3805,41.8052,measured,experiments/ts_predictor_r8/r8_13_JVET-hhi.xlsm,Test!B290:E290,scripts/JVET-hhi.xlsm,Reference!B290:E290,pass,pass,Test,True
r8,R8-13,R8_MODE=13,LB,BQMall,C,32,557.1488,34.3853,39.6312,39.877,557.2528,34.3785,39.5906,39.8156,measured,experiments/ts_predictor_r8/r8_13_JVET-hhi.xlsm,Test!B291:E291,scripts/JVET-hhi.xlsm,Reference!B291:E291,pass,pass,Test,True
r8,R8-13,R8_MODE=13,LB,BQMall,C,37,285.6448,31.7048,38.2039,38.149,285.4016,31.7038,38.1883,38.1987,measured,experiments/ts_predictor_r8/r8_13_JVET-hhi.xlsm,Test!B292:E292,scripts/JVET-hhi.xlsm,Reference!B292:E292,pass,pass,Test,True
r8,R8-13,R8_MODE=13,LB,BasketballDrill,C,22,2278.9664,41.5883,43.8425,44.8196,2281.648,41.5806,43.8076,44.8319,measured,experiments/ts_predictor_r8/r8_13_JVET-hhi.xlsm,Test!B285:E285,scripts/JVET-hhi.xlsm,Reference!B285:E285,pass,pass,Test,True
r8,R8-13,R8_MODE=13,LB,BasketballDrill,C,27,1008.3056,38.4519,41.3758,41.8327,1009.3792,38.4564,41.3634,41.8599,measured,experiments/ts_predictor_r8/r8_13_JVET-hhi.xlsm,Test!B286:E286,scripts/JVET-hhi.xlsm,Reference!B286:E286,pass,pass,Test,True
r8,R8-13,R8_MODE=13,LB,BasketballDrill,C,32,497.664,35.4772,39.591,39.7871,497.9632,35.4909,39.5157,39.7852,measured,experiments/ts_predictor_r8/r8_13_JVET-hhi.xlsm,Test!B287:E287,scripts/JVET-hhi.xlsm,Reference!B287:E287,pass,pass,Test,True
r8,R8-13,R8_MODE=13,LB,BasketballDrill,C,37,258.3632,32.88,37.8066,37.6458,258.8672,32.9028,37.7771,37.6233,measured,experiments/ts_predictor_r8/r8_13_JVET-hhi.xlsm,Test!B288:E288,scripts/JVET-hhi.xlsm,Reference!B288:E288,pass,pass,Test,True
r8,R8-13,R8_MODE=13,LB,PartyScene,C,22,6341.8096,38.4838,41.0541,41.7555,6337.0688,38.4894,41.0585,41.7569,measured,experiments/ts_predictor_r8/r8_13_JVET-hhi.xlsm,Test!B293:E293,scripts/JVET-hhi.xlsm,Reference!B293:E293,pass,pass,Test,True
r8,R8-13,R8_MODE=13,LB,PartyScene,C,27,2575.0336,34.5251,38.2017,38.6948,2577.1984,34.5255,38.2598,38.7537,measured,experiments/ts_predictor_r8/r8_13_JVET-hhi.xlsm,Test!B294:E294,scripts/JVET-hhi.xlsm,Reference!B294:E294,pass,pass,Test,True
r8,R8-13,R8_MODE=13,LB,PartyScene,C,32,1156.0592,31.13,36.29,36.6843,1154.5648,31.1261,36.2943,36.7117,measured,experiments/ts_predictor_r8/r8_13_JVET-hhi.xlsm,Test!B295:E295,scripts/JVET-hhi.xlsm,Reference!B295:E295,pass,pass,Test,True
r8,R8-13,R8_MODE=13,LB,PartyScene,C,37,527.608,28.1683,34.8517,35.0471,527.8944,28.1686,34.8562,35.0402,measured,experiments/ts_predictor_r8/r8_13_JVET-hhi.xlsm,Test!B296:E296,scripts/JVET-hhi.xlsm,Reference!B296:E296,pass,pass,Test,True
r8,R8-13,R8_MODE=13,LB,RaceHorsesC,C,22,5398.0304,39.3018,40.3587,42.0068,5396.2448,39.3025,40.3554,42.0062,measured,experiments/ts_predictor_r8/r8_13_JVET-hhi.xlsm,Test!B297:E297,scripts/JVET-hhi.xlsm,Reference!B297:E297,pass,pass,Test,True
r8,R8-13,R8_MODE=13,LB,RaceHorsesC,C,27,1706.0992,34.8097,37.4534,39.5148,1707.0176,34.8152,37.4591,39.5523,measured,experiments/ts_predictor_r8/r8_13_JVET-hhi.xlsm,Test!B298:E298,scripts/JVET-hhi.xlsm,Reference!B298:E298,pass,pass,Test,True
r8,R8-13,R8_MODE=13,LB,RaceHorsesC,C,32,714.984,31.5148,36.0945,38.1384,715.688,31.5162,36.1083,38.1485,measured,experiments/ts_predictor_r8/r8_13_JVET-hhi.xlsm,Test!B299:E299,scripts/JVET-hhi.xlsm,Reference!B299:E299,pass,pass,Test,True
r8,R8-13,R8_MODE=13,LB,RaceHorsesC,C,37,312.168,28.7028,35.0027,36.6115,312.5296,28.7059,35.013,36.5906,measured,experiments/ts_predictor_r8/r8_13_JVET-hhi.xlsm,Test!B300:E300,scripts/JVET-hhi.xlsm,Reference!B300:E300,pass,pass,Test,True
r8,R8-13,R8_MODE=13,LB,FourPeople,E,22,1685.5504,42.9908,47.2235,48.461,1685.5856,42.9893,47.2274,48.4693,measured,experiments/ts_predictor_r8/r8_13_JVET-hhi.xlsm,Test!B317:E317,scripts/JVET-hhi.xlsm,Reference!B317:E317,pass,pass,Test,True
r8,R8-13,R8_MODE=13,LB,FourPeople,E,27,664.9296,40.8802,45.518,46.54,665.8928,40.8822,45.5573,46.5647,measured,experiments/ts_predictor_r8/r8_13_JVET-hhi.xlsm,Test!B318:E318,scripts/JVET-hhi.xlsm,Reference!B318:E318,pass,pass,Test,True
r8,R8-13,R8_MODE=13,LB,FourPeople,E,32,337.3088,38.4731,43.6085,44.428,338.0288,38.463,43.6183,44.3931,measured,experiments/ts_predictor_r8/r8_13_JVET-hhi.xlsm,Test!B319:E319,scripts/JVET-hhi.xlsm,Reference!B319:E319,pass,pass,Test,True
r8,R8-13,R8_MODE=13,LB,FourPeople,E,37,184.6192,35.7811,41.9541,42.755,184.4768,35.7808,42.0182,42.6791,measured,experiments/ts_predictor_r8/r8_13_JVET-hhi.xlsm,Test!B320:E320,scripts/JVET-hhi.xlsm,Reference!B320:E320,pass,pass,Test,True
r8,R8-13,R8_MODE=13,LB,Johnny,E,22,1126.2976,43.2242,48.6858,49.364,1126.9952,43.2265,48.7018,49.3663,measured,experiments/ts_predictor_r8/r8_13_JVET-hhi.xlsm,Test!B321:E321,scripts/JVET-hhi.xlsm,Reference!B321:E321,pass,pass,Test,True
r8,R8-13,R8_MODE=13,LB,Johnny,E,27,344.3824,41.7407,47.4669,47.9865,344.2848,41.7349,47.4544,47.9426,measured,experiments/ts_predictor_r8/r8_13_JVET-hhi.xlsm,Test!B322:E322,scripts/JVET-hhi.xlsm,Reference!B322:E322,pass,pass,Test,True
r8,R8-13,R8_MODE=13,LB,Johnny,E,32,160.3824,39.9417,45.7831,46.1682,160.2928,39.9445,45.7026,46.0952,measured,experiments/ts_predictor_r8/r8_13_JVET-hhi.xlsm,Test!B323:E323,scripts/JVET-hhi.xlsm,Reference!B323:E323,pass,pass,Test,True
r8,R8-13,R8_MODE=13,LB,Johnny,E,37,88.1696,37.8163,44.145,44.5517,88.008,37.7954,44.1512,44.5268,measured,experiments/ts_predictor_r8/r8_13_JVET-hhi.xlsm,Test!B324:E324,scripts/JVET-hhi.xlsm,Reference!B324:E324,pass,pass,Test,True
r8,R8-13,R8_MODE=13,LB,KristenAndSara,E,22,1361.2064,43.684,47.9585,48.9689,1360.5376,43.6904,47.9546,48.9285,measured,experiments/ts_predictor_r8/r8_13_JVET-hhi.xlsm,Test!B325:E325,scripts/JVET-hhi.xlsm,Reference!B325:E325,pass,pass,Test,True
r8,R8-13,R8_MODE=13,LB,KristenAndSara,E,27,497.352,41.8047,46.4641,47.22,498.128,41.827,46.4302,47.264,measured,experiments/ts_predictor_r8/r8_13_JVET-hhi.xlsm,Test!B326:E326,scripts/JVET-hhi.xlsm,Reference!B326:E326,pass,pass,Test,True
r8,R8-13,R8_MODE=13,LB,KristenAndSara,E,32,231.728,39.6272,44.7389,45.3238,232.5728,39.6351,44.7463,45.2687,measured,experiments/ts_predictor_r8/r8_13_JVET-hhi.xlsm,Test!B327:E327,scripts/JVET-hhi.xlsm,Reference!B327:E327,pass,pass,Test,True
r8,R8-13,R8_MODE=13,LB,KristenAndSara,E,37,123.4496,37.2139,43.0396,43.6902,122.9552,37.2034,43.0948,43.6628,measured,experiments/ts_predictor_r8/r8_13_JVET-hhi.xlsm,Test!B328:E328,scripts/JVET-hhi.xlsm,Reference!B328:E328,pass,pass,Test,True
r8,R8-14,R8_MODE=14,LB,BQMall,C,22,2874.8944,40.0864,43.4565,44.5287,2874.3536,40.0816,43.4583,44.5085,measured,experiments/ts_predictor_r8/R8_14_JVET-hhi.xlsm,Test!B289:E289,scripts/JVET-hhi.xlsm,Reference!B289:E289,pass,pass,Test,True
r8,R8-14,R8_MODE=14,LB,BQMall,C,27,1168.2416,37.1909,41.3893,41.8146,1169.4704,37.1889,41.3784,41.8126,measured,experiments/ts_predictor_r8/R8_14_JVET-hhi.xlsm,Test!B290:E290,scripts/JVET-hhi.xlsm,Reference!B290:E290,pass,pass,Test,True
r8,R8-14,R8_MODE=14,LB,BQMall,C,32,557.1488,34.3853,39.6312,39.877,557.3312,34.3846,39.609,39.8386,measured,experiments/ts_predictor_r8/R8_14_JVET-hhi.xlsm,Test!B291:E291,scripts/JVET-hhi.xlsm,Reference!B291:E291,pass,pass,Test,True
r8,R8-14,R8_MODE=14,LB,BQMall,C,37,285.6448,31.7048,38.2039,38.149,286.1056,31.7031,38.2188,38.162,measured,experiments/ts_predictor_r8/R8_14_JVET-hhi.xlsm,Test!B292:E292,scripts/JVET-hhi.xlsm,Reference!B292:E292,pass,pass,Test,True
r8,R8-14,R8_MODE=14,LB,BasketballDrill,C,22,2278.9664,41.5883,43.8425,44.8196,2282.432,41.586,43.8261,44.8556,measured,experiments/ts_predictor_r8/R8_14_JVET-hhi.xlsm,Test!B285:E285,scripts/JVET-hhi.xlsm,Reference!B285:E285,pass,pass,Test,True
r8,R8-14,R8_MODE=14,LB,BasketballDrill,C,27,1008.3056,38.4519,41.3758,41.8327,1008.232,38.456,41.3687,41.842,measured,experiments/ts_predictor_r8/R8_14_JVET-hhi.xlsm,Test!B286:E286,scripts/JVET-hhi.xlsm,Reference!B286:E286,pass,pass,Test,True
r8,R8-14,R8_MODE=14,LB,BasketballDrill,C,32,497.664,35.4772,39.591,39.7871,497.4016,35.5064,39.5571,39.8179,measured,experiments/ts_predictor_r8/R8_14_JVET-hhi.xlsm,Test!B287:E287,scripts/JVET-hhi.xlsm,Reference!B287:E287,pass,pass,Test,True
r8,R8-14,R8_MODE=14,LB,BasketballDrill,C,37,258.3632,32.88,37.8066,37.6458,258.8368,32.8881,37.7786,37.6661,measured,experiments/ts_predictor_r8/R8_14_JVET-hhi.xlsm,Test!B288:E288,scripts/JVET-hhi.xlsm,Reference!B288:E288,pass,pass,Test,True
r8,R8-14,R8_MODE=14,LB,PartyScene,C,22,6341.8096,38.4838,41.0541,41.7555,6336.5104,38.4893,41.0667,41.7334,measured,experiments/ts_predictor_r8/R8_14_JVET-hhi.xlsm,Test!B293:E293,scripts/JVET-hhi.xlsm,Reference!B293:E293,pass,pass,Test,True
r8,R8-14,R8_MODE=14,LB,PartyScene,C,27,2575.0336,34.5251,38.2017,38.6948,2575.4944,34.5268,38.2198,38.724,measured,experiments/ts_predictor_r8/R8_14_JVET-hhi.xlsm,Test!B294:E294,scripts/JVET-hhi.xlsm,Reference!B294:E294,pass,pass,Test,True
r8,R8-14,R8_MODE=14,LB,PartyScene,C,32,1156.0592,31.13,36.29,36.6843,1154.0224,31.1246,36.2867,36.6797,measured,experiments/ts_predictor_r8/R8_14_JVET-hhi.xlsm,Test!B295:E295,scripts/JVET-hhi.xlsm,Reference!B295:E295,pass,pass,Test,True
r8,R8-14,R8_MODE=14,LB,PartyScene,C,37,527.608,28.1683,34.8517,35.0471,528.4304,28.1707,34.834,34.9984,measured,experiments/ts_predictor_r8/R8_14_JVET-hhi.xlsm,Test!B296:E296,scripts/JVET-hhi.xlsm,Reference!B296:E296,pass,pass,Test,True
r8,R8-14,R8_MODE=14,LB,RaceHorsesC,C,22,5398.0304,39.3018,40.3587,42.0068,5396.0864,39.2988,40.3523,42.0077,measured,experiments/ts_predictor_r8/R8_14_JVET-hhi.xlsm,Test!B297:E297,scripts/JVET-hhi.xlsm,Reference!B297:E297,pass,pass,Test,True
r8,R8-14,R8_MODE=14,LB,RaceHorsesC,C,27,1706.0992,34.8097,37.4534,39.5148,1706.5488,34.8134,37.4468,39.5243,measured,experiments/ts_predictor_r8/R8_14_JVET-hhi.xlsm,Test!B298:E298,scripts/JVET-hhi.xlsm,Reference!B298:E298,pass,pass,Test,True
r8,R8-14,R8_MODE=14,LB,RaceHorsesC,C,32,714.984,31.5148,36.0945,38.1384,715.0192,31.5154,36.09,38.179,measured,experiments/ts_predictor_r8/R8_14_JVET-hhi.xlsm,Test!B299:E299,scripts/JVET-hhi.xlsm,Reference!B299:E299,pass,pass,Test,True
r8,R8-14,R8_MODE=14,LB,RaceHorsesC,C,37,312.168,28.7028,35.0027,36.6115,310.896,28.6971,34.9936,36.5691,measured,experiments/ts_predictor_r8/R8_14_JVET-hhi.xlsm,Test!B300:E300,scripts/JVET-hhi.xlsm,Reference!B300:E300,pass,pass,Test,True
r8,R8-14,R8_MODE=14,LB,FourPeople,E,22,1685.5504,42.9908,47.2235,48.461,1685.5824,42.9908,47.2227,48.4811,measured,experiments/ts_predictor_r8/R8_14_JVET-hhi.xlsm,Test!B317:E317,scripts/JVET-hhi.xlsm,Reference!B317:E317,pass,pass,Test,True
r8,R8-14,R8_MODE=14,LB,FourPeople,E,27,664.9296,40.8802,45.518,46.54,665,40.8859,45.5291,46.5492,measured,experiments/ts_predictor_r8/R8_14_JVET-hhi.xlsm,Test!B318:E318,scripts/JVET-hhi.xlsm,Reference!B318:E318,pass,pass,Test,True
r8,R8-14,R8_MODE=14,LB,FourPeople,E,32,337.3088,38.4731,43.6085,44.428,338.8464,38.4711,43.6164,44.4884,measured,experiments/ts_predictor_r8/R8_14_JVET-hhi.xlsm,Test!B319:E319,scripts/JVET-hhi.xlsm,Reference!B319:E319,pass,pass,Test,True
r8,R8-14,R8_MODE=14,LB,FourPeople,E,37,184.6192,35.7811,41.9541,42.755,184.8576,35.7825,41.9882,42.6787,measured,experiments/ts_predictor_r8/R8_14_JVET-hhi.xlsm,Test!B320:E320,scripts/JVET-hhi.xlsm,Reference!B320:E320,pass,pass,Test,True
r8,R8-14,R8_MODE=14,LB,Johnny,E,22,1126.2976,43.2242,48.6858,49.364,1128.6224,43.2266,48.6924,49.3656,measured,experiments/ts_predictor_r8/R8_14_JVET-hhi.xlsm,Test!B321:E321,scripts/JVET-hhi.xlsm,Reference!B321:E321,pass,pass,Test,True
r8,R8-14,R8_MODE=14,LB,Johnny,E,27,344.3824,41.7407,47.4669,47.9865,345.288,41.7447,47.4549,47.935,measured,experiments/ts_predictor_r8/R8_14_JVET-hhi.xlsm,Test!B322:E322,scripts/JVET-hhi.xlsm,Reference!B322:E322,pass,pass,Test,True
r8,R8-14,R8_MODE=14,LB,Johnny,E,32,160.3824,39.9417,45.7831,46.1682,159.984,39.9484,45.7352,46.1675,measured,experiments/ts_predictor_r8/R8_14_JVET-hhi.xlsm,Test!B323:E323,scripts/JVET-hhi.xlsm,Reference!B323:E323,pass,pass,Test,True
r8,R8-14,R8_MODE=14,LB,Johnny,E,37,88.1696,37.8163,44.145,44.5517,88.0192,37.7916,44.1751,44.5536,measured,experiments/ts_predictor_r8/R8_14_JVET-hhi.xlsm,Test!B324:E324,scripts/JVET-hhi.xlsm,Reference!B324:E324,pass,pass,Test,True
r8,R8-14,R8_MODE=14,LB,KristenAndSara,E,22,1361.2064,43.684,47.9585,48.9689,1359.0512,43.6909,47.9764,48.96,measured,experiments/ts_predictor_r8/R8_14_JVET-hhi.xlsm,Test!B325:E325,scripts/JVET-hhi.xlsm,Reference!B325:E325,pass,pass,Test,True
r8,R8-14,R8_MODE=14,LB,KristenAndSara,E,27,497.352,41.8047,46.4641,47.22,497.8128,41.8055,46.4097,47.253,measured,experiments/ts_predictor_r8/R8_14_JVET-hhi.xlsm,Test!B326:E326,scripts/JVET-hhi.xlsm,Reference!B326:E326,pass,pass,Test,True
r8,R8-14,R8_MODE=14,LB,KristenAndSara,E,32,231.728,39.6272,44.7389,45.3238,232.6672,39.6314,44.7348,45.2358,measured,experiments/ts_predictor_r8/R8_14_JVET-hhi.xlsm,Test!B327:E327,scripts/JVET-hhi.xlsm,Reference!B327:E327,pass,pass,Test,True
r8,R8-14,R8_MODE=14,LB,KristenAndSara,E,37,123.4496,37.2139,43.0396,43.6902,123.0048,37.2343,43.1878,43.6143,measured,experiments/ts_predictor_r8/R8_14_JVET-hhi.xlsm,Test!B328:E328,scripts/JVET-hhi.xlsm,Reference!B328:E328,pass,pass,Test,True
r8,R8-15,R8_MODE=15,LB,BQMall,C,22,2874.8944,40.0864,43.4565,44.5287,2875.904,40.0849,43.4667,44.5271,measured,experiments/ts_predictor_r8/r8_15_JVET-hhi.xlsm,Test!B289:E289,scripts/JVET-hhi.xlsm,Reference!B289:E289,pass,pass,Test,True
r8,R8-15,R8_MODE=15,LB,BQMall,C,27,1168.2416,37.1909,41.3893,41.8146,1168.48,37.1938,41.3864,41.8144,measured,experiments/ts_predictor_r8/r8_15_JVET-hhi.xlsm,Test!B290:E290,scripts/JVET-hhi.xlsm,Reference!B290:E290,pass,pass,Test,True
r8,R8-15,R8_MODE=15,LB,BQMall,C,32,557.1488,34.3853,39.6312,39.877,558.0224,34.3768,39.6282,39.8632,measured,experiments/ts_predictor_r8/r8_15_JVET-hhi.xlsm,Test!B291:E291,scripts/JVET-hhi.xlsm,Reference!B291:E291,pass,pass,Test,True
r8,R8-15,R8_MODE=15,LB,BQMall,C,37,285.6448,31.7048,38.2039,38.149,285.0272,31.7038,38.2669,38.1289,measured,experiments/ts_predictor_r8/r8_15_JVET-hhi.xlsm,Test!B292:E292,scripts/JVET-hhi.xlsm,Reference!B292:E292,pass,pass,Test,True
r8,R8-15,R8_MODE=15,LB,BasketballDrill,C,22,2278.9664,41.5883,43.8425,44.8196,2278.7024,41.573,43.8284,44.8275,measured,experiments/ts_predictor_r8/r8_15_JVET-hhi.xlsm,Test!B285:E285,scripts/JVET-hhi.xlsm,Reference!B285:E285,pass,pass,Test,True
r8,R8-15,R8_MODE=15,LB,BasketballDrill,C,27,1008.3056,38.4519,41.3758,41.8327,1010.9776,38.4655,41.4076,41.8597,measured,experiments/ts_predictor_r8/r8_15_JVET-hhi.xlsm,Test!B286:E286,scripts/JVET-hhi.xlsm,Reference!B286:E286,pass,pass,Test,True
r8,R8-15,R8_MODE=15,LB,BasketballDrill,C,32,497.664,35.4772,39.591,39.7871,497.0688,35.4766,39.5718,39.7985,measured,experiments/ts_predictor_r8/r8_15_JVET-hhi.xlsm,Test!B287:E287,scripts/JVET-hhi.xlsm,Reference!B287:E287,pass,pass,Test,True
r8,R8-15,R8_MODE=15,LB,BasketballDrill,C,37,258.3632,32.88,37.8066,37.6458,259.248,32.8949,37.79,37.6826,measured,experiments/ts_predictor_r8/r8_15_JVET-hhi.xlsm,Test!B288:E288,scripts/JVET-hhi.xlsm,Reference!B288:E288,pass,pass,Test,True
r8,R8-15,R8_MODE=15,LB,PartyScene,C,22,6341.8096,38.4838,41.0541,41.7555,6339.5904,38.4863,41.0609,41.7565,measured,experiments/ts_predictor_r8/r8_15_JVET-hhi.xlsm,Test!B293:E293,scripts/JVET-hhi.xlsm,Reference!B293:E293,pass,pass,Test,True
r8,R8-15,R8_MODE=15,LB,PartyScene,C,27,2575.0336,34.5251,38.2017,38.6948,2575.1616,34.5296,38.224,38.7301,measured,experiments/ts_predictor_r8/r8_15_JVET-hhi.xlsm,Test!B294:E294,scripts/JVET-hhi.xlsm,Reference!B294:E294,pass,pass,Test,True
r8,R8-15,R8_MODE=15,LB,PartyScene,C,32,1156.0592,31.13,36.29,36.6843,1153.7744,31.1283,36.3115,36.6985,measured,experiments/ts_predictor_r8/r8_15_JVET-hhi.xlsm,Test!B295:E295,scripts/JVET-hhi.xlsm,Reference!B295:E295,pass,pass,Test,True
r8,R8-15,R8_MODE=15,LB,PartyScene,C,37,527.608,28.1683,34.8517,35.0471,528.2656,28.1707,34.8165,35.0049,measured,experiments/ts_predictor_r8/r8_15_JVET-hhi.xlsm,Test!B296:E296,scripts/JVET-hhi.xlsm,Reference!B296:E296,pass,pass,Test,True
r8,R8-15,R8_MODE=15,LB,RaceHorsesC,C,22,5398.0304,39.3018,40.3587,42.0068,5397.7872,39.3009,40.3498,42.0022,measured,experiments/ts_predictor_r8/r8_15_JVET-hhi.xlsm,Test!B297:E297,scripts/JVET-hhi.xlsm,Reference!B297:E297,pass,pass,Test,True
r8,R8-15,R8_MODE=15,LB,RaceHorsesC,C,27,1706.0992,34.8097,37.4534,39.5148,1705.56,34.8196,37.4464,39.5184,measured,experiments/ts_predictor_r8/r8_15_JVET-hhi.xlsm,Test!B298:E298,scripts/JVET-hhi.xlsm,Reference!B298:E298,pass,pass,Test,True
r8,R8-15,R8_MODE=15,LB,RaceHorsesC,C,32,714.984,31.5148,36.0945,38.1384,714.9712,31.5213,36.1077,38.1545,measured,experiments/ts_predictor_r8/r8_15_JVET-hhi.xlsm,Test!B299:E299,scripts/JVET-hhi.xlsm,Reference!B299:E299,pass,pass,Test,True
r8,R8-15,R8_MODE=15,LB,RaceHorsesC,C,37,312.168,28.7028,35.0027,36.6115,311.1936,28.6937,35.005,36.5801,measured,experiments/ts_predictor_r8/r8_15_JVET-hhi.xlsm,Test!B300:E300,scripts/JVET-hhi.xlsm,Reference!B300:E300,pass,pass,Test,True
r8,R8-15,R8_MODE=15,LB,FourPeople,E,22,1685.5504,42.9908,47.2235,48.461,1685.7904,42.9907,47.2239,48.5088,measured,experiments/ts_predictor_r8/r8_15_JVET-hhi.xlsm,Test!B317:E317,scripts/JVET-hhi.xlsm,Reference!B317:E317,pass,pass,Test,True
r8,R8-15,R8_MODE=15,LB,FourPeople,E,27,664.9296,40.8802,45.518,46.54,665.9632,40.8858,45.5504,46.5783,measured,experiments/ts_predictor_r8/r8_15_JVET-hhi.xlsm,Test!B318:E318,scripts/JVET-hhi.xlsm,Reference!B318:E318,pass,pass,Test,True
r8,R8-15,R8_MODE=15,LB,FourPeople,E,32,337.3088,38.4731,43.6085,44.428,338.6416,38.4859,43.6707,44.4445,measured,experiments/ts_predictor_r8/r8_15_JVET-hhi.xlsm,Test!B319:E319,scripts/JVET-hhi.xlsm,Reference!B319:E319,pass,pass,Test,True
r8,R8-15,R8_MODE=15,LB,FourPeople,E,37,184.6192,35.7811,41.9541,42.755,184.6336,35.7824,41.96,42.6534,measured,experiments/ts_predictor_r8/r8_15_JVET-hhi.xlsm,Test!B320:E320,scripts/JVET-hhi.xlsm,Reference!B320:E320,pass,pass,Test,True
r8,R8-15,R8_MODE=15,LB,Johnny,E,22,1126.2976,43.2242,48.6858,49.364,1129.8848,43.2269,48.6976,49.3802,measured,experiments/ts_predictor_r8/r8_15_JVET-hhi.xlsm,Test!B321:E321,scripts/JVET-hhi.xlsm,Reference!B321:E321,pass,pass,Test,True
r8,R8-15,R8_MODE=15,LB,Johnny,E,27,344.3824,41.7407,47.4669,47.9865,343.936,41.7392,47.4457,47.9417,measured,experiments/ts_predictor_r8/r8_15_JVET-hhi.xlsm,Test!B322:E322,scripts/JVET-hhi.xlsm,Reference!B322:E322,pass,pass,Test,True
r8,R8-15,R8_MODE=15,LB,Johnny,E,32,160.3824,39.9417,45.7831,46.1682,160.2512,39.9388,45.755,46.1495,measured,experiments/ts_predictor_r8/r8_15_JVET-hhi.xlsm,Test!B323:E323,scripts/JVET-hhi.xlsm,Reference!B323:E323,pass,pass,Test,True
r8,R8-15,R8_MODE=15,LB,Johnny,E,37,88.1696,37.8163,44.145,44.5517,88.008,37.7954,44.1512,44.5268,measured,experiments/ts_predictor_r8/r8_15_JVET-hhi.xlsm,Test!B324:E324,scripts/JVET-hhi.xlsm,Reference!B324:E324,pass,pass,Test,True
r8,R8-15,R8_MODE=15,LB,KristenAndSara,E,22,1361.2064,43.684,47.9585,48.9689,1356.5856,43.6881,47.9839,48.9468,measured,experiments/ts_predictor_r8/r8_15_JVET-hhi.xlsm,Test!B325:E325,scripts/JVET-hhi.xlsm,Reference!B325:E325,pass,pass,Test,True
r8,R8-15,R8_MODE=15,LB,KristenAndSara,E,27,497.352,41.8047,46.4641,47.22,496.9728,41.8179,46.4159,47.238,measured,experiments/ts_predictor_r8/r8_15_JVET-hhi.xlsm,Test!B326:E326,scripts/JVET-hhi.xlsm,Reference!B326:E326,pass,pass,Test,True
r8,R8-15,R8_MODE=15,LB,KristenAndSara,E,32,231.728,39.6272,44.7389,45.3238,231.76,39.6375,44.6747,45.2867,measured,experiments/ts_predictor_r8/r8_15_JVET-hhi.xlsm,Test!B327:E327,scripts/JVET-hhi.xlsm,Reference!B327:E327,pass,pass,Test,True
r8,R8-15,R8_MODE=15,LB,KristenAndSara,E,37,123.4496,37.2139,43.0396,43.6902,123.3184,37.2195,43.0287,43.6688,measured,experiments/ts_predictor_r8/r8_15_JVET-hhi.xlsm,Test!B328:E328,scripts/JVET-hhi.xlsm,Reference!B328:E328,pass,pass,Test,True
r8,R8-16,R8_MODE=16,LB,BQMall,C,22,2874.8944,40.0864,43.4565,44.5287,2876.6032,40.0854,43.4647,44.5295,measured,experiments/ts_predictor_r8/r8_16_JVET-hhi.xlsm,Test!B289:E289,scripts/JVET-hhi.xlsm,Reference!B289:E289,pass,pass,Test,True
r8,R8-16,R8_MODE=16,LB,BQMall,C,27,1168.2416,37.1909,41.3893,41.8146,1169.336,37.1956,41.3855,41.8241,measured,experiments/ts_predictor_r8/r8_16_JVET-hhi.xlsm,Test!B290:E290,scripts/JVET-hhi.xlsm,Reference!B290:E290,pass,pass,Test,True
r8,R8-16,R8_MODE=16,LB,BQMall,C,32,557.1488,34.3853,39.6312,39.877,558.2416,34.3836,39.622,39.8363,measured,experiments/ts_predictor_r8/r8_16_JVET-hhi.xlsm,Test!B291:E291,scripts/JVET-hhi.xlsm,Reference!B291:E291,pass,pass,Test,True
r8,R8-16,R8_MODE=16,LB,BQMall,C,37,285.6448,31.7048,38.2039,38.149,285.9504,31.7065,38.2402,38.1931,measured,experiments/ts_predictor_r8/r8_16_JVET-hhi.xlsm,Test!B292:E292,scripts/JVET-hhi.xlsm,Reference!B292:E292,pass,pass,Test,True
r8,R8-16,R8_MODE=16,LB,BasketballDrill,C,22,2278.9664,41.5883,43.8425,44.8196,2277.6912,41.5903,43.8153,44.8392,measured,experiments/ts_predictor_r8/r8_16_JVET-hhi.xlsm,Test!B285:E285,scripts/JVET-hhi.xlsm,Reference!B285:E285,pass,pass,Test,True
r8,R8-16,R8_MODE=16,LB,BasketballDrill,C,27,1008.3056,38.4519,41.3758,41.8327,1007.944,38.4554,41.4006,41.8472,measured,experiments/ts_predictor_r8/r8_16_JVET-hhi.xlsm,Test!B286:E286,scripts/JVET-hhi.xlsm,Reference!B286:E286,pass,pass,Test,True
r8,R8-16,R8_MODE=16,LB,BasketballDrill,C,32,497.664,35.4772,39.591,39.7871,497.2,35.4839,39.5116,39.7549,measured,experiments/ts_predictor_r8/r8_16_JVET-hhi.xlsm,Test!B287:E287,scripts/JVET-hhi.xlsm,Reference!B287:E287,pass,pass,Test,True
r8,R8-16,R8_MODE=16,LB,BasketballDrill,C,37,258.3632,32.88,37.8066,37.6458,258.9808,32.9,37.84,37.65,measured,experiments/ts_predictor_r8/r8_16_JVET-hhi.xlsm,Test!B288:E288,scripts/JVET-hhi.xlsm,Reference!B288:E288,pass,pass,Test,True
r8,R8-16,R8_MODE=16,LB,PartyScene,C,22,6341.8096,38.4838,41.0541,41.7555,6339.7488,38.4878,41.0564,41.7456,measured,experiments/ts_predictor_r8/r8_16_JVET-hhi.xlsm,Test!B293:E293,scripts/JVET-hhi.xlsm,Reference!B293:E293,pass,pass,Test,True
r8,R8-16,R8_MODE=16,LB,PartyScene,C,27,2575.0336,34.5251,38.2017,38.6948,2571.9584,34.5315,38.2464,38.7115,measured,experiments/ts_predictor_r8/r8_16_JVET-hhi.xlsm,Test!B294:E294,scripts/JVET-hhi.xlsm,Reference!B294:E294,pass,pass,Test,True
r8,R8-16,R8_MODE=16,LB,PartyScene,C,32,1156.0592,31.13,36.29,36.6843,1152.6016,31.124,36.2934,36.7161,measured,experiments/ts_predictor_r8/r8_16_JVET-hhi.xlsm,Test!B295:E295,scripts/JVET-hhi.xlsm,Reference!B295:E295,pass,pass,Test,True
r8,R8-16,R8_MODE=16,LB,PartyScene,C,37,527.608,28.1683,34.8517,35.0471,529.3136,28.1703,34.7945,35.0593,measured,experiments/ts_predictor_r8/r8_16_JVET-hhi.xlsm,Test!B296:E296,scripts/JVET-hhi.xlsm,Reference!B296:E296,pass,pass,Test,True
r8,R8-16,R8_MODE=16,LB,RaceHorsesC,C,22,5398.0304,39.3018,40.3587,42.0068,5401.176,39.3035,40.3587,41.9956,measured,experiments/ts_predictor_r8/r8_16_JVET-hhi.xlsm,Test!B297:E297,scripts/JVET-hhi.xlsm,Reference!B297:E297,pass,pass,Test,True
r8,R8-16,R8_MODE=16,LB,RaceHorsesC,C,27,1706.0992,34.8097,37.4534,39.5148,1704.8064,34.8113,37.4676,39.5296,measured,experiments/ts_predictor_r8/r8_16_JVET-hhi.xlsm,Test!B298:E298,scripts/JVET-hhi.xlsm,Reference!B298:E298,pass,pass,Test,True
r8,R8-16,R8_MODE=16,LB,RaceHorsesC,C,32,714.984,31.5148,36.0945,38.1384,715.4832,31.5154,36.1025,38.1626,measured,experiments/ts_predictor_r8/r8_16_JVET-hhi.xlsm,Test!B299:E299,scripts/JVET-hhi.xlsm,Reference!B299:E299,pass,pass,Test,True
r8,R8-16,R8_MODE=16,LB,RaceHorsesC,C,37,312.168,28.7028,35.0027,36.6115,311.2384,28.6936,35.008,36.6109,measured,experiments/ts_predictor_r8/r8_16_JVET-hhi.xlsm,Test!B300:E300,scripts/JVET-hhi.xlsm,Reference!B300:E300,pass,pass,Test,True
r8,R8-16,R8_MODE=16,LB,FourPeople,E,22,1685.5504,42.9908,47.2235,48.461,1685.328,42.9892,47.2231,48.5116,measured,experiments/ts_predictor_r8/r8_16_JVET-hhi.xlsm,Test!B317:E317,scripts/JVET-hhi.xlsm,Reference!B317:E317,pass,pass,Test,True
r8,R8-16,R8_MODE=16,LB,FourPeople,E,27,664.9296,40.8802,45.518,46.54,665.3488,40.8867,45.5316,46.5699,measured,experiments/ts_predictor_r8/r8_16_JVET-hhi.xlsm,Test!B318:E318,scripts/JVET-hhi.xlsm,Reference!B318:E318,pass,pass,Test,True
r8,R8-16,R8_MODE=16,LB,FourPeople,E,32,337.3088,38.4731,43.6085,44.428,338.1568,38.4722,43.5852,44.5288,measured,experiments/ts_predictor_r8/r8_16_JVET-hhi.xlsm,Test!B319:E319,scripts/JVET-hhi.xlsm,Reference!B319:E319,pass,pass,Test,True
r8,R8-16,R8_MODE=16,LB,FourPeople,E,37,184.6192,35.7811,41.9541,42.755,184.4768,35.7808,42.0182,42.6791,measured,experiments/ts_predictor_r8/r8_16_JVET-hhi.xlsm,Test!B320:E320,scripts/JVET-hhi.xlsm,Reference!B320:E320,pass,pass,Test,True
r8,R8-16,R8_MODE=16,LB,Johnny,E,22,1126.2976,43.2242,48.6858,49.364,1126.5696,43.2297,48.694,49.3644,measured,experiments/ts_predictor_r8/r8_16_JVET-hhi.xlsm,Test!B321:E321,scripts/JVET-hhi.xlsm,Reference!B321:E321,pass,pass,Test,True
r8,R8-16,R8_MODE=16,LB,Johnny,E,27,344.3824,41.7407,47.4669,47.9865,344.8672,41.7365,47.4593,47.9838,measured,experiments/ts_predictor_r8/r8_16_JVET-hhi.xlsm,Test!B322:E322,scripts/JVET-hhi.xlsm,Reference!B322:E322,pass,pass,Test,True
r8,R8-16,R8_MODE=16,LB,Johnny,E,32,160.3824,39.9417,45.7831,46.1682,160.3808,39.9437,45.7244,46.1446,measured,experiments/ts_predictor_r8/r8_16_JVET-hhi.xlsm,Test!B323:E323,scripts/JVET-hhi.xlsm,Reference!B323:E323,pass,pass,Test,True
r8,R8-16,R8_MODE=16,LB,Johnny,E,37,88.1696,37.8163,44.145,44.5517,88.008,37.7954,44.1512,44.5268,measured,experiments/ts_predictor_r8/r8_16_JVET-hhi.xlsm,Test!B324:E324,scripts/JVET-hhi.xlsm,Reference!B324:E324,pass,pass,Test,True
r8,R8-16,R8_MODE=16,LB,KristenAndSara,E,22,1361.2064,43.684,47.9585,48.9689,1358.6864,43.6884,47.9772,48.9142,measured,experiments/ts_predictor_r8/r8_16_JVET-hhi.xlsm,Test!B325:E325,scripts/JVET-hhi.xlsm,Reference!B325:E325,pass,pass,Test,True
r8,R8-16,R8_MODE=16,LB,KristenAndSara,E,27,497.352,41.8047,46.4641,47.22,498.328,41.8125,46.4378,47.2197,measured,experiments/ts_predictor_r8/r8_16_JVET-hhi.xlsm,Test!B326:E326,scripts/JVET-hhi.xlsm,Reference!B326:E326,pass,pass,Test,True
r8,R8-16,R8_MODE=16,LB,KristenAndSara,E,32,231.728,39.6272,44.7389,45.3238,232.5744,39.6351,44.7463,45.2687,measured,experiments/ts_predictor_r8/r8_16_JVET-hhi.xlsm,Test!B327:E327,scripts/JVET-hhi.xlsm,Reference!B327:E327,pass,pass,Test,True
r8,R8-16,R8_MODE=16,LB,KristenAndSara,E,37,123.4496,37.2139,43.0396,43.6902,122.9552,37.2034,43.0948,43.6628,measured,experiments/ts_predictor_r8/r8_16_JVET-hhi.xlsm,Test!B328:E328,scripts/JVET-hhi.xlsm,Reference!B328:E328,pass,pass,Test,True
r8,R8-17,R8_MODE=17,LB,BQMall,C,22,2874.8944,40.0864,43.4565,44.5287,2871.0944,40.0851,43.4641,44.5315,measured,experiments/ts_predictor_r8/r8_17_JVET-hhi.xlsm,Test!B289:E289,scripts/JVET-hhi.xlsm,Reference!B289:E289,pass,pass,Test,True
r8,R8-17,R8_MODE=17,LB,BQMall,C,27,1168.2416,37.1909,41.3893,41.8146,1170.5504,37.1929,41.397,41.8339,measured,experiments/ts_predictor_r8/r8_17_JVET-hhi.xlsm,Test!B290:E290,scripts/JVET-hhi.xlsm,Reference!B290:E290,pass,pass,Test,True
r8,R8-17,R8_MODE=17,LB,BQMall,C,32,557.1488,34.3853,39.6312,39.877,557.5328,34.3863,39.58,39.8241,measured,experiments/ts_predictor_r8/r8_17_JVET-hhi.xlsm,Test!B291:E291,scripts/JVET-hhi.xlsm,Reference!B291:E291,pass,pass,Test,True
r8,R8-17,R8_MODE=17,LB,BQMall,C,37,285.6448,31.7048,38.2039,38.149,286.4272,31.7089,38.1848,38.1525,measured,experiments/ts_predictor_r8/r8_17_JVET-hhi.xlsm,Test!B292:E292,scripts/JVET-hhi.xlsm,Reference!B292:E292,pass,pass,Test,True
r8,R8-17,R8_MODE=17,LB,BasketballDrill,C,22,2278.9664,41.5883,43.8425,44.8196,2280.4704,41.5916,43.8308,44.832,measured,experiments/ts_predictor_r8/r8_17_JVET-hhi.xlsm,Test!B285:E285,scripts/JVET-hhi.xlsm,Reference!B285:E285,pass,pass,Test,True
r8,R8-17,R8_MODE=17,LB,BasketballDrill,C,27,1008.3056,38.4519,41.3758,41.8327,1009.5424,38.4719,41.3782,41.8305,measured,experiments/ts_predictor_r8/r8_17_JVET-hhi.xlsm,Test!B286:E286,scripts/JVET-hhi.xlsm,Reference!B286:E286,pass,pass,Test,True
r8,R8-17,R8_MODE=17,LB,BasketballDrill,C,32,497.664,35.4772,39.591,39.7871,497.7808,35.5064,39.5885,39.8247,measured,experiments/ts_predictor_r8/r8_17_JVET-hhi.xlsm,Test!B287:E287,scripts/JVET-hhi.xlsm,Reference!B287:E287,pass,pass,Test,True
r8,R8-17,R8_MODE=17,LB,BasketballDrill,C,37,258.3632,32.88,37.8066,37.6458,258.5376,32.9139,37.8407,37.6883,measured,experiments/ts_predictor_r8/r8_17_JVET-hhi.xlsm,Test!B288:E288,scripts/JVET-hhi.xlsm,Reference!B288:E288,pass,pass,Test,True
r8,R8-17,R8_MODE=17,LB,PartyScene,C,22,6341.8096,38.4838,41.0541,41.7555,6334.6928,38.4824,41.0516,41.7531,measured,experiments/ts_predictor_r8/r8_17_JVET-hhi.xlsm,Test!B293:E293,scripts/JVET-hhi.xlsm,Reference!B293:E293,pass,pass,Test,True
r8,R8-17,R8_MODE=17,LB,PartyScene,C,27,2575.0336,34.5251,38.2017,38.6948,2579.2384,34.524,38.2247,38.7277,measured,experiments/ts_predictor_r8/r8_17_JVET-hhi.xlsm,Test!B294:E294,scripts/JVET-hhi.xlsm,Reference!B294:E294,pass,pass,Test,True
r8,R8-17,R8_MODE=17,LB,PartyScene,C,32,1156.0592,31.13,36.29,36.6843,1153.8576,31.1173,36.2909,36.7477,measured,experiments/ts_predictor_r8/r8_17_JVET-hhi.xlsm,Test!B295:E295,scripts/JVET-hhi.xlsm,Reference!B295:E295,pass,pass,Test,True
r8,R8-17,R8_MODE=17,LB,PartyScene,C,37,527.608,28.1683,34.8517,35.0471,528.6112,28.1806,34.8321,35.0442,measured,experiments/ts_predictor_r8/r8_17_JVET-hhi.xlsm,Test!B296:E296,scripts/JVET-hhi.xlsm,Reference!B296:E296,pass,pass,Test,True
r8,R8-17,R8_MODE=17,LB,RaceHorsesC,C,22,5398.0304,39.3018,40.3587,42.0068,5402.784,39.3052,40.359,42.0071,measured,experiments/ts_predictor_r8/r8_17_JVET-hhi.xlsm,Test!B297:E297,scripts/JVET-hhi.xlsm,Reference!B297:E297,pass,pass,Test,True
r8,R8-17,R8_MODE=17,LB,RaceHorsesC,C,27,1706.0992,34.8097,37.4534,39.5148,1706.5232,34.8132,37.4482,39.525,measured,experiments/ts_predictor_r8/r8_17_JVET-hhi.xlsm,Test!B298:E298,scripts/JVET-hhi.xlsm,Reference!B298:E298,pass,pass,Test,True
r8,R8-17,R8_MODE=17,LB,RaceHorsesC,C,32,714.984,31.5148,36.0945,38.1384,715.0752,31.5066,36.1065,38.1646,measured,experiments/ts_predictor_r8/r8_17_JVET-hhi.xlsm,Test!B299:E299,scripts/JVET-hhi.xlsm,Reference!B299:E299,pass,pass,Test,True
r8,R8-17,R8_MODE=17,LB,RaceHorsesC,C,37,312.168,28.7028,35.0027,36.6115,311.0384,28.6957,34.9768,36.5516,measured,experiments/ts_predictor_r8/r8_17_JVET-hhi.xlsm,Test!B300:E300,scripts/JVET-hhi.xlsm,Reference!B300:E300,pass,pass,Test,True
r8,R8-17,R8_MODE=17,LB,FourPeople,E,22,1685.5504,42.9908,47.2235,48.461,1685.8528,42.9909,47.2262,48.4599,measured,experiments/ts_predictor_r8/r8_17_JVET-hhi.xlsm,Test!B317:E317,scripts/JVET-hhi.xlsm,Reference!B317:E317,pass,pass,Test,True
r8,R8-17,R8_MODE=17,LB,FourPeople,E,27,664.9296,40.8802,45.518,46.54,666.2432,40.8809,45.5212,46.6125,measured,experiments/ts_predictor_r8/r8_17_JVET-hhi.xlsm,Test!B318:E318,scripts/JVET-hhi.xlsm,Reference!B318:E318,pass,pass,Test,True
r8,R8-17,R8_MODE=17,LB,FourPeople,E,32,337.3088,38.4731,43.6085,44.428,338.44,38.4686,43.6089,44.4513,measured,experiments/ts_predictor_r8/r8_17_JVET-hhi.xlsm,Test!B319:E319,scripts/JVET-hhi.xlsm,Reference!B319:E319,pass,pass,Test,True
r8,R8-17,R8_MODE=17,LB,FourPeople,E,37,184.6192,35.7811,41.9541,42.755,184.704,35.7632,41.983,42.6493,measured,experiments/ts_predictor_r8/r8_17_JVET-hhi.xlsm,Test!B320:E320,scripts/JVET-hhi.xlsm,Reference!B320:E320,pass,pass,Test,True
r8,R8-17,R8_MODE=17,LB,Johnny,E,22,1126.2976,43.2242,48.6858,49.364,1129.9872,43.2276,48.6989,49.368,measured,experiments/ts_predictor_r8/r8_17_JVET-hhi.xlsm,Test!B321:E321,scripts/JVET-hhi.xlsm,Reference!B321:E321,pass,pass,Test,True
r8,R8-17,R8_MODE=17,LB,Johnny,E,27,344.3824,41.7407,47.4669,47.9865,345.512,41.74,47.4393,47.9317,measured,experiments/ts_predictor_r8/r8_17_JVET-hhi.xlsm,Test!B322:E322,scripts/JVET-hhi.xlsm,Reference!B322:E322,pass,pass,Test,True
r8,R8-17,R8_MODE=17,LB,Johnny,E,32,160.3824,39.9417,45.7831,46.1682,160.3808,39.9437,45.7244,46.1446,measured,experiments/ts_predictor_r8/r8_17_JVET-hhi.xlsm,Test!B323:E323,scripts/JVET-hhi.xlsm,Reference!B323:E323,pass,pass,Test,True
r8,R8-17,R8_MODE=17,LB,Johnny,E,37,88.1696,37.8163,44.145,44.5517,88.008,37.7954,44.1512,44.5268,measured,experiments/ts_predictor_r8/r8_17_JVET-hhi.xlsm,Test!B324:E324,scripts/JVET-hhi.xlsm,Reference!B324:E324,pass,pass,Test,True
r8,R8-17,R8_MODE=17,LB,KristenAndSara,E,22,1361.2064,43.684,47.9585,48.9689,1361.0048,43.6883,47.963,48.9492,measured,experiments/ts_predictor_r8/r8_17_JVET-hhi.xlsm,Test!B325:E325,scripts/JVET-hhi.xlsm,Reference!B325:E325,pass,pass,Test,True
r8,R8-17,R8_MODE=17,LB,KristenAndSara,E,27,497.352,41.8047,46.4641,47.22,497.9152,41.8132,46.4801,47.2257,measured,experiments/ts_predictor_r8/r8_17_JVET-hhi.xlsm,Test!B326:E326,scripts/JVET-hhi.xlsm,Reference!B326:E326,pass,pass,Test,True
r8,R8-17,R8_MODE=17,LB,KristenAndSara,E,32,231.728,39.6272,44.7389,45.3238,232.2544,39.6345,44.7198,45.2157,measured,experiments/ts_predictor_r8/r8_17_JVET-hhi.xlsm,Test!B327:E327,scripts/JVET-hhi.xlsm,Reference!B327:E327,pass,pass,Test,True
r8,R8-17,R8_MODE=17,LB,KristenAndSara,E,37,123.4496,37.2139,43.0396,43.6902,122.9552,37.2034,43.0948,43.6628,measured,experiments/ts_predictor_r8/r8_17_JVET-hhi.xlsm,Test!B328:E328,scripts/JVET-hhi.xlsm,Reference!B328:E328,pass,pass,Test,True
r8,R8-18,R8_MODE=18,LB,BQMall,C,22,2874.8944,40.0864,43.4565,44.5287,2874.1792,40.0816,43.4693,44.5214,measured,experiments/ts_predictor_r8/R8_18_JVET-hhi.xlsm,Test!B289:E289,scripts/JVET-hhi.xlsm,Reference!B289:E289,pass,pass,Test,True
r8,R8-18,R8_MODE=18,LB,BQMall,C,27,1168.2416,37.1909,41.3893,41.8146,1169.5904,37.1968,41.3666,41.8716,measured,experiments/ts_predictor_r8/R8_18_JVET-hhi.xlsm,Test!B290:E290,scripts/JVET-hhi.xlsm,Reference!B290:E290,pass,pass,Test,True
r8,R8-18,R8_MODE=18,LB,BQMall,C,32,557.1488,34.3853,39.6312,39.877,558.5504,34.3834,39.6304,39.8246,measured,experiments/ts_predictor_r8/R8_18_JVET-hhi.xlsm,Test!B291:E291,scripts/JVET-hhi.xlsm,Reference!B291:E291,pass,pass,Test,True
r8,R8-18,R8_MODE=18,LB,BQMall,C,37,285.6448,31.7048,38.2039,38.149,285.688,31.6939,38.2587,38.1708,measured,experiments/ts_predictor_r8/R8_18_JVET-hhi.xlsm,Test!B292:E292,scripts/JVET-hhi.xlsm,Reference!B292:E292,pass,pass,Test,True
r8,R8-18,R8_MODE=18,LB,BasketballDrill,C,22,2278.9664,41.5883,43.8425,44.8196,2279.952,41.584,43.8295,44.8325,measured,experiments/ts_predictor_r8/R8_18_JVET-hhi.xlsm,Test!B285:E285,scripts/JVET-hhi.xlsm,Reference!B285:E285,pass,pass,Test,True
r8,R8-18,R8_MODE=18,LB,BasketballDrill,C,27,1008.3056,38.4519,41.3758,41.8327,1008.576,38.454,41.389,41.8174,measured,experiments/ts_predictor_r8/R8_18_JVET-hhi.xlsm,Test!B286:E286,scripts/JVET-hhi.xlsm,Reference!B286:E286,pass,pass,Test,True
r8,R8-18,R8_MODE=18,LB,BasketballDrill,C,32,497.664,35.4772,39.591,39.7871,497.2592,35.5112,39.5872,39.8161,measured,experiments/ts_predictor_r8/R8_18_JVET-hhi.xlsm,Test!B287:E287,scripts/JVET-hhi.xlsm,Reference!B287:E287,pass,pass,Test,True
r8,R8-18,R8_MODE=18,LB,BasketballDrill,C,37,258.3632,32.88,37.8066,37.6458,258.5376,32.9139,37.8407,37.6883,measured,experiments/ts_predictor_r8/R8_18_JVET-hhi.xlsm,Test!B288:E288,scripts/JVET-hhi.xlsm,Reference!B288:E288,pass,pass,Test,True
r8,R8-18,R8_MODE=18,LB,PartyScene,C,22,6341.8096,38.4838,41.0541,41.7555,6335.9008,38.4844,41.058,41.7528,measured,experiments/ts_predictor_r8/R8_18_JVET-hhi.xlsm,Test!B293:E293,scripts/JVET-hhi.xlsm,Reference!B293:E293,pass,pass,Test,True
r8,R8-18,R8_MODE=18,LB,PartyScene,C,27,2575.0336,34.5251,38.2017,38.6948,2573.4112,34.531,38.2132,38.7394,measured,experiments/ts_predictor_r8/R8_18_JVET-hhi.xlsm,Test!B294:E294,scripts/JVET-hhi.xlsm,Reference!B294:E294,pass,pass,Test,True
r8,R8-18,R8_MODE=18,LB,PartyScene,C,32,1156.0592,31.13,36.29,36.6843,1153.5104,31.1334,36.2742,36.7077,measured,experiments/ts_predictor_r8/R8_18_JVET-hhi.xlsm,Test!B295:E295,scripts/JVET-hhi.xlsm,Reference!B295:E295,pass,pass,Test,True
r8,R8-18,R8_MODE=18,LB,PartyScene,C,37,527.608,28.1683,34.8517,35.0471,527.6176,28.1762,34.849,35.0653,measured,experiments/ts_predictor_r8/R8_18_JVET-hhi.xlsm,Test!B296:E296,scripts/JVET-hhi.xlsm,Reference!B296:E296,pass,pass,Test,True
r8,R8-18,R8_MODE=18,LB,RaceHorsesC,C,22,5398.0304,39.3018,40.3587,42.0068,5399.8704,39.3017,40.361,41.998,measured,experiments/ts_predictor_r8/R8_18_JVET-hhi.xlsm,Test!B297:E297,scripts/JVET-hhi.xlsm,Reference!B297:E297,pass,pass,Test,True
r8,R8-18,R8_MODE=18,LB,RaceHorsesC,C,27,1706.0992,34.8097,37.4534,39.5148,1705.3776,34.8171,37.4593,39.5153,measured,experiments/ts_predictor_r8/R8_18_JVET-hhi.xlsm,Test!B298:E298,scripts/JVET-hhi.xlsm,Reference!B298:E298,pass,pass,Test,True
r8,R8-18,R8_MODE=18,LB,RaceHorsesC,C,32,714.984,31.5148,36.0945,38.1384,715.3584,31.513,36.0848,38.1486,measured,experiments/ts_predictor_r8/R8_18_JVET-hhi.xlsm,Test!B299:E299,scripts/JVET-hhi.xlsm,Reference!B299:E299,pass,pass,Test,True
r8,R8-18,R8_MODE=18,LB,RaceHorsesC,C,37,312.168,28.7028,35.0027,36.6115,311.736,28.6964,34.9929,36.5463,measured,experiments/ts_predictor_r8/R8_18_JVET-hhi.xlsm,Test!B300:E300,scripts/JVET-hhi.xlsm,Reference!B300:E300,pass,pass,Test,True
r8,R8-18,R8_MODE=18,LB,FourPeople,E,22,1685.5504,42.9908,47.2235,48.461,1685.832,42.9933,47.2202,48.4856,measured,experiments/ts_predictor_r8/R8_18_JVET-hhi.xlsm,Test!B317:E317,scripts/JVET-hhi.xlsm,Reference!B317:E317,pass,pass,Test,True
r8,R8-18,R8_MODE=18,LB,FourPeople,E,27,664.9296,40.8802,45.518,46.54,666.2432,40.8809,45.5212,46.6125,measured,experiments/ts_predictor_r8/R8_18_JVET-hhi.xlsm,Test!B318:E318,scripts/JVET-hhi.xlsm,Reference!B318:E318,pass,pass,Test,True
r8,R8-18,R8_MODE=18,LB,FourPeople,E,32,337.3088,38.4731,43.6085,44.428,338.1568,38.4722,43.5852,44.5288,measured,experiments/ts_predictor_r8/R8_18_JVET-hhi.xlsm,Test!B319:E319,scripts/JVET-hhi.xlsm,Reference!B319:E319,pass,pass,Test,True
r8,R8-18,R8_MODE=18,LB,FourPeople,E,37,184.6192,35.7811,41.9541,42.755,184.704,35.7632,41.983,42.6493,measured,experiments/ts_predictor_r8/R8_18_JVET-hhi.xlsm,Test!B320:E320,scripts/JVET-hhi.xlsm,Reference!B320:E320,pass,pass,Test,True
r8,R8-18,R8_MODE=18,LB,Johnny,E,22,1126.2976,43.2242,48.6858,49.364,1127.5504,43.2268,48.7022,49.3641,measured,experiments/ts_predictor_r8/R8_18_JVET-hhi.xlsm,Test!B321:E321,scripts/JVET-hhi.xlsm,Reference!B321:E321,pass,pass,Test,True
r8,R8-18,R8_MODE=18,LB,Johnny,E,27,344.3824,41.7407,47.4669,47.9865,345.512,41.74,47.4393,47.9317,measured,experiments/ts_predictor_r8/R8_18_JVET-hhi.xlsm,Test!B322:E322,scripts/JVET-hhi.xlsm,Reference!B322:E322,pass,pass,Test,True
r8,R8-18,R8_MODE=18,LB,Johnny,E,32,160.3824,39.9417,45.7831,46.1682,160.3808,39.9437,45.7244,46.1446,measured,experiments/ts_predictor_r8/R8_18_JVET-hhi.xlsm,Test!B323:E323,scripts/JVET-hhi.xlsm,Reference!B323:E323,pass,pass,Test,True
r8,R8-18,R8_MODE=18,LB,Johnny,E,37,88.1696,37.8163,44.145,44.5517,88.008,37.7954,44.1512,44.5268,measured,experiments/ts_predictor_r8/R8_18_JVET-hhi.xlsm,Test!B324:E324,scripts/JVET-hhi.xlsm,Reference!B324:E324,pass,pass,Test,True
r8,R8-18,R8_MODE=18,LB,KristenAndSara,E,22,1361.2064,43.684,47.9585,48.9689,1359.0144,43.6864,47.96,48.9829,measured,experiments/ts_predictor_r8/R8_18_JVET-hhi.xlsm,Test!B325:E325,scripts/JVET-hhi.xlsm,Reference!B325:E325,pass,pass,Test,True
r8,R8-18,R8_MODE=18,LB,KristenAndSara,E,27,497.352,41.8047,46.4641,47.22,498.2832,41.8112,46.4729,47.2693,measured,experiments/ts_predictor_r8/R8_18_JVET-hhi.xlsm,Test!B326:E326,scripts/JVET-hhi.xlsm,Reference!B326:E326,pass,pass,Test,True
r8,R8-18,R8_MODE=18,LB,KristenAndSara,E,32,231.728,39.6272,44.7389,45.3238,232.2544,39.6345,44.7198,45.2157,measured,experiments/ts_predictor_r8/R8_18_JVET-hhi.xlsm,Test!B327:E327,scripts/JVET-hhi.xlsm,Reference!B327:E327,pass,pass,Test,True
r8,R8-18,R8_MODE=18,LB,KristenAndSara,E,37,123.4496,37.2139,43.0396,43.6902,122.9552,37.2034,43.0948,43.6628,measured,experiments/ts_predictor_r8/R8_18_JVET-hhi.xlsm,Test!B328:E328,scripts/JVET-hhi.xlsm,Reference!B328:E328,pass,pass,Test,True
r8,R8-19,R8_MODE=19,LB,BQMall,C,22,2874.8944,40.0864,43.4565,44.5287,2876.1104,40.0815,43.4585,44.5375,measured,experiments/ts_predictor_r8/R8_19_JVET-hhi.xlsm,Test!B289:E289,scripts/JVET-hhi.xlsm,Reference!B289:E289,pass,pass,Test,True
r8,R8-19,R8_MODE=19,LB,BQMall,C,27,1168.2416,37.1909,41.3893,41.8146,1169.0288,37.1925,41.3694,41.8034,measured,experiments/ts_predictor_r8/R8_19_JVET-hhi.xlsm,Test!B290:E290,scripts/JVET-hhi.xlsm,Reference!B290:E290,pass,pass,Test,True
r8,R8-19,R8_MODE=19,LB,BQMall,C,32,557.1488,34.3853,39.6312,39.877,557.0528,34.393,39.6175,39.8411,measured,experiments/ts_predictor_r8/R8_19_JVET-hhi.xlsm,Test!B291:E291,scripts/JVET-hhi.xlsm,Reference!B291:E291,pass,pass,Test,True
r8,R8-19,R8_MODE=19,LB,BQMall,C,37,285.6448,31.7048,38.2039,38.149,285.552,31.6926,38.1535,38.1659,measured,experiments/ts_predictor_r8/R8_19_JVET-hhi.xlsm,Test!B292:E292,scripts/JVET-hhi.xlsm,Reference!B292:E292,pass,pass,Test,True
r8,R8-19,R8_MODE=19,LB,BasketballDrill,C,22,2278.9664,41.5883,43.8425,44.8196,2278.9888,41.584,43.8136,44.8201,measured,experiments/ts_predictor_r8/R8_19_JVET-hhi.xlsm,Test!B285:E285,scripts/JVET-hhi.xlsm,Reference!B285:E285,pass,pass,Test,True
r8,R8-19,R8_MODE=19,LB,BasketballDrill,C,27,1008.3056,38.4519,41.3758,41.8327,1009.9824,38.4535,41.3805,41.8355,measured,experiments/ts_predictor_r8/R8_19_JVET-hhi.xlsm,Test!B286:E286,scripts/JVET-hhi.xlsm,Reference!B286:E286,pass,pass,Test,True
r8,R8-19,R8_MODE=19,LB,BasketballDrill,C,32,497.664,35.4772,39.591,39.7871,498.3072,35.496,39.5406,39.8164,measured,experiments/ts_predictor_r8/R8_19_JVET-hhi.xlsm,Test!B287:E287,scripts/JVET-hhi.xlsm,Reference!B287:E287,pass,pass,Test,True
r8,R8-19,R8_MODE=19,LB,BasketballDrill,C,37,258.3632,32.88,37.8066,37.6458,259.0512,32.9056,37.8619,37.6903,measured,experiments/ts_predictor_r8/R8_19_JVET-hhi.xlsm,Test!B288:E288,scripts/JVET-hhi.xlsm,Reference!B288:E288,pass,pass,Test,True
r8,R8-19,R8_MODE=19,LB,PartyScene,C,22,6341.8096,38.4838,41.0541,41.7555,6343.784,38.4865,41.0573,41.7657,measured,experiments/ts_predictor_r8/R8_19_JVET-hhi.xlsm,Test!B293:E293,scripts/JVET-hhi.xlsm,Reference!B293:E293,pass,pass,Test,True
r8,R8-19,R8_MODE=19,LB,PartyScene,C,27,2575.0336,34.5251,38.2017,38.6948,2572.304,34.5242,38.2474,38.6954,measured,experiments/ts_predictor_r8/R8_19_JVET-hhi.xlsm,Test!B294:E294,scripts/JVET-hhi.xlsm,Reference!B294:E294,pass,pass,Test,True
r8,R8-19,R8_MODE=19,LB,PartyScene,C,32,1156.0592,31.13,36.29,36.6843,1153.3232,31.1295,36.3143,36.695,measured,experiments/ts_predictor_r8/R8_19_JVET-hhi.xlsm,Test!B295:E295,scripts/JVET-hhi.xlsm,Reference!B295:E295,pass,pass,Test,True
r8,R8-19,R8_MODE=19,LB,PartyScene,C,37,527.608,28.1683,34.8517,35.0471,526.984,28.1685,34.8287,35.0749,measured,experiments/ts_predictor_r8/R8_19_JVET-hhi.xlsm,Test!B296:E296,scripts/JVET-hhi.xlsm,Reference!B296:E296,pass,pass,Test,True
r8,R8-19,R8_MODE=19,LB,RaceHorsesC,C,22,5398.0304,39.3018,40.3587,42.0068,5396.544,39.3015,40.3625,41.9924,measured,experiments/ts_predictor_r8/R8_19_JVET-hhi.xlsm,Test!B297:E297,scripts/JVET-hhi.xlsm,Reference!B297:E297,pass,pass,Test,True
r8,R8-19,R8_MODE=19,LB,RaceHorsesC,C,27,1706.0992,34.8097,37.4534,39.5148,1706.2224,34.8165,37.4454,39.5117,measured,experiments/ts_predictor_r8/R8_19_JVET-hhi.xlsm,Test!B298:E298,scripts/JVET-hhi.xlsm,Reference!B298:E298,pass,pass,Test,True
r8,R8-19,R8_MODE=19,LB,RaceHorsesC,C,32,714.984,31.5148,36.0945,38.1384,713.8272,31.5121,36.0885,38.1609,measured,experiments/ts_predictor_r8/R8_19_JVET-hhi.xlsm,Test!B299:E299,scripts/JVET-hhi.xlsm,Reference!B299:E299,pass,pass,Test,True
r8,R8-19,R8_MODE=19,LB,RaceHorsesC,C,37,312.168,28.7028,35.0027,36.6115,311.3504,28.7021,34.9797,36.5615,measured,experiments/ts_predictor_r8/R8_19_JVET-hhi.xlsm,Test!B300:E300,scripts/JVET-hhi.xlsm,Reference!B300:E300,pass,pass,Test,True
r8,R8-19,R8_MODE=19,LB,FourPeople,E,22,1685.5504,42.9908,47.2235,48.461,1686.2864,42.9917,47.232,48.4848,measured,experiments/ts_predictor_r8/R8_19_JVET-hhi.xlsm,Test!B317:E317,scripts/JVET-hhi.xlsm,Reference!B317:E317,pass,pass,Test,True
r8,R8-19,R8_MODE=19,LB,FourPeople,E,27,664.9296,40.8802,45.518,46.54,665.8928,40.8822,45.5573,46.5647,measured,experiments/ts_predictor_r8/R8_19_JVET-hhi.xlsm,Test!B318:E318,scripts/JVET-hhi.xlsm,Reference!B318:E318,pass,pass,Test,True
r8,R8-19,R8_MODE=19,LB,FourPeople,E,32,337.3088,38.4731,43.6085,44.428,337.928,38.4588,43.5479,44.4637,measured,experiments/ts_predictor_r8/R8_19_JVET-hhi.xlsm,Test!B319:E319,scripts/JVET-hhi.xlsm,Reference!B319:E319,pass,pass,Test,True
r8,R8-19,R8_MODE=19,LB,FourPeople,E,37,184.6192,35.7811,41.9541,42.755,184.4768,35.7808,42.0182,42.6791,measured,experiments/ts_predictor_r8/R8_19_JVET-hhi.xlsm,Test!B320:E320,scripts/JVET-hhi.xlsm,Reference!B320:E320,pass,pass,Test,True
r8,R8-19,R8_MODE=19,LB,Johnny,E,22,1126.2976,43.2242,48.6858,49.364,1126.1472,43.2275,48.6959,49.3681,measured,experiments/ts_predictor_r8/R8_19_JVET-hhi.xlsm,Test!B321:E321,scripts/JVET-hhi.xlsm,Reference!B321:E321,pass,pass,Test,True
r8,R8-19,R8_MODE=19,LB,Johnny,E,27,344.3824,41.7407,47.4669,47.9865,345.9568,41.7405,47.4668,47.9919,measured,experiments/ts_predictor_r8/R8_19_JVET-hhi.xlsm,Test!B322:E322,scripts/JVET-hhi.xlsm,Reference!B322:E322,pass,pass,Test,True
r8,R8-19,R8_MODE=19,LB,Johnny,E,32,160.3824,39.9417,45.7831,46.1682,159.9424,39.9358,45.7079,46.1588,measured,experiments/ts_predictor_r8/R8_19_JVET-hhi.xlsm,Test!B323:E323,scripts/JVET-hhi.xlsm,Reference!B323:E323,pass,pass,Test,True
r8,R8-19,R8_MODE=19,LB,Johnny,E,37,88.1696,37.8163,44.145,44.5517,88.008,37.7954,44.1512,44.5268,measured,experiments/ts_predictor_r8/R8_19_JVET-hhi.xlsm,Test!B324:E324,scripts/JVET-hhi.xlsm,Reference!B324:E324,pass,pass,Test,True
r8,R8-19,R8_MODE=19,LB,KristenAndSara,E,22,1361.2064,43.684,47.9585,48.9689,1359.1376,43.693,47.9673,48.9378,measured,experiments/ts_predictor_r8/R8_19_JVET-hhi.xlsm,Test!B325:E325,scripts/JVET-hhi.xlsm,Reference!B325:E325,pass,pass,Test,True
r8,R8-19,R8_MODE=19,LB,KristenAndSara,E,27,497.352,41.8047,46.4641,47.22,498.4608,41.8057,46.4369,47.2652,measured,experiments/ts_predictor_r8/R8_19_JVET-hhi.xlsm,Test!B326:E326,scripts/JVET-hhi.xlsm,Reference!B326:E326,pass,pass,Test,True
r8,R8-19,R8_MODE=19,LB,KristenAndSara,E,32,231.728,39.6272,44.7389,45.3238,232.5056,39.6352,44.6809,45.2253,measured,experiments/ts_predictor_r8/R8_19_JVET-hhi.xlsm,Test!B327:E327,scripts/JVET-hhi.xlsm,Reference!B327:E327,pass,pass,Test,True
r8,R8-19,R8_MODE=19,LB,KristenAndSara,E,37,123.4496,37.2139,43.0396,43.6902,122.9552,37.2034,43.0948,43.6628,measured,experiments/ts_predictor_r8/R8_19_JVET-hhi.xlsm,Test!B328:E328,scripts/JVET-hhi.xlsm,Reference!B328:E328,pass,pass,Test,True
r8,R8-20,R8_MODE=20,LB,BQMall,C,22,2874.8944,40.0864,43.4565,44.5287,2874.9088,40.083,43.4583,44.5307,measured,experiments/ts_predictor_r8/R8_20_JVET-hhi.xlsm,Test!B289:E289,scripts/JVET-hhi.xlsm,Reference!B289:E289,pass,pass,Test,True
r8,R8-20,R8_MODE=20,LB,BQMall,C,27,1168.2416,37.1909,41.3893,41.8146,1169.1136,37.195,41.3946,41.8073,measured,experiments/ts_predictor_r8/R8_20_JVET-hhi.xlsm,Test!B290:E290,scripts/JVET-hhi.xlsm,Reference!B290:E290,pass,pass,Test,True
r8,R8-20,R8_MODE=20,LB,BQMall,C,32,557.1488,34.3853,39.6312,39.877,557.5552,34.3897,39.6218,39.8319,measured,experiments/ts_predictor_r8/R8_20_JVET-hhi.xlsm,Test!B291:E291,scripts/JVET-hhi.xlsm,Reference!B291:E291,pass,pass,Test,True
r8,R8-20,R8_MODE=20,LB,BQMall,C,37,285.6448,31.7048,38.2039,38.149,285.4704,31.6957,38.206,38.0982,measured,experiments/ts_predictor_r8/R8_20_JVET-hhi.xlsm,Test!B292:E292,scripts/JVET-hhi.xlsm,Reference!B292:E292,pass,pass,Test,True
r8,R8-20,R8_MODE=20,LB,BasketballDrill,C,22,2278.9664,41.5883,43.8425,44.8196,2280.5488,41.5872,43.8359,44.8571,measured,experiments/ts_predictor_r8/R8_20_JVET-hhi.xlsm,Test!B285:E285,scripts/JVET-hhi.xlsm,Reference!B285:E285,pass,pass,Test,True
r8,R8-20,R8_MODE=20,LB,BasketballDrill,C,27,1008.3056,38.4519,41.3758,41.8327,1008.2128,38.4509,41.3909,41.8118,measured,experiments/ts_predictor_r8/R8_20_JVET-hhi.xlsm,Test!B286:E286,scripts/JVET-hhi.xlsm,Reference!B286:E286,pass,pass,Test,True
r8,R8-20,R8_MODE=20,LB,BasketballDrill,C,32,497.664,35.4772,39.591,39.7871,498.2928,35.5041,39.5592,39.7674,measured,experiments/ts_predictor_r8/R8_20_JVET-hhi.xlsm,Test!B287:E287,scripts/JVET-hhi.xlsm,Reference!B287:E287,pass,pass,Test,True
r8,R8-20,R8_MODE=20,LB,BasketballDrill,C,37,258.3632,32.88,37.8066,37.6458,258.5328,32.9012,37.8053,37.6679,measured,experiments/ts_predictor_r8/R8_20_JVET-hhi.xlsm,Test!B288:E288,scripts/JVET-hhi.xlsm,Reference!B288:E288,pass,pass,Test,True
r8,R8-20,R8_MODE=20,LB,PartyScene,C,22,6341.8096,38.4838,41.0541,41.7555,6341.0464,38.4839,41.0747,41.7681,measured,experiments/ts_predictor_r8/R8_20_JVET-hhi.xlsm,Test!B293:E293,scripts/JVET-hhi.xlsm,Reference!B293:E293,pass,pass,Test,True
r8,R8-20,R8_MODE=20,LB,PartyScene,C,27,2575.0336,34.5251,38.2017,38.6948,2577.9616,34.5256,38.2349,38.7527,measured,experiments/ts_predictor_r8/R8_20_JVET-hhi.xlsm,Test!B294:E294,scripts/JVET-hhi.xlsm,Reference!B294:E294,pass,pass,Test,True
r8,R8-20,R8_MODE=20,LB,PartyScene,C,32,1156.0592,31.13,36.29,36.6843,1153.496,31.1295,36.3104,36.7055,measured,experiments/ts_predictor_r8/R8_20_JVET-hhi.xlsm,Test!B295:E295,scripts/JVET-hhi.xlsm,Reference!B295:E295,pass,pass,Test,True
r8,R8-20,R8_MODE=20,LB,PartyScene,C,37,527.608,28.1683,34.8517,35.0471,527.6592,28.1755,34.8669,34.9843,measured,experiments/ts_predictor_r8/R8_20_JVET-hhi.xlsm,Test!B296:E296,scripts/JVET-hhi.xlsm,Reference!B296:E296,pass,pass,Test,True
r8,R8-20,R8_MODE=20,LB,RaceHorsesC,C,22,5398.0304,39.3018,40.3587,42.0068,5398.2864,39.301,40.3567,41.9952,measured,experiments/ts_predictor_r8/R8_20_JVET-hhi.xlsm,Test!B297:E297,scripts/JVET-hhi.xlsm,Reference!B297:E297,pass,pass,Test,True
r8,R8-20,R8_MODE=20,LB,RaceHorsesC,C,27,1706.0992,34.8097,37.4534,39.5148,1704.744,34.8138,37.4419,39.5121,measured,experiments/ts_predictor_r8/R8_20_JVET-hhi.xlsm,Test!B298:E298,scripts/JVET-hhi.xlsm,Reference!B298:E298,pass,pass,Test,True
r8,R8-20,R8_MODE=20,LB,RaceHorsesC,C,32,714.984,31.5148,36.0945,38.1384,714.4736,31.5049,36.1223,38.193,measured,experiments/ts_predictor_r8/R8_20_JVET-hhi.xlsm,Test!B299:E299,scripts/JVET-hhi.xlsm,Reference!B299:E299,pass,pass,Test,True
r8,R8-20,R8_MODE=20,LB,RaceHorsesC,C,37,312.168,28.7028,35.0027,36.6115,312.0896,28.7034,34.9873,36.6063,measured,experiments/ts_predictor_r8/R8_20_JVET-hhi.xlsm,Test!B300:E300,scripts/JVET-hhi.xlsm,Reference!B300:E300,pass,pass,Test,True
r8,R8-20,R8_MODE=20,LB,FourPeople,E,22,1685.5504,42.9908,47.2235,48.461,1687.9328,42.9916,47.2247,48.4586,measured,experiments/ts_predictor_r8/R8_20_JVET-hhi.xlsm,Test!B317:E317,scripts/JVET-hhi.xlsm,Reference!B317:E317,pass,pass,Test,True
r8,R8-20,R8_MODE=20,LB,FourPeople,E,27,664.9296,40.8802,45.518,46.54,664.9616,40.875,45.4952,46.5941,measured,experiments/ts_predictor_r8/R8_20_JVET-hhi.xlsm,Test!B318:E318,scripts/JVET-hhi.xlsm,Reference!B318:E318,pass,pass,Test,True
r8,R8-20,R8_MODE=20,LB,FourPeople,E,32,337.3088,38.4731,43.6085,44.428,337.6176,38.465,43.5546,44.4766,measured,experiments/ts_predictor_r8/R8_20_JVET-hhi.xlsm,Test!B319:E319,scripts/JVET-hhi.xlsm,Reference!B319:E319,pass,pass,Test,True
r8,R8-20,R8_MODE=20,LB,FourPeople,E,37,184.6192,35.7811,41.9541,42.755,184.7328,35.7758,41.9827,42.7213,measured,experiments/ts_predictor_r8/R8_20_JVET-hhi.xlsm,Test!B320:E320,scripts/JVET-hhi.xlsm,Reference!B320:E320,pass,pass,Test,True
r8,R8-20,R8_MODE=20,LB,Johnny,E,22,1126.2976,43.2242,48.6858,49.364,1130.64,43.2312,48.6931,49.3717,measured,experiments/ts_predictor_r8/R8_20_JVET-hhi.xlsm,Test!B321:E321,scripts/JVET-hhi.xlsm,Reference!B321:E321,pass,pass,Test,True
r8,R8-20,R8_MODE=20,LB,Johnny,E,27,344.3824,41.7407,47.4669,47.9865,344.4432,41.7408,47.4568,47.9879,measured,experiments/ts_predictor_r8/R8_20_JVET-hhi.xlsm,Test!B322:E322,scripts/JVET-hhi.xlsm,Reference!B322:E322,pass,pass,Test,True
r8,R8-20,R8_MODE=20,LB,Johnny,E,32,160.3824,39.9417,45.7831,46.1682,160.2512,39.9388,45.755,46.1495,measured,experiments/ts_predictor_r8/R8_20_JVET-hhi.xlsm,Test!B323:E323,scripts/JVET-hhi.xlsm,Reference!B323:E323,pass,pass,Test,True
r8,R8-20,R8_MODE=20,LB,Johnny,E,37,88.1696,37.8163,44.145,44.5517,88.008,37.7954,44.1512,44.5268,measured,experiments/ts_predictor_r8/R8_20_JVET-hhi.xlsm,Test!B324:E324,scripts/JVET-hhi.xlsm,Reference!B324:E324,pass,pass,Test,True
r8,R8-20,R8_MODE=20,LB,KristenAndSara,E,22,1361.2064,43.684,47.9585,48.9689,1358.904,43.689,47.9891,48.9651,measured,experiments/ts_predictor_r8/R8_20_JVET-hhi.xlsm,Test!B325:E325,scripts/JVET-hhi.xlsm,Reference!B325:E325,pass,pass,Test,True
r8,R8-20,R8_MODE=20,LB,KristenAndSara,E,27,497.352,41.8047,46.4641,47.22,497.7712,41.8063,46.3918,47.2484,measured,experiments/ts_predictor_r8/R8_20_JVET-hhi.xlsm,Test!B326:E326,scripts/JVET-hhi.xlsm,Reference!B326:E326,pass,pass,Test,True
r8,R8-20,R8_MODE=20,LB,KristenAndSara,E,32,231.728,39.6272,44.7389,45.3238,232.8464,39.6448,44.6458,45.2618,measured,experiments/ts_predictor_r8/R8_20_JVET-hhi.xlsm,Test!B327:E327,scripts/JVET-hhi.xlsm,Reference!B327:E327,pass,pass,Test,True
r8,R8-20,R8_MODE=20,LB,KristenAndSara,E,37,123.4496,37.2139,43.0396,43.6902,122.8368,37.2129,43.0563,43.6982,measured,experiments/ts_predictor_r8/R8_20_JVET-hhi.xlsm,Test!B328:E328,scripts/JVET-hhi.xlsm,Reference!B328:E328,pass,pass,Test,True
r8,R8-21,R8_MODE=21,LB,BQMall,C,22,2874.8944,40.0864,43.4565,44.5287,2875.7104,40.0831,43.4687,44.5398,measured,experiments/ts_predictor_r8/R8_21_JVET-hhi.xlsm,Test!B289:E289,scripts/JVET-hhi.xlsm,Reference!B289:E289,pass,pass,Test,True
r8,R8-21,R8_MODE=21,LB,BQMall,C,27,1168.2416,37.1909,41.3893,41.8146,1169.5488,37.1921,41.3923,41.8488,measured,experiments/ts_predictor_r8/R8_21_JVET-hhi.xlsm,Test!B290:E290,scripts/JVET-hhi.xlsm,Reference!B290:E290,pass,pass,Test,True
r8,R8-21,R8_MODE=21,LB,BQMall,C,32,557.1488,34.3853,39.6312,39.877,556.9712,34.3823,39.5924,39.841,measured,experiments/ts_predictor_r8/R8_21_JVET-hhi.xlsm,Test!B291:E291,scripts/JVET-hhi.xlsm,Reference!B291:E291,pass,pass,Test,True
r8,R8-21,R8_MODE=21,LB,BQMall,C,37,285.6448,31.7048,38.2039,38.149,286.3536,31.6983,38.217,38.1908,measured,experiments/ts_predictor_r8/R8_21_JVET-hhi.xlsm,Test!B292:E292,scripts/JVET-hhi.xlsm,Reference!B292:E292,pass,pass,Test,True
r8,R8-21,R8_MODE=21,LB,BasketballDrill,C,22,2278.9664,41.5883,43.8425,44.8196,2281.416,41.5879,43.8269,44.8404,measured,experiments/ts_predictor_r8/R8_21_JVET-hhi.xlsm,Test!B285:E285,scripts/JVET-hhi.xlsm,Reference!B285:E285,pass,pass,Test,True
r8,R8-21,R8_MODE=21,LB,BasketballDrill,C,27,1008.3056,38.4519,41.3758,41.8327,1009.0464,38.4527,41.3955,41.8393,measured,experiments/ts_predictor_r8/R8_21_JVET-hhi.xlsm,Test!B286:E286,scripts/JVET-hhi.xlsm,Reference!B286:E286,pass,pass,Test,True
r8,R8-21,R8_MODE=21,LB,BasketballDrill,C,32,497.664,35.4772,39.591,39.7871,497.9248,35.5018,39.5382,39.7946,measured,experiments/ts_predictor_r8/R8_21_JVET-hhi.xlsm,Test!B287:E287,scripts/JVET-hhi.xlsm,Reference!B287:E287,pass,pass,Test,True
r8,R8-21,R8_MODE=21,LB,BasketballDrill,C,37,258.3632,32.88,37.8066,37.6458,258.8672,32.9028,37.7771,37.6233,measured,experiments/ts_predictor_r8/R8_21_JVET-hhi.xlsm,Test!B288:E288,scripts/JVET-hhi.xlsm,Reference!B288:E288,pass,pass,Test,True
r8,R8-21,R8_MODE=21,LB,PartyScene,C,22,6341.8096,38.4838,41.0541,41.7555,6343.6592,38.4892,41.0646,41.7518,measured,experiments/ts_predictor_r8/R8_21_JVET-hhi.xlsm,Test!B293:E293,scripts/JVET-hhi.xlsm,Reference!B293:E293,pass,pass,Test,True
r8,R8-21,R8_MODE=21,LB,PartyScene,C,27,2575.0336,34.5251,38.2017,38.6948,2572.864,34.5247,38.2327,38.7086,measured,experiments/ts_predictor_r8/R8_21_JVET-hhi.xlsm,Test!B294:E294,scripts/JVET-hhi.xlsm,Reference!B294:E294,pass,pass,Test,True
r8,R8-21,R8_MODE=21,LB,PartyScene,C,32,1156.0592,31.13,36.29,36.6843,1152.6928,31.1351,36.3171,36.6839,measured,experiments/ts_predictor_r8/R8_21_JVET-hhi.xlsm,Test!B295:E295,scripts/JVET-hhi.xlsm,Reference!B295:E295,pass,pass,Test,True
r8,R8-21,R8_MODE=21,LB,PartyScene,C,37,527.608,28.1683,34.8517,35.0471,528.0048,28.1715,34.8292,35.0264,measured,experiments/ts_predictor_r8/R8_21_JVET-hhi.xlsm,Test!B296:E296,scripts/JVET-hhi.xlsm,Reference!B296:E296,pass,pass,Test,True
r8,R8-21,R8_MODE=21,LB,RaceHorsesC,C,22,5398.0304,39.3018,40.3587,42.0068,5397.712,39.2985,40.3741,42.0102,measured,experiments/ts_predictor_r8/R8_21_JVET-hhi.xlsm,Test!B297:E297,scripts/JVET-hhi.xlsm,Reference!B297:E297,pass,pass,Test,True
r8,R8-21,R8_MODE=21,LB,RaceHorsesC,C,27,1706.0992,34.8097,37.4534,39.5148,1704.6592,34.8159,37.4488,39.5212,measured,experiments/ts_predictor_r8/R8_21_JVET-hhi.xlsm,Test!B298:E298,scripts/JVET-hhi.xlsm,Reference!B298:E298,pass,pass,Test,True
r8,R8-21,R8_MODE=21,LB,RaceHorsesC,C,32,714.984,31.5148,36.0945,38.1384,715.384,31.5153,36.0835,38.1404,measured,experiments/ts_predictor_r8/R8_21_JVET-hhi.xlsm,Test!B299:E299,scripts/JVET-hhi.xlsm,Reference!B299:E299,pass,pass,Test,True
r8,R8-21,R8_MODE=21,LB,RaceHorsesC,C,37,312.168,28.7028,35.0027,36.6115,311.1632,28.7104,35.0147,36.5688,measured,experiments/ts_predictor_r8/R8_21_JVET-hhi.xlsm,Test!B300:E300,scripts/JVET-hhi.xlsm,Reference!B300:E300,pass,pass,Test,True
r8,R8-21,R8_MODE=21,LB,FourPeople,E,22,1685.5504,42.9908,47.2235,48.461,1688.1728,42.9915,47.2334,48.4719,measured,experiments/ts_predictor_r8/R8_21_JVET-hhi.xlsm,Test!B317:E317,scripts/JVET-hhi.xlsm,Reference!B317:E317,pass,pass,Test,True
r8,R8-21,R8_MODE=21,LB,FourPeople,E,27,664.9296,40.8802,45.518,46.54,665.8928,40.8822,45.5573,46.5647,measured,experiments/ts_predictor_r8/R8_21_JVET-hhi.xlsm,Test!B318:E318,scripts/JVET-hhi.xlsm,Reference!B318:E318,pass,pass,Test,True
r8,R8-21,R8_MODE=21,LB,FourPeople,E,32,337.3088,38.4731,43.6085,44.428,338.44,38.4686,43.6089,44.4513,measured,experiments/ts_predictor_r8/R8_21_JVET-hhi.xlsm,Test!B319:E319,scripts/JVET-hhi.xlsm,Reference!B319:E319,pass,pass,Test,True
r8,R8-21,R8_MODE=21,LB,FourPeople,E,37,184.6192,35.7811,41.9541,42.755,184.4768,35.7808,42.0182,42.6791,measured,experiments/ts_predictor_r8/R8_21_JVET-hhi.xlsm,Test!B320:E320,scripts/JVET-hhi.xlsm,Reference!B320:E320,pass,pass,Test,True
r8,R8-21,R8_MODE=21,LB,Johnny,E,22,1126.2976,43.2242,48.6858,49.364,1126.752,43.2285,48.706,49.3602,measured,experiments/ts_predictor_r8/R8_21_JVET-hhi.xlsm,Test!B321:E321,scripts/JVET-hhi.xlsm,Reference!B321:E321,pass,pass,Test,True
r8,R8-21,R8_MODE=21,LB,Johnny,E,27,344.3824,41.7407,47.4669,47.9865,343.688,41.7365,47.4464,47.9407,measured,experiments/ts_predictor_r8/R8_21_JVET-hhi.xlsm,Test!B322:E322,scripts/JVET-hhi.xlsm,Reference!B322:E322,pass,pass,Test,True
r8,R8-21,R8_MODE=21,LB,Johnny,E,32,160.3824,39.9417,45.7831,46.1682,159.9472,39.9403,45.7119,46.0924,measured,experiments/ts_predictor_r8/R8_21_JVET-hhi.xlsm,Test!B323:E323,scripts/JVET-hhi.xlsm,Reference!B323:E323,pass,pass,Test,True
r8,R8-21,R8_MODE=21,LB,Johnny,E,37,88.1696,37.8163,44.145,44.5517,88.008,37.7954,44.1512,44.5268,measured,experiments/ts_predictor_r8/R8_21_JVET-hhi.xlsm,Test!B324:E324,scripts/JVET-hhi.xlsm,Reference!B324:E324,pass,pass,Test,True
r8,R8-21,R8_MODE=21,LB,KristenAndSara,E,22,1361.2064,43.684,47.9585,48.9689,1360.0816,43.6926,47.9564,48.9309,measured,experiments/ts_predictor_r8/R8_21_JVET-hhi.xlsm,Test!B325:E325,scripts/JVET-hhi.xlsm,Reference!B325:E325,pass,pass,Test,True
r8,R8-21,R8_MODE=21,LB,KristenAndSara,E,27,497.352,41.8047,46.4641,47.22,498.36,41.807,46.4521,47.264,measured,experiments/ts_predictor_r8/R8_21_JVET-hhi.xlsm,Test!B326:E326,scripts/JVET-hhi.xlsm,Reference!B326:E326,pass,pass,Test,True
r8,R8-21,R8_MODE=21,LB,KristenAndSara,E,32,231.728,39.6272,44.7389,45.3238,232.3456,39.635,44.6479,45.3312,measured,experiments/ts_predictor_r8/R8_21_JVET-hhi.xlsm,Test!B327:E327,scripts/JVET-hhi.xlsm,Reference!B327:E327,pass,pass,Test,True
r8,R8-21,R8_MODE=21,LB,KristenAndSara,E,37,123.4496,37.2139,43.0396,43.6902,122.9552,37.2034,43.0948,43.6628,measured,experiments/ts_predictor_r8/R8_21_JVET-hhi.xlsm,Test!B328:E328,scripts/JVET-hhi.xlsm,Reference!B328:E328,pass,pass,Test,True
r8,R8-22,R8_MODE=22,LB,BQMall,C,22,2874.8944,40.0864,43.4565,44.5287,2877.3232,40.0848,43.4699,44.5277,measured,experiments/ts_predictor_r8/R8_22_JVET-hhi.xlsm,Test!B289:E289,scripts/JVET-hhi.xlsm,Reference!B289:E289,pass,pass,Test,True
r8,R8-22,R8_MODE=22,LB,BQMall,C,27,1168.2416,37.1909,41.3893,41.8146,1170.416,37.197,41.3913,41.7999,measured,experiments/ts_predictor_r8/R8_22_JVET-hhi.xlsm,Test!B290:E290,scripts/JVET-hhi.xlsm,Reference!B290:E290,pass,pass,Test,True
r8,R8-22,R8_MODE=22,LB,BQMall,C,32,557.1488,34.3853,39.6312,39.877,558.5888,34.3843,39.5627,39.8049,measured,experiments/ts_predictor_r8/R8_22_JVET-hhi.xlsm,Test!B291:E291,scripts/JVET-hhi.xlsm,Reference!B291:E291,pass,pass,Test,True
r8,R8-22,R8_MODE=22,LB,BQMall,C,37,285.6448,31.7048,38.2039,38.149,285.7008,31.7007,38.2141,38.1135,measured,experiments/ts_predictor_r8/R8_22_JVET-hhi.xlsm,Test!B292:E292,scripts/JVET-hhi.xlsm,Reference!B292:E292,pass,pass,Test,True
r8,R8-22,R8_MODE=22,LB,BasketballDrill,C,22,2278.9664,41.5883,43.8425,44.8196,2277.1472,41.5826,43.8266,44.822,measured,experiments/ts_predictor_r8/R8_22_JVET-hhi.xlsm,Test!B285:E285,scripts/JVET-hhi.xlsm,Reference!B285:E285,pass,pass,Test,True
r8,R8-22,R8_MODE=22,LB,BasketballDrill,C,27,1008.3056,38.4519,41.3758,41.8327,1009.7936,38.4653,41.3753,41.8405,measured,experiments/ts_predictor_r8/R8_22_JVET-hhi.xlsm,Test!B286:E286,scripts/JVET-hhi.xlsm,Reference!B286:E286,pass,pass,Test,True
r8,R8-22,R8_MODE=22,LB,BasketballDrill,C,32,497.664,35.4772,39.591,39.7871,497.7344,35.5033,39.5655,39.8076,measured,experiments/ts_predictor_r8/R8_22_JVET-hhi.xlsm,Test!B287:E287,scripts/JVET-hhi.xlsm,Reference!B287:E287,pass,pass,Test,True
r8,R8-22,R8_MODE=22,LB,BasketballDrill,C,37,258.3632,32.88,37.8066,37.6458,258.8672,32.9028,37.7771,37.6233,measured,experiments/ts_predictor_r8/R8_22_JVET-hhi.xlsm,Test!B288:E288,scripts/JVET-hhi.xlsm,Reference!B288:E288,pass,pass,Test,True
r8,R8-22,R8_MODE=22,LB,PartyScene,C,22,6341.8096,38.4838,41.0541,41.7555,6334.7328,38.4819,41.0546,41.7642,measured,experiments/ts_predictor_r8/R8_22_JVET-hhi.xlsm,Test!B293:E293,scripts/JVET-hhi.xlsm,Reference!B293:E293,pass,pass,Test,True
r8,R8-22,R8_MODE=22,LB,PartyScene,C,27,2575.0336,34.5251,38.2017,38.6948,2571.4496,34.5329,38.2491,38.7188,measured,experiments/ts_predictor_r8/R8_22_JVET-hhi.xlsm,Test!B294:E294,scripts/JVET-hhi.xlsm,Reference!B294:E294,pass,pass,Test,True
r8,R8-22,R8_MODE=22,LB,PartyScene,C,32,1156.0592,31.13,36.29,36.6843,1154.4784,31.1317,36.3176,36.7138,measured,experiments/ts_predictor_r8/R8_22_JVET-hhi.xlsm,Test!B295:E295,scripts/JVET-hhi.xlsm,Reference!B295:E295,pass,pass,Test,True
r8,R8-22,R8_MODE=22,LB,PartyScene,C,37,527.608,28.1683,34.8517,35.0471,526.5664,28.1672,34.8123,35.0134,measured,experiments/ts_predictor_r8/R8_22_JVET-hhi.xlsm,Test!B296:E296,scripts/JVET-hhi.xlsm,Reference!B296:E296,pass,pass,Test,True
r8,R8-22,R8_MODE=22,LB,RaceHorsesC,C,22,5398.0304,39.3018,40.3587,42.0068,5399.1872,39.3046,40.3561,42.001,measured,experiments/ts_predictor_r8/R8_22_JVET-hhi.xlsm,Test!B297:E297,scripts/JVET-hhi.xlsm,Reference!B297:E297,pass,pass,Test,True
r8,R8-22,R8_MODE=22,LB,RaceHorsesC,C,27,1706.0992,34.8097,37.4534,39.5148,1705.0032,34.8099,37.4369,39.5135,measured,experiments/ts_predictor_r8/R8_22_JVET-hhi.xlsm,Test!B298:E298,scripts/JVET-hhi.xlsm,Reference!B298:E298,pass,pass,Test,True
r8,R8-22,R8_MODE=22,LB,RaceHorsesC,C,32,714.984,31.5148,36.0945,38.1384,715.368,31.5198,36.0941,38.1189,measured,experiments/ts_predictor_r8/R8_22_JVET-hhi.xlsm,Test!B299:E299,scripts/JVET-hhi.xlsm,Reference!B299:E299,pass,pass,Test,True
r8,R8-22,R8_MODE=22,LB,RaceHorsesC,C,37,312.168,28.7028,35.0027,36.6115,311.1632,28.7104,35.0147,36.5688,measured,experiments/ts_predictor_r8/R8_22_JVET-hhi.xlsm,Test!B300:E300,scripts/JVET-hhi.xlsm,Reference!B300:E300,pass,pass,Test,True
r8,R8-22,R8_MODE=22,LB,FourPeople,E,22,1685.5504,42.9908,47.2235,48.461,1687.4624,42.9916,47.2211,48.4904,measured,experiments/ts_predictor_r8/R8_22_JVET-hhi.xlsm,Test!B317:E317,scripts/JVET-hhi.xlsm,Reference!B317:E317,pass,pass,Test,True
r8,R8-22,R8_MODE=22,LB,FourPeople,E,27,664.9296,40.8802,45.518,46.54,665.8928,40.8822,45.5573,46.5647,measured,experiments/ts_predictor_r8/R8_22_JVET-hhi.xlsm,Test!B318:E318,scripts/JVET-hhi.xlsm,Reference!B318:E318,pass,pass,Test,True
r8,R8-22,R8_MODE=22,LB,FourPeople,E,32,337.3088,38.4731,43.6085,44.428,338.44,38.4686,43.6089,44.4513,measured,experiments/ts_predictor_r8/R8_22_JVET-hhi.xlsm,Test!B319:E319,scripts/JVET-hhi.xlsm,Reference!B319:E319,pass,pass,Test,True
r8,R8-22,R8_MODE=22,LB,FourPeople,E,37,184.6192,35.7811,41.9541,42.755,184.4768,35.7808,42.0182,42.6791,measured,experiments/ts_predictor_r8/R8_22_JVET-hhi.xlsm,Test!B320:E320,scripts/JVET-hhi.xlsm,Reference!B320:E320,pass,pass,Test,True
r8,R8-22,R8_MODE=22,LB,Johnny,E,22,1126.2976,43.2242,48.6858,49.364,1126.0512,43.228,48.6935,49.3642,measured,experiments/ts_predictor_r8/R8_22_JVET-hhi.xlsm,Test!B321:E321,scripts/JVET-hhi.xlsm,Reference!B321:E321,pass,pass,Test,True
r8,R8-22,R8_MODE=22,LB,Johnny,E,27,344.3824,41.7407,47.4669,47.9865,344.24,41.7347,47.4852,47.9315,measured,experiments/ts_predictor_r8/R8_22_JVET-hhi.xlsm,Test!B322:E322,scripts/JVET-hhi.xlsm,Reference!B322:E322,pass,pass,Test,True
r8,R8-22,R8_MODE=22,LB,Johnny,E,32,160.3824,39.9417,45.7831,46.1682,159.9472,39.9403,45.7119,46.0924,measured,experiments/ts_predictor_r8/R8_22_JVET-hhi.xlsm,Test!B323:E323,scripts/JVET-hhi.xlsm,Reference!B323:E323,pass,pass,Test,True
r8,R8-22,R8_MODE=22,LB,Johnny,E,37,88.1696,37.8163,44.145,44.5517,88.008,37.7954,44.1512,44.5268,measured,experiments/ts_predictor_r8/R8_22_JVET-hhi.xlsm,Test!B324:E324,scripts/JVET-hhi.xlsm,Reference!B324:E324,pass,pass,Test,True
r8,R8-22,R8_MODE=22,LB,KristenAndSara,E,22,1361.2064,43.684,47.9585,48.9689,1361.416,43.6877,47.9786,48.9554,measured,experiments/ts_predictor_r8/R8_22_JVET-hhi.xlsm,Test!B325:E325,scripts/JVET-hhi.xlsm,Reference!B325:E325,pass,pass,Test,True
r8,R8-22,R8_MODE=22,LB,KristenAndSara,E,27,497.352,41.8047,46.4641,47.22,497.92,41.8228,46.4156,47.2792,measured,experiments/ts_predictor_r8/R8_22_JVET-hhi.xlsm,Test!B326:E326,scripts/JVET-hhi.xlsm,Reference!B326:E326,pass,pass,Test,True
r8,R8-22,R8_MODE=22,LB,KristenAndSara,E,32,231.728,39.6272,44.7389,45.3238,232.5744,39.6351,44.7463,45.2687,measured,experiments/ts_predictor_r8/R8_22_JVET-hhi.xlsm,Test!B327:E327,scripts/JVET-hhi.xlsm,Reference!B327:E327,pass,pass,Test,True
r8,R8-22,R8_MODE=22,LB,KristenAndSara,E,37,123.4496,37.2139,43.0396,43.6902,122.9552,37.2034,43.0948,43.6628,measured,experiments/ts_predictor_r8/R8_22_JVET-hhi.xlsm,Test!B328:E328,scripts/JVET-hhi.xlsm,Reference!B328:E328,pass,pass,Test,True
r8,R8-23,R8_MODE=23,LB,BQMall,C,22,2874.8944,40.0864,43.4565,44.5287,2874.36,40.0806,43.4502,44.5136,measured,experiments/ts_predictor_r8/R8_23_JVET-hhi.xlsm,Test!B289:E289,scripts/JVET-hhi.xlsm,Reference!B289:E289,pass,pass,Test,True
r8,R8-23,R8_MODE=23,LB,BQMall,C,27,1168.2416,37.1909,41.3893,41.8146,1169.0112,37.1964,41.4083,41.8045,measured,experiments/ts_predictor_r8/R8_23_JVET-hhi.xlsm,Test!B290:E290,scripts/JVET-hhi.xlsm,Reference!B290:E290,pass,pass,Test,True
r8,R8-23,R8_MODE=23,LB,BQMall,C,32,557.1488,34.3853,39.6312,39.877,557.0192,34.3904,39.6007,39.8058,measured,experiments/ts_predictor_r8/R8_23_JVET-hhi.xlsm,Test!B291:E291,scripts/JVET-hhi.xlsm,Reference!B291:E291,pass,pass,Test,True
r8,R8-23,R8_MODE=23,LB,BQMall,C,37,285.6448,31.7048,38.2039,38.149,285.8736,31.6896,38.2493,38.2125,measured,experiments/ts_predictor_r8/R8_23_JVET-hhi.xlsm,Test!B292:E292,scripts/JVET-hhi.xlsm,Reference!B292:E292,pass,pass,Test,True
r8,R8-23,R8_MODE=23,LB,BasketballDrill,C,22,2278.9664,41.5883,43.8425,44.8196,2278.224,41.5864,43.8251,44.8172,measured,experiments/ts_predictor_r8/R8_23_JVET-hhi.xlsm,Test!B285:E285,scripts/JVET-hhi.xlsm,Reference!B285:E285,pass,pass,Test,True
r8,R8-23,R8_MODE=23,LB,BasketballDrill,C,27,1008.3056,38.4519,41.3758,41.8327,1007.7456,38.4464,41.3585,41.8299,measured,experiments/ts_predictor_r8/R8_23_JVET-hhi.xlsm,Test!B286:E286,scripts/JVET-hhi.xlsm,Reference!B286:E286,pass,pass,Test,True
r8,R8-23,R8_MODE=23,LB,BasketballDrill,C,32,497.664,35.4772,39.591,39.7871,497.624,35.4916,39.5642,39.7957,measured,experiments/ts_predictor_r8/R8_23_JVET-hhi.xlsm,Test!B287:E287,scripts/JVET-hhi.xlsm,Reference!B287:E287,pass,pass,Test,True
r8,R8-23,R8_MODE=23,LB,BasketballDrill,C,37,258.3632,32.88,37.8066,37.6458,258.032,32.8837,37.8547,37.6309,measured,experiments/ts_predictor_r8/R8_23_JVET-hhi.xlsm,Test!B288:E288,scripts/JVET-hhi.xlsm,Reference!B288:E288,pass,pass,Test,True
r8,R8-23,R8_MODE=23,LB,PartyScene,C,22,6341.8096,38.4838,41.0541,41.7555,6341.8096,38.4838,41.0541,41.7555,anchor_imputed,experiments/ts_predictor_r8/R8_23_JVET-hhi.xlsm,Test!B293:E293,scripts/JVET-hhi.xlsm,Reference!B293:E293,pass,,Current Reference,False
r8,R8-23,R8_MODE=23,LB,PartyScene,C,27,2575.0336,34.5251,38.2017,38.6948,2573.1568,34.5295,38.2248,38.7127,measured,experiments/ts_predictor_r8/R8_23_JVET-hhi.xlsm,Test!B294:E294,scripts/JVET-hhi.xlsm,Reference!B294:E294,pass,pass,Test,True
r8,R8-23,R8_MODE=23,LB,PartyScene,C,32,1156.0592,31.13,36.29,36.6843,1153.584,31.1244,36.3191,36.7433,measured,experiments/ts_predictor_r8/R8_23_JVET-hhi.xlsm,Test!B295:E295,scripts/JVET-hhi.xlsm,Reference!B295:E295,pass,pass,Test,True
r8,R8-23,R8_MODE=23,LB,PartyScene,C,37,527.608,28.1683,34.8517,35.0471,527.2784,28.1541,34.876,35.0395,measured,experiments/ts_predictor_r8/R8_23_JVET-hhi.xlsm,Test!B296:E296,scripts/JVET-hhi.xlsm,Reference!B296:E296,pass,pass,Test,True
r8,R8-23,R8_MODE=23,LB,RaceHorsesC,C,22,5398.0304,39.3018,40.3587,42.0068,5400.1856,39.3011,40.3621,42.0116,measured,experiments/ts_predictor_r8/R8_23_JVET-hhi.xlsm,Test!B297:E297,scripts/JVET-hhi.xlsm,Reference!B297:E297,pass,pass,Test,True
r8,R8-23,R8_MODE=23,LB,RaceHorsesC,C,27,1706.0992,34.8097,37.4534,39.5148,1705.4752,34.8151,37.4347,39.513,measured,experiments/ts_predictor_r8/R8_23_JVET-hhi.xlsm,Test!B298:E298,scripts/JVET-hhi.xlsm,Reference!B298:E298,pass,pass,Test,True
r8,R8-23,R8_MODE=23,LB,RaceHorsesC,C,32,714.984,31.5148,36.0945,38.1384,715.0592,31.517,36.1219,38.105,measured,experiments/ts_predictor_r8/R8_23_JVET-hhi.xlsm,Test!B299:E299,scripts/JVET-hhi.xlsm,Reference!B299:E299,pass,pass,Test,True
r8,R8-23,R8_MODE=23,LB,RaceHorsesC,C,37,312.168,28.7028,35.0027,36.6115,311.7168,28.6987,35.0011,36.6294,measured,experiments/ts_predictor_r8/R8_23_JVET-hhi.xlsm,Test!B300:E300,scripts/JVET-hhi.xlsm,Reference!B300:E300,pass,pass,Test,True
r8,R8-23,R8_MODE=23,LB,FourPeople,E,22,1685.5504,42.9908,47.2235,48.461,1686.472,42.9905,47.2335,48.4812,measured,experiments/ts_predictor_r8/R8_23_JVET-hhi.xlsm,Test!B317:E317,scripts/JVET-hhi.xlsm,Reference!B317:E317,pass,pass,Test,True
r8,R8-23,R8_MODE=23,LB,FourPeople,E,27,664.9296,40.8802,45.518,46.54,666.3504,40.8905,45.5547,46.5978,measured,experiments/ts_predictor_r8/R8_23_JVET-hhi.xlsm,Test!B318:E318,scripts/JVET-hhi.xlsm,Reference!B318:E318,pass,pass,Test,True
r8,R8-23,R8_MODE=23,LB,FourPeople,E,32,337.3088,38.4731,43.6085,44.428,337.8352,38.473,43.5812,44.4063,measured,experiments/ts_predictor_r8/R8_23_JVET-hhi.xlsm,Test!B319:E319,scripts/JVET-hhi.xlsm,Reference!B319:E319,pass,pass,Test,True
r8,R8-23,R8_MODE=23,LB,FourPeople,E,37,184.6192,35.7811,41.9541,42.755,184.6192,35.7811,41.9541,42.755,measured,experiments/ts_predictor_r8/R8_23_JVET-hhi.xlsm,Test!B320:E320,scripts/JVET-hhi.xlsm,Reference!B320:E320,pass,pass,Test,True
r8,R8-23,R8_MODE=23,LB,Johnny,E,22,1126.2976,43.2242,48.6858,49.364,1125.648,43.226,48.7102,49.3657,measured,experiments/ts_predictor_r8/R8_23_JVET-hhi.xlsm,Test!B321:E321,scripts/JVET-hhi.xlsm,Reference!B321:E321,pass,pass,Test,True
r8,R8-23,R8_MODE=23,LB,Johnny,E,27,344.3824,41.7407,47.4669,47.9865,344.4432,41.7426,47.4506,48.0084,measured,experiments/ts_predictor_r8/R8_23_JVET-hhi.xlsm,Test!B322:E322,scripts/JVET-hhi.xlsm,Reference!B322:E322,pass,pass,Test,True
r8,R8-23,R8_MODE=23,LB,Johnny,E,32,160.3824,39.9417,45.7831,46.1682,160.3824,39.9417,45.7831,46.1682,measured,experiments/ts_predictor_r8/R8_23_JVET-hhi.xlsm,Test!B323:E323,scripts/JVET-hhi.xlsm,Reference!B323:E323,pass,pass,Test,True
r8,R8-23,R8_MODE=23,LB,Johnny,E,37,88.1696,37.8163,44.145,44.5517,87.9216,37.8108,44.1691,44.5637,measured,experiments/ts_predictor_r8/R8_23_JVET-hhi.xlsm,Test!B324:E324,scripts/JVET-hhi.xlsm,Reference!B324:E324,pass,pass,Test,True
r8,R8-23,R8_MODE=23,LB,KristenAndSara,E,22,1361.2064,43.684,47.9585,48.9689,1357.0112,43.6832,47.9683,48.9595,measured,experiments/ts_predictor_r8/R8_23_JVET-hhi.xlsm,Test!B325:E325,scripts/JVET-hhi.xlsm,Reference!B325:E325,pass,pass,Test,True
r8,R8-23,R8_MODE=23,LB,KristenAndSara,E,27,497.352,41.8047,46.4641,47.22,497.8544,41.8086,46.4472,47.2381,measured,experiments/ts_predictor_r8/R8_23_JVET-hhi.xlsm,Test!B326:E326,scripts/JVET-hhi.xlsm,Reference!B326:E326,pass,pass,Test,True
r8,R8-23,R8_MODE=23,LB,KristenAndSara,E,32,231.728,39.6272,44.7389,45.3238,232.1408,39.6293,44.7582,45.2557,measured,experiments/ts_predictor_r8/R8_23_JVET-hhi.xlsm,Test!B327:E327,scripts/JVET-hhi.xlsm,Reference!B327:E327,pass,pass,Test,True
r8,R8-23,R8_MODE=23,LB,KristenAndSara,E,37,123.4496,37.2139,43.0396,43.6902,123.4496,37.2139,43.0396,43.6902,measured,experiments/ts_predictor_r8/R8_23_JVET-hhi.xlsm,Test!B328:E328,scripts/JVET-hhi.xlsm,Reference!B328:E328,pass,pass,Test,True
r8,R8-24,R8_MODE=24,LB,BQMall,C,22,2874.8944,40.0864,43.4565,44.5287,2877.9072,40.0836,43.4569,44.5238,measured,experiments/ts_predictor_r8/R8_24_JVET-hhi.xlsm,Test!B289:E289,scripts/JVET-hhi.xlsm,Reference!B289:E289,pass,pass,Test,True
r8,R8-24,R8_MODE=24,LB,BQMall,C,27,1168.2416,37.1909,41.3893,41.8146,1167.768,37.1952,41.3674,41.8376,measured,experiments/ts_predictor_r8/R8_24_JVET-hhi.xlsm,Test!B290:E290,scripts/JVET-hhi.xlsm,Reference!B290:E290,pass,pass,Test,True
r8,R8-24,R8_MODE=24,LB,BQMall,C,32,557.1488,34.3853,39.6312,39.877,558.408,34.3898,39.5927,39.7831,measured,experiments/ts_predictor_r8/R8_24_JVET-hhi.xlsm,Test!B291:E291,scripts/JVET-hhi.xlsm,Reference!B291:E291,pass,pass,Test,True
r8,R8-24,R8_MODE=24,LB,BQMall,C,37,285.6448,31.7048,38.2039,38.149,286.032,31.7015,38.2051,38.1855,measured,experiments/ts_predictor_r8/R8_24_JVET-hhi.xlsm,Test!B292:E292,scripts/JVET-hhi.xlsm,Reference!B292:E292,pass,pass,Test,True
r8,R8-24,R8_MODE=24,LB,BasketballDrill,C,22,2278.9664,41.5883,43.8425,44.8196,2282.712,41.5873,43.8376,44.8228,measured,experiments/ts_predictor_r8/R8_24_JVET-hhi.xlsm,Test!B285:E285,scripts/JVET-hhi.xlsm,Reference!B285:E285,pass,pass,Test,True
r8,R8-24,R8_MODE=24,LB,BasketballDrill,C,27,1008.3056,38.4519,41.3758,41.8327,1007.408,38.4486,41.3877,41.853,measured,experiments/ts_predictor_r8/R8_24_JVET-hhi.xlsm,Test!B286:E286,scripts/JVET-hhi.xlsm,Reference!B286:E286,pass,pass,Test,True
r8,R8-24,R8_MODE=24,LB,BasketballDrill,C,32,497.664,35.4772,39.591,39.7871,497.9616,35.493,39.5534,39.7651,measured,experiments/ts_predictor_r8/R8_24_JVET-hhi.xlsm,Test!B287:E287,scripts/JVET-hhi.xlsm,Reference!B287:E287,pass,pass,Test,True
r8,R8-24,R8_MODE=24,LB,BasketballDrill,C,37,258.3632,32.88,37.8066,37.6458,258.9824,32.9,37.84,37.65,measured,experiments/ts_predictor_r8/R8_24_JVET-hhi.xlsm,Test!B288:E288,scripts/JVET-hhi.xlsm,Reference!B288:E288,pass,pass,Test,True
r8,R8-24,R8_MODE=24,LB,PartyScene,C,22,6341.8096,38.4838,41.0541,41.7555,6341.8096,38.4838,41.0541,41.7555,anchor_imputed,experiments/ts_predictor_r8/R8_24_JVET-hhi.xlsm,Test!B293:E293,scripts/JVET-hhi.xlsm,Reference!B293:E293,pass,,Current Reference,False
r8,R8-24,R8_MODE=24,LB,PartyScene,C,27,2575.0336,34.5251,38.2017,38.6948,2575.5696,34.5293,38.2257,38.7211,measured,experiments/ts_predictor_r8/R8_24_JVET-hhi.xlsm,Test!B294:E294,scripts/JVET-hhi.xlsm,Reference!B294:E294,pass,pass,Test,True
r8,R8-24,R8_MODE=24,LB,PartyScene,C,32,1156.0592,31.13,36.29,36.6843,1153.0368,31.1244,36.3205,36.6874,measured,experiments/ts_predictor_r8/R8_24_JVET-hhi.xlsm,Test!B295:E295,scripts/JVET-hhi.xlsm,Reference!B295:E295,pass,pass,Test,True
r8,R8-24,R8_MODE=24,LB,PartyScene,C,37,527.608,28.1683,34.8517,35.0471,527.7232,28.1839,34.8302,35.0226,measured,experiments/ts_predictor_r8/R8_24_JVET-hhi.xlsm,Test!B296:E296,scripts/JVET-hhi.xlsm,Reference!B296:E296,pass,pass,Test,True
r8,R8-24,R8_MODE=24,LB,RaceHorsesC,C,22,5398.0304,39.3018,40.3587,42.0068,5399.0224,39.3019,40.3574,41.9995,measured,experiments/ts_predictor_r8/R8_24_JVET-hhi.xlsm,Test!B297:E297,scripts/JVET-hhi.xlsm,Reference!B297:E297,pass,pass,Test,True
r8,R8-24,R8_MODE=24,LB,RaceHorsesC,C,27,1706.0992,34.8097,37.4534,39.5148,1705.8112,34.813,37.4475,39.5122,measured,experiments/ts_predictor_r8/R8_24_JVET-hhi.xlsm,Test!B298:E298,scripts/JVET-hhi.xlsm,Reference!B298:E298,pass,pass,Test,True
r8,R8-24,R8_MODE=24,LB,RaceHorsesC,C,32,714.984,31.5148,36.0945,38.1384,714.0928,31.5162,36.1073,38.1482,measured,experiments/ts_predictor_r8/R8_24_JVET-hhi.xlsm,Test!B299:E299,scripts/JVET-hhi.xlsm,Reference!B299:E299,pass,pass,Test,True
r8,R8-24,R8_MODE=24,LB,RaceHorsesC,C,37,312.168,28.7028,35.0027,36.6115,312.0128,28.7013,34.9902,36.59,measured,experiments/ts_predictor_r8/R8_24_JVET-hhi.xlsm,Test!B300:E300,scripts/JVET-hhi.xlsm,Reference!B300:E300,pass,pass,Test,True
r8,R8-24,R8_MODE=24,LB,FourPeople,E,22,1685.5504,42.9908,47.2235,48.461,1685.9472,42.9897,47.2436,48.477,measured,experiments/ts_predictor_r8/R8_24_JVET-hhi.xlsm,Test!B317:E317,scripts/JVET-hhi.xlsm,Reference!B317:E317,pass,pass,Test,True
r8,R8-24,R8_MODE=24,LB,FourPeople,E,27,664.9296,40.8802,45.518,46.54,665.3488,40.8867,45.5316,46.5699,measured,experiments/ts_predictor_r8/R8_24_JVET-hhi.xlsm,Test!B318:E318,scripts/JVET-hhi.xlsm,Reference!B318:E318,pass,pass,Test,True
r8,R8-24,R8_MODE=24,LB,FourPeople,E,32,337.3088,38.4731,43.6085,44.428,338.44,38.4686,43.6089,44.4513,measured,experiments/ts_predictor_r8/R8_24_JVET-hhi.xlsm,Test!B319:E319,scripts/JVET-hhi.xlsm,Reference!B319:E319,pass,pass,Test,True
r8,R8-24,R8_MODE=24,LB,FourPeople,E,37,184.6192,35.7811,41.9541,42.755,184.4768,35.7808,42.0182,42.6791,measured,experiments/ts_predictor_r8/R8_24_JVET-hhi.xlsm,Test!B320:E320,scripts/JVET-hhi.xlsm,Reference!B320:E320,pass,pass,Test,True
r8,R8-24,R8_MODE=24,LB,Johnny,E,22,1126.2976,43.2242,48.6858,49.364,1127.856,43.2283,48.6944,49.3652,measured,experiments/ts_predictor_r8/R8_24_JVET-hhi.xlsm,Test!B321:E321,scripts/JVET-hhi.xlsm,Reference!B321:E321,pass,pass,Test,True
r8,R8-24,R8_MODE=24,LB,Johnny,E,27,344.3824,41.7407,47.4669,47.9865,345.6512,41.7369,47.4686,47.9792,measured,experiments/ts_predictor_r8/R8_24_JVET-hhi.xlsm,Test!B322:E322,scripts/JVET-hhi.xlsm,Reference!B322:E322,pass,pass,Test,True
r8,R8-24,R8_MODE=24,LB,Johnny,E,32,160.3824,39.9417,45.7831,46.1682,160.3808,39.9437,45.7244,46.1446,measured,experiments/ts_predictor_r8/R8_24_JVET-hhi.xlsm,Test!B323:E323,scripts/JVET-hhi.xlsm,Reference!B323:E323,pass,pass,Test,True
r8,R8-24,R8_MODE=24,LB,Johnny,E,37,88.1696,37.8163,44.145,44.5517,88.008,37.7954,44.1512,44.5268,measured,experiments/ts_predictor_r8/R8_24_JVET-hhi.xlsm,Test!B324:E324,scripts/JVET-hhi.xlsm,Reference!B324:E324,pass,pass,Test,True
r8,R8-24,R8_MODE=24,LB,KristenAndSara,E,22,1361.2064,43.684,47.9585,48.9689,1355.416,43.6866,47.9715,48.9357,measured,experiments/ts_predictor_r8/R8_24_JVET-hhi.xlsm,Test!B325:E325,scripts/JVET-hhi.xlsm,Reference!B325:E325,pass,pass,Test,True
r8,R8-24,R8_MODE=24,LB,KristenAndSara,E,27,497.352,41.8047,46.4641,47.22,497.8176,41.809,46.4353,47.2563,measured,experiments/ts_predictor_r8/R8_24_JVET-hhi.xlsm,Test!B326:E326,scripts/JVET-hhi.xlsm,Reference!B326:E326,pass,pass,Test,True
r8,R8-24,R8_MODE=24,LB,KristenAndSara,E,32,231.728,39.6272,44.7389,45.3238,232.5744,39.6351,44.7463,45.2687,measured,experiments/ts_predictor_r8/R8_24_JVET-hhi.xlsm,Test!B327:E327,scripts/JVET-hhi.xlsm,Reference!B327:E327,pass,pass,Test,True
r8,R8-24,R8_MODE=24,LB,KristenAndSara,E,37,123.4496,37.2139,43.0396,43.6902,122.9552,37.2034,43.0948,43.6628,measured,experiments/ts_predictor_r8/R8_24_JVET-hhi.xlsm,Test!B328:E328,scripts/JVET-hhi.xlsm,Reference!B328:E328,pass,pass,Test,True
