round,experiment,mode,configuration,sequence,class_name,measured_points,imputed_points,missing_points,bd_y_pct,bd_u_pct,bd_v_pct,bd_611_pct,calculation_error,y_overlap_low_db,y_overlap_high_db,u_overlap_low_db,u_overlap_high_db,v_overlap_low_db,v_overlap_high_db,max_vba_gap_pp,status
fixed,Fixed-NoPred,nopred,LB,BQTerrace,B,4,0,0,0.038234445862922795,-0.05356402126180771,-0.44537817675819236,-0.03369194035530791,,32.6664,38.2217,39.6412,42.9341,42.1495,45.3771,2.536929000207522e-13,complete
fixed,Fixed-NoPred,nopred,LB,BasketballDrive,B,4,0,0,-0.02409151918157736,0.9502354745123053,-0.037239607104737525,0.09605584403976296,,33.9919,39.5605,40.2613,44.2556,39.4392,45.5693,2.565725409908737e-13,complete
fixed,Fixed-NoPred,nopred,LB,Cactus,B,4,0,0,-0.006883572799829706,-1.2601829314380424,-0.5302609432763075,-0.228968163939166,,32.6939,38.6743,37.46,40.1785,38.6011,43.8542,1.6447867373647895e-13,complete
fixed,Fixed-NoPred,nopred,LB,MarketPlace,B,4,0,0,-0.00014841780963625788,0.45425882548935437,0.2215496149861801,0.08436474170221461,,34.8411,40.586,40.9802,44.4432,41.0612,45.0538,1.0758061108617767e-13,complete
fixed,Fixed-NoPred,nopred,LB,RitualDance,B,4,0,0,-0.11675881865896216,0.13174244040054237,0.39934017453963544,-0.021183787126699397,,35.5459,44.8467,42.3424,48.0447,42.0771,48.5713,1.396660564978447e-13,complete
fixed,Fixed-NoPred,nopred,LB,BQMall,C,4,0,0,0.04623158929470483,-0.29930026653954567,0.6173374305006981,0.07442833746617267,,31.7048,40.0824,38.2109,43.4565,38.149,44.5243,1.546540673302843e-13,complete
fixed,Fixed-NoPred,nopred,LB,BasketballDrill,C,4,0,0,-0.25636619235078045,0.4552685088175622,-0.24918297103537188,-0.16651395204031155,,32.9111,41.5883,37.8066,43.817,37.6842,44.8196,2.2326585025211898e-13,complete
fixed,Fixed-NoPred,nopred,LB,PartyScene,C,4,0,0,-0.19554057375949335,-0.9854280485628043,-0.7195326927607346,-0.3597755229850624,,28.1695,38.4838,34.8517,41.0541,35.0471,41.7499,8.204548151979907e-14,complete
fixed,Fixed-NoPred,nopred,LB,RaceHorsesC,C,4,0,0,-0.021955154124776097,0.02605695051009367,-0.12701615740726657,-0.029086266455728683,,28.7028,39.2989,35.0027,40.3587,36.6115,42.0068,2.288585987386682e-13,complete
fixed,Fixed-NoPred,nopred,LB,FourPeople,E,4,0,0,0.12703167322730868,0.5023310292561087,-0.313475160181618,0.11888073855479286,,35.7844,42.9908,41.9779,47.2232,42.755,48.461,1.6475709685437323e-13,complete
fixed,Fixed-NoPred,nopred,LB,Johnny,E,4,0,0,0.05980911749436557,-1.0296181437217256,0.6205307703387066,-0.006279083552103187,,37.8271,43.2242,44.1705,48.6858,44.5517,49.364,1.3700152123874432e-13,complete
fixed,Fixed-NoPred,nopred,LB,KristenAndSara,E,4,0,0,-0.1109347060856753,0.9683776331373468,-0.532251520963311,-0.02868526554250199,,37.2139,43.684,43.0948,47.9585,43.6902,48.9452,4.3798298321462426e-14,complete
fixed,Fixed-NoPred,nopred,RA,BQMall,C,4,0,0,-0.011488581075195438,0.11182138156269014,0.010963560848162076,0.006731681994959949,,33.7937,40.9965,39.6462,44.8773,40.4024,46.7584,1.635323820803336e-13,complete
fixed,Fixed-NoPred,nopred,RA,BasketballDrill,C,4,0,0,0.03329461099248514,0.01294638677020521,-0.12726102820316798,0.010681628065243507,,33.7432,42.2519,38.4434,44.5569,38.4108,45.531,9.092726571680032e-14,complete
fixed,Fixed-NoPred,nopred,RA,PartyScene,C,4,0,0,0.022317288866921435,-0.15802350539187393,-0.08926115517765672,-0.014172615921000256,,30.5695,39.4735,36.6227,43.0919,37.2499,44.3991,9.481304630298837e-14,complete
fixed,Fixed-NoPred,nopred,RA,RaceHorsesC,C,4,0,0,0.03354430269149661,-0.12176032084197923,0.2049130791937868,0.0355523218125984,,31.2936,39.4567,35.9727,41.8455,37.9088,43.4905,7.764622278472189e-14,complete
fixed,Fixed-NoPred,nopred,RA,BQSquare,D,4,0,0,-0.10529930369568628,-0.9968899209531331,-0.0981179105058079,-0.21585045670413233,,31.3658,39.2453,39.2371,45.3506,40.3563,46.8748,1.255523462972974e-13,complete
fixed,Fixed-NoPred,nopred,RA,BasketballPass,D,4,0,0,0.060005005468693216,0.1651356537312446,0.43644459964381854,0.1202012857734028,,31.8004,41.8751,38.2699,45.132,36.3479,44.0554,8.137934770502397e-14,complete
fixed,Fixed-NoPred,nopred,RA,BlowingBubbles,D,4,0,0,-0.019420997512076585,0.30762728510032,-0.2951139035085792,-0.013001575435089837,,30.5604,39.1631,35.937,42.7247,36.6135,44.1526,7.803480084334069e-14,complete
fixed,Fixed-NoPred,nopred,RA,RaceHorses,D,4,0,0,0.06468959537430377,-0.33569339440297813,-0.025654782989567533,0.0033486743566596205,,30.4066,40.2281,35.4267,42.1574,36.5301,43.3657,1.2492784584594574e-13,complete
fixed,Fixed-Gradient,gradient,LB,BQMall,C,4,0,0,0.12946064814853678,0.569760030548018,1.0659559871694166,0.30155998832608194,,31.7048,40.0829,38.2104,43.4565,38.1811,44.5201,3.205213872092827e-13,complete
fixed,Fixed-Gradient,gradient,LB,BasketballDrill,C,4,0,0,0.12416068284371701,0.2979895446514144,-0.25266430554413716,0.09878616702119741,,32.8923,41.5879,37.8066,43.8319,37.6458,44.8196,1.1773915176149785e-13,complete
fixed,Fixed-Gradient,gradient,LB,PartyScene,C,4,0,0,-0.10816508545970478,-0.8939228012605478,-0.9238356971057169,-0.3083436263905617,,28.176,38.483,34.8517,41.0541,35.0471,41.7442,6.121492202026957e-14,complete
fixed,Fixed-Gradient,gradient,LB,RaceHorsesC,C,4,0,0,-0.014356965760582284,-0.0730967017957753,-0.2835886616440209,-0.05535339475041124,,28.7028,39.3018,35.0061,40.3587,36.6115,42.0068,2.3668567106227556e-13,complete
fixed,Fixed-Gradient,gradient,LB,FourPeople,E,4,0,0,0.26286176518308324,-0.518489605571226,0.282069205895029,0.1675937739277878,,35.7866,42.9904,41.9807,47.2235,42.755,48.461,1.8895995879120164e-13,complete
fixed,Fixed-Gradient,gradient,LB,Johnny,E,4,0,0,0.42091209601827106,1.136636918594264,0.6636832881924206,0.5407240978620389,,37.8163,43.2242,44.145,48.6769,44.5517,49.3441,2.418065747633591e-13,complete
fixed,Fixed-Gradient,gradient,LB,KristenAndSara,E,4,0,0,-0.1754336384986633,0.14995318474706298,-0.31809168514968295,-0.15259254142432496,,37.2194,43.684,43.0396,47.9585,43.6902,48.9269,2.2026824808563106e-13,complete
fixed,Fixed-Gradient,gradient,RA,BQMall,C,4,0,0,0.02473439777440517,-0.0853227351220833,-0.16354888484185995,-0.012558154164689028,,33.7937,40.9965,39.6462,44.8842,40.4025,46.7596,1.209587985329108e-13,complete
fixed,Fixed-Gradient,gradient,RA,BasketballDrill,C,4,0,0,0.037865158521019154,0.030321681752948658,-0.37354822549750916,-0.0145044490773057,,33.7377,42.2507,38.4351,44.5524,38.4123,45.537,1.1399214905338795e-13,complete
fixed,Fixed-Gradient,gradient,RA,PartyScene,C,4,0,0,0.08807669763805707,0.0017375419327459647,0.20585982049274618,0.09200719353172933,,30.572,39.4719,36.6063,43.0883,37.2499,44.4053,1.1349254869230663e-13,complete
fixed,Fixed-Gradient,gradient,RA,RaceHorsesC,C,4,0,0,0.11006237227423946,-0.19270244832618097,0.14976653361236564,0.07717978986645269,,31.2867,39.4571,35.9711,41.8455,37.9088,43.4905,2.2667978605284134e-13,complete
fixed,Fixed-Gradient,gradient,RA,BQSquare,D,4,0,0,-0.10901675139205241,-0.5361177213317151,0.23379837820668337,-0.11955248143466828,,31.3765,39.2431,39.25,45.3407,40.3563,46.8792,1.2112533198660458e-13,complete
fixed,Fixed-Gradient,gradient,RA,BasketballPass,D,4,0,0,0.07322474123124338,0.36155691375014615,0.2318869353743605,0.12909903706399586,,31.8004,41.8751,38.2699,45.132,36.3386,44.0554,8.54316617449058e-14,complete
fixed,Fixed-Gradient,gradient,RA,BlowingBubbles,D,4,0,0,0.07731201966538696,0.2714225797333691,0.13349914820211006,0.10859923074097512,,30.557,39.1634,35.937,42.7247,36.6157,44.1553,1.5509815654013437e-13,complete
fixed,Fixed-Gradient,gradient,RA,RaceHorses,D,4,0,0,0.00862161702411722,0.1714962476586883,0.30209024198078505,0.06566452397302208,,30.4066,40.2281,35.386,42.1574,36.5292,43.3657,1.8772483567630616e-13,complete
fixed,Fixed-Directional,directional,LB,BQTerrace,B,4,0,0,0.012535477515979667,0.81216348324895,-0.14190511365281516,0.09318390433650162,,32.6693,38.2232,39.6305,42.9337,42.1495,45.3718,2.0488992447109666e-13,complete
fixed,Fixed-Directional,directional,LB,BasketballDrive,B,4,0,0,-0.015246463312384249,0.15448676623744564,-0.2504506759216179,-0.02343033619480972,,33.9982,39.5604,40.2568,44.2584,39.4493,45.5693,2.5054611163533025e-13,complete
fixed,Fixed-Directional,directional,LB,Cactus,B,4,0,0,-0.03882660526943663,-1.5421777733961095,-0.6754144511967589,-0.306318982026186,,32.6939,38.6742,37.4452,40.1805,38.5701,43.8542,2.228980888752119e-13,complete
fixed,Fixed-Directional,directional,LB,MarketPlace,B,4,0,0,-0.009476150947757342,-0.14569890690821652,0.30347934828912576,0.012615441961795648,,34.8411,40.5867,40.9802,44.4432,41.0776,45.0589,1.2801738835666043e-13,complete
fixed,Fixed-Directional,directional,LB,RitualDance,B,4,0,0,-0.0023437466678481894,0.24633644924582518,0.1821509873687985,0.05180311957594182,,35.5456,44.8466,42.3424,48.0392,42.0568,48.5713,8.25888836486488e-14,complete
fixed,Fixed-Directional,directional,LB,BQMall,C,4,0,0,0.09053109397041233,0.08046652851123681,0.3458061548340892,0.12118240589597501,,31.7048,40.0806,38.2039,43.4565,38.149,44.5287,1.9356738434339604e-13,complete
fixed,Fixed-Directional,directional,LB,BasketballDrill,C,4,0,0,-0.17701066360728998,-0.6352896148539552,-0.3514234304613121,-0.25609712836987586,,32.8939,41.5841,37.8663,43.8272,37.7071,44.8196,1.291189377639057e-13,complete
fixed,Fixed-Directional,directional,LB,PartyScene,C,4,0,0,-0.13844902511840113,-0.5938763161794798,-0.944282964471815,-0.2961066789202127,,28.1683,38.4818,34.8517,41.0541,35.0514,41.7457,1.7363888105137448e-13,complete
fixed,Fixed-Directional,directional,LB,RaceHorsesC,C,4,0,0,-0.10713753521082736,0.19607455019660683,0.09906246927606904,-0.04346102397403604,,28.7075,39.3004,35.0027,40.358,36.6115,41.9973,2.0550228185811648e-13,complete
fixed,Fixed-Directional,directional,LB,FourPeople,E,4,0,0,0.3099998003224344,-0.46035219672131095,0.24829172482161302,0.20599229125436355,,35.7883,42.9901,41.9541,47.22,42.755,48.461,6.98885394001536e-14,complete
fixed,Fixed-Directional,directional,LB,Johnny,E,4,0,0,-0.08942105286298496,-0.12869210819433444,-0.2210574365223889,-0.11078448273682914,,37.8163,43.2242,44.2068,48.6858,44.5517,49.364,1.8129941992128806e-13,complete
fixed,Fixed-Directional,directional,LB,KristenAndSara,E,4,0,0,0.001934729989316418,1.8903559385055484,-0.918342370662746,0.12295274347233762,,37.2246,43.684,43.0396,47.9585,43.698,48.9421,1.9806378759312793e-13,complete
fixed,Fixed-Directional,directional,RA,BQMall,C,4,0,0,0.021663131826415116,0.03956255759507719,-0.3042565154567612,-0.016839395862899165,,33.7938,40.9965,39.6462,44.8791,40.4265,46.7552,1.5840800893229812e-13,complete
fixed,Fixed-Directional,directional,RA,BasketballDrill,C,4,0,0,0.09102620535564608,0.08983555981545599,-0.3450542048490315,0.03636732338753762,,33.7423,42.2519,38.4314,44.5514,38.4108,45.5359,1.3489209749195652e-13,complete
fixed,Fixed-Directional,directional,RA,PartyScene,C,4,0,0,0.008960867925904904,0.009676936952317642,0.09932510393854754,0.020345906055786823,,30.5691,39.4735,36.6063,43.0827,37.2571,44.3955,2.0994664340356906e-13,complete
fixed,Fixed-Directional,directional,RA,RaceHorsesC,C,4,0,0,0.036016411893335785,-0.2795433303529912,0.0805746806232854,0.0021412277037886097,,31.2915,39.4571,35.9701,41.8455,37.9088,43.4905,1.3875012250252894e-13,complete
fixed,Fixed-Directional,directional,RA,BQSquare,D,4,0,0,-0.024003408297807793,-1.712898889988745,-0.15262168313495306,-0.2511926278638181,,31.3822,39.2406,39.2848,45.3374,40.4584,46.8651,2.173920765624615e-13,complete
fixed,Fixed-Directional,directional,RA,BasketballPass,D,4,0,0,0.07895370010503201,0.5065357112011766,0.5117220192551559,0.18649749138581556,,31.8022,41.8744,38.2699,45.1256,36.3386,44.0554,9.860168237452172e-14,complete
fixed,Fixed-Directional,directional,RA,BlowingBubbles,D,4,0,0,-0.0015480485073790405,0.04809578954519291,-0.027010236227566896,0.0014746577841689718,,30.5573,39.1634,35.937,42.7247,36.6135,44.145,1.7306295285735018e-13,complete
fixed,Fixed-Directional,directional,RA,RaceHorses,D,4,0,0,-0.03520879724471647,0.24478659533748842,0.3392319769463002,0.04659572360193623,,30.4066,40.2273,35.386,42.1574,36.544,43.3657,1.7354173653671978e-13,complete
conditional,N1,q32,LB,BQMall,C,4,0,0,-0.01967676430995355,0.9969632402842911,0.8333504035421064,0.21403163224583452,,31.7048,40.0806,38.2039,43.4565,38.149,44.5287,7.038813976123492e-14,complete
conditional,N1,q32,LB,BasketballDrill,C,4,0,0,-0.12101940283556667,-0.1341034389141849,-0.7021657936920852,-0.19529820620245875,,32.88,41.5841,37.8066,43.8272,37.6458,44.8196,8.704148513061227e-14,complete
conditional,N1,q32,LB,PartyScene,C,4,0,0,-0.04677579491213774,-0.3165424152701756,-0.918201945330341,-0.1894248912591679,,28.1683,38.4818,34.8517,41.0541,35.0471,41.7457,3.1923769183705986e-13,complete
conditional,N1,q32,LB,RaceHorsesC,C,4,0,0,-0.050162702946604854,0.706444590621048,0.06313405917611796,0.05857530401469211,,28.7028,39.3004,35.0027,40.358,36.6115,41.9973,1.6690815396458447e-13,complete
conditional,N1,q32,LB,FourPeople,E,4,0,0,0.2798320180482375,-0.41159551854503773,0.03315540798678265,0.16256899971639624,,35.7811,42.9901,41.9541,47.22,42.755,48.461,2.1677104555806181e-13,complete
conditional,N1,q32,LB,Johnny,E,4,0,0,0.04359546416414568,0.4425791039871401,-0.4531445784835034,0.031375913811063846,,37.8163,43.2242,44.145,48.6858,44.5517,49.364,1.1468603844377867e-13,complete
conditional,N1,q32,LB,KristenAndSara,E,4,0,0,0.022845786897073787,1.6332269554743248,-0.7209760064547913,0.13116570880024703,,37.2139,43.684,43.0396,47.9585,43.6902,48.9421,1.3744561044859438e-13,complete
conditional,N2,conf2,LB,BQMall,C,4,0,0,0.14619044536167683,0.7482644815652142,1.1328000383793686,0.3447758990143305,,31.7095,40.0848,38.2288,43.4482,38.1592,44.5228,1.163513729807164e-13,complete
conditional,N2,conf2,LB,BasketballDrill,C,4,0,0,-0.29054739111701855,0.22387951251993765,0.0067851421140399295,-0.18907746150851673,,32.9075,41.5805,37.8066,43.8029,37.6458,44.8196,1.155742168634788e-13,complete
conditional,N2,conf2,LB,PartyScene,C,4,0,0,-0.0746819218241239,-0.7287866863100504,-1.1546203066544842,-0.29143731548865975,,28.1683,38.4828,34.8517,41.0541,35.064,41.7531,3.1241675912951905e-13,complete
conditional,N2,conf2,LB,RaceHorsesC,C,4,0,0,0.006526649266335834,-0.12417874942089079,0.11085279214943633,0.0032292422908200696,,28.7028,39.3018,35.0285,40.3587,36.6115,42.0064,1.9050039323786905e-13,complete
conditional,N2,conf2,LB,FourPeople,E,4,0,0,0.1923704487306333,0.17381415162553568,0.36083191806411963,0.2111085952591819,,35.7883,42.9901,41.9541,47.22,42.755,48.461,6.111777750561487e-14,complete
conditional,N2,conf2,LB,Johnny,E,4,0,0,0.11368054928276908,0.23654919054012313,-0.07335088147969403,0.10566020059463045,,37.8163,43.2242,44.2068,48.6858,44.5517,49.3635,1.8826606940081092e-13,complete
conditional,N2,conf2,LB,KristenAndSara,E,4,0,0,-0.20821859276581242,2.5140366297322503,-0.2861022277495816,0.12232785567347428,,37.2246,43.684,43.0396,47.9585,43.698,48.954,5.895284260759581e-14,complete
conditional,A1,prev,LB,BQMall,C,4,0,0,-0.06455084214501161,0.8288638029021048,0.15672019930351955,0.07478486866694434,,31.7048,40.0845,38.2039,43.4553,38.149,44.5167,1.5287771049088406e-13,complete
conditional,A1,prev,LB,BasketballDrill,C,4,0,0,0.03142133814632459,0.19562594159731353,-0.1852373827630255,0.02486457346402945,,32.88,41.5883,37.8066,43.8291,37.6458,44.8196,1.104949465258187e-13,complete
conditional,A1,prev,LB,PartyScene,C,3,1,0,-0.09912640129961271,-0.598749664641211,-0.7971969350240046,-0.24883812593286148,,28.1721,38.4838,34.8522,41.0541,35.0556,41.7555,1.979527652906654e-13,imputed
conditional,A1,prev,LB,RaceHorsesC,C,4,0,0,-0.06507983037337951,0.09475240048473149,0.556112823443249,0.03254828021096292,,28.7028,39.2976,35.0027,40.3587,36.6115,42.0064,2.063904602778166e-13,complete
conditional,A1,prev,LB,FourPeople,E,4,0,0,-0.010401198655044916,0.18010102483566598,-0.5393893649873295,-0.052711941510241625,,35.7811,42.9908,41.9541,47.2235,42.755,48.461,1.3222756223285614e-13,complete
conditional,A1,prev,LB,Johnny,E,4,0,0,-0.020156295802521353,0.6187778527332178,0.2655005573598537,0.09541757940974292,,37.8163,43.2242,44.145,48.6858,44.5517,49.3581,1.564651186392041e-13,complete
conditional,A1,prev,LB,KristenAndSara,E,4,0,0,-0.05261435316570969,-0.2506083867025696,0.17649555000499134,-0.048724869461479546,,37.2139,43.684,43.0396,47.9585,43.6902,48.9447,7.321920847402907e-14,complete
conditional,A2,ewma,LB,BQMall,C,3,1,0,0.07673780005376277,0.36734062465922973,0.5068133127879263,0.1668225922212166,,31.7048,40.0864,38.2039,43.4565,38.149,44.5287,2.639000129533997e-13,imputed
conditional,A2,ewma,LB,BasketballDrill,C,4,0,0,0.07550524956936798,0.03450460031273181,0.06568922722705701,0.0691531656194996,,32.88,41.5817,37.8066,43.831,37.6458,44.8196,1.9322043964820068e-13,complete
conditional,A2,ewma,LB,PartyScene,C,3,1,0,-0.08534688262650708,-1.0216928689673141,-1.1849251086120889,-0.3398374091673057,,28.1683,38.4838,34.8517,41.0541,35.0471,41.7555,3.839706330666104e-13,imputed
conditional,A2,ewma,LB,RaceHorsesC,C,4,0,0,-0.0644521664827998,0.13806592191449127,0.36768899767083285,0.014880240086065661,,28.7036,39.298,35.0153,40.3587,36.6115,42.0068,1.7896795156957523e-13,complete
conditional,A2,ewma,LB,FourPeople,E,3,1,0,-0.010401198655044916,0.18010102483566598,-0.5393893649873295,-0.052711941510241625,,35.7811,42.9908,41.9541,47.2235,42.755,48.461,1.3222756223285614e-13,imputed
conditional,A2,ewma,LB,Johnny,E,4,0,0,-0.013656757756013176,0.324515174315494,0.4698458567535964,0.08905256056662642,,37.8163,43.2242,44.145,48.6821,44.5684,49.3372,1.4878549781105477e-13,complete
conditional,A2,ewma,LB,KristenAndSara,E,4,0,0,-0.00012141129339692634,-0.1628286937907355,0.29195256587530366,0.016049425540523327,,37.2139,43.684,43.0396,47.9585,43.6902,48.9409,2.9359847886212265e-13,complete
conditional,A3,q32_ewma,LB,BQMall,C,3,1,0,0.037338183335273466,0.2808305825701113,0.9239208003633939,0.17859756036814323,,31.7048,40.0864,38.2039,43.4565,38.149,44.5287,2.681188604469753e-13,imputed
conditional,A3,q32_ewma,LB,BasketballDrill,C,4,0,0,0.14078211180419076,-0.2638817381828516,-0.04239716078378865,0.06730172148231305,,32.88,41.5817,37.8066,43.831,37.6458,44.8196,1.7080781233858033e-13,complete
conditional,A3,q32_ewma,LB,PartyScene,C,2,1,1,,,,,,,,,,,,,incomplete
conditional,A3,q32_ewma,LB,RaceHorsesC,C,4,0,0,-0.06918603909673678,-0.07210037323522225,-0.25970667156865646,-0.09336540992303742,,28.7028,39.298,35.0027,40.3587,36.6115,42.0068,6.283862319378386e-14,complete
conditional,A3,q32_ewma,LB,FourPeople,E,3,1,0,-0.010401198655044916,0.18010102483566598,-0.5393893649873295,-0.052711941510241625,,35.7811,42.9908,41.9541,47.2235,42.755,48.461,1.3222756223285614e-13,imputed
conditional,A3,q32_ewma,LB,Johnny,E,3,1,0,-0.07292045819301468,0.5177440308034071,0.18776112709134077,0.033497801092082474,,37.8163,43.2242,44.145,48.6858,44.5517,49.364,2.2132295995902496e-13,imputed
conditional,A3,q32_ewma,LB,KristenAndSara,E,3,1,0,0.0,0.0,0.0,0.0,,37.2139,43.684,43.0396,47.9585,43.6902,48.9689,0.0,imputed
r2,R2-1,r2_modal,LB,BQMall,C,4,0,0,0.07312747393347589,0.6494571625001418,0.5534889737955436,0.20521387248706757,,31.7048,40.0832,38.2039,43.4565,38.149,44.5172,2.2459811788166917e-13,complete
r2,R2-1,r2_modal,LB,BasketballDrill,C,4,0,0,0.14767053104602462,0.6287282632840585,-0.09085141644306027,0.17798750413964326,,32.8922,41.5883,37.8066,43.8314,37.6856,44.8164,2.619571226603057e-13,complete
r2,R2-1,r2_modal,LB,PartyScene,C,4,0,0,-0.043688097254249554,-0.2930060705229348,-1.118936866952211,-0.2092589401250804,,28.1732,38.482,34.8517,41.0541,35.0471,41.7526,1.85566839672191e-13,complete
r2,R2-1,r2_modal,LB,RaceHorsesC,C,4,0,0,-0.02870295206272635,0.10179311669405089,-0.8047087005011153,-0.10939166202292781,,28.7028,39.2965,35.0027,40.3587,36.6115,42.0068,1.574296248918472e-13,complete
r2,R2-1,r2_modal,LB,FourPeople,E,4,0,0,0.031738673574329065,-1.1896354210919995,-1.2989269696241614,-0.2872662936587733,,35.7903,42.9908,41.9954,47.2108,42.7886,48.461,6.905587213168474e-14,complete
r2,R2-1,r2_modal,LB,Johnny,E,4,0,0,0.142398361726234,0.3028668111771536,1.915005348261746,0.38403279122453793,,37.8163,43.2242,44.1512,48.6858,44.5517,49.3592,8.454348332520567e-14,complete
r2,R2-1,r2_modal,LB,KristenAndSara,E,4,0,0,-0.0015608605087836039,2.7711938666903158,-0.2111808481224559,0.3188309819393948,,37.2195,43.684,43.0396,47.9585,43.6902,48.9578,2.1710411246544936e-13,complete
r2,R2-2,r2_risk,LB,BQMall,C,4,0,0,0.1967125893904877,0.8620352435148373,-0.17903089769926,0.2329099852698129,,31.7048,40.0841,38.2039,43.4558,38.1751,44.519,7.638334409421077e-14,complete
r2,R2-2,r2_risk,LB,BasketballDrill,C,4,0,0,0.09508767951872554,0.6686623941658791,-0.5338489150698181,0.08816744452605178,,32.8949,41.5883,37.8066,43.8425,37.6826,44.8196,1.9606538614880265e-13,complete
r2,R2-2,r2_risk,LB,PartyScene,C,4,0,0,-0.10640218626735012,-0.824665713488072,-0.8037137785319651,-0.28334907620301725,,28.1701,38.4838,34.8517,41.0541,35.0471,41.7552,4.2318926141149404e-13,complete
r2,R2-2,r2_risk,LB,RaceHorsesC,C,4,0,0,-0.05434162187570334,0.5337211380604543,0.22384089953621467,0.053939038292806114,,28.7028,39.3018,35.0027,40.3587,36.6115,42.0068,2.844391389089651e-13,complete
r2,R2-2,r2_risk,LB,FourPeople,E,4,0,0,0.04226779535437797,-1.1267881035031795,-0.7594808792870229,-0.20408277633299182,,35.7903,42.9901,41.9954,47.2191,42.7886,48.461,1.2279066652354231e-13,complete
r2,R2-2,r2_risk,LB,Johnny,E,4,0,0,-0.07945373780656331,0.578222481234958,0.6194156435604509,0.09011446224450362,,37.8163,43.2242,44.1512,48.6858,44.5517,49.364,1.553202011450594e-13,complete
r2,R2-2,r2_risk,LB,KristenAndSara,E,4,0,0,-0.37212247587933156,2.079222099540213,-1.5549242958694358,-0.2135546314506515,,37.2195,43.684,43.0396,47.9585,43.6902,48.9319,1.7852386235972517e-13,complete
r2,R2-3,r2_cn_log,LB,BQMall,C,4,0,0,0.14330090281677235,0.8876260015695895,1.005531799644766,0.3441204022643737,,31.7048,40.0834,38.2555,43.4565,38.2251,44.5229,1.839361996047728e-13,complete
r2,R2-3,r2_cn_log,LB,BasketballDrill,C,4,0,0,-0.2546311483966649,-0.33025773177406675,-0.4615802810445324,-0.28995311289982356,,32.8861,41.5878,37.8066,43.8283,37.6489,44.8196,1.0547118733938987e-13,complete
r2,R2-3,r2_cn_log,LB,PartyScene,C,4,0,0,-0.14612186612323805,-1.0260713544578222,-0.9324228936119492,-0.35440318060114995,,28.1683,38.4838,34.8517,41.0541,35.0631,41.7472,1.451339048941236e-13,complete
r2,R2-3,r2_cn_log,LB,RaceHorsesC,C,4,0,0,-0.032912916005076835,0.11046088032106677,0.03162466239314751,-0.00692399416453084,,28.7028,39.3018,35.0027,40.3587,36.6115,42.0062,6.06736882957648e-14,complete
r2,R2-3,r2_cn_log,LB,FourPeople,E,4,0,0,0.20619050471260306,-0.09031559158689383,-1.1728640918052793,-0.0032545818895693412,,35.7811,42.989,41.9541,47.2235,42.755,48.461,2.2004620348070603e-13,complete
r2,R2-3,r2_cn_log,LB,Johnny,E,4,0,0,0.021353984988836536,-0.493456770936211,1.239361468460929,0.10925357593221717,,37.8163,43.2242,44.145,48.6858,44.5517,49.3521,1.7777099237115124e-13,complete
r2,R2-3,r2_cn_log,LB,KristenAndSara,E,4,0,0,-0.11679513206649993,2.190143655801715,-0.5318647066945948,0.11968851958851508,,37.2139,43.684,43.0396,47.9585,43.6902,48.9556,2.099431739566171e-13,complete
r2,R2-4,r2_cn_frac,LB,BQMall,C,4,0,0,0.16160706429240632,0.28504640869743214,0.23175678328235622,0.18580569721677825,,31.7048,40.0824,38.2039,43.4556,38.1647,44.5247,1.1007861289158427e-13,complete
r2,R2-4,r2_cn_frac,LB,BasketballDrill,C,4,0,0,-0.29086620528031437,-0.6230993718924331,0.19573024137778905,-0.2715707952745663,,32.8861,41.5879,37.8066,43.8297,37.6489,44.8196,7.815970093361102e-14,complete
r2,R2-4,r2_cn_frac,LB,PartyScene,C,4,0,0,0.03499173190316331,-0.8641296244611286,-0.6102559672492692,-0.15805440003642723,,28.17,38.483,34.8786,41.0541,35.0926,41.7512,1.4090811850664409e-13,complete
r2,R2-4,r2_cn_frac,LB,RaceHorsesC,C,4,0,0,-0.011919095001499585,0.26191455340950043,-0.9025399802431644,-0.08901749960533269,,28.7028,39.3018,35.0027,40.3497,36.6353,41.9894,3.197442310920451e-13,complete
r2,R2-4,r2_cn_frac,LB,FourPeople,E,4,0,0,0.23773368221115032,-0.04925506820437652,-0.5427592697342384,0.10429846941603589,,35.8141,42.9903,42.0676,47.2214,42.755,48.4592,2.559064071760986e-13,complete
r2,R2-4,r2_cn_frac,LB,Johnny,E,4,0,0,0.003688875612324257,-0.5199227943550903,0.9219460514982566,0.05301956385213898,,37.8163,43.2242,44.145,48.6858,44.5517,49.364,1.155442928835182e-13,complete
r2,R2-4,r2_cn_frac,LB,KristenAndSara,E,4,0,0,-0.1351669358130076,1.6541613542349027,0.24365353097087944,0.13585165879096708,,37.2139,43.684,43.0396,47.9585,43.6902,48.9689,1.4249712521063884e-13,complete
r3,R3-1,r3_risk_guard,AI,BQTerrace,B,4,0,0,-0.017822119327421428,0.09481629766149004,-0.02549158577373081,-0.004701000509596168,,32.7775,42.8423,39.3159,43.3198,41.8146,45.3726,7.157469061880306e-14,complete
r3,R3-1,r3_risk_guard,AI,BasketballDrive,B,4,0,0,-0.013214107083518075,0.0567557636350437,0.0693964347966833,0.005858444491327318,,35.989,41.97,41.192,45.0932,41.2591,47.32,2.0343449147475212e-13,complete
r3,R3-1,r3_risk_guard,AI,Cactus,B,4,0,0,0.010670720302599787,0.004705575124547182,0.0058629261421205715,0.00932410288528331,,34.1209,41.3529,37.8979,41.7943,39.3305,45.1309,2.0548840407030866e-13,complete
r3,R3-1,r3_risk_guard,AI,MarketPlace,B,4,0,0,0.0007025714768701429,-0.0046581096562655884,0.026467129054863838,0.0032530560324773882,,35.6523,43.2663,40.795,45.755,41.3426,46.3871,1.9065044681854104e-13,complete
r3,R3-1,r3_risk_guard,AI,RitualDance,B,4,0,0,-0.0057873127469571265,0.0550724056442125,-0.07000481393061271,-0.006207035596017871,,37.9689,46.5826,43.2661,49.6856,43.2277,50.5469,1.393954396355923e-13,complete
r3,R3-1,r3_risk_guard,AI,BQMall,C,4,0,0,0.0006645180809411581,0.031630845460977115,0.17574649955330016,0.026420556687490528,,34.2973,42.7559,38.844,45.0116,39.7154,46.7771,1.7103679583740927e-13,complete
r3,R3-1,r3_risk_guard,AI,BasketballDrill,C,4,0,0,-7.052395574953159e-05,0.04191846062811311,0.010939441144658698,0.006554344754784327,,34.4182,43.1817,38.5735,45.1927,38.8563,46.5601,1.7430501486614958e-13,complete
r3,R3-1,r3_risk_guard,AI,PartyScene,C,4,0,0,-0.013014865710706801,-0.007895749083505496,-0.1604143005797266,-0.030799905490934115,,30.5607,42.1036,36.01,43.657,36.5849,44.7435,2.0972112935169207e-13,complete
r3,R3-1,r3_risk_guard,AI,RaceHorsesC,C,4,0,0,0.007213196359785436,-0.05062191028961117,-0.09543153762135874,-0.01284678371903216,,33.4709,43.476,36.5351,44.226,38.617,45.2037,1.9537843565231583e-13,complete
r3,R3-1,r3_risk_guard,AI,FourPeople,E,4,0,0,0.001996096851889384,-0.01175614680133534,-0.18937939857160707,-0.023644870532700764,,36.9214,44.7539,42.0652,48.1121,42.9925,49.3585,1.761507606445889e-13,complete
r3,R3-1,r3_risk_guard,AI,Johnny,E,4,0,0,-7.900631416777308e-06,0.05338105626363597,-0.12803199736270815,-0.009337293110946606,,38.4704,44.9154,44.0575,49.2736,44.4703,49.8795,7.873477870655628e-14,complete
r3,R3-1,r3_risk_guard,AI,KristenAndSara,E,4,0,0,-0.0019321173382171033,0.09058520001805191,-0.014042700982357206,0.00811872437579901,,38.237,45.3063,43.2885,48.6774,43.8455,49.5915,7.095712906135532e-14,complete
r3,R3-1,r3_risk_guard,LB,BQTerrace,B,4,0,0,0.04156516893536934,0.3397231900013617,-1.46789203222495,-0.10984722857642154,,32.6716,38.2232,39.6092,42.9341,42.1503,45.3832,1.7295886944879157e-13,complete
r3,R3-1,r3_risk_guard,LB,BasketballDrive,B,4,0,0,-0.026780914507452264,0.8311428480598286,-0.17961302110279745,0.0613555424890397,,33.9908,39.5601,40.2748,44.2584,39.4594,45.5693,1.56097357262297e-13,complete
r3,R3-1,r3_risk_guard,LB,Cactus,B,4,0,0,0.041490148832589224,-0.7974861026841744,-0.8473732930471992,-0.17448981284197979,,32.6951,38.6744,37.4356,40.1771,38.567,43.8569,1.0996759058912176e-13,complete
r3,R3-1,r3_risk_guard,LB,MarketPlace,B,4,0,0,0.0181649811159769,-0.011134575590452228,0.011053527281320086,0.013613604798341157,,34.8411,40.5861,40.9802,44.4422,41.0572,45.0556,1.3560853828753494e-13,complete
r3,R3-1,r3_risk_guard,LB,RitualDance,B,4,0,0,-0.060895682717596815,-0.18803000586455654,0.20248432773727187,-0.0438649718041082,,35.5514,44.845,42.3424,48.0447,42.0659,48.5713,1.13464793116691e-13,complete
r3,R3-1,r3_risk_guard,LB,BQMall,C,4,0,0,-0.00768317161308614,0.03120238624333915,0.1614276811170151,0.018316379710229678,,31.7048,40.0827,38.2493,43.4481,38.2125,44.5175,1.9373391779708982e-13,complete
r3,R3-1,r3_risk_guard,LB,BasketballDrill,C,4,0,0,-0.14060401361263994,0.13269116539985099,-0.2643105276026053,-0.12190543048482423,,32.8837,41.5883,37.8547,43.8253,37.6458,44.8196,1.833533325168446e-13,complete
r3,R3-1,r3_risk_guard,LB,PartyScene,C,4,0,0,-0.11177411026846194,-1.592872690091312,-1.4884001642980922,-0.46898968950002196,,28.1683,38.4838,34.876,41.0541,35.0471,41.7473,1.0792755578137303e-13,complete
r3,R3-1,r3_risk_guard,LB,RaceHorsesC,C,4,0,0,-0.05741620719031358,0.11097362874820359,0.24435145407584336,0.001353479960270687,,28.7028,39.2971,35.0027,40.3587,36.6294,42.0068,1.1958489753993717e-13,complete
r3,R3-1,r3_risk_guard,LB,FourPeople,E,4,0,0,0.02249699686657326,-0.1754936561011945,-0.6195858402612276,-0.08251218939537283,,35.7811,42.9905,41.9541,47.2235,42.755,48.461,1.333377852574813e-13,complete
r3,R3-1,r3_risk_guard,LB,Johnny,E,4,0,0,-0.07895083176243138,-0.062004722862942896,-0.5737602232648324,-0.13868374208779544,,37.8163,43.2242,44.1691,48.6858,44.5637,49.364,1.6919798895287386e-13,complete
r3,R3-1,r3_risk_guard,LB,KristenAndSara,E,4,0,0,-0.025885225929304295,0.8388929774052385,0.4316788476855983,0.13940755868937638,,37.2139,43.684,43.0396,47.9585,43.6902,48.9511,2.0305979120394113e-13,complete
r3,R3-1,r3_risk_guard,RA,BQTerrace,B,4,0,0,-0.006283712107590509,-0.2787178762721208,-0.6465653554982074,-0.12037318805198391,,33.3811,37.1971,40.199,43.1835,42.6986,45.4779,2.8908212629241703e-13,complete
r3,R3-1,r3_risk_guard,RA,BasketballDrive,B,4,0,0,,,,,,,,,,,,,invalid_anchor
r3,R3-1,r3_risk_guard,RA,Cactus,B,4,0,0,-0.015949734002871925,0.0018776239606854376,0.06946144424232054,-0.0030449169767781965,,33.9625,38.7139,38.2072,40.3825,39.837,44.7336,1.5206759462760289e-13,complete
r3,R3-1,r3_risk_guard,RA,MarketPlace,B,3,0,1,,,,,,,,,,,,,incomplete
r3,R3-1,r3_risk_guard,RA,RitualDance,B,4,0,0,-0.024996330919041028,0.18257984910637054,-0.2217231644351193,-0.023640162605374368,,36.3671,45.2275,42.9082,48.7031,42.7495,49.3745,2.613950722540892e-13,complete
r3,R3-1,r3_risk_guard,RA,BQMall,C,4,0,0,0.012945543525967202,0.36678359897166474,-0.15554174820003852,0.03611438899092868,,33.7937,40.9963,39.6462,44.8826,40.421,46.7572,2.2176704916887502e-13,complete
r3,R3-1,r3_risk_guard,RA,BasketballDrill,C,4,0,0,0.023416686735950418,-0.20844828530798398,-0.11739282261492752,-0.023167623438401126,,33.7397,42.2499,38.4307,44.5586,38.4135,45.5385,2.0106138975961585e-13,complete
r3,R3-1,r3_risk_guard,RA,PartyScene,C,4,0,0,0.04402166595377942,-0.02278863284122976,0.07383559277549287,0.03939711945711745,,30.5691,39.4735,36.6065,43.0881,37.2538,44.3975,2.89681473253367e-13,complete
r3,R3-1,r3_risk_guard,RA,RaceHorsesC,C,4,0,0,0.017377189911101,-0.3080617335737723,0.3164575418317178,0.014082368465568939,,31.2867,39.4571,35.9654,41.8455,37.9088,43.4905,1.1268763699945339e-13,complete
r3,R3-2,r3_risk_guard_y,LB,BQTerrace,B,3,1,0,0.08342448630653532,0.1404019673584445,-1.2253801057649678,-0.07305390257091393,,32.6716,38.2232,39.6092,42.9341,42.1503,45.3832,9.431344594190705e-14,imputed
r3,R3-2,r3_risk_guard_y,LB,BasketballDrive,B,3,1,0,-0.04350859288040684,0.7285508641849913,0.05337915610676141,0.06510980787616395,,33.9908,39.5612,40.2748,44.2584,39.4594,45.5693,2.475519789157943e-13,imputed
r3,R3-2,r3_risk_guard_y,LB,Cactus,B,4,0,0,0.041490148832589224,-0.7974861026841744,-0.8473732930471992,-0.17448981284197979,,32.6951,38.6744,37.4356,40.1771,38.567,43.8569,1.0996759058912176e-13,complete
r3,R3-2,r3_risk_guard_y,LB,MarketPlace,B,3,1,0,0.015061445427856434,-0.02170921158295454,-0.025076784744999907,0.005447834529898019,,34.8411,40.5867,40.9802,44.4432,41.0572,45.0589,5.433500871454555e-14,imputed
r3,R3-2,r3_risk_guard_y,LB,RitualDance,B,4,0,0,-0.05059199598715261,-0.19934055909635087,0.21752937161510746,-0.03567039542551989,,35.5514,44.8454,42.3424,48.0447,42.0659,48.5713,3.9940273310890007e-14,complete
r3,R3-2,r3_risk_guard_y,LB,BQMall,C,4,0,0,-0.011034992686092529,0.047465589825117595,-0.1734369145983697,-0.02402266011122591,,31.7048,40.0832,38.2493,43.4565,38.2125,44.5287,1.715207836872068e-13,complete
r3,R3-2,r3_risk_guard_y,LB,BasketballDrill,C,4,0,0,-0.11181509453870747,0.09411196892589548,-0.3214573448172784,-0.11227949289045347,,32.8837,41.5863,37.8547,43.8348,37.6458,44.8196,2.5096591471651664e-13,complete
r3,R3-2,r3_risk_guard_y,LB,PartyScene,C,4,0,0,-0.050487659828175595,-1.2818933338615617,-1.262578279511112,-0.3559246965427159,,28.1683,38.4838,34.876,41.0479,35.0471,41.7448,1.8208351493242958e-13,complete
r3,R3-2,r3_risk_guard_y,LB,RaceHorsesC,C,4,0,0,-0.04621592326231918,0.14291077134371888,0.3203110047065506,0.023240779559544303,,28.7028,39.3011,35.0027,40.3587,36.6294,42.0068,4.651834473179406e-14,complete
r3,R3-2,r3_risk_guard_y,LB,FourPeople,E,4,0,0,0.02249699686657326,-0.1754936561011945,-0.6195858402612276,-0.08251218939537283,,35.7811,42.9905,41.9541,47.2235,42.755,48.461,1.333377852574813e-13,complete
r3,R3-2,r3_risk_guard_y,LB,Johnny,E,4,0,0,-0.07895083176243138,-0.062004722862942896,-0.5737602232648324,-0.13868374208779544,,37.8163,43.2242,44.1691,48.6858,44.5637,49.364,1.6919798895287386e-13,complete
r3,R3-2,r3_risk_guard_y,LB,KristenAndSara,E,4,0,0,-0.025885225929304295,0.8388929774052385,0.4316788476855983,0.13940755868937638,,37.2139,43.684,43.0396,47.9585,43.6902,48.9511,2.0305979120394113e-13,complete
r3,R3-3,r3_cn_guard,LB,BQMall,C,4,0,0,0.054926478757611516,0.3550558878568496,-0.5982198443707248,0.01079936450397423,,31.7048,40.0839,38.2039,43.4565,38.149,44.5131,2.1153911955451576e-13,complete
r3,R3-3,r3_cn_guard,LB,BasketballDrill,C,4,0,0,0.1833209505510858,0.35103667396736377,-0.18430100555502058,0.15833267146485727,,32.88,41.5858,37.8066,43.8286,37.6458,44.8196,2.1058155219577657e-13,complete
r3,R3-3,r3_cn_guard,LB,PartyScene,C,4,0,0,-0.0976653707749369,-1.2283155791455993,-0.9795647980563207,-0.3492340752314427,,28.1741,38.4838,34.8624,41.0522,35.0471,41.7509,1.8962609260597674e-13,complete
r3,R3-3,r3_cn_guard,LB,RaceHorsesC,C,4,0,0,-0.05251728306321127,0.11959670173931805,0.6255856373537348,0.053759830089223165,,28.7028,39.3018,35.0027,40.3587,36.6115,42.0032,1.078026556911027e-13,complete
r3,R3-3,r3_cn_guard,LB,FourPeople,E,4,0,0,0.0,0.0,0.0,0.0,,35.7811,42.9908,41.9541,47.2235,42.755,48.461,0.0,complete
r3,R3-3,r3_cn_guard,LB,Johnny,E,4,0,0,0.005741949270838834,-0.0327329262198514,-0.03157772442642838,-0.0037323693776558477,,37.8163,43.2239,44.145,48.6858,44.5517,49.364,5.1084136920565015e-14,complete
r3,R3-3,r3_cn_guard,LB,KristenAndSara,E,4,0,0,0.06429485565918495,0.2907970535688998,-0.28910987644434255,0.04843203888495836,,37.2139,43.684,43.0396,47.9585,43.6902,48.9361,1.6325829577112927e-13,complete
r3,R3-4,r3_cn_guard_y,LB,BQMall,C,4,0,0,0.054926478757611516,0.3550558878568496,-0.5982198443707248,0.01079936450397423,,31.7048,40.0839,38.2039,43.4565,38.149,44.5131,2.1153911955451576e-13,complete
r3,R3-4,r3_cn_guard_y,LB,BasketballDrill,C,4,0,0,0.1833209505510858,0.35103667396736377,-0.18430100555502058,0.15833267146485727,,32.88,41.5858,37.8066,43.8286,37.6458,44.8196,2.1058155219577657e-13,complete
r3,R3-4,r3_cn_guard_y,LB,PartyScene,C,4,0,0,-0.14083164486303074,-1.2113825256744257,-0.835783944776242,-0.3615195424536065,,28.1741,38.4838,34.8624,41.0522,35.0471,41.7509,2.1777024628022446e-13,complete
r3,R3-4,r3_cn_guard_y,LB,RaceHorsesC,C,4,0,0,-0.06008449187294377,0.09712775406132537,0.6186312664228487,0.04440650865581393,,28.7028,39.3018,35.0027,40.3587,36.6115,42.0015,1.594557819117881e-13,complete
r3,R3-4,r3_cn_guard_y,LB,FourPeople,E,4,0,0,0.0,0.0,0.0,0.0,,35.7811,42.9908,41.9541,47.2235,42.755,48.461,0.0,complete
r3,R3-4,r3_cn_guard_y,LB,Johnny,E,4,0,0,0.005741949270838834,-0.0327329262198514,-0.03157772442642838,-0.0037323693776558477,,37.8163,43.2239,44.145,48.6858,44.5517,49.364,5.1084136920565015e-14,complete
r3,R3-4,r3_cn_guard_y,LB,KristenAndSara,E,4,0,0,0.06429485565918495,0.2907970535688998,-0.28910987644434255,0.04843203888495836,,37.2139,43.684,43.0396,47.9585,43.6902,48.9361,1.6325829577112927e-13,complete
r4,R4-1,r4_identity_only,LB,BQMall,C,4,0,0,0.09859828146447118,0.6792539486748241,-0.07369216471557934,0.149643934093259,,31.7048,40.0818,38.2475,43.4565,38.1723,44.5263,1.3855583347321954e-13,complete
r4,R4-1,r4_identity_only,LB,BasketballDrill,C,4,0,0,-0.05964708926896928,0.3536548873786898,0.38818064759238524,0.04799412491965742,,32.8837,41.5805,37.8547,43.8287,37.6458,44.8143,2.2115642650533118e-13,complete
r4,R4-1,r4_identity_only,LB,PartyScene,C,4,0,0,-0.1053501020139882,-0.8772746343765662,-1.716804698746578,-0.4032724931508842,,28.1683,38.4838,34.8517,41.0541,35.0766,41.7465,1.4632739464559563e-13,complete
r4,R4-1,r4_identity_only,LB,RaceHorsesC,C,4,0,0,-0.07119373263427495,0.4695300301257942,-0.28155933050202414,-0.029898962022734954,,28.7043,39.3018,35.0027,40.3587,36.6115,42.0044,1.1152190282359697e-13,complete
r4,R4-1,r4_identity_only,LB,FourPeople,E,4,0,0,0.02249699686657326,-0.1754936561011945,-0.6195858402612276,-0.08251218939537283,,35.7811,42.9905,41.9541,47.2235,42.755,48.461,1.333377852574813e-13,complete
r4,R4-1,r4_identity_only,LB,Johnny,E,4,0,0,-0.07050062328902285,0.1564897795100439,-0.41522425212416986,-0.08521727654353288,,37.8163,43.2242,44.1691,48.6858,44.5637,49.3528,1.0680345496894006e-13,complete
r4,R4-1,r4_identity_only,LB,KristenAndSara,E,4,0,0,-0.011298567770797723,0.7568781266922476,0.3073763252137267,0.1245578806601485,,37.2139,43.684,43.0396,47.9585,43.6902,48.9669,1.6608936448392342e-13,complete
r4,R4-2,r4_magnitude_only,LB,BQMall,C,4,0,0,0.05477025280639506,0.31692687094282185,0.15018848941905888,0.09946710965003139,,31.7048,40.0847,38.256,43.4565,38.149,44.5221,2.0679985501814713e-13,complete
r4,R4-2,r4_magnitude_only,LB,BasketballDrill,C,4,0,0,-0.032850842288265576,0.7132149949065358,0.1651382901350142,0.08515602891399457,,32.88,41.5851,37.8066,43.8356,37.6458,44.8196,5.5344617777564054e-14,complete
r4,R4-2,r4_magnitude_only,LB,PartyScene,C,4,0,0,-0.18189292421397815,-0.19961161429776506,-0.7706966471916114,-0.25770822584665565,,28.1683,38.4838,34.8517,41.0541,35.0471,41.753,1.7352785874891197e-13,complete
r4,R4-2,r4_magnitude_only,LB,RaceHorsesC,C,4,0,0,-0.029219774985049924,0.4259598375152203,0.3538162825011324,0.07555718376325665,,28.7028,39.3018,35.0136,40.3525,36.6115,41.9951,1.9023671526952057e-13,complete
r4,R4-2,r4_magnitude_only,LB,FourPeople,E,4,0,0,0.0021896766458680862,-0.05072667931427321,-0.03107459214696132,-0.008582901448253251,,35.7811,42.9908,41.9541,47.2235,42.755,48.461,1.0069028943959779e-13,complete
r4,R4-2,r4_magnitude_only,LB,Johnny,E,4,0,0,0.0,0.0,0.0,0.0,,37.8163,43.2242,44.145,48.6858,44.5517,49.364,0.0,complete
r4,R4-2,r4_magnitude_only,LB,KristenAndSara,E,4,0,0,-0.054612761531115446,0.1807533178942959,-0.7473927610509471,-0.11178950154291799,,37.2139,43.684,43.0396,47.9585,43.6902,48.9689,6.544070840774907e-14,complete
r4,R4-3,r4_guard_rescue,LB,BQMall,C,4,0,0,-0.00768317161308614,0.03120238624333915,0.1614276811170151,0.018316379710229678,,31.7048,40.0827,38.2493,43.4481,38.2125,44.5175,1.9373391779708982e-13,complete
r4,R4-3,r4_guard_rescue,LB,BasketballDrill,C,4,0,0,-0.14060401361263994,0.13269116539985099,-0.2643105276026053,-0.12190543048482423,,32.8837,41.5883,37.8547,43.8253,37.6458,44.8196,1.833533325168446e-13,complete
r4,R4-3,r4_guard_rescue,LB,PartyScene,C,4,0,0,-0.11177411026846194,-1.592872690091312,-1.4884001642980922,-0.46898968950002196,,28.1683,38.4838,34.876,41.0541,35.0471,41.7473,1.0792755578137303e-13,complete
r4,R4-3,r4_guard_rescue,LB,RaceHorsesC,C,4,0,0,-0.05741620719031358,0.11097362874820359,0.24435145407584336,0.001353479960270687,,28.7028,39.2971,35.0027,40.3587,36.6294,42.0068,1.1958489753993717e-13,complete
r4,R4-3,r4_guard_rescue,LB,FourPeople,E,4,0,0,0.02249699686657326,-0.1754936561011945,-0.6195858402612276,-0.08251218939537283,,35.7811,42.9905,41.9541,47.2235,42.755,48.461,1.333377852574813e-13,complete
r4,R4-3,r4_guard_rescue,LB,Johnny,E,4,0,0,-0.07895083176243138,-0.062004722862942896,-0.5737602232648324,-0.13868374208779544,,37.8163,43.2242,44.1691,48.6858,44.5637,49.364,1.6919798895287386e-13,complete
r4,R4-3,r4_guard_rescue,LB,KristenAndSara,E,4,0,0,-0.025885225929304295,0.8388929774052385,0.4316788476855983,0.13940755868937638,,37.2139,43.684,43.0396,47.9585,43.6902,48.9511,2.0305979120394113e-13,complete
r4,R4-4,r4_directional_risk,LB,BQMall,C,4,0,0,-0.0005910268902650007,0.1239688631240127,0.6377025276564762,0.09476565367986237,,31.7048,40.083,38.2039,43.4548,38.1649,44.5196,2.8754776337791554e-14,complete
r4,R4-4,r4_directional_risk,LB,BasketballDrill,C,4,0,0,-0.0458796823300901,-0.24905134119236325,-0.1533264121796318,-0.08470698091906696,,32.8837,41.5883,37.8547,43.8425,37.6458,44.8196,1.5087930904655877e-13,complete
r4,R4-4,r4_directional_risk,LB,PartyScene,C,4,0,0,-0.14481921477892382,-0.13104881449474717,-1.4495692991575178,-0.306191675290726,,28.1843,38.4838,34.8517,41.0541,35.0471,41.7531,1.5562551247683132e-13,complete
r4,R4-4,r4_directional_risk,LB,RaceHorsesC,C,4,0,0,-0.07183372781044862,-0.014788633488277308,-0.1984847330549129,-0.08053446667573524,,28.7028,39.3018,35.004,40.3472,36.6115,42.0061,1.9538537454621974e-13,complete
r4,R4-4,r4_directional_risk,LB,FourPeople,E,4,0,0,-0.011358566182230842,-0.003827219220693202,-0.6197228861337801,-0.08646268780598229,,35.7811,42.9877,41.9541,47.2235,42.755,48.4597,1.3146428390342635e-13,complete
r4,R4-4,r4_directional_risk,LB,Johnny,E,4,0,0,0.033947744286268525,0.6378282529470378,0.39575125478301515,0.154658246680958,,37.8168,43.2242,44.145,48.6719,44.5517,49.3555,2.6795232699328153e-13,complete
r4,R4-4,r4_directional_risk,LB,KristenAndSara,E,4,0,0,-0.10801307207302815,1.1192242552529883,0.5922213949409875,0.13292090221947583,,37.2139,43.684,43.0396,47.9585,43.6902,48.9536,7.058242879054433e-14,complete
r4,R4-5,r4_causal_models,LB,BQMall,C,4,0,0,0.0917999369177142,0.30874757449030493,0.2752666314618779,0.1418517284323085,,31.7048,40.081,38.2346,43.4565,38.1575,44.5179,1.4373224832553433e-13,complete
r4,R4-5,r4_causal_models,LB,BasketballDrill,C,4,0,0,-0.14826055977940625,-0.0883432109785256,-0.1329924525992512,-0.1388623777817768,,32.886,41.5883,37.8367,43.8217,37.6592,44.811,2.164657342262899e-13,complete
r4,R4-5,r4_causal_models,LB,PartyScene,C,4,0,0,0.06477345154646627,-0.4176053076705948,-1.5098556171351887,-0.19235252694087324,,28.1683,38.4836,34.8517,41.0541,35.0567,41.7514,2.3678281557693026e-13,complete
r4,R4-5,r4_causal_models,LB,RaceHorsesC,C,4,0,0,-0.11694051580782953,0.02452642043253791,-0.5718061925978903,-0.1561153583765412,,28.7028,39.2997,35.0027,40.3587,36.6498,42.0044,1.0096090630185017e-13,complete
r4,R4-5,r4_causal_models,LB,FourPeople,E,4,0,0,0.02249699686657326,-0.1754936561011945,-0.6195858402612276,-0.08251218939537283,,35.7811,42.9905,41.9541,47.2235,42.755,48.461,1.333377852574813e-13,complete
r4,R4-5,r4_causal_models,LB,Johnny,E,4,0,0,-0.03680558187275116,0.024398588410061546,-0.5827489261097772,-0.09739797861702784,,37.8163,43.2242,44.1691,48.6858,44.5637,49.364,1.723968190425751e-13,complete
r4,R4-5,r4_causal_models,LB,KristenAndSara,E,4,0,0,-0.07710016303979138,0.7406384876638278,0.2711771865694665,0.06865183699931826,,37.2139,43.684,43.0396,47.9585,43.6902,48.9689,5.2735593669694936e-14,complete
r4,R4-6,r4_signed_plane,LB,BQMall,C,4,0,0,0.15108680828838725,0.8475388073726754,0.7041992003165265,0.3072823571774407,,31.7048,40.0821,38.2493,43.4565,38.2125,44.5127,2.4080737404119645e-13,complete
r4,R4-6,r4_signed_plane,LB,BasketballDrill,C,4,0,0,-0.11809336768193407,0.17552200562015938,0.042518263558598834,-0.06131499211410577,,32.8837,41.5883,37.8547,43.8216,37.6458,44.8196,1.4105383527862614e-13,complete
r4,R4-6,r4_signed_plane,LB,PartyScene,C,4,0,0,-0.24091684675223946,-1.0786499334635873,-1.4094732401671102,-0.4917030317680168,,28.1765,38.4838,34.8684,41.0541,35.0471,41.7357,2.9742874829707944e-13,complete
r4,R4-6,r4_signed_plane,LB,RaceHorsesC,C,4,0,0,-0.030195874339775303,0.2230850457445243,-0.20402507398367573,-0.020264409284725404,,28.7028,39.3016,35.0027,40.3558,36.6498,41.9959,2.264577414479163e-13,complete
r4,R4-6,r4_signed_plane,LB,FourPeople,E,4,0,0,0.06055497330181984,0.41134268781461747,-0.668450955021673,0.013277696575482945,,35.7811,42.9905,41.9541,47.2235,42.755,48.461,2.4658053376924727e-13,complete
r4,R4-6,r4_signed_plane,LB,Johnny,E,4,0,0,-0.02473646311359364,-0.21909281642692627,0.08563657441674058,-0.03523437758646844,,37.8163,43.2242,44.1691,48.6858,44.5637,49.3635,6.535744168090218e-14,complete
r4,R4-6,r4_signed_plane,LB,KristenAndSara,E,4,0,0,-0.025885225929304295,0.8388929774052385,0.4316788476855983,0.13940755868937638,,37.2139,43.684,43.0396,47.9585,43.6902,48.9511,2.0305979120394113e-13,complete
r5,R5-1,r5_margin_first,LB,BQMall,C,4,0,0,-0.00768317161308614,0.03120238624333915,0.1614276811170151,0.018316379710229678,,31.7048,40.0827,38.2493,43.4481,38.2125,44.5175,1.9373391779708982e-13,complete
r5,R5-1,r5_margin_first,LB,BasketballDrill,C,4,0,0,-0.14060401361263994,0.13269116539985099,-0.2643105276026053,-0.12190543048482423,,32.8837,41.5883,37.8547,43.8253,37.6458,44.8196,1.833533325168446e-13,complete
r5,R5-1,r5_margin_first,LB,PartyScene,C,4,0,0,-0.11177411026846194,-1.592872690091312,-1.4884001642980922,-0.46898968950002196,,28.1683,38.4838,34.876,41.0541,35.0471,41.7473,1.0792755578137303e-13,complete
r5,R5-1,r5_margin_first,LB,RaceHorsesC,C,4,0,0,-0.05741620719031358,0.11097362874820359,0.24435145407584336,0.001353479960270687,,28.7028,39.2971,35.0027,40.3587,36.6294,42.0068,1.1958489753993717e-13,complete
r5,R5-1,r5_margin_first,LB,FourPeople,E,4,0,0,0.02249699686657326,-0.1754936561011945,-0.6195858402612276,-0.08251218939537283,,35.7811,42.9905,41.9541,47.2235,42.755,48.461,1.333377852574813e-13,complete
r5,R5-1,r5_margin_first,LB,Johnny,E,4,0,0,-0.07895083176243138,-0.062004722862942896,-0.5737602232648324,-0.13868374208779544,,37.8163,43.2242,44.1691,48.6858,44.5637,49.364,1.6919798895287386e-13,complete
r5,R5-1,r5_margin_first,LB,KristenAndSara,E,4,0,0,-0.025885225929304295,0.8388929774052385,0.4316788476855983,0.13940755868937638,,37.2139,43.684,43.0396,47.9585,43.6902,48.9511,2.0305979120394113e-13,complete
r5,R5-2,r5_current_veto,LB,BQMall,C,4,0,0,-0.00768317161308614,0.03120238624333915,0.1614276811170151,0.018316379710229678,,31.7048,40.0827,38.2493,43.4481,38.2125,44.5175,1.9373391779708982e-13,complete
r5,R5-2,r5_current_veto,LB,BasketballDrill,C,4,0,0,-0.14060401361263994,0.13269116539985099,-0.2643105276026053,-0.12190543048482423,,32.8837,41.5883,37.8547,43.8253,37.6458,44.8196,1.833533325168446e-13,complete
r5,R5-2,r5_current_veto,LB,PartyScene,C,4,0,0,-0.11177411026846194,-1.592872690091312,-1.4884001642980922,-0.46898968950002196,,28.1683,38.4838,34.876,41.0541,35.0471,41.7473,1.0792755578137303e-13,complete
r5,R5-2,r5_current_veto,LB,RaceHorsesC,C,4,0,0,-0.05741620719031358,0.11097362874820359,0.24435145407584336,0.001353479960270687,,28.7028,39.2971,35.0027,40.3587,36.6294,42.0068,1.1958489753993717e-13,complete
r5,R5-2,r5_current_veto,LB,FourPeople,E,4,0,0,0.02249699686657326,-0.1754936561011945,-0.6195858402612276,-0.08251218939537283,,35.7811,42.9905,41.9541,47.2235,42.755,48.461,1.333377852574813e-13,complete
r5,R5-2,r5_current_veto,LB,Johnny,E,4,0,0,-0.07895083176243138,-0.062004722862942896,-0.5737602232648324,-0.13868374208779544,,37.8163,43.2242,44.1691,48.6858,44.5637,49.364,1.6919798895287386e-13,complete
r5,R5-2,r5_current_veto,LB,KristenAndSara,E,4,0,0,-0.025885225929304295,0.8388929774052385,0.4316788476855983,0.13940755868937638,,37.2139,43.684,43.0396,47.9585,43.6902,48.9511,2.0305979120394113e-13,complete
r6,R6-1,r6_dense_nopred,LB,BQMall,C,4,0,0,0.025479791596003262,-0.42442158537742186,0.1611507096811377,-0.01379901576503307,,31.7048,40.0864,38.2481,43.4532,38.1644,44.5141,2.303157664584887e-13,complete
r6,R6-1,r6_dense_nopred,LB,BasketballDrill,C,4,0,0,-0.11003403060374044,0.3224580669734085,-0.31555639097017807,-0.08166281345240152,,32.8961,41.5883,37.8066,43.831,37.6527,44.8196,9.343914531001474e-14,complete
r6,R6-1,r6_dense_nopred,LB,PartyScene,C,4,0,0,-0.06236679501981548,-1.057765870124671,-0.4831755439191696,-0.2393927730203417,,28.1707,38.4838,34.8517,41.0541,35.0471,41.7436,1.8138962554203886e-13,complete
r6,R6-1,r6_dense_nopred,LB,RaceHorsesC,C,4,0,0,-0.09116592295739877,-0.4560689403303093,-0.5602101553577865,-0.19540932917906104,,28.7028,39.3018,35.0027,40.3587,36.6217,42.0018,2.76445533131664e-13,complete
r6,R6-1,r6_dense_nopred,LB,FourPeople,E,4,0,0,0.19369927879698914,0.20989197200049492,-0.8753252716245318,0.062095296644737244,,35.7833,42.9891,41.9872,47.2161,42.755,48.461,1.6561751969845773e-13,complete
r6,R6-1,r6_dense_nopred,LB,Johnny,E,4,0,0,-0.015276647503182158,0.3124645025173128,0.7166653104059223,0.11718374098801776,,37.8163,43.2242,44.1585,48.6858,44.5627,49.3609,2.3349898403690617e-13,complete
r6,R6-1,r6_dense_nopred,LB,KristenAndSara,E,4,0,0,-0.2435519609995255,2.1918539570284543,1.3725729719032436,0.2628893953668181,,37.218,43.684,43.0792,47.9585,43.6902,48.9235,1.813271754969037e-13,complete
r6,R6-2,r6_reject_nopred,LB,BQTerrace,B,4,0,0,0.05771972901717115,0.3083329722772262,-0.32405777496508703,0.04132419642689576,,32.6649,38.2232,39.6293,42.9341,42.1638,45.3799,1.6830981053317373e-13,complete
r6,R6-2,r6_reject_nopred,LB,BasketballDrive,B,4,0,0,-0.08243533657779475,0.48164663775162814,-0.23614275428664078,-0.031138517000222646,,33.9957,39.5601,40.2568,44.2583,39.4348,45.5693,5.3734794391857577e-14,complete
r6,R6-2,r6_reject_nopred,LB,Cactus,B,4,0,0,-0.025446703753694587,-0.7722932058738492,-0.6746161370184842,-0.19994869567681262,,32.7014,38.6745,37.4156,40.1807,38.567,43.8575,7.349676423018536e-14,complete
r6,R6-2,r6_reject_nopred,LB,MarketPlace,B,4,0,0,-0.07365510669622137,0.006803533196782919,-0.1480606364976219,-0.0728984679347709,,34.8411,40.5855,40.9802,44.4432,41.0485,45.058,1.4137302439820587e-13,complete
r6,R6-2,r6_reject_nopred,LB,RitualDance,B,4,0,0,-0.08640220796361185,0.053956347758341724,0.42548116308045264,-0.004871967117859588,,35.5456,44.8474,42.3424,48.0447,42.0498,48.5713,2.310790447879185e-13,complete
r6,R6-2,r6_reject_nopred,LB,BQMall,C,4,0,0,0.16850064467155057,-0.1108722052831114,0.740615383319225,0.20509338075817712,,31.7048,40.0818,38.2404,43.4565,38.1612,44.5232,4.8627768478581856e-14,complete
r6,R6-2,r6_reject_nopred,LB,BasketballDrill,C,4,0,0,-0.16330909316122247,-0.10907982271095634,-0.13309940927606395,-0.1527542238692944,,32.8827,41.5883,37.831,43.8209,37.6691,44.8196,1.3261614029147495e-13,complete
r6,R6-2,r6_reject_nopred,LB,PartyScene,C,4,0,0,-0.08867733764421064,-1.5131437115805573,-0.49923722167554313,-0.31805561989017056,,28.1707,38.4836,34.8517,41.0541,35.0471,41.7509,7.943645741192995e-14,complete
r6,R6-2,r6_reject_nopred,LB,RaceHorsesC,C,4,0,0,-0.02254939159034588,0.669938719924247,-0.285147072450498,0.031186912241459225,,28.7028,39.3018,35.0027,40.3587,36.6115,42.0068,3.412617410880614e-13,complete
r6,R6-2,r6_reject_nopred,LB,FourPeople,E,4,0,0,0.20090370909407107,-0.9189861618427667,-1.334680471396493,-0.13103054733435415,,35.7903,42.9873,41.9954,47.215,42.7886,48.461,8.681944052568724e-14,complete
r6,R6-2,r6_reject_nopred,LB,Johnny,E,4,0,0,-0.09203977678484362,0.5397458257002311,0.6998264994677494,0.08591670805736486,,37.8163,43.2242,44.1512,48.6858,44.5517,49.3578,1.0777490011548707e-13,complete
r6,R6-2,r6_reject_nopred,LB,KristenAndSara,E,4,0,0,-0.37550026787481144,1.3262625923855091,-1.9977190183889608,-0.36555725415654006,,37.2195,43.684,43.0396,47.9585,43.6902,48.9499,1.1257661469699087e-13,complete
r6,R6-3,r6_trim_cost,LB,BQMall,C,4,0,0,0.1967125893904877,0.8620352435148373,-0.17903089769926,0.2329099852698129,,31.7048,40.0841,38.2039,43.4558,38.1751,44.519,7.638334409421077e-14,complete
r6,R6-3,r6_trim_cost,LB,BasketballDrill,C,4,0,0,0.09508767951872554,0.6686623941658791,-0.5338489150698181,0.08816744452605178,,32.8949,41.5883,37.8066,43.8425,37.6826,44.8196,1.9606538614880265e-13,complete
r6,R6-3,r6_trim_cost,LB,PartyScene,C,4,0,0,-0.023849717634118313,-0.9369253966941483,-0.749229408725411,-0.22865663890303364,,28.1701,38.4838,34.8517,41.0541,35.0471,41.7548,2.2053886494788344e-13,complete
r6,R6-3,r6_trim_cost,LB,RaceHorsesC,C,4,0,0,-0.05511737534771504,0.5235986305191054,0.22577138331835747,0.05233322021889658,,28.7028,39.3015,35.0027,40.3587,36.6115,42.0068,1.6858042739542611e-13,complete
r6,R6-3,r6_trim_cost,LB,FourPeople,E,4,0,0,0.04226779535437797,-1.1267881035031795,-0.7594808792870229,-0.20408277633299182,,35.7903,42.9901,41.9954,47.2191,42.7886,48.461,1.2279066652354231e-13,complete
r6,R6-3,r6_trim_cost,LB,Johnny,E,4,0,0,-0.07945373780656331,0.578222481234958,0.6194156435604509,0.09011446224450362,,37.8163,43.2242,44.1512,48.6858,44.5517,49.364,1.553202011450594e-13,complete
r6,R6-3,r6_trim_cost,LB,KristenAndSara,E,4,0,0,-0.37212247587933156,2.079222099540213,-1.5549242958694358,-0.2135546314506515,,37.2195,43.684,43.0396,47.9585,43.6902,48.9319,1.7852386235972517e-13,complete
r6,R6-4,r6_trim_saving,LB,BQMall,C,4,0,0,0.22611708665115038,1.1963281499076377,0.4145015769976476,0.3709415308515234,,31.7048,40.0847,38.2313,43.4495,38.149,44.5094,1.1352030426792226e-13,complete
r6,R6-4,r6_trim_saving,LB,BasketballDrill,C,4,0,0,0.05535210710075959,0.2810872133310759,-0.24436673397262976,0.04610414024537546,,32.8983,41.5772,37.8171,43.827,37.6655,44.8196,1.653122083666858e-13,complete
r6,R6-4,r6_trim_saving,LB,PartyScene,C,4,0,0,-0.09797890022267966,-0.9235035989042902,-0.9424370879747762,-0.30672676102689306,,28.1759,38.4838,34.8598,41.0541,35.0471,41.7501,1.7344459202206508e-13,complete
r6,R6-4,r6_trim_saving,LB,RaceHorsesC,C,4,0,0,-0.03428670035757432,0.26393527547148443,-0.6311968092983695,-0.07162271699654138,,28.7028,39.3018,35.0125,40.3587,36.6116,42.0068,1.8496315590255108e-13,complete
r6,R6-4,r6_trim_saving,LB,FourPeople,E,4,0,0,0.18268654282851338,-0.5462947805396823,-1.072547639923852,-0.06534039543655676,,35.7903,42.9908,41.9954,47.2235,42.7886,48.461,1.6431300764452317e-13,complete
r6,R6-4,r6_trim_saving,LB,Johnny,E,4,0,0,-0.1248476636374769,0.30611163802139685,1.241201166426067,0.0997783528278253,,37.8163,43.2242,44.145,48.6858,44.5792,49.347,2.3714363805993344e-13,complete
r6,R6-4,r6_trim_saving,LB,KristenAndSara,E,4,0,0,-0.11778246173137633,1.587522942973131,-1.863272386044936,-0.12280552668250788,,37.2294,43.684,43.1279,47.9494,43.7096,48.945,1.567634910770721e-13,complete
r6,R6-5,r6_sparse_max,LB,BQMall,C,4,0,0,0.08869827998217496,0.3972167359087135,0.16361346217532588,0.13662748474713612,,31.7048,40.0815,38.2188,43.4565,38.162,44.5117,8.731904088676856e-14,complete
r6,R6-5,r6_sparse_max,LB,BasketballDrill,C,4,0,0,-0.2563553915173621,0.7026009004350426,-0.7809876015973016,-0.20206488128330394,,32.8881,41.5823,37.8066,43.8277,37.6661,44.8196,1.2589929099249275e-13,complete
r6,R6-5,r6_sparse_max,LB,PartyScene,C,4,0,0,-0.1326348961956357,-0.8367878071084627,-0.5754823274263094,-0.2760099389635733,,28.169,38.4807,34.8517,41.0541,35.0471,41.7555,2.799149800836176e-13,complete
r6,R6-5,r6_sparse_max,LB,RaceHorsesC,C,4,0,0,-0.08447047917633621,0.04013506090996809,-0.701898998645766,-0.1460733515992269,,28.7028,39.2997,35.0027,40.3579,36.6115,42.0068,1.3865297798787424e-13,complete
r6,R6-5,r6_sparse_max,LB,FourPeople,E,4,0,0,0.16234404425299034,-0.23411505469398916,-0.5344723189294831,0.02568461148680873,,35.7825,42.9904,41.9882,47.2227,42.755,48.461,7.263634138610087e-14,complete
r6,R6-5,r6_sparse_max,LB,Johnny,E,4,0,0,-0.1550510045050036,0.7605305737171457,1.1751844464923127,0.12567612414742962,,37.8163,43.2242,44.1751,48.6858,44.5536,49.3588,2.1210810885463616e-13,complete
r6,R6-5,r6_sparse_max,LB,KristenAndSara,E,4,0,0,-0.09833647161156536,-0.14963699188534207,0.7106541166185759,-0.0036252131170197988,,37.2343,43.684,43.1878,47.9585,43.6902,48.9645,4.851674617611934e-14,complete
r6,R6-6,r6_sparse_mean,LB,BQMall,C,4,0,0,0.11802466398128048,0.6182201682720466,0.5453120499670483,0.23396002526584722,,31.7048,40.083,38.2188,43.4565,38.162,44.5259,1.3000711618360583e-13,complete
r6,R6-6,r6_sparse_mean,LB,BasketballDrill,C,4,0,0,-0.2685823467391124,0.5850862163750393,-0.680896120682419,-0.21341299809275677,,32.8881,41.5883,37.8066,43.8425,37.6661,44.8196,1.979527652906654e-13,complete
r6,R6-6,r6_sparse_mean,LB,PartyScene,C,4,0,0,-0.07627444045979362,-0.29597410355020703,-0.629336648961492,-0.1728696744088076,,28.1713,38.4838,34.8517,41.0541,35.0471,41.7497,3.398115122621448e-13,complete
r6,R6-6,r6_sparse_mean,LB,RaceHorsesC,C,4,0,0,-0.1257674394970149,-0.16073067420897405,-0.7362015094854687,-0.20644210258456652,,28.7028,39.2987,35.0027,40.3587,36.6115,42.0068,1.546540673302843e-13,complete
r6,R6-6,r6_sparse_mean,LB,FourPeople,E,4,0,0,0.16234404425299034,-0.23411505469398916,-0.5344723189294831,0.02568461148680873,,35.7825,42.9904,41.9882,47.2227,42.755,48.461,7.263634138610087e-14,complete
r6,R6-6,r6_sparse_mean,LB,Johnny,E,4,0,0,-0.1550510045050036,0.7605305737171457,1.1751844464923127,0.12567612414742962,,37.8163,43.2242,44.1751,48.6858,44.5536,49.3588,2.1210810885463616e-13,complete
r6,R6-6,r6_sparse_mean,LB,KristenAndSara,E,4,0,0,-0.0996650459500335,-0.11362292386410396,0.7294738957392215,0.00223258702186456,,37.2343,43.684,43.1878,47.9585,43.6902,48.9623,7.011058400507864e-14,complete
r6,R6-7,r6_sparse_min,LB,BQMall,C,4,0,0,0.1860890590823779,0.27811033453056544,0.32415433349460965,0.2148498778149303,,31.707,40.0834,38.2648,43.4565,38.2059,44.5287,1.7244539129990244e-13,complete
r6,R6-7,r6_sparse_min,LB,BasketballDrill,C,4,0,0,-0.2501414648942819,-0.017963586337024818,0.09837300050545754,-0.17755492189965735,,32.8951,41.5883,37.8276,43.8318,37.6748,44.8196,2.450956104738111e-13,complete
r6,R6-7,r6_sparse_min,LB,PartyScene,C,4,0,0,-0.05545164328224384,-0.5477130468243503,-0.9463226700273962,-0.2283431970681512,,28.1683,38.4829,34.8517,41.0541,35.0471,41.7555,2.0094342856324943e-13,complete
r6,R6-7,r6_sparse_min,LB,RaceHorsesC,C,4,0,0,-0.10305125004991679,-0.03617371487824259,-0.6155879890077695,-0.1587586505231891,,28.7028,39.3003,35.0027,40.3587,36.6115,42.0068,1.9297063946766002e-13,complete
r6,R6-7,r6_sparse_min,LB,FourPeople,E,4,0,0,0.16695701572627775,-0.5299340289292837,-0.248760308966704,0.027880969557709852,,35.7857,42.9908,42.0652,47.2235,42.755,48.461,1.3711254354120683e-13,complete
r6,R6-7,r6_sparse_min,LB,Johnny,E,4,0,0,-0.16496675103416905,0.9106949488365537,1.0022741189909403,0.11539607020280995,,37.8163,43.2242,44.1751,48.6858,44.5536,49.364,2.0183854587685346e-13,complete
r6,R6-7,r6_sparse_min,LB,KristenAndSara,E,4,0,0,-0.13623130445304668,0.45764343250258205,1.0876048282054944,0.09098255424872453,,37.2343,43.684,43.1878,47.9585,43.6902,48.9459,1.2945200467129325e-13,complete
r7,R7-1,rate_raw,LB,BQMall,C,4,0,0,0.08952539819318993,0.12169449441585602,0.7306383237148633,0.17368565091123234,,31.7048,40.0821,38.2669,43.4461,38.149,44.5287,2.3415991368125333e-13,complete
r7,R7-1,rate_raw,LB,BasketballDrill,C,4,0,0,-0.22657458810000933,-0.39530977230566755,-0.33039192670823947,-0.2606436534517454,,32.8949,41.5859,37.8066,43.83,37.6826,44.8013,7.105427357601002e-14,complete
r7,R7-1,rate_raw,LB,PartyScene,C,4,0,0,-0.0027627911481595065,-0.3212273192490661,-0.6512940740649701,-0.12363726752537416,,28.1683,38.4803,34.8517,41.0541,35.0471,41.7552,1.071365218763276e-13,complete
r7,R7-1,rate_raw,LB,RaceHorsesC,C,4,0,0,-0.009817248021776158,0.07616259648164878,-0.7536336769251016,-0.09204682107176372,,28.7028,39.2992,35.0133,40.3587,36.6115,42.0068,6.15341111398493e-14,complete
r7,R7-1,rate_raw,LB,FourPeople,E,4,0,0,-0.0033103530231534837,-1.1972088433753842,-0.8518310714663002,-0.25861275412257567,,35.7824,42.9898,41.96,47.2175,42.755,48.461,1.4184747126888553e-13,complete
r7,R7-1,rate_raw,LB,Johnny,E,4,0,0,-0.03540612588575763,0.618250328977991,1.4761516432447148,0.23524565211352,,37.8163,43.2242,44.1512,48.6858,44.5517,49.3514,2.0670964939739633e-13,complete
r7,R7-1,rate_raw,LB,KristenAndSara,E,4,0,0,-0.32818960222083937,0.8073617406841136,-0.1808759501150121,-0.16783147784449184,,37.2195,43.684,43.0396,47.9585,43.6902,48.9328,5.4067861299245124e-14,complete
r7,R7-2,rate_guard,LB,BQMall,C,4,0,0,0.07037592188767679,0.7278364877351547,0.23062338495571252,0.172589425502116,,31.7048,40.0825,38.2362,43.4565,38.1792,44.5161,1.5625001292818297e-13,complete
r7,R7-2,rate_guard,LB,BasketballDrill,C,4,0,0,0.013582444681931519,0.5947441897575156,0.2411762432554183,0.11467688763806538,,32.8822,41.5883,37.8066,43.8409,37.6458,44.8188,2.502806989435058e-13,complete
r7,R7-2,rate_guard,LB,PartyScene,C,4,0,0,-0.11187344872549217,-0.837636934952715,-1.1705201045873133,-0.33492471648662264,,28.1725,38.4838,34.8551,41.0541,35.055,41.7425,1.084687895058778e-13,complete
r7,R7-2,rate_guard,LB,RaceHorsesC,C,4,0,0,-0.07974811200817715,0.37453664403433334,-0.03395874076527642,-0.017238846097500742,,28.7028,39.2996,35.0027,40.3539,36.6253,41.9915,1.9321350075429677e-13,complete
r7,R7-2,rate_guard,LB,FourPeople,E,4,0,0,-0.017782309045110394,-0.23913761941980427,-0.06441180472484061,-0.0512804098019134,,35.7813,42.9908,41.9541,47.2186,42.755,48.461,1.1057821325266559e-13,complete
r7,R7-2,rate_guard,LB,Johnny,E,4,0,0,-0.03712574820012283,-0.4515524713561878,-0.058333437751520036,-0.09158004978855559,,37.8163,43.2242,44.1691,48.6858,44.5637,49.3626,2.0517615384463284e-13,complete
r7,R7-2,rate_guard,LB,KristenAndSara,E,4,0,0,-0.05375942970057487,-0.331272146304978,1.335358315093692,0.0851911988231581,,37.2139,43.684,43.0396,47.9585,43.6902,48.9373,5.6621374255882984e-14,complete
r8,R8-1,R8_MODE=1,LB,BQMall,C,4,0,0,0.07044131961276616,0.48243977171005964,0.7222028211449165,0.20341131381644664,,31.7048,40.0834,38.2051,43.4565,38.1855,44.519,1.705857677336553e-13,complete
r8,R8-1,R8_MODE=1,LB,BasketballDrill,C,4,0,0,-0.1375623162526936,0.2789863159964376,-0.13517856435612996,-0.08519576823448176,,32.9,41.588,37.84,43.815,37.65,44.8196,2.273181642920008e-13,complete
r8,R8-1,R8_MODE=1,LB,PartyScene,C,4,0,0,-0.202264169459848,-0.7123548559122624,-0.9192144526830713,-0.3556442906693027,,28.1839,38.4821,34.8517,41.0541,35.0471,41.746,1.7225110227059304e-13,complete
r8,R8-1,R8_MODE=1,LB,RaceHorsesC,C,4,0,0,-0.14199573221583417,-0.24804990067637342,-0.23820711564270924,-0.16727892620176096,,28.7028,39.3004,35.0027,40.3587,36.6115,42.0068,1.59539048638635e-13,complete
r8,R8-1,R8_MODE=1,LB,FourPeople,E,4,0,0,0.12769484133248502,-0.5042453437848269,-0.42907425673742355,-0.020893819065917536,,35.7811,42.9897,42.0182,47.2235,42.755,48.461,2.3225865675158275e-13,complete
r8,R8-1,R8_MODE=1,LB,Johnny,E,4,0,0,0.16940073339849393,0.9424372257557481,0.7452495305911366,0.33801139459223106,,37.8163,43.2242,44.1512,48.6858,44.5517,49.364,3.894662370385049e-13,complete
r8,R8-1,R8_MODE=1,LB,KristenAndSara,E,4,0,0,-0.03919368880256846,0.10394743885967965,0.5756496732582685,0.05555437241281718,,37.2139,43.684,43.0948,47.9585,43.6902,48.9357,1.837419105754634e-13,complete
r8,R8-2,R8_MODE=2,LB,BQMall,C,4,0,0,0.03093395964395623,0.574616552023991,0.04007214373962562,0.10003655670341925,,31.7048,40.0828,38.2051,43.4565,38.1855,44.5287,1.5204851266936714e-13,complete
r8,R8-2,R8_MODE=2,LB,BasketballDrill,C,4,0,0,-0.13556970098966023,0.09863002558577522,0.25413024340003204,-0.05758224211901925,,32.9135,41.5828,37.8441,43.8265,37.6458,44.8196,1.4260814751310136e-13,complete
r8,R8-2,R8_MODE=2,LB,PartyScene,C,4,0,0,-0.05713936413810863,-0.6284614453895889,-1.025794411788839,-0.24963650525088493,,28.1742,38.4838,34.8517,41.0541,35.053,41.746,1.8829382497642655e-13,complete
r8,R8-2,R8_MODE=2,LB,RaceHorsesC,C,4,0,0,-0.14562598737669458,-0.0798312746446543,-0.6118787135417116,-0.1956832390558167,,28.7028,39.3003,35.0027,40.3587,36.6115,42.0044,1.7248702466332588e-13,complete
r8,R8-2,R8_MODE=2,LB,FourPeople,E,4,0,0,0.12769484133248502,-0.5042453437848269,-0.42907425673742355,-0.020893819065917536,,35.7811,42.9897,42.0182,47.2235,42.755,48.461,2.3225865675158275e-13,complete
r8,R8-2,R8_MODE=2,LB,Johnny,E,4,0,0,0.14391281708924505,0.7634012152625309,0.6681639546373203,0.28688025905441517,,37.8163,43.2242,44.1512,48.6858,44.5517,49.364,2.0819457269283248e-13,complete
r8,R8-2,R8_MODE=2,LB,KristenAndSara,E,4,0,0,-0.012574031519546638,0.4649556104395018,0.5256841994774301,0.1143994525999565,,37.2139,43.684,43.0948,47.9585,43.6902,48.9357,1.9134693829414573e-13,complete
r8,R8-3,R8_MODE=3,LB,BQMall,C,4,0,0,0.06905931245125888,1.2457706200057828,0.7351486490988508,0.29940939297652336,,31.7048,40.0852,38.2141,43.4565,38.1589,44.5287,8.704148513061227e-14,complete
r8,R8-3,R8_MODE=3,LB,BasketballDrill,C,4,0,0,-0.11528493366733993,0.4487247653394556,0.4427501052504395,0.024970658573231948,,32.8974,41.5851,37.8522,43.8425,37.6531,44.8196,6.983302824892235e-14,complete
r8,R8-3,R8_MODE=3,LB,PartyScene,C,4,0,0,-0.06727055278047618,-0.6339898468868038,-0.5342467245333578,-0.19648248601287732,,28.1815,38.4838,34.8517,41.0541,35.0471,41.7539,1.0824674490095276e-13,complete
r8,R8-3,R8_MODE=3,LB,RaceHorsesC,C,4,0,0,-0.150790664748054,-0.08129656922921596,-0.7023852982909878,-0.21105323200106596,,28.7028,39.3018,35.0128,40.3587,36.6115,42.0068,8.096301407078954e-14,complete
r8,R8-3,R8_MODE=3,LB,FourPeople,E,4,0,0,0.1386899046456545,-0.5053210530296447,-0.32657885902625994,2.993947725279944e-05,,35.7811,42.9894,42.0182,47.2235,42.755,48.461,1.8329782136561334e-13,complete
r8,R8-3,R8_MODE=3,LB,Johnny,E,4,0,0,0.17950965922748213,0.9708466212475558,0.7868158804838445,0.35434005713703665,,37.8163,43.2242,44.1512,48.6858,44.5517,49.3628,2.457478665007784e-13,complete
r8,R8-3,R8_MODE=3,LB,KristenAndSara,E,4,0,0,-0.027757988373495843,0.7584091457891241,0.05025383834563632,0.08026438173672318,,37.2139,43.684,43.0948,47.9585,43.6902,48.9238,1.0105805081650487e-13,complete
r8,R8-4,R8_MODE=4,LB,BQMall,C,4,0,0,0.02382743748267002,0.19288809266237011,0.6985815144228217,0.12930427899765148,,31.7064,40.0838,38.2243,43.4565,38.1495,44.5162,2.361444373377708e-13,complete
r8,R8-4,R8_MODE=4,LB,BasketballDrill,C,4,0,0,-0.253702069718549,0.12980507958655169,-0.1936794033405452,-0.1982608427581609,,32.8881,41.586,37.8066,43.8425,37.6661,44.8196,2.904898543931722e-13,complete
r8,R8-4,R8_MODE=4,LB,PartyScene,C,4,0,0,0.00033671853397949095,-0.4783234818336825,-0.5035899509976848,-0.12248664020343629,,28.1753,38.481,34.8517,41.0541,35.0471,41.7518,7.088774012231625e-14,complete
r8,R8-4,R8_MODE=4,LB,RaceHorsesC,C,4,0,0,-0.09279213479600021,-0.4495009903374928,-0.5412212919616198,-0.19343438638438926,,28.7028,39.2995,35.0252,40.3481,36.6115,42.0068,3.785860513971784e-14,complete
r8,R8-4,R8_MODE=4,LB,FourPeople,E,4,0,0,0.14507939371981773,-0.09034455304611719,-0.4311981274392065,0.043616710229197844,,35.7825,42.9908,41.9882,47.2048,42.755,48.461,1.5351608873004352e-13,complete
r8,R8-4,R8_MODE=4,LB,Johnny,E,4,0,0,-0.3144295849971076,0.5895796372254266,0.8104917815815023,-0.06081326139696461,,37.8163,43.2242,44.1751,48.6858,44.5536,49.357,1.5476508963274682e-13,complete
r8,R8-4,R8_MODE=4,LB,KristenAndSara,E,4,0,0,-0.17285456975957014,0.5751887390267391,1.2483000274717266,0.0982951684926306,,37.2343,43.684,43.1878,47.9585,43.6902,48.9658,5.595524044110789e-14,complete
r8,R8-5,R8_MODE=5,LB,BQMall,C,4,0,0,0.0874924289691276,0.38235935936814747,0.9339905504357652,0.23016306045233478,,31.7064,40.0846,38.2243,43.4565,38.1495,44.5209,2.4946711363327267e-13,complete
r8,R8-5,R8_MODE=5,LB,BasketballDrill,C,4,0,0,-0.007839146995007934,0.18042578021640904,0.01886143520334036,0.019031541681212724,,32.8881,41.5852,37.8066,43.8425,37.6661,44.8196,1.8857138073258284e-13,complete
r8,R8-5,R8_MODE=5,LB,PartyScene,C,4,0,0,0.004918076766034418,-0.37088304054859705,0.01816485427510006,-0.04040121570966131,,28.1683,38.4838,34.8517,41.0541,35.0471,41.7555,1.7724710588140624e-13,complete
r8,R8-5,R8_MODE=5,LB,RaceHorsesC,C,4,0,0,-0.10755620336100451,-0.258781249702306,-0.263786028262268,-0.14598806226632513,,28.7028,39.3018,35.0252,40.3587,36.6115,42.0046,3.2346347822453936e-13,complete
r8,R8-5,R8_MODE=5,LB,FourPeople,E,4,0,0,0.14507939371981773,-0.09034455304611719,-0.4311981274392065,0.043616710229197844,,35.7825,42.9908,41.9882,47.2048,42.755,48.461,1.5351608873004352e-13,complete
r8,R8-5,R8_MODE=5,LB,Johnny,E,4,0,0,-0.3244780634079245,0.6828441798941386,0.8409746211763676,-0.05288119742213013,,37.8163,43.2242,44.1751,48.6858,44.5536,49.3535,1.6553425297161084e-13,complete
r8,R8-5,R8_MODE=5,LB,KristenAndSara,E,4,0,0,-0.16764791110971944,0.5732848937955425,1.2302564115103303,0.09970672983094452,,37.2343,43.684,43.1878,47.9585,43.6902,48.9689,1.3888890038060708e-13,complete
r8,R8-6,R8_MODE=6,LB,BQMall,C,4,0,0,-0.010064839720229517,-0.26770015353039306,0.4737310600190699,0.018205233520912467,,31.7048,40.0824,38.2571,43.4565,38.1694,44.5192,2.4130697440227777e-13,complete
r8,R8-6,R8_MODE=6,LB,BasketballDrill,C,4,0,0,-0.12169384887728843,0.1525528158852717,-0.5118930697264464,-0.13618791838811317,,32.8951,41.5796,37.8276,43.8384,37.6748,44.8196,8.22675261247241e-14,complete
r8,R8-6,R8_MODE=6,LB,PartyScene,C,4,0,0,-0.22137763605756935,-1.0042139606687592,-0.35376143257749837,-0.3357801511989592,,28.1683,38.4793,34.8517,41.0476,35.0471,41.7446,3.262667913617179e-13,complete
r8,R8-6,R8_MODE=6,LB,RaceHorsesC,C,4,0,0,-0.06713462263948577,-0.1690055984931706,-0.7871112014637301,-0.16986556697422694,,28.7028,39.3018,35.0129,40.3511,36.6115,42.0068,3.506639423278557e-13,complete
r8,R8-6,R8_MODE=6,LB,FourPeople,E,4,0,0,0.1684176360675434,-0.28756397537160644,-0.07728663942549664,0.08070690020101969,,35.7857,42.9908,42.0652,47.193,42.755,48.4559,2.209898930516374e-13,complete
r8,R8-6,R8_MODE=6,LB,Johnny,E,4,0,0,-0.32441355136255096,0.6553120981502317,0.806164743014866,-0.06062555837627598,,37.8163,43.2242,44.1751,48.6858,44.5536,49.3553,2.0838886172214188e-13,complete
r8,R8-6,R8_MODE=6,LB,KristenAndSara,E,4,0,0,-0.12356022377327529,0.5266307165661913,1.9838317481882861,0.22113764026435323,,37.2343,43.684,43.1878,47.9585,43.6902,48.9406,5.824507542939728e-14,complete
r8,R8-7,R8_MODE=7,LB,BQMall,C,4,0,0,0.1573116814214786,0.43309929326408125,0.4989639361250485,0.2344916647397502,,31.7048,40.0852,38.2044,43.4457,38.149,44.5168,8.537615059367454e-14,complete
r8,R8-7,R8_MODE=7,LB,BasketballDrill,C,4,0,0,-0.08117926920967153,0.058361106845876726,-0.4396985434081542,-0.10855163147753832,,32.8961,41.5883,37.8066,43.8263,37.6527,44.8196,1.9537149675841192e-13,complete
r8,R8-7,R8_MODE=7,LB,PartyScene,C,4,0,0,0.085478461744923,-0.4421707436549439,-1.0372692587766619,-0.12082115399525847,,28.1683,38.4838,34.8675,41.0476,35.0492,41.7407,2.971928259043466e-13,complete
r8,R8-7,R8_MODE=7,LB,RaceHorsesC,C,4,0,0,-0.15854366852309454,-0.11324679251376987,-0.928315830331255,-0.249103079247949,,28.7028,39.3018,35.0027,40.3582,36.6115,41.9993,1.8160473125305998e-13,complete
r8,R8-7,R8_MODE=7,LB,FourPeople,E,4,0,0,0.14344069015345898,0.32361447500069324,-0.20063623176278822,0.12295279801983237,,35.7883,42.9891,41.9541,47.2161,42.755,48.461,1.1562972801471005e-13,complete
r8,R8-7,R8_MODE=7,LB,Johnny,E,4,0,0,-0.016397429497315683,0.31600105243505533,0.7200350194970512,0.11720643686852655,,37.8163,43.2242,44.1585,48.6858,44.5627,49.3606,8.768333281672369e-14,complete
r8,R8-7,R8_MODE=7,LB,KristenAndSara,E,4,0,0,-0.09810806190071461,1.246919552045791,0.12135091549802615,0.09745276201744119,,37.218,43.684,43.0792,47.9585,43.6902,48.934,1.8871015861066098e-13,complete
r8,R8-8,R8_MODE=8,LB,BQMall,C,4,0,0,0.09969245537720178,0.620234086002324,0.8177242600138794,0.2545141347849268,,31.7101,40.0811,38.2265,43.4564,38.149,44.5229,1.5892842597509116e-13,complete
r8,R8-8,R8_MODE=8,LB,BasketballDrill,C,4,0,0,-0.030577043176827703,-0.21392250569308163,-0.4791325585891712,-0.10956466541790238,,32.886,41.5883,37.8367,43.8211,37.6592,44.8196,2.1399548799649892e-13,complete
r8,R8-8,R8_MODE=8,LB,PartyScene,C,4,0,0,-0.01737064353721741,-0.7753319999339932,-0.83131565449389,-0.21385893945639844,,28.1683,38.4838,34.867,41.0541,35.0629,41.7541,2.6688720677903177e-13,complete
r8,R8-8,R8_MODE=8,LB,RaceHorsesC,C,4,0,0,-0.09341835989367121,-0.04664361631525623,-0.13451551696819417,-0.09270866158068472,,28.7028,39.2994,35.0139,40.3587,36.6115,42.0068,1.4440532103421333e-13,complete
r8,R8-8,R8_MODE=8,LB,FourPeople,E,4,0,0,0.15141426038996986,-0.8377343497103208,-0.8355077263964497,-0.09559456422086891,,35.7824,42.9898,41.96,47.2175,42.755,48.461,1.822986206434507e-13,complete
r8,R8-8,R8_MODE=8,LB,Johnny,E,4,0,0,-0.051141768884552165,0.6621725912950029,0.3692567123434431,0.09057233629139164,,37.8163,43.2242,44.1512,48.6858,44.5517,49.3599,1.969882590380223e-13,complete
r8,R8-8,R8_MODE=8,LB,KristenAndSara,E,4,0,0,-0.2833038477614021,1.552343666173691,-0.16359039100307127,-0.03888372642472414,,37.2195,43.684,43.0396,47.9585,43.6902,48.9334,1.5187850976872141e-13,complete
r8,R8-9,R8_MODE=9,LB,BQMall,C,4,0,0,0.14743351485341763,0.5885152463826812,0.3122595920457273,0.22317199094361428,,31.7048,40.0798,38.2669,43.4503,38.149,44.5287,1.9972912213006566e-13,complete
r8,R8-9,R8_MODE=9,LB,BasketballDrill,C,4,0,0,-0.11477586071794595,0.002136686142073767,-0.34390110343025576,-0.1288024476994822,,32.8949,41.5883,37.8066,43.8198,37.6826,44.8196,8.83182416089312e-14,complete
r8,R8-9,R8_MODE=9,LB,PartyScene,C,4,0,0,-0.07961371414425213,-0.6671305199982693,-1.037761021524299,-0.27282172829851015,,28.1683,38.4838,34.8517,41.0517,35.0471,41.7555,2.9197477768860836e-13,complete
r8,R8-9,R8_MODE=9,LB,RaceHorsesC,C,4,0,0,0.017958323827894394,0.39587537680476914,-0.3759468994741675,0.015959802537246007,,28.7028,39.3005,35.0133,40.3515,36.6115,42.0014,2.451129577085709e-13,complete
r8,R8-9,R8_MODE=9,LB,FourPeople,E,4,0,0,-0.0033103530231534837,-1.1972088433753842,-0.8518310714663002,-0.25861275412257567,,35.7824,42.9898,41.96,47.2175,42.755,48.461,1.4184747126888553e-13,complete
r8,R8-9,R8_MODE=9,LB,Johnny,E,4,0,0,-0.03540612588575763,0.618250328977991,1.4761516432447148,0.23524565211352,,37.8163,43.2242,44.1512,48.6858,44.5517,49.3514,2.0670964939739633e-13,complete
r8,R8-9,R8_MODE=9,LB,KristenAndSara,E,4,0,0,-0.32818960222083937,0.8073617406841136,-0.1808759501150121,-0.16783147784449184,,37.2195,43.684,43.0396,47.9585,43.6902,48.9328,5.4067861299245124e-14,complete
r8,R8-10,R8_MODE=10,LB,BQMall,C,4,0,0,0.038463327639625566,0.8088118064966155,-0.05678531086635721,0.12285080768350148,,31.7061,40.0819,38.2214,43.4565,38.149,44.5274,2.0115159538036664e-13,complete
r8,R8-10,R8_MODE=10,LB,BasketballDrill,C,4,0,0,-0.27557915771453395,-0.2493841496793272,-0.5710177923118623,-0.30923461103479916,,32.8983,41.5796,37.8171,43.8324,37.6655,44.8196,1.056932319443149e-13,complete
r8,R8-10,R8_MODE=10,LB,PartyScene,C,4,0,0,-0.15429682096677869,-0.7051868402741702,-0.016450924305131828,-0.20592733629749677,,28.1714,38.4815,34.8517,41.0541,35.0471,41.7555,1.8576806759540432e-13,complete
r8,R8-10,R8_MODE=10,LB,RaceHorsesC,C,4,0,0,-0.09781740750414221,-0.5289984035481832,-0.1024184199094793,-0.15229015856031447,,28.7028,39.3003,35.014,40.3587,36.6182,42.0068,1.4099832412739488e-13,complete
r8,R8-10,R8_MODE=10,LB,FourPeople,E,4,0,0,0.17646712151845675,-0.31727513577131033,-1.8449565854101704,-0.13792862400884254,,35.7903,42.9908,41.9954,47.2099,42.7886,48.4485,1.8945955915228296e-13,complete
r8,R8-10,R8_MODE=10,LB,Johnny,E,4,0,0,0.0023931251350878856,0.9317926415092456,1.168781962907831,0.2643666694034505,,37.8163,43.2242,44.145,48.6858,44.5792,49.3551,1.1879386363489175e-13,complete
r8,R8-10,R8_MODE=10,LB,KristenAndSara,E,4,0,0,-0.2934144553024037,1.4041739679422018,1.7701874334774639,0.17673433370065544,,37.2294,43.684,43.1279,47.9585,43.7096,48.9193,5.573319583618286e-14,complete
r8,R8-11,R8_MODE=11,LB,BQMall,C,4,0,0,0.112408070816113,-0.25334677495558267,-0.31145269641267975,0.013706119191051948,,31.7138,40.0842,38.2039,43.4535,38.1915,44.516,1.7381929229287607e-13,complete
r8,R8-11,R8_MODE=11,LB,BasketballDrill,C,4,0,0,-0.37866681287310633,0.521471158525811,0.34803597208825554,-0.1753117183280714,,32.9021,41.583,37.8138,43.8331,37.708,44.8075,1.340039190722564e-13,complete
r8,R8-11,R8_MODE=11,LB,PartyScene,C,4,0,0,-0.22119396420489318,-0.8616938736224244,-1.1513263896495918,-0.4175230060626719,,28.1736,38.4838,34.8517,41.0541,35.0471,41.7508,1.865174681370263e-13,complete
r8,R8-11,R8_MODE=11,LB,RaceHorsesC,C,4,0,0,-0.05948397418831546,0.3031142520366291,-0.677115345032081,-0.09136311726566809,,28.7028,39.3014,35.0027,40.3587,36.6115,42.0057,2.1649348980190553e-13,complete
r8,R8-11,R8_MODE=11,LB,FourPeople,E,4,0,0,0.10918272349355711,-0.24593097064007527,-0.3111290099345286,0.012254545048342343,,35.7811,42.9908,42.0182,47.2105,42.755,48.4607,6.497580251618729e-14,complete
r8,R8-11,R8_MODE=11,LB,Johnny,E,4,0,0,0.04379926606653345,1.0248010587210354,1.1160547964983323,0.30045643145232104,,37.8163,43.2242,44.1512,48.6858,44.5517,49.3598,2.120525977034049e-13,complete
r8,R8-11,R8_MODE=11,LB,KristenAndSara,E,4,0,0,-0.07391686258502032,0.6353355919190534,0.5655278852338094,0.09467028770534261,,37.2139,43.684,43.0948,47.9585,43.6902,48.929,8.693046282814976e-14,complete
r8,R8-12,R8_MODE=12,LB,BQMall,C,4,0,0,0.016625479275074684,0.20048862677032367,0.20045661972655787,0.06258726526841621,,31.7048,40.0835,38.2039,43.4547,38.149,44.5236,2.703948176474569e-13,complete
r8,R8-12,R8_MODE=12,LB,BasketballDrill,C,4,0,0,-0.6286026371170337,-0.2609705526039543,-0.827039306460307,-0.6074532102208079,,32.9095,41.5883,37.8253,43.8301,37.719,44.8196,1.461053500406706e-13,complete
r8,R8-12,R8_MODE=12,LB,PartyScene,C,4,0,0,0.08235495235208934,-0.9608292218604618,-1.1216906746901796,-0.19854877280476319,,28.1683,38.4772,34.8517,41.0541,35.0471,41.7555,1.963984530561902e-13,complete
r8,R8-12,R8_MODE=12,LB,RaceHorsesC,C,4,0,0,-0.14434420335637915,0.009004635326669426,-0.460672489343797,-0.16471663426942532,,28.7028,39.3017,35.0276,40.3587,36.6115,42.0055,1.192379528447418e-13,complete
r8,R8-12,R8_MODE=12,LB,FourPeople,E,4,0,0,0.13712379646170952,0.4306468633831089,-0.6762145776621326,0.0721468830614042,,35.7811,42.9902,42.0182,47.2235,42.755,48.461,1.9600987499757139e-13,complete
r8,R8-12,R8_MODE=12,LB,Johnny,E,4,0,0,0.1225662272480864,1.5093689960327872,0.8393165877939007,0.3855103684144008,,37.8163,43.2242,44.145,48.6858,44.5517,49.364,2.0218549057204882e-13,complete
r8,R8-12,R8_MODE=12,LB,KristenAndSara,E,4,0,0,-0.05260073419023081,0.09959376725664114,-0.5515582851724727,-0.09594611538215206,,37.2139,43.684,43.0948,47.9585,43.6902,48.9689,1.305622276959184e-13,complete
r8,R8-13,R8_MODE=13,LB,BQMall,C,4,0,0,0.09362335926240349,0.8063316269207202,0.664742172957958,0.2541017444316374,,31.7048,40.085,38.2039,43.4565,38.1987,44.5287,2.412514632510465e-13,complete
r8,R8-13,R8_MODE=13,LB,BasketballDrill,C,4,0,0,-0.09572222222786486,1.482973245573781,-0.21442557618314198,0.08677679200293123,,32.9028,41.5806,37.8066,43.8076,37.6458,44.8196,2.469136006766348e-13,complete
r8,R8-13,R8_MODE=13,LB,PartyScene,C,4,0,0,-0.0034959507182488357,-1.119513961037323,-1.2577872536055816,-0.2997846148690497,,28.1686,38.4838,34.8562,41.0541,35.0471,41.7555,9.85878045867139e-14,complete
r8,R8-13,R8_MODE=13,LB,RaceHorsesC,C,4,0,0,-0.02912945989854897,-0.3269963997490635,-0.9300597797460347,-0.17897911736079902,,28.7059,39.3018,35.013,40.3554,36.6115,42.0062,8.382183835919932e-14,complete
r8,R8-13,R8_MODE=13,LB,FourPeople,E,4,0,0,0.21603129535978294,-0.9516003009118063,0.39909618696828886,0.09296045727689753,,35.7811,42.9893,42.0182,47.2235,42.755,48.461,1.7486012637846216e-13,complete
r8,R8-13,R8_MODE=13,LB,Johnny,E,4,0,0,0.056374845558883994,1.3785149640765735,2.140801172633656,0.48219565125794167,,37.8163,43.2242,44.1512,48.6858,44.5517,49.364,1.978417429882029e-13,complete
r8,R8-13,R8_MODE=13,LB,KristenAndSara,E,4,0,0,-0.2938726801241658,0.500301967084402,0.5831369870602666,-0.08497464082504076,,37.2139,43.684,43.0948,47.9546,43.6902,48.9285,3.1741276274033225e-13,complete
r8,R8-14,R8_MODE=14,LB,BQMall,C,4,0,0,0.12381266464280305,0.5015077461545395,0.5881816195355083,0.22907066919335828,,31.7048,40.0816,38.2188,43.4565,38.162,44.5085,3.086420008457935e-13,complete
r8,R8-14,R8_MODE=14,LB,BasketballDrill,C,4,0,0,-0.28340702340144336,0.725556929971681,-0.6034557321818022,-0.19729261782734764,,32.8881,41.586,37.8066,43.8261,37.6661,44.8196,1.9018120411828932e-13,complete
r8,R8-14,R8_MODE=14,LB,PartyScene,C,4,0,0,-0.0435619058120526,-0.2924619502437584,-0.15725420846507293,-0.08888594919764337,,28.1707,38.4838,34.8517,41.0541,35.0471,41.7334,1.9790419303333806e-13,complete
r8,R8-14,R8_MODE=14,LB,RaceHorsesC,C,4,0,0,-0.050491850877866125,0.3177802487169614,-0.6773170683609886,-0.08281099061390298,,28.7028,39.2988,35.0027,40.3523,36.6115,42.0068,1.27675647831893e-13,complete
r8,R8-14,R8_MODE=14,LB,FourPeople,E,4,0,0,0.15951690653741357,-0.23470504244004542,-0.5467844210193468,0.021951496970636156,,35.7825,42.9908,41.9882,47.2227,42.755,48.461,7.16093850883226e-14,complete
r8,R8-14,R8_MODE=14,LB,Johnny,E,4,0,0,-0.1505714119005499,0.8628347513944593,1.0955376921342,0.13186799651567,,37.8163,43.2242,44.1751,48.6858,44.5536,49.364,1.9628743075372768e-13,complete
r8,R8-14,R8_MODE=14,LB,KristenAndSara,E,4,0,0,-0.04417478290744916,0.5467666723696769,1.1867401302281932,0.1835572631441469,,37.2343,43.684,43.1878,47.9585,43.6902,48.96,1.419767081678458e-13,complete
r8,R8-15,R8_MODE=15,LB,BQMall,C,4,0,0,0.10006829613520558,-0.2166535482979087,0.28290242605333826,0.08333233182083288,,31.7048,40.0849,38.2669,43.4565,38.149,44.5271,1.5706880240884402e-13,complete
r8,R8-15,R8_MODE=15,LB,BasketballDrill,C,4,0,0,-0.015648661132697028,-0.02313042626165361,-0.5095671359666337,-0.07832369112805869,,32.8949,41.573,37.8066,43.8284,37.6826,44.8196,5.162537064506978e-14,complete
r8,R8-15,R8_MODE=15,LB,PartyScene,C,4,0,0,-0.09980813797982971,-0.5720305213140814,-0.6096584165415796,-0.22256722071682988,,28.1707,38.4838,34.8517,41.0541,35.0471,41.7555,2.892130979148533e-13,complete
r8,R8-15,R8_MODE=15,LB,RaceHorsesC,C,4,0,0,-0.18255826088413926,0.04652449280539103,-0.18705011429168106,-0.15448439834889072,,28.7028,39.3009,35.005,40.3498,36.6115,42.0022,2.741418203555668e-13,complete
r8,R8-15,R8_MODE=15,LB,FourPeople,E,4,0,0,0.016117175668429778,-1.1802022087667983,-0.5368702264868546,-0.20254617265538427,,35.7824,42.9907,41.96,47.2235,42.755,48.461,2.1338486533295509e-13,complete
r8,R8-15,R8_MODE=15,LB,Johnny,E,4,0,0,0.03982455574547438,0.7166155901050215,1.1162458237893487,0.25897609354590206,,37.8163,43.2242,44.1512,48.6858,44.5517,49.364,2.411473798424879e-13,complete
r8,R8-15,R8_MODE=15,LB,KristenAndSara,E,4,0,0,-0.4381730530228417,1.7339580636297196,0.3978862914665695,-0.06214924538009517,,37.2195,43.684,43.0396,47.9585,43.6902,48.9468,1.304512053934559e-13,complete
r8,R8-16,R8_MODE=16,LB,BQMall,C,4,0,0,0.09137405538580647,0.0981267825107819,0.2536338089182013,0.11250061546797775,,31.7065,40.0854,38.2402,43.4565,38.1931,44.5287,6.017408793468348e-14,complete
r8,R8-16,R8_MODE=16,LB,BasketballDrill,C,4,0,0,-0.18416955897631387,0.5336072990683294,0.00948106675814596,-0.07024112350392597,,32.9,41.5883,37.84,43.8153,37.65,44.8196,1.145195049900849e-13,complete
r8,R8-16,R8_MODE=16,LB,PartyScene,C,4,0,0,-0.15139145643628396,-0.687822789560605,-0.7671262536916408,-0.2954122227337437,,28.1703,38.4838,34.8517,41.0541,35.0593,41.7456,2.9418134595005085e-13,complete
r8,R8-16,R8_MODE=16,LB,RaceHorsesC,C,4,0,0,-0.03602321933976424,-0.5794492388866724,-0.6983906428637254,-0.18674739972362292,,28.7028,39.3018,35.008,40.3587,36.6115,41.9956,2.475797344914099e-13,complete
r8,R8-16,R8_MODE=16,LB,FourPeople,E,4,0,0,0.054715817573891434,-0.06492565157968426,-1.6380780199662635,-0.1718385957628249,,35.7811,42.9892,42.0182,47.2231,42.755,48.461,1.6642243139131097e-13,complete
r8,R8-16,R8_MODE=16,LB,Johnny,E,4,0,0,0.07952446487852334,1.0697330699488588,0.5605190534696576,0.263424864086207,,37.8163,43.2242,44.1512,48.6858,44.5517,49.364,1.6053824936079764e-13,complete
r8,R8-16,R8_MODE=16,LB,KristenAndSara,E,4,0,0,-0.07005977611529532,0.1484309392941211,1.52687143945244,0.15686796525684865,,37.2139,43.684,43.0948,47.9585,43.6902,48.9142,1.4577228313328305e-13,complete
r8,R8-17,R8_MODE=17,LB,BQMall,C,4,0,0,0.07944689791118666,0.7359365086109386,0.37212152589984,0.19809242774723734,,31.7089,40.0851,38.2039,43.4565,38.1525,44.5287,1.0208500711428314e-13,complete
r8,R8-17,R8_MODE=17,LB,BasketballDrill,C,4,0,0,-0.4806040708977905,-0.0067612447789624774,-0.44727702076293424,-0.41720783636607994,,32.9139,41.5883,37.8407,43.8308,37.6883,44.8196,1.3705703238997557e-13,complete
r8,R8-17,R8_MODE=17,LB,PartyScene,C,4,0,0,0.09306096597787358,-0.2870641201833594,-1.2265463837737502,-0.11940558851123353,,28.1806,38.4824,34.8517,41.0516,35.0471,41.7531,6.436517985264345e-14,complete
r8,R8-17,R8_MODE=17,LB,RaceHorsesC,C,4,0,0,0.027310055553498372,0.16727052523769037,-0.3609823784400972,-0.003731439985177068,,28.7028,39.3018,35.0027,40.3587,36.6115,42.0068,1.2667644710973036e-13,complete
r8,R8-17,R8_MODE=17,LB,FourPeople,E,4,0,0,0.3012513557126737,0.011003128903314946,-0.7929406825006482,0.12819632258483862,,35.7811,42.9908,41.983,47.2235,42.755,48.4599,1.2850311092993394e-13,complete
r8,R8-17,R8_MODE=17,LB,Johnny,E,4,0,0,0.12449323865893279,1.5663824981742611,1.7564253678145898,0.5087209122428059,,37.8163,43.2242,44.1512,48.6858,44.5517,49.364,2.2803980925800715e-13,complete
r8,R8-17,R8_MODE=17,LB,KristenAndSara,E,4,0,0,-0.13896517449348364,-0.20336649653244632,1.8398616453389371,0.10033801273069862,,37.2139,43.684,43.0948,47.9585,43.6902,48.9492,1.5432100042289676e-13,complete
r8,R8-18,R8_MODE=18,LB,BQMall,C,4,0,0,0.1397300467349381,0.22556736156739304,-0.23658629005266194,0.10342016899054497,,31.7048,40.0816,38.2587,43.4565,38.1708,44.5214,8.232303727595536e-14,complete
r8,R8-18,R8_MODE=18,LB,BasketballDrill,C,4,0,0,-0.3925525070606609,-0.23043782888325154,-0.2622914975069986,-0.356005546094277,,32.9139,41.584,37.8407,43.8295,37.6883,44.8196,2.0689006063889792e-13,complete
r8,R8-18,R8_MODE=18,LB,PartyScene,C,4,0,0,-0.22234130621576906,-0.11549445114489587,-1.1773206638464684,-0.3283578690357473,,28.1762,38.4838,34.8517,41.0541,35.0653,41.7528,2.531308496145357e-13,complete
r8,R8-18,R8_MODE=18,LB,RaceHorsesC,C,4,0,0,-0.06357206096846671,-0.027529703199564357,0.2105310585952935,-0.024803876301883892,,28.7028,39.3017,35.0027,40.3587,36.6115,41.998,2.0430879210664443e-13,complete
r8,R8-18,R8_MODE=18,LB,FourPeople,E,4,0,0,0.21533546949331195,0.343162951961799,-1.9445789193639311,-0.038675393805282565,,35.7811,42.9908,41.983,47.2202,42.755,48.461,8.260059303211165e-14,complete
r8,R8-18,R8_MODE=18,LB,Johnny,E,4,0,0,0.11072114198719056,1.505188256662514,1.777467301130918,0.49337280121457194,,37.8163,43.2242,44.1512,48.6858,44.5517,49.364,1.8984813721090177e-13,complete
r8,R8-18,R8_MODE=18,LB,KristenAndSara,E,4,0,0,-0.0878517624897144,-0.023641136205231512,0.7531096385567323,0.025294740926651793,,37.2139,43.684,43.0948,47.9585,43.6902,48.9689,1.6230072841239007e-13,complete
r8,R8-19,R8_MODE=19,LB,BQMall,C,4,0,0,-0.011535194249519803,0.8066939921714226,0.5037225382480028,0.1551506706152883,,31.7048,40.0815,38.2039,43.4565,38.1659,44.5287,1.4732659536775827e-13,complete
r8,R8-19,R8_MODE=19,LB,BasketballDrill,C,4,0,0,-0.09002808800931929,0.5941063024168681,-0.3321095516686845,-0.034771472163466516,,32.9056,41.584,37.8619,43.8136,37.6903,44.8196,1.509903313490213e-13,complete
r8,R8-19,R8_MODE=19,LB,PartyScene,C,4,0,0,-0.1266270947889674,-1.1275661186670654,-0.4184474977257259,-0.28822202314082446,,28.1685,38.4838,34.8517,41.0541,35.0749,41.7555,3.5482727867020003e-13,complete
r8,R8-19,R8_MODE=19,LB,RaceHorsesC,C,4,0,0,-0.12750589399419907,0.3704226468678507,0.02351364170020863,-0.046387384424641874,,28.7028,39.3015,35.0027,40.3587,36.6115,41.9924,1.5921985951905526e-13,complete
r8,R8-19,R8_MODE=19,LB,FourPeople,E,4,0,0,0.23785813011683324,-0.054356461934305426,-0.5764871359166526,0.0995381478562552,,35.7811,42.9908,42.0182,47.2235,42.755,48.461,2.0728557759142063e-13,complete
r8,R8-19,R8_MODE=19,LB,Johnny,E,4,0,0,0.12284682771616048,1.1435292702668023,0.11331179577332877,0.24924025404213673,,37.8163,43.2242,44.1512,48.6858,44.5517,49.364,1.8980650384747833e-13,complete
r8,R8-19,R8_MODE=19,LB,KristenAndSara,E,4,0,0,-0.0027083345002689905,1.312782381593496,1.1258146505170887,0.30279337813862134,,37.2139,43.684,43.0948,47.9585,43.6902,48.9378,1.156852391659413e-13,complete
r8,R8-20,R8_MODE=20,LB,BQMall,C,4,0,0,0.0030969017112911002,0.06263632584346743,0.8545981755105866,0.11697698895272507,,31.7048,40.083,38.206,43.4565,38.149,44.5287,2.2273849431542203e-13,complete
r8,R8-20,R8_MODE=20,LB,BasketballDrill,C,4,0,0,-0.21674268178337677,0.23278295127743093,0.31457918316485567,-0.09413674453224677,,32.9012,41.5872,37.8066,43.8359,37.6679,44.8196,1.3269940701832184e-13,complete
r8,R8-20,R8_MODE=20,LB,PartyScene,C,4,0,0,-0.04781957047927473,-1.0196790453876166,-0.9859496706105783,-0.2865682673592304,,28.1755,38.4838,34.8669,41.0541,35.0471,41.7555,2.2803980925800715e-13,complete
r8,R8-20,R8_MODE=20,LB,RaceHorsesC,C,4,0,0,-0.024155202716808873,0.05870103206077206,-0.6932753931431923,-0.09743819717290919,,28.7034,39.301,35.0027,40.3567,36.6115,41.9952,1.8096635301390052e-13,complete
r8,R8-20,R8_MODE=20,LB,FourPeople,E,4,0,0,0.21926335301512895,1.0382923345018753,-1.214772998485871,0.14238743176334726,,35.7811,42.9908,41.9827,47.2235,42.755,48.4586,8.615330671091215e-14,complete
r8,R8-20,R8_MODE=20,LB,Johnny,E,4,0,0,0.019734141180316918,0.5751577246346937,0.27019631230277713,0.12046986050242153,,37.8163,43.2242,44.1512,48.6858,44.5517,49.364,1.6231460620019789e-13,complete
r8,R8-20,R8_MODE=20,LB,KristenAndSara,E,4,0,0,-0.1369419844755926,2.7440434309946635,0.5099422487584562,0.30404172161244547,,37.2139,43.684,43.0563,47.9585,43.6982,48.9651,9.85878045867139e-14,complete
r8,R8-21,R8_MODE=21,LB,BQMall,C,4,0,0,0.11239223423309137,0.415125422580328,-0.2885592446078497,0.10011494792137832,,31.7048,40.0831,38.217,43.4565,38.1908,44.5287,2.698397061351443e-13,complete
r8,R8-21,R8_MODE=21,LB,BasketballDrill,C,4,0,0,-0.19520651610052692,0.5981338325073579,-0.08422223422866772,-0.0821659372905589,,32.9028,41.5879,37.8066,43.8269,37.6458,44.8196,2.8343993818680246e-13,complete
r8,R8-21,R8_MODE=21,LB,PartyScene,C,4,0,0,-0.18356082851887218,-0.93105838037523,-0.21890419688780555,-0.2814159435470336,,28.1715,38.4838,34.8517,41.0541,35.0471,41.7518,2.2398749521812533e-13,complete
r8,R8-21,R8_MODE=21,LB,RaceHorsesC,C,4,0,0,-0.13902717539480633,0.042839504670947964,-0.0546909345536808,-0.10575181028144634,,28.7104,39.2985,35.0147,40.3587,36.6115,42.0068,8.904682546884146e-14,complete
r8,R8-21,R8_MODE=21,LB,FourPeople,E,4,0,0,0.21256785632324618,-0.808850890409129,-0.26503976561733156,0.025189560239127065,,35.7811,42.9908,42.0182,47.2235,42.755,48.461,2.1149748619109232e-13,complete
r8,R8-21,R8_MODE=21,LB,Johnny,E,4,0,0,-0.08104458686204431,1.1975399889240532,2.142160493185587,0.3566791201171718,,37.8163,43.2242,44.1512,48.6858,44.5517,49.3602,1.5365486660812167e-13,complete
r8,R8-21,R8_MODE=21,LB,KristenAndSara,E,4,0,0,-0.04452866692741223,1.612918391527482,-0.377212878810935,0.1210666888940092,,37.2139,43.684,43.0948,47.9564,43.6902,48.9309,2.395861287141088e-13,complete
r8,R8-22,R8_MODE=22,LB,BQMall,C,4,0,0,0.1401781240776431,0.9727502813914052,1.3667080271878016,0.3975658816306332,,31.7048,40.0848,38.2141,43.4565,38.149,44.5277,1.9287349495300532e-13,complete
r8,R8-22,R8_MODE=22,LB,BasketballDrill,C,4,0,0,-0.3235177356676195,0.5763044920236423,-0.1700037227813681,-0.19185070559543033,,32.9028,41.5826,37.8066,43.8266,37.6458,44.8196,1.035838081975271e-13,complete
r8,R8-22,R8_MODE=22,LB,PartyScene,C,4,0,0,-0.2204073307416155,-1.1297189744001215,-0.7631933957379546,-0.40191954432347116,,28.1683,38.4819,34.8517,41.0541,35.0471,41.7555,1.3855583347321954e-13,complete
r8,R8-22,R8_MODE=22,LB,RaceHorsesC,C,4,0,0,-0.11801679617892441,0.3926274698696262,0.5444443790463268,0.02862138398030082,,28.7104,39.3018,35.0147,40.3561,36.6115,42.001,1.8568480086855743e-13,complete
r8,R8-22,R8_MODE=22,LB,FourPeople,E,4,0,0,0.20743943079212582,-0.7182422187826516,-0.3982611942170354,0.0160166464691335,,35.7811,42.9908,42.0182,47.2211,42.755,48.461,1.9806378759312793e-13,complete
r8,R8-22,R8_MODE=22,LB,Johnny,E,4,0,0,0.002225521025297849,0.509686770082408,2.3507148523707344,0.3592193435756162,,37.8163,43.2242,44.1512,48.6858,44.5517,49.364,1.9171383230931482e-13,complete
r8,R8-22,R8_MODE=22,LB,KristenAndSara,E,4,0,0,-0.22148211172914084,0.5724976589182337,0.07483349305948242,-0.08519518979964114,,37.2139,43.684,43.0948,47.9585,43.6902,48.9554,4.0495384823202585e-14,complete
r8,R8-23,R8_MODE=23,LB,BQMall,C,4,0,0,-0.015397876042826775,-0.06141961045260392,0.8386728272774334,0.08560824507098361,,31.7048,40.0806,38.2493,43.4502,38.2125,44.5136,2.7489815979109267e-13,complete
r8,R8-23,R8_MODE=23,LB,BasketballDrill,C,4,0,0,-0.11427348231271316,0.44503671650424675,-0.03644572722317539,-0.034631238074400945,,32.8837,41.5864,37.8547,43.8251,37.6458,44.8172,2.187694470023871e-13,complete
r8,R8-23,R8_MODE=23,LB,PartyScene,C,3,1,0,-0.06306366983428643,-0.9872786820997512,-1.0360127416091869,-0.3002091803393321,,28.1683,38.4838,34.876,41.0541,35.0471,41.7555,1.8429702208777599e-13,imputed
r8,R8-23,R8_MODE=23,LB,RaceHorsesC,C,4,0,0,-0.08633020369646531,0.2039468520075524,0.392278831365593,0.00978055764929419,,28.7028,39.3011,35.0027,40.3587,36.6294,42.0068,1.5991374890944599e-13,complete
r8,R8-23,R8_MODE=23,LB,FourPeople,E,4,0,0,0.02249699686657326,-0.1754936561011945,-0.6195858402612276,-0.08251218939537283,,35.7811,42.9905,41.9541,47.2235,42.755,48.461,1.333377852574813e-13,complete
r8,R8-23,R8_MODE=23,LB,Johnny,E,4,0,0,-0.07895083176243138,-0.062004722862942896,-0.5737602232648324,-0.13868374208779544,,37.8163,43.2242,44.1691,48.6858,44.5637,49.364,1.6919798895287386e-13,complete
r8,R8-23,R8_MODE=23,LB,KristenAndSara,E,4,0,0,-0.0033420246007680042,0.007214172365843242,0.7981015189108749,0.09815794295901377,,37.2139,43.6832,43.0396,47.9585,43.6902,48.9595,9.588206964505908e-14,complete
r8,R8-24,R8_MODE=24,LB,BQMall,C,4,0,0,0.02877022287197409,1.0230372764250932,0.6564154418348581,0.2315092569364745,,31.7048,40.0836,38.2051,43.4565,38.1855,44.5238,1.1612932837579137e-13,complete
r8,R8-24,R8_MODE=24,LB,BasketballDrill,C,4,0,0,-0.12028414870428031,0.18617444693280136,-0.04488318698835895,-0.07255170403515493,,32.9,41.5873,37.84,43.8376,37.65,44.8196,1.3936074516607277e-13,complete
r8,R8-24,R8_MODE=24,LB,PartyScene,C,3,1,0,-0.1150921703142282,-0.7571365396163089,-0.4171411413812415,-0.23310383786036493,,28.1839,38.4838,34.8517,41.0541,35.0471,41.7555,3.0646318815996665e-13,imputed
r8,R8-24,R8_MODE=24,LB,RaceHorsesC,C,4,0,0,-0.09125758765911063,0.07329314678949173,0.04204182527243918,-0.05402631923659161,,28.7028,39.3018,35.0027,40.3574,36.6115,41.9995,1.9961809982760315e-13,complete
r8,R8-24,R8_MODE=24,LB,FourPeople,E,4,0,0,0.12769484133248502,-0.5042453437848269,-0.42907425673742355,-0.020893819065917536,,35.7811,42.9897,42.0182,47.2235,42.755,48.461,2.3225865675158275e-13,complete
r8,R8-24,R8_MODE=24,LB,Johnny,E,4,0,0,0.16940073339849393,0.9424372257557481,0.7452495305911366,0.33801139459223106,,37.8163,43.2242,44.1512,48.6858,44.5517,49.364,3.894662370385049e-13,complete
r8,R8-24,R8_MODE=24,LB,KristenAndSara,E,4,0,0,-0.06689312627614709,0.18225911367946152,0.5985734136708676,0.04743422121168082,,37.2139,43.684,43.0948,47.9585,43.6902,48.9357,4.3298697960381105e-14,complete
r9,R9-1,r9_p10,LB,BQMall,C,4,0,0,-0.02285223449898553,0.3869982390231987,0.8516324380965892,0.13768965876573433,,31.7125,40.0853,38.2333,43.4565,38.149,44.5239,1.1679546219056647e-13,complete
r9,R9-1,r9_p10,LB,BasketballDrill,C,4,0,0,-0.11594973651025992,0.04589316655971141,-0.20149096379647904,-0.10641202703729088,,32.8983,41.5883,37.8171,43.8045,37.6655,44.8196,1.5237811012980274e-13,complete
r9,R9-1,r9_p10,LB,PartyScene,C,4,0,0,-0.040984133946523636,-0.9047124930814677,-0.8130046585320455,-0.24545274441158188,,28.1683,38.4838,34.8517,41.0541,35.0471,41.7555,1.7400664242828157e-13,complete
r9,R9-1,r9_p10,LB,RaceHorsesC,C,4,0,0,-0.007206368400716009,0.2935591359722197,0.049467189069499984,0.03747351432967796,,28.7028,39.2958,35.0027,40.3587,36.6115,41.996,8.678908286485765e-14,complete
r9,R9-1,r9_p10,LB,FourPeople,E,4,0,0,0.18934164343025026,-0.1570212288435922,-1.7889320680074068,-0.10123792953368718,,35.7903,42.9892,41.9954,47.1889,42.7886,48.4404,1.1368683772161603e-13,complete
r9,R9-1,r9_p10,LB,Johnny,E,4,0,0,0.06386578487608278,0.9739562274235583,1.2136113557605985,0.32134528655508166,,37.8163,43.2242,44.145,48.6858,44.5792,49.3563,1.5787371410169726e-13,complete
r9,R9-1,r9_p10,LB,KristenAndSara,E,4,0,0,-0.22129849048756417,0.7672236497842002,0.026000429932337202,-0.06682085790110597,,37.2294,43.684,43.1279,47.9585,43.7096,48.9554,1.2151391004522338e-13,complete
r9,R9-2,r9_p12,LB,BQMall,C,4,0,0,-0.012387607520788154,0.8214486438740689,0.568746207930332,0.164483650834959,,31.7048,40.0829,38.224,43.4458,38.169,44.5042,1.9406698470447736e-13,complete
r9,R9-2,r9_p12,LB,BasketballDrill,C,4,0,0,-0.32313649704272235,-0.33883196374925706,-0.2738020639778069,-0.31893162624792476,,32.8984,41.5883,37.8253,43.8343,37.6787,44.8196,1.482147737874584e-13,complete
r9,R9-2,r9_p12,LB,PartyScene,C,4,0,0,-0.10515592003792927,-0.9573549408750378,-0.8050626952098483,-0.29916914453905774,,28.1683,38.4838,34.8517,41.0541,35.0471,41.75,2.686739719592879e-13,complete
r9,R9-2,r9_p12,LB,RaceHorsesC,C,4,0,0,-0.08819319976027545,0.19898450669300521,-0.4597353491728671,-0.09873875513018933,,28.7028,39.301,35.0027,40.3575,36.6115,42.0063,5.149769499723789e-13,complete
r9,R9-2,r9_p12,LB,FourPeople,E,4,0,0,0.12030700324700418,0.3762681310317431,-0.6646387372150769,0.054183926662336415,,35.7811,42.9908,42.0182,47.2235,42.755,48.461,1.4460654895742664e-13,complete
r9,R9-2,r9_p12,LB,Johnny,E,4,0,0,0.11913829614966027,1.3911831918655615,0.8260496946820335,0.3665078329306946,,37.8163,43.2242,44.145,48.6858,44.5517,49.364,1.1861345239339016e-13,complete
r9,R9-2,r9_p12,LB,KristenAndSara,E,4,0,0,-0.1068504076860309,-0.02306947950648117,-0.4038427789180886,-0.1335018380675944,,37.2139,43.684,43.0948,47.9585,43.6902,48.9671,2.1527224447481785e-13,complete
r9,R9-3,r9_axis_sparse,LB,BQMall,C,4,0,0,0.14872475330054274,0.23133179665474393,1.4128531864537082,0.3170666878639636,,31.7048,40.0812,38.2519,43.4409,38.149,44.5287,4.29101199017623e-14,complete
r9,R9-3,r9_axis_sparse,LB,BasketballDrill,C,4,0,0,-0.4201530213425346,-0.2915568872375743,-0.2060314780739584,-0.3773133116708426,,32.9003,41.5883,37.8246,43.8425,37.703,44.8196,1.201816424156732e-13,complete
r9,R9-3,r9_axis_sparse,LB,PartyScene,C,4,0,0,-0.10152562632074315,-1.0888743202050075,-0.5482442451499361,-0.28078404040992533,,28.1683,38.4805,34.8517,41.0541,35.0471,41.7555,2.320227343588499e-13,complete
r9,R9-3,r9_axis_sparse,LB,RaceHorsesC,C,4,0,0,-0.06364967293276241,0.6947442330647317,0.01914373139292458,0.04149874085763522,,28.7028,39.3018,35.0027,40.351,36.6115,41.9984,1.3483658634072526e-13,complete
r9,R9-3,r9_axis_sparse,LB,FourPeople,E,4,0,0,0.19902048769385583,0.35017781292339534,-0.7768148644298436,0.09593573433208585,,35.7811,42.9908,42.0182,47.2046,42.755,48.461,6.794564910705958e-14,complete
r9,R9-3,r9_axis_sparse,LB,Johnny,E,4,0,0,-0.43735567663230646,0.6620055461349664,-0.5156058312392325,-0.30971679311226313,,37.8163,43.2242,44.145,48.6858,44.5792,49.3611,2.248201624865942e-13,complete
r9,R9-3,r9_axis_sparse,LB,KristenAndSara,E,4,0,0,-0.14551636568313067,0.4896909145883224,0.31438892267453383,-0.008627294604490979,,37.2139,43.684,43.1197,47.9585,43.6902,48.9449,5.723199691942682e-14,complete
r9,R9-4,r9_half_penalty,LB,BQMall,C,4,0,0,0.13124384777713186,1.0278825027995737,1.0640865625638323,0.3599290190032747,,31.7049,40.0841,38.2039,43.4464,38.1549,44.5194,1.525446435834965e-13,complete
r9,R9-4,r9_half_penalty,LB,BasketballDrill,C,4,0,0,-0.20170178625819932,-0.12803885498236905,-0.7906122886192609,-0.26610773264385323,,32.9095,41.5883,37.8253,43.8392,37.719,44.8196,1.9098611581114255e-13,complete
r9,R9-4,r9_half_penalty,LB,PartyScene,C,4,0,0,-0.13570980930360546,-0.5619780458657145,-1.1780327270353557,-0.31928370359033786,,28.174,38.4838,34.8517,41.0541,35.0471,41.7439,3.022859740298145e-13,complete
r9,R9-4,r9_half_penalty,LB,RaceHorsesC,C,4,0,0,-0.019052756216948213,-0.5172157103099772,-0.1113835228698785,-0.09286447131019313,,28.7028,39.3018,35.0048,40.3584,36.6139,42.0065,2.0029811143018605e-13,complete
r9,R9-4,r9_half_penalty,LB,FourPeople,E,4,0,0,0.2000496346954356,0.038755180643108435,-0.632019594603792,0.07587917427649125,,35.7811,42.9908,42.0182,47.2235,42.755,48.4432,1.0644957137984079e-13,complete
r9,R9-4,r9_half_penalty,LB,Johnny,E,4,0,0,0.1169626405066832,1.2979680450996023,-0.3412012964253653,0.20731782396429202,,37.8163,43.2242,44.145,48.6858,44.5517,49.364,2.0700108294136044e-13,complete
r9,R9-4,r9_half_penalty,LB,KristenAndSara,E,4,0,0,-0.011026610363327293,0.14170018496185818,1.124246732595855,0.14997340692221867,,37.2139,43.684,43.0948,47.9585,43.6902,48.9167,1.67615921142783e-13,complete
r9,R9-5,r9_feature_penalty,LB,BQMall,C,4,0,0,0.19654970929963764,0.1372411326492979,0.8762010592613765,0.2740925559635625,,31.7048,40.0816,38.2039,43.4565,38.1754,44.5203,1.1482481632185682e-13,complete
r9,R9-5,r9_feature_penalty,LB,BasketballDrill,C,4,0,0,-0.30848307991641294,0.48717193798464176,0.16449170400278595,-0.14990435468888125,,32.9091,41.5857,37.8066,43.8384,37.688,44.8196,1.0763612223740893e-13,complete
r9,R9-5,r9_feature_penalty,LB,PartyScene,C,4,0,0,-0.03404759926928606,-0.6931547015418105,-1.089126866751678,-0.2483208954886506,,28.1775,38.4826,34.8517,41.0541,35.051,41.7516,7.704947790898586e-14,complete
r9,R9-5,r9_feature_penalty,LB,RaceHorsesC,C,4,0,0,-0.08607899941536944,-0.07014015455888636,-0.3399289575029359,-0.11581788856925485,,28.7028,39.3018,35.0048,40.3587,36.6139,42.0001,1.481176292728037e-13,complete
r9,R9-5,r9_feature_penalty,LB,FourPeople,E,4,0,0,0.2544949344910211,0.4102447698294349,-0.4443749701188015,0.186604925832095,,35.7811,42.9908,42.0182,47.2235,42.755,48.4432,1.5759615834554097e-13,complete
r9,R9-5,r9_feature_penalty,LB,Johnny,E,4,0,0,0.12998194799782184,1.4352810307663837,1.1265868582728202,0.4177199471282669,,37.8163,43.2242,44.145,48.6858,44.5517,49.364,2.483291350330319e-13,complete
r9,R9-5,r9_feature_penalty,LB,KristenAndSara,E,4,0,0,-0.2600615814448623,0.5850437440326401,1.373504351664646,0.049772325878514045,,37.2139,43.684,43.0948,47.9503,43.6902,48.9392,1.4166445794216997e-13,complete
r9,R9-6,r9_unit_risk,LB,BQMall,C,4,0,0,-0.11484705838218565,0.7559170119821556,0.9869008392402496,0.13171693761616143,,31.7048,40.083,38.2039,43.4531,38.149,44.5261,4.6379566853715914e-14,complete
r9,R9-6,r9_unit_risk,LB,BasketballDrill,C,4,0,0,-0.22016798201413632,0.4059539955246812,-0.6817837239068621,-0.19960470255837487,,32.9049,41.5866,37.8066,43.819,37.697,44.8196,2.028377465990161e-13,complete
r9,R9-6,r9_unit_risk,LB,PartyScene,C,4,0,0,-0.12749593564202238,-1.0789584398958,-0.8028714814273656,-0.3308506918969125,,28.1842,38.4838,34.8517,41.0407,35.0471,41.7408,3.5926817076870066e-13,complete
r9,R9-6,r9_unit_risk,LB,RaceHorsesC,C,4,0,0,-0.06807395028234643,0.7624568903571554,-0.8778681358550563,-0.06548186839899744,,28.7028,39.3018,35.0083,40.3508,36.6381,41.9974,1.6697754290362354e-13,complete
r9,R9-6,r9_unit_risk,LB,FourPeople,E,4,0,0,0.15839368759564063,0.6141980672009826,0.1605608197012664,0.2156401265595116,,35.7852,42.9882,41.9714,47.2163,42.755,48.461,1.1859957460558235e-13,complete
r9,R9-6,r9_unit_risk,LB,Johnny,E,4,0,0,0.022031339418125066,1.2668825260047285,0.7728038429451094,0.27148430068232354,,37.8271,43.2242,44.1705,48.6858,44.5517,49.3588,2.48245868306185e-13,complete
r9,R9-6,r9_unit_risk,LB,KristenAndSara,E,4,0,0,-0.07355497977111715,2.115193066567646,-1.4002107306828862,0.03420655715725712,,37.2139,43.684,43.0948,47.9585,43.6902,48.9381,4.618527782440651e-14,complete
r9,R9-7,r9_protect_one,LB,BQMall,C,4,0,0,-0.04072433987694602,0.7537224137705179,1.8702141059904211,0.29744881006240786,,31.7048,40.0831,38.2039,43.4565,38.149,44.5287,2.0095036745715333e-13,complete
r9,R9-7,r9_protect_one,LB,BasketballDrill,C,4,0,0,-0.4556769871564975,-0.046420293000007454,-0.10986939088175965,-0.361293950852594,,32.9043,41.5883,37.8066,43.8366,37.6458,44.8196,1.701139229481896e-13,complete
r9,R9-7,r9_protect_one,LB,PartyScene,C,4,0,0,-0.14429915601137985,-0.4880337659070588,-1.5218337862091702,-0.3594578110230635,,28.1683,38.4835,34.8517,41.0541,35.0471,41.755,2.381705943577117e-13,complete
r9,R9-7,r9_protect_one,LB,RaceHorsesC,C,4,0,0,-0.05948852722025954,-0.7173739188154824,0.1546718616078207,-0.11495415256615238,,28.7028,39.2988,35.0027,40.3587,36.6261,41.9995,1.1496359419993496e-13,complete
r9,R9-7,r9_protect_one,LB,FourPeople,E,4,0,0,0.21353101968632515,-0.2263345952497485,-0.7660699385106966,0.03609769804468824,,35.7811,42.9902,42.0302,47.2235,42.755,48.461,6.128431095930864e-14,complete
r9,R9-7,r9_protect_one,LB,Johnny,E,4,0,0,-0.057390372321360864,0.2820028103805437,1.2239774336783242,0.14520475126633783,,37.8271,43.2242,44.1705,48.6858,44.5517,49.3546,1.3389289676979388e-13,complete
r9,R9-7,r9_protect_one,LB,KristenAndSara,E,4,0,0,0.04835575618072732,1.7499759287273036,-0.5170192085194495,0.19038640716152722,,37.2139,43.684,43.0948,47.9585,43.6902,48.9359,1.624256285026604e-13,complete
r9,R9-8,r9_joint_mapping,LB,BQMall,C,4,0,0,0.06786963326225857,0.6559776860106228,1.0221353475480777,0.2606663541415315,,31.7048,40.0853,38.2039,43.4565,38.149,44.5287,1.5520917884259688e-13,complete
r9,R9-8,r9_joint_mapping,LB,BasketballDrill,C,4,0,0,-0.07829624217361242,-0.027916726146275567,-0.47912884142909645,-0.12210287757713081,,32.8931,41.588,37.8146,43.8262,37.6753,44.8196,2.6845192735436285e-13,complete
r9,R9-8,r9_joint_mapping,LB,PartyScene,C,4,0,0,-0.08259383642224437,-0.767910549498055,-0.998551593816722,-0.2827531452310304,,28.1683,38.4838,34.8517,41.0541,35.0471,41.7515,2.7323976414805884e-13,complete
r9,R9-8,r9_joint_mapping,LB,RaceHorsesC,C,4,0,0,-0.07262999953184214,-0.484686190631444,-0.43993598619173635,-0.17005027175177917,,28.7028,39.3016,35.009,40.3496,36.6115,42.0051,1.5019929744397587e-13,complete
r9,R9-8,r9_joint_mapping,LB,FourPeople,E,4,0,0,0.05505328920884654,-0.1191284367662534,-0.3446203125973421,-0.016678626763814534,,35.7811,42.9908,42.0182,47.2235,42.755,48.461,2.2065682614424986e-13,complete
r9,R9-8,r9_joint_mapping,LB,Johnny,E,4,0,0,0.10691104549009159,1.4017566574552505,0.7792737048446203,0.35281207940505255,,37.8163,43.2242,44.145,48.6858,44.5517,49.364,1.8504642262939797e-13,complete
r9,R9-8,r9_joint_mapping,LB,KristenAndSara,E,4,0,0,-0.014084742897304919,0.44324861059004034,0.4205145185081798,0.09740683396429883,,37.2139,43.684,43.0948,47.9585,43.6902,48.9203,1.0613732115416497e-13,complete
r9,R9-9,r9_expert_integer,LB,BQTerrace,B,3,1,0,0.056906053531040876,0.4884051382435756,-0.11630242204580321,0.08919237967300221,,32.6649,38.2232,39.6231,42.9341,42.1745,45.3832,9.225953334635051e-14,imputed
r9,R9-9,r9_expert_integer,LB,BasketballDrive,B,3,1,0,0.018241812210117142,0.527619709580088,-0.10170387277985135,0.06692083875761742,,33.9941,39.5612,40.2568,44.2584,39.4332,45.5693,4.7406523151494184e-14,imputed
r9,R9-9,r9_expert_integer,LB,Cactus,B,3,1,0,-0.05872450380873469,-0.26608109426702964,-0.14156103555875948,-0.09499864408477465,,32.6939,38.6754,37.4249,40.1807,38.567,43.8575,2.2977453273398396e-13,imputed
r9,R9-9,r9_expert_integer,LB,MarketPlace,B,3,1,0,0.11524978076563003,0.08736513209903259,0.8468163051814881,0.2032100152342876,,34.8411,40.5867,40.9802,44.4432,41.055,45.0589,1.9480250745829153e-13,imputed
r9,R9-9,r9_expert_integer,LB,RitualDance,B,4,0,0,-0.074569971824483,0.3748095077067929,0.30361736710225057,0.028875880482768186,,35.5457,44.8465,42.3445,48.0447,42.0635,48.5713,1.9834134334928422e-13,complete
r9,R9-9,r9_expert_integer,LB,BQMall,C,4,0,0,0.15678812495380384,0.3820798451119556,0.5299025021140894,0.23158888711860848,,31.7048,40.0857,38.2119,43.4502,38.149,44.5157,2.901012763345534e-13,complete
r9,R9-9,r9_expert_integer,LB,BasketballDrill,C,4,0,0,-0.2333859788351205,-0.07788992263332137,-0.7016149742113681,-0.2724775962319266,,32.9003,41.5868,37.8246,43.8292,37.703,44.8196,6.050715484207103e-14,complete
r9,R9-9,r9_expert_integer,LB,PartyScene,C,4,0,0,-0.15042858365249173,-0.8772649529006564,-0.8638003934265741,-0.33045460603027266,,28.1792,38.4838,34.8517,41.051,35.0471,41.744,2.5357493882438575e-13,complete
r9,R9-9,r9_expert_integer,LB,RaceHorsesC,C,4,0,0,-0.1231805927017299,0.2973273302000455,-0.5502387031082688,-0.12399936613982535,,28.7071,39.3016,35.0033,40.3526,36.6115,42.0003,2.1929680293908405e-13,complete
r9,R9-9,r9_expert_integer,LB,FourPeople,E,4,0,0,0.07050042723383641,-0.2687358265241118,-0.36046649919694473,-0.025774970289754763,,35.7843,42.9908,42.0232,47.2235,42.755,48.461,1.0164091790443308e-13,complete
r9,R9-9,r9_expert_integer,LB,Johnny,E,4,0,0,-0.34803498063029886,0.021343398586341256,-0.3348144794770383,-0.30021012058406127,,37.8163,43.2242,44.1512,48.6858,44.5517,49.364,1.634803403760543e-13,complete
r9,R9-9,r9_expert_integer,LB,KristenAndSara,E,4,0,0,-0.18839477833376528,1.850277509284373,-1.1329977993267768,-0.051636120005624425,,37.2388,43.684,43.1132,47.9585,43.6902,48.9509,2.2515322939398175e-13,complete
r9,R9-10,r9_expert_fractional,LB,BQMall,C,4,0,0,0.21557588916289758,-0.020201137812591537,-0.03954584642066662,0.15421354384301592,,31.7048,40.0824,38.2248,43.4565,38.1818,44.5287,1.4372530943163042e-13,complete
r9,R9-10,r9_expert_fractional,LB,BasketballDrill,C,4,0,0,-0.30992751602664764,0.15743913804037726,-0.5927268186364352,-0.28685659709449296,,32.9003,41.5856,37.8246,43.827,37.703,44.8171,1.0014211682118912e-13,complete
r9,R9-10,r9_expert_fractional,LB,PartyScene,C,4,0,0,-0.12151910221925113,-0.5054511379238295,-1.00207865826936,-0.27958055118858705,,28.1683,38.4838,34.8517,41.0535,35.0471,41.754,3.105293799876563e-13,complete
r9,R9-10,r9_expert_fractional,LB,RaceHorsesC,C,4,0,0,-0.009406464906758429,-0.25690910583924004,-0.8564796359205006,-0.1462284414000364,,28.7028,39.3017,35.0313,40.3518,36.6115,42.0068,6.9111383282916e-14,complete
r9,R9-10,r9_expert_fractional,LB,FourPeople,E,4,0,0,0.14281757217830782,-0.2308541538272456,-1.5148527223339636,-0.11110018038642029,,35.7843,42.9908,42.0232,47.2235,42.755,48.461,1.7319479184152442e-13,complete
r9,R9-10,r9_expert_fractional,LB,Johnny,E,4,0,0,-0.13436855728325964,1.2976142847761734,0.2137516307323826,0.08814432147612476,,37.8163,43.2242,44.1512,48.6858,44.5517,49.364,1.538769112130467e-13,complete
r9,R9-10,r9_expert_fractional,LB,KristenAndSara,E,4,0,0,-0.09213808122976595,2.192482359896373,-0.5827852412907829,0.13210857890337435,,37.2139,43.684,43.1651,47.9585,43.6902,48.9291,1.4289958105706546e-13,complete
r9,R9-11,r9_quant_down,LB,BQMall,C,4,0,0,0.06006731440159749,0.35005941019079034,1.5707374913192371,0.28515009848995154,,31.7048,40.0807,38.2051,43.4565,38.149,44.5066,1.156852391659413e-13,complete
r9,R9-11,r9_quant_down,LB,BasketballDrill,C,4,0,0,-0.2955819449938568,0.4718820081654262,-0.006776209773717785,-0.16354823394642906,,32.9016,41.5883,37.8066,43.8238,37.7048,44.8196,1.6209256159527285e-13,complete
r9,R9-11,r9_quant_down,LB,PartyScene,C,4,0,0,-0.1256146051817162,-0.9814504914210433,-0.21493766718233437,-0.24375947371170936,,28.1683,38.4783,34.8517,41.0541,35.0471,41.7555,2.2321033910088772e-13,complete
r9,R9-11,r9_quant_down,LB,RaceHorsesC,C,4,0,0,-0.09484938334105242,-0.5025131420353601,-0.36830333282852085,-0.17998909686377443,,28.7028,39.3018,35.0245,40.3587,36.6115,41.9953,1.3061773884714967e-13,complete
r9,R9-11,r9_quant_down,LB,FourPeople,E,4,0,0,0.1902036858535679,-0.6118149227158708,-0.26574500492218206,0.03295777343541933,,35.7811,42.9901,41.9832,47.2235,42.755,48.461,1.6553425297161084e-13,complete
r9,R9-11,r9_quant_down,LB,Johnny,E,4,0,0,0.18700760855373988,0.9392852247505791,2.7554503769884167,0.6020976566326794,,37.8163,43.2242,44.145,48.6858,44.5792,49.344,1.9406698470447736e-13,complete
r9,R9-11,r9_quant_down,LB,KristenAndSara,E,4,0,0,-0.017667427459813506,0.6256003492041767,-1.8883863889582846,-0.17109882556412362,,37.243,43.684,43.1232,47.9585,43.6902,48.9537,1.3575252033604102e-13,complete
r9,R9-12,r9_quant_down_up,LB,BQMall,C,4,0,0,-0.05811977511705614,0.27224100633249343,0.8714154033127466,0.0993672198678629,,31.7073,40.0829,38.2072,43.4565,38.149,44.5254,1.596361931532897e-13,complete
r9,R9-12,r9_quant_down_up,LB,BasketballDrill,C,4,0,0,-0.0661720087401308,0.5048577575286831,0.30634744361513966,0.05177164358787975,,32.8873,41.5841,37.8066,43.8235,37.6784,44.8196,1.291189377639057e-13,complete
r9,R9-12,r9_quant_down_up,LB,PartyScene,C,4,0,0,-0.11094786660292544,-0.8305352236920303,-0.9589806132494647,-0.3069003795698809,,28.176,38.4764,34.8517,41.0541,35.0722,41.7486,1.4732659536775827e-13,complete
r9,R9-12,r9_quant_down_up,LB,RaceHorsesC,C,4,0,0,-0.03927099631711924,0.30724129864814637,0.27650101114258113,0.04351454148600151,,28.7028,39.3018,35.0027,40.3476,36.6115,42.0008,3.06588088250237e-13,complete
r9,R9-12,r9_quant_down_up,LB,FourPeople,E,4,0,0,0.15801451726211926,-0.03662752343125243,-0.48457298696006457,0.05336082414767483,,35.7811,42.9908,41.9889,47.2037,42.755,48.461,1.5654144647214707e-13,complete
r9,R9-12,r9_quant_down_up,LB,Johnny,E,4,0,0,-0.2800714961327205,0.475544379038874,0.9323443489175486,-0.034067531104987545,,37.8222,43.2242,44.145,48.6858,44.5517,49.3608,2.310374114244951e-13,complete
r9,R9-12,r9_quant_down_up,LB,KristenAndSara,E,4,0,0,0.006890686148383728,4.370518831607111,-2.1603015323149903,0.28144517702280286,,37.224,43.684,43.1077,47.9585,43.6902,48.9576,1.2878587085651816e-13,complete
r9,R9-13,r9_axis_feature,LB,BQMall,C,4,0,0,0.0563037094142906,-0.5613881659027461,0.9512754431848647,0.09096369172098277,,31.7048,40.0803,38.2039,43.4565,38.149,44.5256,6.961098364399732e-14,complete
r9,R9-13,r9_axis_feature,LB,BasketballDrill,C,4,0,0,-0.3172393612139619,0.46830380822167245,-0.805158833140085,-0.280036399025273,,32.9053,41.5836,37.8066,43.8415,37.6789,44.8196,9.992007221626409e-14,complete
r9,R9-13,r9_axis_feature,LB,PartyScene,C,4,0,0,-0.0920255268646705,-1.1030872569143935,-0.4489698738385392,-0.26302628649261944,,28.1746,38.4838,34.8664,41.0541,35.0591,41.7478,1.9872992140790302e-13,complete
r9,R9-13,r9_axis_feature,LB,RaceHorsesC,C,4,0,0,-0.05775557899722303,0.10378261573720096,-0.37467415098237494,-0.07717812615356402,,28.7028,39.3018,35.0027,40.3587,36.6115,42.0068,2.2346013928142838e-13,complete
r9,R9-13,r9_axis_feature,LB,FourPeople,E,4,0,0,0.17051783784467556,-0.07496748383618324,-0.9057833253700595,0.0052945272327263315,,35.7811,42.9905,42.0182,47.2064,42.755,48.461,6.850076061937216e-14,complete
r9,R9-13,r9_axis_feature,LB,Johnny,E,4,0,0,-0.10967630525185434,-0.15195785914489696,0.5091293887963906,-0.03761078773245405,,37.8163,43.2242,44.145,48.6858,44.5792,49.3576,1.5698553568199713e-13,complete
r9,R9-13,r9_axis_feature,LB,KristenAndSara,E,4,0,0,-0.17432410398226852,2.7353400402333827,-0.2002684306405997,0.18614087321239647,,37.2139,43.684,43.1197,47.9521,43.6902,48.9439,1.1993184223513254e-13,complete
r10,R10-1,r10_expert_axis_A,LB,BQMall,C,4,0,0,-0.04985528267964516,0.7661385298927679,0.17873166605371638,0.08071731248357666,,31.7063,40.0838,38.2082,43.4565,38.149,44.5233,1.4455103780619538e-13,complete
r10,R10-1,r10_expert_axis_A,LB,BasketballDrill,C,4,0,0,-0.2192298854344933,-0.2900613577407275,-0.8853950979095001,-0.3113544710321484,,32.9003,41.5813,37.8246,43.8112,37.703,44.8196,7.538414337204813e-14,complete
r10,R10-1,r10_expert_axis_A,LB,PartyScene,C,4,0,0,-0.15480364625691775,-0.7372727909464097,-0.03008717973289813,-0.2120227310276018,,28.1683,38.4838,34.8517,41.0446,35.0471,41.7554,9.967027203572343e-14,complete
r10,R10-1,r10_expert_axis_A,LB,RaceHorsesC,C,4,0,0,-0.07057027346338159,0.2718633871403919,-0.26556242668539665,-0.05214008504066179,,28.7029,39.2999,35.0027,40.3587,36.6115,42.0068,2.954719802161776e-13,complete
r10,R10-1,r10_expert_axis_A,LB,FourPeople,E,4,0,0,0.05782555561426987,-0.25674459559939006,-0.4816104712627349,-0.048925216647063216,,35.7843,42.9908,42.0232,47.2235,42.755,48.461,1.2917444891513696e-13,complete
r10,R10-1,r10_expert_axis_A,LB,Johnny,E,4,0,0,-0.31084797494114486,0.34066528253077105,-0.21672198878512502,-0.2176430694876529,,37.8163,43.2242,44.1512,48.6817,44.5517,49.3561,2.0278223544778484e-13,complete
r10,R10-1,r10_expert_axis_A,LB,KristenAndSara,E,4,0,0,-0.008288261073708975,1.2494379155243893,1.183397188370591,0.2978881921815908,,37.2388,43.684,43.1132,47.9585,43.6902,48.9563,1.23262511309008e-13,complete
r10,R10-2,r10_expert_p1_A,LB,BQMall,C,4,0,0,0.01233130969686192,1.2222546449432132,0.7188654281227655,0.25188849140589376,,31.7048,40.0864,38.2119,43.4565,38.149,44.5187,1.3821756239540406e-13,complete
r10,R10-2,r10_expert_p1_A,LB,BasketballDrill,C,4,0,0,-0.30339526996139277,-0.02398277787127297,-0.7385407868567629,-0.32286189806204907,,32.9003,41.5883,37.8246,43.8185,37.703,44.8196,9.314771176605063e-14,complete
r10,R10-2,r10_expert_p1_A,LB,PartyScene,C,4,0,0,-0.09376042251841296,-0.21478063034328443,-0.6087938384252791,-0.17326712548488016,,28.1683,38.4807,34.8517,41.053,35.0471,41.7411,2.255973186038318e-13,complete
r10,R10-2,r10_expert_p1_A,LB,RaceHorsesC,C,4,0,0,-0.09478693351511364,-0.019026548593203498,-0.5802916540489166,-0.14600497546660024,,28.7028,39.2956,35.0027,40.3587,36.6115,42.0068,1.908473379330644e-13,complete
r10,R10-2,r10_expert_p1_A,LB,FourPeople,E,4,0,0,0.07347841037474165,-0.2984233303556295,0.030389858752230738,0.02160462383063139,,35.7843,42.9908,42.0232,47.2235,42.755,48.461,9.140257994921797e-14,complete
r10,R10-2,r10_expert_p1_A,LB,Johnny,E,4,0,0,-0.3296023147865748,0.12578260693182378,-0.29429961535772,-0.2682663621431681,,37.8163,43.2242,44.1512,48.6858,44.5517,49.3619,1.9345636204093353e-13,complete
r10,R10-2,r10_expert_p1_A,LB,KristenAndSara,E,4,0,0,-0.1381056461954004,1.5024497654641156,-0.4374125285697043,0.029550419965251117,,37.2388,43.684,43.1132,47.9585,43.6902,48.9507,1.1474154959500993e-13,complete
r10,R10-3,r10_integer_then_fractional,LB,BQMall,C,4,0,0,0.07003528701350469,-0.19570821911936054,0.10479796475490713,0.04116268346457183,,31.7048,40.0819,38.2248,43.4565,38.1818,44.5,8.761047443073267e-14,complete
r10,R10-3,r10_integer_then_fractional,LB,BasketballDrill,C,4,0,0,-0.25127989593636235,-0.14321152794397027,-0.8137291206131622,-0.30807750302191333,,32.9003,41.5883,37.8246,43.8405,37.703,44.8196,4.474198789239381e-14,complete
r10,R10-3,r10_integer_then_fractional,LB,PartyScene,C,4,0,0,0.038452230030314095,-1.1670169894444151,-1.011201977905471,-0.2434381983960002,,28.1683,38.4838,34.8598,41.0541,35.0471,41.7491,2.4139718002302857e-13,complete
r10,R10-3,r10_integer_then_fractional,LB,RaceHorsesC,C,4,0,0,-0.11292038879175738,-0.26030592670930663,-0.8282935566570853,-0.22076522701461704,,28.7028,39.3012,35.0165,40.3587,36.6115,42.0068,1.8653134592483411e-13,complete
r10,R10-3,r10_integer_then_fractional,LB,FourPeople,E,4,0,0,0.07050042723383641,-0.2687358265241118,-0.36046649919694473,-0.025774970289754763,,35.7843,42.9908,42.0232,47.2235,42.755,48.461,1.0164091790443308e-13,complete
r10,R10-3,r10_integer_then_fractional,LB,Johnny,E,4,0,0,-0.34803498063029886,0.021343398586341256,-0.3348144794770383,-0.30021012058406127,,37.8163,43.2242,44.1512,48.6858,44.5517,49.364,1.634803403760543e-13,complete
r10,R10-3,r10_integer_then_fractional,LB,KristenAndSara,E,4,0,0,-0.16607421436193942,1.8318961576902826,-1.1176629872004482,-0.03527651446022527,,37.2388,43.684,43.1132,47.9585,43.6902,48.9495,1.2967404927621828e-13,complete
r10,R10-4,r10_matched_state_weights,LB,BQMall,C,4,0,0,0.21059154106074437,0.9709915408045269,0.3638340922093699,0.32479685992229534,,31.7048,40.0828,38.2248,43.455,38.1818,44.5182,2.2182256032010628e-13,complete
r10,R10-4,r10_matched_state_weights,LB,BasketballDrill,C,4,0,0,-0.2741508136351272,-0.1491705685747115,-0.543117326200037,-0.29214909707318903,,32.9003,41.5883,37.8246,43.8332,37.703,44.8196,4.7906123512575505e-14,complete
r10,R10-4,r10_matched_state_weights,LB,PartyScene,C,4,0,0,-0.1728999693968843,-0.6938372611300264,-0.33631656583925135,-0.25844420541882296,,28.1703,38.4825,34.8583,41.0541,35.0471,41.7555,2.4907853557465387e-13,complete
r10,R10-4,r10_matched_state_weights,LB,RaceHorsesC,C,4,0,0,0.0417298899478268,0.5390323385043712,-0.3490385071102514,0.05504664638513507,,28.7028,39.3,35.0165,40.3578,36.6115,42.0068,1.1834977442504169e-13,complete
r10,R10-4,r10_matched_state_weights,LB,FourPeople,E,4,0,0,0.11987062441187156,-0.12470664890550179,-0.29249379489727434,0.037752912833556654,,35.7843,42.9908,42.0232,47.2235,42.755,48.461,1.3072876114961218e-14,complete
r10,R10-4,r10_matched_state_weights,LB,Johnny,E,4,0,0,-0.34803498063029886,0.021343398586341256,-0.3348144794770383,-0.30021012058406127,,37.8163,43.2242,44.1512,48.6858,44.5517,49.364,1.634803403760543e-13,complete
r10,R10-4,r10_matched_state_weights,LB,KristenAndSara,E,4,0,0,-0.16701967042159166,1.6423835485598004,-0.9898587184577798,-0.04369914905344119,,37.2388,43.684,43.1132,47.9585,43.6902,48.9341,8.748557434046234e-14,complete
r10,R10-5,r10_delete_one_validation,LB,BQMall,C,4,0,0,0.09971068540568352,0.32496066487346403,0.7835838126692242,0.21335107374709866,,31.7048,40.0822,38.2246,43.455,38.149,44.5126,1.1757261830780408e-13,complete
r10,R10-5,r10_delete_one_validation,LB,BasketballDrill,C,4,0,0,-0.210729470943786,-0.49271937891033024,-0.7811115918865743,-0.3172759745574526,,32.9095,41.5751,37.8253,43.8292,37.719,44.8196,2.141620214501927e-13,complete
r10,R10-5,r10_delete_one_validation,LB,PartyScene,C,4,0,0,-0.13890338767161756,-0.6793510562014983,-0.5390440659644727,-0.2564769310244595,,28.1683,38.4838,34.8517,41.0537,35.0497,41.7555,3.2718272535703363e-13,complete
r10,R10-5,r10_delete_one_validation,LB,RaceHorsesC,C,4,0,0,-0.12036536233955622,0.25570553034156546,-0.780157508953514,-0.15583051908116075,,28.7028,39.3018,35.0027,40.3587,36.6176,42.0034,1.909306046599113e-13,complete
r10,R10-5,r10_delete_one_validation,LB,FourPeople,E,4,0,0,0.1616201924505497,0.6396087932125287,-0.6482622715231846,0.1201334595490803,,35.7811,42.9901,42.0182,47.2235,42.755,48.461,1.858513343222512e-13,complete
r10,R10-5,r10_delete_one_validation,LB,Johnny,E,4,0,0,0.12187190054195032,1.5251409184048828,0.8076535841107242,0.38300323822091364,,37.8163,43.2242,44.145,48.6858,44.5517,49.364,2.305655666390294e-13,complete
r10,R10-5,r10_delete_one_validation,LB,KristenAndSara,E,4,0,0,-0.13035567157997416,0.6927525442414704,-1.246217527965871,-0.16694987665053068,,37.2258,43.684,43.1041,47.9585,43.6904,48.9689,1.219024881038422e-13,complete
r10,R10-6,r10_protected_mapping_expert,LB,BQMall,C,4,0,0,0.10261882132398044,0.3509922165253839,1.106690045923386,0.25917439879908155,,31.7048,40.0844,38.2119,43.4421,38.149,44.5095,1.2512213487525514e-13,complete
r10,R10-6,r10_protected_mapping_expert,LB,BasketballDrill,C,4,0,0,-0.20103419692976474,0.1274754921783344,-0.9793721831888792,-0.25726273407364164,,32.9003,41.5883,37.8246,43.8262,37.703,44.8196,9.267586698058494e-14,complete
r10,R10-6,r10_protected_mapping_expert,LB,PartyScene,C,3,1,0,-0.14689458314714762,-0.5561119639038092,-0.7566913726741403,-0.2742713544326044,,28.1774,38.4838,34.8517,41.0541,35.0471,41.7555,2.0483614804334138e-13,imputed
r10,R10-6,r10_protected_mapping_expert,LB,RaceHorsesC,C,3,1,0,-0.10980516528553072,0.6336162859059952,-0.1613607052845688,-0.023321926386469738,,28.7071,39.3018,35.0033,40.3587,36.6115,42.0068,9.270362255620057e-14,imputed
r10,R10-6,r10_protected_mapping_expert,LB,FourPeople,E,4,0,0,0.0725648293271613,-0.2563921724287277,-0.41058077279573535,-0.02894799615768691,,35.7843,42.9906,42.0232,47.2235,42.755,48.461,7.327471962526033e-14,complete
r10,R10-6,r10_protected_mapping_expert,LB,Johnny,E,4,0,0,-0.3443254673048924,0.014318395330844919,-0.3207394278781767,-0.2965467295470858,,37.8163,43.2242,44.1512,48.6858,44.5517,49.3638,2.0711210524382295e-13,complete
r10,R10-6,r10_protected_mapping_expert,LB,KristenAndSara,E,4,0,0,-0.22301578176849632,2.3438187052189483,-0.23438898262418545,0.09641687899797313,,37.2388,43.684,43.1132,47.9585,43.6902,48.9453,8.18789480661053e-14,complete
