

char defaultNnlfModel[] = 
  "\x53\x41\x44\x4c\x30\x30\x30\x35\x02\x00\x00\x00\x00\x00\xf5\x00\x00\x00\x06\x00\x00\x00\x00\x00\x00\x00\x01\x00\x00\x00\x02\x00\x00\x00\x03\x00\x00\x00\x04\x00"
  "\x00\x00\x05\x00\x00\x00\x01\x00\x00\x00\xf4\x00\x00\x00\x00\x00\x00\x00\x00\x02\x00\x00\x00\x07\x00\x00\x00\x69\x6e\x70\x75\x74\x2e\x31\x00\x00\x00\x00\x04\x00"
  "\x00\x00\x01\x00\x00\x00\x90\x00\x00\x00\x90\x00\x00\x00\x06\x00\x00\x00\x0d\x00\x00\x00\x01\x00\x00\x00\x02\x00\x00\x00\x07\x00\x00\x00\x69\x6e\x70\x75\x74\x2e"
  "\x33\x00\x00\x00\x00\x04\x00\x00\x00\x01\x00\x00\x00\x90\x00\x00\x00\x90\x00\x00\x00\x06\x00\x00\x00\x0d\x00\x00\x00\x02\x00\x00\x00\x02\x00\x00\x00\x07\x00\x00"
  "\x00\x69\x6e\x70\x75\x74\x2e\x35\x00\x00\x00\x00\x04\x00\x00\x00\x01\x00\x00\x00\x90\x00\x00\x00\x90\x00\x00\x00\x03\x00\x00\x00\x0d\x00\x00\x00\x03\x00\x00\x00"
  "\x02\x00\x00\x00\x07\x00\x00\x00\x69\x6e\x70\x75\x74\x2e\x37\x00\x00\x00\x00\x04\x00\x00\x00\x01\x00\x00\x00\x90\x00\x00\x00\x90\x00\x00\x00\x01\x00\x00\x00\x0d"
  "\x00\x00\x00\x04\x00\x00\x00\x02\x00\x00\x00\x07\x00\x00\x00\x69\x6e\x70\x75\x74\x2e\x39\x00\x00\x00\x00\x04\x00\x00\x00\x01\x00\x00\x00\x90\x00\x00\x00\x90\x00"
  "\x00\x00\x01\x00\x00\x00\x0d\x00\x00\x00\x05\x00\x00\x00\x02\x00\x00\x00\x08\x00\x00\x00\x69\x6e\x70\x75\x74\x2e\x31\x31\x00\x00\x00\x00\x04\x00\x00\x00\x01\x00"
  "\x00\x00\x90\x00\x00\x00\x90\x00\x00\x00\x01\x00\x00\x00\x0d\x00\x00\x00\x06\x00\x00\x00\x01\x00\x00\x00\x15\x00\x00\x00\x30\x2e\x62\x72\x61\x6e\x63\x68\x65\x73"
  "\x2e\x30\x2e\x30\x2e\x77\x65\x69\x67\x68\x74\x00\x00\x00\x00\x04\x00\x00\x00\x03\x00\x00\x00\x03\x00\x00\x00\x06\x00\x00\x00\x08\x00\x00\x00\x00\x00\x02\x00\x00"
  "\x00\x0d\x00\x00\x00\x37\xf9\x99\xfc\xa5\x03\x6e\xff\x65\xfe\x55\x00\x3d\x05\xf8\xff\x27\x04\x6e\x02\x94\xfd\xa7\x03\x9d\x01\x9a\x02\x49\xfb\xba\x00\xb8\x05\xac"
  "\x02\x1e\xfd\x49\xfd\x9d\x00\xc0\xfc\x62\xfd\xe2\xfe\x9f\xfd\xd7\xfe\xde\x00\x1e\x00\x5c\xff\x82\x00\x81\x01\x81\xff\x93\x00\xb8\xff\xa9\xfe\x6d\x01\x02\x00\x6a"
  "\xff\xe5\xfe\x6e\x00\x98\x00\x6a\x00\xc9\xff\xc9\x00\x54\x00\xa9\x01\x59\xff\x31\x00\x9c\xe4\xa6\xf4\x88\x1b\x05\xd7\x51\xf0\x6e\xda\x9c\x23\x0b\xf1\xe4\x09\x6f"
  "\x06\x75\xf5\x62\x06\x7e\x03\xfe\x05\x3a\xf4\xc2\x01\xb5\xfc\xf3\xfb\x2e\xfd\xf4\xf5\xa3\xfe\xbe\xfc\x68\xff\x76\xfd\x81\x01\x43\x03\x4e\xfe\xa1\x00\x39\x00\x58"
  "\xff\x08\xfd\x46\xff\x09\x02\xee\x01\x32\xff\x6c\x00\x92\x01\x9e\x02\x12\xff\xaa\x00\x80\x01\x86\xfe\xe4\xfd\x40\x02\x87\xff\x48\xfe\xf4\xfd\x07\x00\x4d\xf1\x41"
  "\xfa\xe0\x08\x29\xdb\x83\xf5\x86\xe2\xfa\x11\xf6\xf3\x95\xed\xc5\xfa\x33\x0c\xc7\xeb\x94\xf7\x19\xef\x47\x0f\x1f\xf8\x83\xf8\xa8\xfd\x40\x07\xd3\x07\x5b\xff\xa1"
  "\x04\xcb\x04\xaf\x01\xa9\xff\x79\xff\x18\x01\x33\xff\x30\x00\x7f\xff\xb2\xff\x0c\x01\x7f\x00\x55\x01\xfd\xff\x4a\x01\x92\x00\x09\x03\x58\xff\x22\x01\x88\x00\xa6"
  "\xff\x3d\xff\x4a\x04\x3d\x00\xeb\x01\xef\xfd\x1e\x01\xa4\xe4\xa0\xf8\x0a\x15\x1c\x1d\x79\xff\x29\x15\x64\x0b\xdd\x0b\x3b\x0b\x80\x00\x01\xf4\x4f\xf3\x30\xff\x76"
  "\xf8\x1e\x01\x0a\xfa\x83\x06\x98\x03\x5b\xf9\x52\x05\x46\x02\xf3\x03\xa0\xfa\x71\x01\xff\xfe\xae\x00\xd1\x01\x0e\x04\x74\x00\xcc\x01\x4a\x00\x84\x01\x11\x02\xb4"
  "\x02\x38\x00\x46\xfa\xd4\x01\xc8\x00\xbc\x00\xa3\xfe\xce\x00\xa4\xfc\xdd\xfd\x06\x03\x96\xfe\x8f\xfb\x95\xfd\x8c\x00\x7f\xdb\x8d\x46\x9d\x1d\x11\x2c\x13\xfb\x50"
  "\xe8\xa6\xff\x78\x0d\xe1\x01\x88\xc7\x4c\xba\x62\x1e\xc7\xf2\x07\x38\x55\x69\x6d\xea\xb3\x82\xbf\xe6\x13\xb0\x13\xb0\x54\xf2\x5b\x19\xa6\xc8\x40\x04\x0f\x16\x87"
  "\x0e\x59\x1b\x6c\x0a\x55\x04\x10\xf2\x2a\xf9\x91\x02\x3b\x07\x46\x15\x5b\x08\xad\xe9\x9c\x02\x57\x1d\x06\x08\xf2\xff\x3e\xff\x29\xee\x38\xfa\x04\x0f\xa6\xea\x22"
  "\xea\x74\xf7\x26\x04\x53\x31\x1e\x09\x9e\xc1\x72\xd6\xb3\x0c\x73\xdc\xa8\x11\x27\x2c\x4f\x0a\x00\xfa\xed\xd2\xe3\xff\x81\x07\x3b\xfc\x5d\x33\x8f\x52\x91\xe9\xdc"
  "\xfa\x37\x13\x03\xfa\x8f\xf9\xcf\xf9\x69\x0a\x3c\xf4\x93\xf2\xa4\xfc\xd3\x07\xb2\xf4\x23\xfb\x11\xfe\xd9\xf6\x5d\xee\x20\xff\xf1\xfe\x4b\x03\xf8\xff\x26\xf4\xae"
  "\x02\xdc\x00\x9d\x02\x2d\x00\xc4\xfe\x81\x02\x8d\x01\x76\xf2\x22\x03\xf0\xff\x40\x04\xdc\xf2\x23\xf8\xd6\x07\x8e\x16\x5e\x01\xf2\x13\xef\x05\xfd\x07\x88\x01\xd2"
  "\x01\x9a\x00\x1c\xf8\xc9\xfe\x96\xf8\xe7\xff\xd8\xfc\xa0\xf3\x68\xfc\x91\x07\xbd\x14\xb7\x00\x87\x0f\xc6\x05\x33\x07\xb2\x01\x53\x01\xdd\xfe\x82\xfc\x90\xff\x27"
  "\xfc\xa5\x00\x1a\xff\x87\x00\xe1\xfe\xfc\xfe\xa7\x00\xca\xfe\x00\xfd\x0c\xff\xdc\xff\x1e\x01\x26\x02\x52\x00\x9e\xfa\xef\xff\x78\xfe\x2d\x01\x31\xfe\x27\x21\xa5"
  "\xc7\x30\xfe\xdb\x11\xf0\x19\xfd\x47\x8f\xc4\x17\x15\x06\xec\x5b\x01\x90\x0e\xce\x07\x74\xf9\xca\xfd\xc1\x10\xbd\x01\xf2\x0c\x7c\xb3\x6a\x13\x41\xe3\x57\x10\xfe"
  "\x2a\x75\xd7\xd8\x07\x84\xf4\x67\x0b\x7c\xf9\xa5\x0c\xb8\xfb\xb6\xfe\x19\x12\x67\x01\x1e\x00\xac\x04\x17\x04\x77\xf9\xde\xf5\x99\x05\x46\x03\xfd\x01\x71\x00\xce"
  "\xfc\x1d\x00\x2a\x00\x02\xee\x75\xfa\x87\xfe\xde\x02\xb1\x2a\x51\x08\x30\xe3\x8e\x00\xa9\x11\xff\x05\x55\xdf\x63\x02\x75\x10\xe6\xf9\x88\xfa\x01\x12\xf1\x0a\xc4"
  "\x18\xfd\xe8\x80\x06\x1b\x17\x1c\x0a\xe3\xea\x15\xf7\x41\x09\x6a\xf6\x47\xf7\x7f\x03\xd1\x01\x9c\xfb\x3c\xfb\x34\x02\x56\x00\xc5\x06\x64\xff\x7c\x05\xa4\x00\x25"
  "\xff\x34\x03\x40\xfe\xf0\xec\x4c\xff\x32\x00\x71\x04\x74\xfe\x0e\x00\xb5\x06\xf0\xfc\x5a\xe9\x25\x03\xec\x02\x39\x05\x07\x00\x00\x00\x09\x00\x00\x00\x03\x00\x00"
  "\x00\x31\x31\x37\x02\x00\x00\x00\x00\x00\x00\x00\x06\x00\x00\x00\x04\x00\x00\x00\x01\x00\x00\x00\x01\x00\x00\x00\x01\x00\x00\x00\x01\x00\x00\x00\x04\x00\x00\x00"
  "\x01\x00\x00\x00\x01\x00\x00\x00\x01\x00\x00\x00\x01\x00\x00\x00\x01\x00\x00\x00\x00\x00\x00\x00\x08\x00\x00\x00\x01\x00\x00\x00\x13\x00\x00\x00\x30\x2e\x62\x72"
  "\x61\x6e\x63\x68\x65\x73\x2e\x30\x2e\x30\x2e\x62\x69\x61\x73\x00\x00\x00\x00\x01\x00\x00\x00\x08\x00\x00\x00\x00\x00\x02\x00\x00\x00\x0d\x00\x00\x00\x32\xf9\xf2"
  "\xfe\x7a\xf5\x37\x07\xc6\x29\x86\xfd\xa1\x02\x5a\xdc\x09\x00\x00\x00\x04\x00\x00\x00\x10\x00\x00\x00\x31\x31\x37\x5f\x4e\x4f\x54\x5f\x49\x4e\x5f\x47\x52\x41\x50"
  "\x48\x02\x00\x00\x00\x07\x00\x00\x00\x08\x00\x00\x00\x0a\x00\x00\x00\x01\x00\x00\x00\x15\x00\x00\x00\x30\x2e\x62\x72\x61\x6e\x63\x68\x65\x73\x2e\x31\x2e\x30\x2e"
  "\x77\x65\x69\x67\x68\x74\x00\x00\x00\x00\x04\x00\x00\x00\x03\x00\x00\x00\x03\x00\x00\x00\x06\x00\x00\x00\x04\x00\x00\x00\x00\x00\x02\x00\x00\x00\x0d\x00\x00\x00"
  "\x2d\x01\xcd\xfc\x58\x00\x1e\x07\xb7\xfe\x02\x01\x95\x04\x47\xfa\xc3\x00\x79\x00\xc0\x03\x0a\xfc\x71\x00\xcc\xff\x71\xfe\x73\x01\x5d\xff\x65\xfd\x83\x01\xcd\xff"
  "\x05\xff\x33\xf9\xb2\xfd\xed\xfa\xb0\xfd\x8e\xed\xfe\x00\x66\x2a\x89\xfc\x88\x04\x4e\xfe\xda\xf4\x83\xfc\xb6\xfe\x4b\x02\x46\xff\x26\x01\x35\x01\xf2\x01\x7d\xfc"
  "\x31\x00\xf0\x01\x3b\xfd\x45\xfd\xab\xff\x38\x01\x10\x01\xc2\xff\xe2\xfd\xf8\xf5\x0c\x01\xcf\x16\x31\xfc\xda\xf5\x68\x02\x23\x17\xf2\xfc\x73\xfc\x0a\x03\x6a\x07"
  "\xaf\xfd\x23\x00\xa1\xfd\x61\x00\xb5\x00\x6f\x04\xa1\x04\x7e\xfe\xca\xff\x56\xf6\x7f\x02\x99\xfd\xc6\xff\xec\xf7\x7e\xff\x6b\x13\xa0\x00\x80\xfd\xc3\x10\x9a\xfa"
  "\xc6\xfe\xbd\x02\xec\xfd\x93\xfa\xa9\xff\xde\x00\x01\xfe\xf1\xfe\xb3\x00\x44\xfd\x51\x01\xa0\xfe\xef\x01\xdd\xfd\xf9\x03\xc2\xff\xad\x09\x6b\xfb\xe6\xff\x4c\x0b"
  "\x72\xce\x73\xfb\x7f\xf7\xa8\x0f\xad\xf0\x9a\xf4\x1c\x01\x9b\x1b\x60\x05\xb3\x03\x19\x00\x70\xf8\x29\x00\x9a\x06\xa7\x03\x34\x00\x1d\xff\xee\x03\x2b\x00\xcf\x02"
  "\xbf\x23\xab\x0e\x4a\x01\x3d\xde\x33\x2e\x39\xfd\x15\x0b\xef\x00\x0c\xfa\x33\xf6\x91\x01\x9a\x18\x82\xf8\x2c\xfd\xef\xfd\xc6\x07\x49\xfe\x7b\x04\xec\x06\x4a\x06"
  "\xd4\x00\xd9\xfc\x5d\x02\xe6\xfe\x7d\x01\x9a\xfb\xd7\x00\x8a\x09\xf5\xfc\xaf\xfe\x86\x06\x5a\xff\xee\xff\xb5\xfd\x47\xfa\xe8\x08\xdb\xfe\x82\xfe\x9c\x05\xe5\xfd"
  "\xb4\xff\x23\x03\x7a\xfd\x8b\xfe\xde\xfe\x16\xfc\xc0\xf9\x9d\x00\x07\x11\x73\x10\x7d\xfa\x77\xde\x76\xfa\xb3\xf6\x54\x02\x79\x15\xe8\x0f\x35\x02\xe5\xfb\x5f\x01"
  "\x06\xf8\x53\xff\xb4\xfa\x11\x06\x13\xfe\xd0\x0e\xf6\xf8\x6a\x09\xe6\xfe\x93\xff\x54\xf2\x74\x00\x59\x0a\xc9\x11\xef\xfe\x9c\xd7\xc3\x07\x10\x05\xf6\x03\x86\xf1"
  "\x1a\x0c\x27\x08\xed\xfd\x37\xef\x48\x05\x0d\xff\xe3\x04\x99\xfe\xae\xff\xba\x04\x37\xf9\x63\x02\x68\xfe\x78\xfc\x28\xf7\xed\x05\x0b\x00\x00\x00\x09\x00\x00\x00"
  "\x03\x00\x00\x00\x31\x31\x38\x02\x00\x00\x00\x01\x00\x00\x00\x0a\x00\x00\x00\x04\x00\x00\x00\x01\x00\x00\x00\x01\x00\x00\x00\x01\x00\x00\x00\x01\x00\x00\x00\x04"
  "\x00\x00\x00\x01\x00\x00\x00\x01\x00\x00\x00\x01\x00\x00\x00\x01\x00\x00\x00\x01\x00\x00\x00\x00\x00\x00\x00\x0c\x00\x00\x00\x01\x00\x00\x00\x13\x00\x00\x00\x30"
  "\x2e\x62\x72\x61\x6e\x63\x68\x65\x73\x2e\x31\x2e\x30\x2e\x62\x69\x61\x73\x00\x00\x00\x00\x01\x00\x00\x00\x04\x00\x00\x00\x00\x00\x02\x00\x00\x00\x0d\x00\x00\x00"
  "\x5f\xee\x34\xfa\xa0\x0b\x4f\xf8\x0d\x00\x00\x00\x04\x00\x00\x00\x10\x00\x00\x00\x31\x31\x38\x5f\x4e\x4f\x54\x5f\x49\x4e\x5f\x47\x52\x41\x50\x48\x02\x00\x00\x00"
  "\x0b\x00\x00\x00\x0c\x00\x00\x00\x0e\x00\x00\x00\x01\x00\x00\x00\x15\x00\x00\x00\x30\x2e\x62\x72\x61\x6e\x63\x68\x65\x73\x2e\x32\x2e\x30\x2e\x77\x65\x69\x67\x68"
  "\x74\x00\x00\x00\x00\x04\x00\x00\x00\x01\x00\x00\x00\x01\x00\x00\x00\x03\x00\x00\x00\x02\x00\x00\x00\x00\x00\x02\x00\x00\x00\x0d\x00\x00\x00\xcb\xfa\x7f\x10\xfa"
  "\x06\x92\x03\x1f\x03\x58\x07\x0f\x00\x00\x00\x09\x00\x00\x00\x03\x00\x00\x00\x31\x31\x39\x02\x00\x00\x00\x02\x00\x00\x00\x0e\x00\x00\x00\x04\x00\x00\x00\x01\x00"
  "\x00\x00\x01\x00\x00\x00\x01\x00\x00\x00\x01\x00\x00\x00\x04\x00\x00\x00\x00\x00\x00\x00\x00\x00\x00\x00\x00\x00\x00\x00\x00\x00\x00\x00\x01\x00\x00\x00\x00\x00"
  "\x00\x00\x10\x00\x00\x00\x01\x00\x00\x00\x13\x00\x00\x00\x30\x2e\x62\x72\x61\x6e\x63\x68\x65\x73\x2e\x32\x2e\x30\x2e\x62\x69\x61\x73\x00\x00\x00\x00\x01\x00\x00"
  "\x00\x02\x00\x00\x00\x00\x00\x02\x00\x00\x00\x0d\x00\x00\x00\xee\xff\x0e\xfe\x11\x00\x00\x00\x04\x00\x00\x00\x10\x00\x00\x00\x31\x31\x39\x5f\x4e\x4f\x54\x5f\x49"
  "\x4e\x5f\x47\x52\x41\x50\x48\x02\x00\x00\x00\x0f\x00\x00\x00\x10\x00\x00\x00\x12\x00\x00\x00\x01\x00\x00\x00\x15\x00\x00\x00\x30\x2e\x62\x72\x61\x6e\x63\x68\x65"
  "\x73\x2e\x33\x2e\x30\x2e\x77\x65\x69\x67\x68\x74\x00\x00\x00\x00\x04\x00\x00\x00\x01\x00\x00\x00\x01\x00\x00\x00\x01\x00\x00\x00\x01\x00\x00\x00\x00\x00\x02\x00"
  "\x00\x00\x0d\x00\x00\x00\xc0\xd3\x13\x00\x00\x00\x09\x00\x00\x00\x03\x00\x00\x00\x31\x32\x30\x02\x00\x00\x00\x03\x00\x00\x00\x12\x00\x00\x00\x04\x00\x00\x00\x01"
  "\x00\x00\x00\x01\x00\x00\x00\x01\x00\x00\x00\x01\x00\x00\x00\x04\x00\x00\x00\x00\x00\x00\x00\x00\x00\x00\x00\x00\x00\x00\x00\x00\x00\x00\x00\x01\x00\x00\x00\x00"
  "\x00\x00\x00\x14\x00\x00\x00\x01\x00\x00\x00\x13\x00\x00\x00\x30\x2e\x62\x72\x61\x6e\x63\x68\x65\x73\x2e\x33\x2e\x30\x2e\x62\x69\x61\x73\x00\x00\x00\x00\x01\x00"
  "\x00\x00\x01\x00\x00\x00\x00\x00\x02\x00\x00\x00\x0d\x00\x00\x00\xb0\x1c\x15\x00\x00\x00\x04\x00\x00\x00\x10\x00\x00\x00\x31\x32\x30\x5f\x4e\x4f\x54\x5f\x49\x4e"
  "\x5f\x47\x52\x41\x50\x48\x02\x00\x00\x00\x13\x00\x00\x00\x14\x00\x00\x00\x16\x00\x00\x00\x01\x00\x00\x00\x15\x00\x00\x00\x30\x2e\x62\x72\x61\x6e\x63\x68\x65\x73"
  "\x2e\x34\x2e\x30\x2e\x77\x65\x69\x67\x68\x74\x00\x00\x00\x00\x04\x00\x00\x00\x01\x00\x00\x00\x01\x00\x00\x00\x01\x00\x00\x00\x01\x00\x00\x00\x00\x00\x02\x00\x00"
  "\x00\x0d\x00\x00\x00\xc6\xd0\x17\x00\x00\x00\x09\x00\x00\x00\x03\x00\x00\x00\x31\x32\x31\x02\x00\x00\x00\x04\x00\x00\x00\x16\x00\x00\x00\x04\x00\x00\x00\x01\x00"
  "\x00\x00\x01\x00\x00\x00\x01\x00\x00\x00\x01\x00\x00\x00\x04\x00\x00\x00\x00\x00\x00\x00\x00\x00\x00\x00\x00\x00\x00\x00\x00\x00\x00\x00\x01\x00\x00\x00\x00\x00"
  "\x00\x00\x18\x00\x00\x00\x01\x00\x00\x00\x13\x00\x00\x00\x30\x2e\x62\x72\x61\x6e\x63\x68\x65\x73\x2e\x34\x2e\x30\x2e\x62\x69\x61\x73\x00\x00\x00\x00\x01\x00\x00"
  "\x00\x01\x00\x00\x00\x00\x00\x02\x00\x00\x00\x0d\x00\x00\x00\x6d\x21\x19\x00\x00\x00\x04\x00\x00\x00\x10\x00\x00\x00\x31\x32\x31\x5f\x4e\x4f\x54\x5f\x49\x4e\x5f"
  "\x47\x52\x41\x50\x48\x02\x00\x00\x00\x17\x00\x00\x00\x18\x00\x00\x00\x1a\x00\x00\x00\x01\x00\x00\x00\x15\x00\x00\x00\x30\x2e\x62\x72\x61\x6e\x63\x68\x65\x73\x2e"
  "\x35\x2e\x30\x2e\x77\x65\x69\x67\x68\x74\x00\x00\x00\x00\x04\x00\x00\x00\x01\x00\x00\x00\x01\x00\x00\x00\x01\x00\x00\x00\x01\x00\x00\x00\x00\x00\x02\x00\x00\x00"
  "\x0d\x00\x00\x00\x3e\xf3\x1b\x00\x00\x00\x09\x00\x00\x00\x03\x00\x00\x00\x31\x32\x32\x02\x00\x00\x00\x05\x00\x00\x00\x1a\x00\x00\x00\x04\x00\x00\x00\x01\x00\x00"
  "\x00\x01\x00\x00\x00\x01\x00\x00\x00\x01\x00\x00\x00\x04\x00\x00\x00\x00\x00\x00\x00\x00\x00\x00\x00\x00\x00\x00\x00\x00\x00\x00\x00\x01\x00\x00\x00\x00\x00\x00"
  "\x00\x1c\x00\x00\x00\x01\x00\x00\x00\x13\x00\x00\x00\x30\x2e\x62\x72\x61\x6e\x63\x68\x65\x73\x2e\x35\x2e\x30\x2e\x62\x69\x61\x73\x00\x00\x00\x00\x01\x00\x00\x00"
  "\x01\x00\x00\x00\x00\x00\x02\x00\x00\x00\x0d\x00\x00\x00\x2f\x04\x1d\x00\x00\x00\x04\x00\x00\x00\x10\x00\x00\x00\x31\x32\x32\x5f\x4e\x4f\x54\x5f\x49\x4e\x5f\x47"
  "\x52\x41\x50\x48\x02\x00\x00\x00\x1b\x00\x00\x00\x1c\x00\x00\x00\x1e\x00\x00\x00\x01\x00\x00\x00\x03\x00\x00\x00\x31\x32\x33\x00\x00\x00\x00\x01\x00\x00\x00\x01"
  "\x00\x00\x00\x00\x00\x02\x00\x00\x00\x00\x00\x00\x00\xff\xff\x1f\x00\x00\x00\x0b\x00\x00\x00\x10\x00\x00\x00\x31\x32\x33\x5f\x4e\x4f\x54\x5f\x49\x4e\x5f\x47\x52"
  "\x41\x50\x48\x07\x00\x00\x00\x09\x00\x00\x00\x0d\x00\x00\x00\x11\x00\x00\x00\x15\x00\x00\x00\x19\x00\x00\x00\x1d\x00\x00\x00\x1e\x00\x00\x00\x20\x00\x00\x00\x01"
  "\x00\x00\x00\x0a\x00\x00\x00\x31\x2e\x30\x2e\x77\x65\x69\x67\x68\x74\x00\x00\x00\x00\x04\x00\x00\x00\x01\x00\x00\x00\x01\x00\x00\x00\x11\x00\x00\x00\x40\x00\x00"
  "\x00\x00\x00\x02\x00\x00\x00\x0c\x00\x00\x00\xa8\xfc\x72\x0f\x86\xff\x1e\x04\x82\x01\x99\x02\x37\x05\x00\x00\x57\xfc\x6c\x01\x84\xef\x17\xfe\x9b\xff\x80\x13\x96"
  "\x0c\xc2\x00\x80\x01\x8b\xf3\xfb\x0e\x7b\x00\x24\x02\x9e\xff\xc0\x0a\x77\x0a\xc1\xfb\x4b\xfd\x85\xfd\x77\xff\x98\x01\x00\x00\x60\xfe\x2f\x0f\x7b\x01\xb3\x04\x7e"
  "\x03\xc4\xf1\xf3\xfd\x3c\x00\x8a\xff\x3a\xf0\x39\xff\x5a\x00\xd5\xfe\x15\xfa\x72\xfe\xbb\xfc\x82\xeb\x5b\x00\x62\xfb\x61\x00\x07\x01\xbc\x00\xcd\xf3\x07\x04\x0d"
  "\xfe\x63\x03\xc0\x0b\xdf\x01\x6d\x00\x74\x12\x00\x00\x8e\xf3\xf2\x00\xae\xf5\x42\xfe\xd7\xfd\x0d\x00\x8a\xf9\x34\xff\xb4\x04\x17\x04\x00\x00\x43\xf0\x49\xf7\x6e"
  "\xf9\xbc\xf0\xd8\xfd\xaa\xff\x7b\xfc\x15\x02\x93\x09\x9e\xfc\xcb\xfe\x9c\x05\x84\xfd\xaa\xfd\x73\xff\x66\xf9\xe8\x05\x7e\x0b\x83\x06\xee\xfe\x9a\x03\x00\x00\x07"
  "\xf6\x3e\x06\xfa\x08\x90\xef\xa7\x01\xa6\x00\x3f\x13\x34\x06\xd5\xff\x8c\x00\x08\xff\x0e\x01\x35\x00\xdf\xec\x32\xfb\x0f\xff\x63\x00\x6b\x00\x29\x0d\xbe\x0c\x61"
  "\xff\x79\xfe\x03\x06\xb3\xf8\x06\x0b\x01\xfa\x74\x03\x53\xff\x5e\xfe\xf3\xff\x00\x00\xbf\xfc\xbe\x00\xc8\xed\x1e\x04\xff\x0a\x14\xff\xf3\xf0\x7c\xfd\x79\xf8\x31"
  "\x04\x00\x00\x5b\xfc\xe8\xfe\x2a\x0e\x45\xfd\x74\xff\x1b\x0f\x4c\x0a\x4b\x06\x10\x04\x41\x06\x13\x0b\x5a\xf6\xcd\x02\x2e\xfc\xca\x05\x8c\x03\xeb\x0d\x75\x07\xbe"
  "\x0e\x42\x00\xaa\x05\x00\x00\xaf\xfb\xbd\xf2\xe0\x03\xf0\x03\xa3\xfe\xdf\xf4\x63\xfe\xa5\x06\x4b\xff\xa2\xf3\xfc\xfd\xc5\x00\x0d\x02\x1a\xfb\xd2\xf9\xcb\xfe\x6b"
  "\xf0\x10\x02\x33\x0a\xea\x00\xfb\xfc\x45\x05\x6e\xf6\x1f\xf0\xc8\xff\xbb\xf2\x02\xf8\xc3\xfc\x5e\x05\xe8\xf9\x00\x00\x5a\x00\xd0\x00\xe1\x0b\x1d\xfe\x23\x06\x7d"
  "\xff\xb7\xfe\x61\xfc\xbe\x08\xef\xf9\x00\x00\x2b\xf6\x0a\x05\x62\x10\x6d\xf6\x4c\x00\x0e\x08\xa5\x03\x9a\x02\xaf\xf6\xe3\xfe\x34\x06\xe5\x04\xa2\xff\xd6\x01\x5f"
  "\x04\xf4\x02\xf0\xff\x36\x04\x97\xff\x10\x00\xf0\xf6\x00\x00\xf1\x09\x42\xf0\x14\xf7\xb8\xf8\xe4\xfe\x64\xfa\xfa\x08\x96\xfd\x1e\x01\xa7\xf9\xb0\xff\x9d\xfe\xbe"
  "\x03\xae\xf2\x1a\x03\x9b\x03\x3d\xf7\x6d\x00\x98\x00\x60\x06\xb9\xff\xf0\xfb\xd2\xfb\x95\xfe\x76\x03\xb9\xff\x9b\x02\x54\xfc\x3f\xfc\xc7\x0e\x00\x00\x3c\xf5\x1f"
  "\x00\xd2\xea\x13\x01\xbb\x01\x13\x01\xb2\xfd\xbc\x03\x50\x01\x6b\xea\x00\x00\x06\x01\xb2\xf1\x12\xff\xb5\x00\x11\x00\x64\x01\xb7\x01\x58\x02\xcf\x02\x44\xfa\x6f"
  "\x01\x4e\xfd\x69\x01\x26\xfc\x96\x00\xc7\x01\x5f\x01\x32\x00\x85\xff\xc4\x00\x78\x02\x00\x00\xe5\xfd\x42\x01\xba\x02\xe2\x01\xb0\x01\x10\xfe\xa4\xfd\xe6\xfe\x5d"
  "\x00\x42\xfe\xcc\xff\x21\x00\x06\xfa\x7f\x00\xb3\xff\xd9\x0c\x7f\xfd\x60\xff\xf1\xff\xb9\xfe\xaf\xfc\x5c\x06\xe2\xfd\xfa\xfe\xd4\xfe\xc5\xfe\x77\x02\xf9\x03\x18"
  "\x06\xbb\x02\x00\x00\x47\xff\x8f\xfe\xc4\xff\x13\x07\x0a\xfc\x7c\xff\xaf\x04\x7d\xfc\xf1\x03\x83\x08\x00\x00\x06\x09\x22\xf8\xe2\x0d\xbc\x07\x07\xff\xdd\xf9\x5a"
  "\xfe\x0d\xfb\xf4\x0b\x02\x01\x97\xfb\xc7\xfe\x93\x01\x96\x04\x0a\xfd\xca\x05\xff\xfc\xcb\xf9\x80\xfc\xe9\xfe\x0a\x07\x00\x00\x1f\xf3\xeb\xf2\x6a\x0b\x4f\x07\x0a"
  "\xfc\xd0\x03\x2c\xf7\x89\xfb\xea\xfe\xe4\x03\xd6\x00\x7a\x01\x76\x03\x4c\x0b\x5b\x06\xf3\xfd\x8d\x05\x5a\xff\x36\xfa\x97\xf9\x36\xfe\xd9\xfb\x18\x00\x74\x04\xbb"
  "\xfb\x07\x04\xf2\x00\x51\xfc\xee\xfb\x69\x0e\x00\x00\x50\xfb\xaf\xff\x95\xf9\x08\xfc\x34\x09\x70\x00\x09\x0f\x84\x04\xcb\xf8\x2f\xfe\x00\x00\x26\xf7\x7b\xf9\x09"
  "\x0c\x31\xf9\xd2\xff\x0b\x0c\xed\x05\x45\xfe\x74\x04\x40\x07\x44\x09\xd7\x0b\xaa\x00\x94\x01\xe8\x07\x74\xfc\x04\xf1\x26\xfb\x52\xf1\xa6\xff\x3f\xff\x00\x00\x3f"
  "\xfb\xfa\xf3\x3f\x04\x77\xf9\xf9\x03\x62\xf8\x68\x07\xd5\xf5\x84\xff\x8d\xf7\x2b\x00\xdd\x00\x89\xfd\x39\xf4\x4e\x09\x53\xff\xad\xf4\x0f\x00\xc7\xf0\x36\x07\xa6"
  "\x00\x03\xfe\xd0\xf9\x76\x0f\xfe\x06\xeb\x0d\x58\xf9\x9e\x04\x69\xfe\x4c\xf2\x00\x00\x28\x03\x5e\xff\x66\x09\x6e\xef\x5f\xfe\x9d\xff\x69\x01\xcb\x11\x58\x02\x4c"
  "\x08\x00\x00\x7f\xff\xba\x07\x1c\x01\xa3\xfe\x81\x00\x6c\xfe\x18\x01\x8b\x09\x51\x00\x13\xf7\x67\xfe\xf7\xfc\xde\xff\x35\xf3\x2f\xfd\x6d\xff\xc0\xfd\xd0\xff\x32"
  "\xfe\x23\x00\x21\x08\x00\x00\xa5\xfe\xd9\xfe\x43\x00\xb5\xfe\x80\x0f\xea\x00\xe4\x01\xee\x00\x8d\xff\x1d\x01\x2c\xff\x9a\x00\x88\xf5\x9c\xff\x93\x00\xd1\xf4\xc8"
  "\x01\x45\xff\xa8\xff\x3b\x02\x2a\x03\x53\x13\x19\x01\xe8\x01\x1e\x01\x48\x01\x99\xff\x72\x12\xf6\x11\x66\x02\x00\x00\x9e\xfe\x0f\x01\xd8\xfb\xc5\x00\x3c\x00\x61"
  "\x00\xc9\x00\xb9\xff\x0e\xff\x05\x00\x00\x00\x7a\x00\x22\x00\xf9\xff\x9a\x00\x80\xff\x13\x00\x44\xfe\xea\xfd\x06\x00\xd2\x0b\x06\x00\x85\x00\x20\xff\xd5\xff\x47"
  "\x01\x40\x00\x09\x01\x77\x00\x0c\x01\x75\xff\x6d\x00\x00\x00\x51\xff\x01\x00\x1d\x00\x09\x00\x81\xfe\x8e\x00\xfa\xff\x9a\xff\x7b\x00\x58\x00\x21\x01\x9a\xff\x6b"
  "\x01\x06\x00\xa9\x00\x54\xfa\xef\xff\x00\x01\x2e\x00\x14\xff\xd6\xfd\x68\xe8\xd1\x00\xa5\x00\x34\x00\xf7\xff\x70\xff\x05\x00\x15\xea\x30\x00\x00\x00\xfd\xff\xa2"
  "\xff\xe0\xff\x24\x01\x39\x00\x06\xff\xcb\xfe\x28\x00\xf9\x03\x44\xff\x00\x00\xfe\xff\x85\x00\xe1\xff\x49\x00\x2a\x04\x94\x00\xa6\xfd\x92\xfd\xdb\xfc\xc1\x04\x5b"
  "\x00\x9e\x00\xa5\xff\xe0\xff\x26\x01\x22\x01\xd3\xfe\x63\x00\x7a\xfe\xc6\x00\x8a\xfe\x00\x00\xf7\x07\x3a\x00\xca\xfa\xb7\xfe\xc7\xfd\x23\x00\xff\xff\x6b\xfd\x34"
  "\x02\x6a\x00\xf9\x00\xf6\xfb\xae\x00\x05\x00\x44\x00\x2b\xfd\x6b\x00\x7e\xff\x6f\xfe\x9c\xfe\xaf\x02\x18\x00\x05\xff\x42\xff\x3f\xfe\x07\x00\x92\xfb\x45\x00\x48"
  "\x00\x79\xff\x00\x00\xb2\x00\x8f\xff\x8e\xff\xd7\xfe\xd0\x01\x5d\xff\x55\x02\xe1\xff\xda\xfb\x31\x00\x00\x00\xe7\xff\x3a\x00\xf4\xff\x74\xff\xe0\x01\xe4\xff\x04"
  "\x06\x7c\xfe\x23\xff\x95\x00\x15\x01\x64\xfe\xcc\x02\x97\x00\x9e\xfd\x00\xfd\x8a\x01\xa0\xfe\x56\x04\x3a\xff\x44\xff\x00\x00\x34\x02\xfa\xff\x27\xfe\x13\x03\xd4"
  "\xfe\xa7\x00\x4e\x00\x93\x08\xfc\xfe\x56\x01\xea\xff\xd1\xfe\x39\x04\x1b\x00\x14\xfc\x4e\x01\xca\xff\x69\x01\xc7\x01\xe2\x02\xa7\x02\xba\xff\x58\x03\x10\x01\x04"
  "\xfc\xba\xff\xe2\xff\x62\xff\x54\xff\x6f\x00\x00\x00\xea\xfe\x0e\x01\xa6\x00\x05\x01\x4c\x00\x08\xfe\x72\xff\x05\x00\x06\x00\xaf\xff\x00\x00\x2e\x00\x22\x00\xe3"
  "\xff\x40\x00\xc3\x01\x5f\x00\x24\xfe\x9b\xfe\xa8\xfe\x41\xeb\x25\x00\x69\x00\xf3\x00\xf0\xff\xed\x00\xd4\xff\x90\xff\x52\x00\x3f\xff\x13\x00\x2b\xff\x00\x00\x13"
  "\x03\x51\x00\xcb\xfd\xd9\xff\x2c\xff\x57\x00\x6a\x00\x42\xfe\x3b\x01\x85\x00\x5c\x00\x37\xfe\x54\x01\x08\x00\x0d\x01\xf5\xfe\x8c\x00\xba\xfe\x32\xff\x48\xff\x1a"
  "\x01\xc8\xfd\xb4\xff\xd2\xff\xfa\xfd\x0b\x00\x7c\x15\x1c\x00\x93\xfd\x30\xff\x00\x00\x6d\x01\x0b\x00\xa1\xff\x74\xff\x31\x00\x6a\x01\xe4\xff\xf3\xff\x38\xff\x00"
  "\x00\x00\x00\x01\x00\x17\x00\xde\xff\x14\x00\x16\xfb\x26\x00\xf4\xff\x31\xff\x02\x00\x58\x00\x21\x00\x02\x00\x78\xfe\xfb\xff\x0c\x00\x62\xff\xf5\xff\x00\x00\xe5"
  "\xff\x3e\x02\x26\x00\x00\x00\x2c\x00\xe4\xff\x03\x00\xae\xff\x36\xff\x1f\x00\x12\x00\x05\x00\xbb\x00\x34\x00\x59\xfb\x8a\xf8\x99\xff\x13\x00\xc2\xff\x43\x01\x2e"
  "\x00\x58\xfd\xc5\xff\xec\xff\x7f\xff\x0c\x00\xfd\xff\xf3\xff\x36\x00\xfb\xff\x99\x00\x01\x00\xfd\xff\x02\x00\x00\x00\x82\xff\x9b\xfe\xd7\xff\x69\x00\x05\x00\x1e"
  "\xfe\xfc\xff\x00\x00\xf3\xff\x01\x00\x00\x00\x07\x00\x00\x00\x1a\x00\x05\x00\x22\xf4\x05\x00\x1f\x00\xfd\xff\xfa\xff\x4e\x00\x15\x00\xff\xff\x97\x00\x03\x00\x01"
  "\x00\xbb\x00\xfc\xff\xfd\xff\xf2\xff\xb4\x0b\xff\xff\x00\x00\xc9\xff\x08\x00\x02\x00\xec\xff\xd4\x00\x1c\x00\xfd\xff\x11\x00\x47\xeb\x04\x00\x0c\xf9\xe2\x0b\x2f"
  "\x00\xf3\xff\x44\x00\xe6\xfe\x19\x00\x2c\x00\xe3\xff\x11\x00\xec\xff\x5e\x00\x34\x00\xfb\xff\x27\x00\x00\x00\x58\x00\x05\x00\x54\xff\xe9\xff\x00\x00\x1f\x00\x4e"
  "\x04\xe0\xff\x7f\xfc\x0f\xfc\x1f\x09\xbf\xfc\x33\x00\x51\x05\xff\xff\x00\x00\x49\xfd\xc9\xff\xe1\xff\x8b\xfb\x46\x01\x56\xfb\x3e\xfd\x06\xf8\xa9\xff\xb2\x00\x44"
  "\xfd\x5e\x00\x1d\x01\x9a\x00\x7b\xff\x32\xfe\x2b\xf7\x2a\x00\x19\xfe\xed\xfb\x27\x00\x00\x00\x11\x01\x05\x00\xc2\xfe\x74\xfe\x03\x01\x46\xfd\x40\xfd\x6f\xfe\x5f"
  "\x01\xbe\xfc\x88\x07\x4c\xf7\x99\xfa\x7e\xfe\xd7\xfe\x91\xff\x32\xfc\x69\xf2\x63\x00\x0a\xfd\x75\xf5\xb5\x02\xab\xfa\xa7\xf6\xe8\xfb\x9c\x00\x6c\x00\x5f\xff\xe2"
  "\x00\x21\x00\x00\x00\x7f\xfc\xd5\xf9\xf1\xff\x06\x00\x1b\xfc\x47\xf0\x5d\xff\x2f\xff\xe4\x02\xb4\xff\x00\x00\x15\xfe\x1f\x00\xe8\xff\x52\xfb\x1c\xf9\xf6\xfc\x96"
  "\xfb\x10\x01\xf3\xff\x85\xff\x45\xfb\x9c\x01\xf3\x17\xcd\x00\xba\x01\xb7\xfe\x6e\xfe\x86\x01\x5c\xfd\xeb\xfb\xa6\x00\x00\x00\x49\xff\xe8\xff\xe3\xfc\x41\x03\xcb"
  "\xfd\xb3\xfc\xe6\xfe\xdd\xff\xe7\xf9\x26\xfe\x96\xf4\xe9\xfe\x58\xfd\xa2\xfd\xf1\xfe\x55\xff\xdf\xfd\xc5\x07\xb0\xff\x7f\xfd\x46\x08\x05\xfc\xa6\xfe\x18\xff\x8c"
  "\xff\x0e\x00\xae\xff\x8f\xff\x7f\xff\x9b\xff\x00\x00\x31\xff\xcf\xf6\xbe\xff\x98\x02\x20\x01\x9d\x05\x84\x01\xe6\xff\x51\xff\xf1\xff\x00\x00\xd8\x00\xe9\xff\x20"
  "\x00\x3e\x01\xed\xff\xac\x00\x04\x00\x56\x02\xff\xff\x13\x00\x53\x00\x7a\x01\x8b\x01\x17\x01\xf8\x00\xd2\x00\x7d\x02\x96\x00\xb7\x01\xc9\x01\xbc\xff\x00\x00\xb8"
  "\xff\x0a\x00\xfb\xff\xfe\xfe\x86\x01\xec\xff\xb3\x00\x6e\x00\x11\x00\xbb\x00\x7f\xf9\x85\x07\xa4\x00\x0f\x00\xa3\x01\xa9\x01\xb4\x00\x00\x13\xd6\xff\x52\x00\x5d"
  "\x01\x6d\xfe\x1f\x01\x1f\x02\x83\x00\xdd\xff\x1b\x00\xf9\xff\xd2\xff\x46\x00\x00\x00\xfc\x00\xc3\x0b\x4c\x00\x21\x00\x00\x00\x09\x00\x00\x00\x03\x00\x00\x00\x31"
  "\x32\x34\x02\x00\x00\x00\x1f\x00\x00\x00\x20\x00\x00\x00\x04\x00\x00\x00\x01\x00\x00\x00\x01\x00\x00\x00\x01\x00\x00\x00\x01\x00\x00\x00\x04\x00\x00\x00\x00\x00"
  "\x00\x00\x00\x00\x00\x00\x00\x00\x00\x00\x00\x00\x00\x00\x01\x00\x00\x00\x00\x00\x00\x00\x22\x00\x00\x00\x01\x00\x00\x00\x08\x00\x00\x00\x31\x2e\x30\x2e\x62\x69"
  "\x61\x73\x00\x00\x00\x00\x01\x00\x00\x00\x40\x00\x00\x00\x00\x00\x02\x00\x00\x00\x0c\x00\x00\x00\xe5\xf8\x22\x06\xdf\x01\xb7\x06\xf3\x0e\x2f\xfb\x56\x0b\x00\x00"
  "\xad\x09\x80\x0d\x2a\x00\x75\x0a\x76\x03\x1a\x07\xc9\x05\x18\xf8\xfe\x0f\x96\xfe\x39\x06\x8b\x13\x63\x07\x18\x17\x9a\x13\xe9\x01\x3a\x08\x3c\x13\x10\x05\x3a\xfb"
  "\x82\x0a\x00\x00\xec\xff\x44\x00\xba\x0e\x35\xfe\xcd\xec\xd8\x02\x0c\x03\xb6\x01\xe9\x02\x3e\x02\x5e\x00\x66\xfc\x31\xff\x00\x0c\x6e\x00\xb1\xf9\x52\x02\xea\xff"
  "\xcb\x01\x06\x04\xa0\x03\x6c\x03\x17\x03\x38\x07\xbf\x02\xa7\x12\x5e\x00\x49\x10\x0c\x02\x0c\x00\x00\x00\xf2\x01\x7a\xff\xfc\xff\x23\x00\x00\x00\x04\x00\x00\x00"
  "\x10\x00\x00\x00\x31\x32\x34\x5f\x4e\x4f\x54\x5f\x49\x4e\x5f\x47\x52\x41\x50\x48\x02\x00\x00\x00\x21\x00\x00\x00\x22\x00\x00\x00\x24\x00\x00\x00\x01\x00\x00\x00"
  "\x03\x00\x00\x00\x32\x33\x39\x00\x00\x00\x00\x03\x00\x00\x00\x01\x00\x00\x00\x01\x00\x00\x00\x01\x00\x00\x00\x00\x00\x02\x00\x00\x00\x0c\x00\x00\x00\x27\x00\x25"
  "\x00\x00\x00\x15\x00\x00\x00\x03\x00\x00\x00\x31\x32\x37\x02\x00\x00\x00\x23\x00\x00\x00\x24\x00\x00\x00\x26\x00\x00\x00\x01\x00\x00\x00\x0a\x00\x00\x00\x32\x2e"
  "\x30\x2e\x77\x65\x69\x67\x68\x74\x00\x00\x00\x00\x04\x00\x00\x00\x03\x00\x00\x00\x01\x00\x00\x00\x01\x00\x00\x00\x40\x00\x00\x00\x00\x00\x02\x00\x00\x00\x0c\x00"
  "\x00\x00\xd3\xfe\xc5\x00\x6d\x09\x47\x00\x6c\xff\xcf\xf7\x8c\xff\x00\x00\x2d\x00\xfd\x00\xe7\xfd\x25\x00\xaf\xf4\x5b\x00\xc9\xff\xb4\xfd\xc5\xff\xdd\xfa\x09\x00"
  "\x52\x01\x74\xfc\xa5\xff\xce\xff\xb7\xfb\x65\x00\x1a\xff\x14\x00\xd0\xf8\xb0\xff\x00\x00\x15\x07\x50\x02\xa5\x0e\x97\xff\x4c\xfc\xfd\xff\xae\x01\x8c\x00\x08\xfc"
  "\xfa\xff\xc7\x04\xf8\x07\x45\xfe\x0d\x00\x54\x00\x9d\xff\x36\x00\x28\xf9\x41\x00\xfb\xfe\x01\xfc\x07\x06\x0f\x00\x1a\x00\x1c\xf2\xc3\xfe\xb5\xf9\x84\xff\x24\x06"
  "\xb1\x04\x00\x00\x14\x01\xa9\x08\xaa\xfa\x98\xf5\xd9\xed\x83\x03\x72\xfb\x72\x10\xd3\xf4\x94\x12\x00\x00\xb7\xeb\x91\xed\xf7\xf6\xb1\xff\x1f\x01\x79\xf3\x3f\x00"
  "\x5c\xf4\x0b\x03\xeb\xf6\xed\xe9\x40\xea\xa2\xf4\x64\x12\x37\xfc\x00\xff\xe6\xf9\xe3\x15\xb9\xfa\xde\x06\x77\x0e\x00\x00\x10\xf6\x66\x09\xd0\xea\xa8\x06\x51\xf2"
  "\xcd\xeb\x60\x11\xa9\x0a\x35\xf0\xad\x0f\x1b\x04\x72\xf2\xf9\x09\xd3\xfc\x53\x08\x60\x14\x4a\xf3\x6a\xf5\x35\x0f\xe9\xee\xfa\xf7\x76\x0a\x85\xfe\xf8\xfd\xa3\x09"
  "\xdd\x12\x1b\xf6\x9d\x0d\x20\x0b\x80\x07\x00\x00\xb8\xfc\x84\x03\x51\xf4\x0a\xf6\x5f\x0e\x26\x07\xa8\x14\xa1\x08\x29\xf6\xfc\xff\x00\x00\xd6\x0f\xad\xff\x67\xf6"
  "\x62\x15\x2a\xf7\xd5\xf4\x8b\xec\xfa\xf6\x6b\x11\x16\xf6\x07\x01\xb8\xfe\x62\xfb\x48\xe9\xfd\xe8\xaf\x0d\xb4\x13\x84\x01\xfe\x13\x62\xf6\x23\x01\x00\x00\xf9\xf3"
  "\xae\x08\x70\x03\x0d\x12\x48\xf1\xe5\x00\x01\xfb\x02\x0b\x0d\xfe\xdf\xf0\x86\x0a\x8f\x08\x5e\x06\xb2\xed\x24\x0b\x25\x00\xa3\xf4\x1a\xf7\xd6\x08\x1f\xff\x06\xfc"
  "\x09\x0d\xdf\x11\x31\x14\x6b\x03\xf5\xff\xfa\xf6\x3a\x05\x19\x0e\xde\x09\x00\x00\xe9\xf3\x13\x08\x7c\xfa\x27\x00\x00\x00\x09\x00\x00\x00\x03\x00\x00\x00\x31\x32"
  "\x38\x02\x00\x00\x00\x25\x00\x00\x00\x26\x00\x00\x00\x04\x00\x00\x00\x01\x00\x00\x00\x02\x00\x00\x00\x01\x00\x00\x00\x01\x00\x00\x00\x04\x00\x00\x00\x01\x00\x00"
  "\x00\x00\x00\x00\x00\x01\x00\x00\x00\x00\x00\x00\x00\x40\x00\x00\x00\x00\x00\x00\x00\x28\x00\x00\x00\x01\x00\x00\x00\x08\x00\x00\x00\x32\x2e\x30\x2e\x62\x69\x61"
  "\x73\x00\x00\x00\x00\x01\x00\x00\x00\x40\x00\x00\x00\x00\x00\x02\x00\x00\x00\x0c\x00\x00\x00\x16\x01\x94\x00\xcc\xfd\x5c\xf8\xaa\xe9\x3c\x00\x5e\xf0\x00\x00\xfe"
  "\x01\xfd\x0b\xed\x00\x83\xf7\x31\x03\xb0\x07\x1d\x04\x2d\x00\xc0\xf1\x00\x00\xa3\x01\xa7\x09\x8b\x08\xf5\x03\x86\x04\x28\xff\x6f\xfb\xa8\xf3\x18\xfd\xf8\xff\x5d"
  "\xf9\x00\x00\xe7\xff\x5d\xff\xad\x02\x0b\x00\xc0\xff\x9a\x03\x84\xfe\x24\xfe\xd3\x02\xde\xff\x2f\xfe\x54\xff\x3a\xfe\x91\x0d\x4b\xfd\xfe\xff\x32\x05\x4b\x00\xee"
  "\xff\xb3\x03\x32\x0c\x2b\xfe\x21\xfc\xdd\xf8\x1e\x00\x22\xef\xf6\xff\x4a\xee\x74\x00\x82\xff\x00\x00\x3a\x02\x3d\x00\xcc\x00\x29\x00\x00\x00\x04\x00\x00\x00\x10"
  "\x00\x00\x00\x31\x32\x38\x5f\x4e\x4f\x54\x5f\x49\x4e\x5f\x47\x52\x41\x50\x48\x02\x00\x00\x00\x27\x00\x00\x00\x28\x00\x00\x00\x2a\x00\x00\x00\x01\x00\x00\x00\x0a"
  "\x00\x00\x00\x33\x2e\x30\x2e\x77\x65\x69\x67\x68\x74\x00\x00\x00\x00\x04\x00\x00\x00\x01\x00\x00\x00\x03\x00\x00\x00\x01\x00\x00\x00\x40\x00\x00\x00\x00\x00\x02"
  "\x00\x00\x00\x0c\x00\x00\x00\xdb\xf7\xf6\x00\x9e\xf5\x65\x00\xf3\x10\xf2\x01\x1a\x00\x00\x00\xe3\x00\xef\xfe\xd3\x02\x5c\x01\x3c\x07\xbe\x00\x5f\xff\x16\xfd\x78"
  "\x00\x8b\xfb\xde\x00\xc9\x00\x7b\xfe\xb0\x00\xa1\xfe\x7e\x00\xa5\xff\xf7\x00\x35\x00\x11\x03\x52\xff\x00\x00\xb5\x03\x6f\xfe\x89\xff\x15\x00\xf5\x0b\xde\x00\x51"
  "\xff\x75\xfe\x76\x02\x7d\xff\x6f\x02\x8e\x08\x8d\x05\x05\xff\xeb\x02\x01\x00\xa0\x00\x88\xfb\x01\xff\x19\xff\x26\x0e\xbb\xf8\x5f\x00\x20\x00\xc8\xff\x49\x00\x55"
  "\xfb\x75\x12\xe0\x07\xe6\x00\x00\x00\x32\x00\x97\xf9\x37\x01\x88\xf6\x99\xf1\x11\xfe\xd1\xea\xab\xe7\x46\x09\xee\x11\x00\x00\xe3\xf3\xdd\x0f\xa9\x05\x41\xec\xbd"
  "\xfe\x73\xf5\x05\x0f\x24\x08\xa0\xfb\xfd\xf7\xa3\xee\xb4\xe6\x14\xf7\x90\xe9\x1e\x17\xe2\x07\xab\xfd\x63\xe9\xe2\xed\xa9\x09\x87\x0c\x00\x00\x4e\xfb\x10\xfb\x24"
  "\x07\x9e\xf7\x58\x0d\x08\xf0\x08\x09\xc0\xf3\xa9\x0b\x7e\x09\xa8\x04\x20\xf2\xaf\x07\xa5\x0c\x26\x08\x31\xee\x01\xf8\x72\xf8\x04\xf1\x5b\x0e\xb0\x04\xf4\xf6\xe5"
  "\xef\x01\xf8\xe0\xf6\x31\xe9\x5b\xf7\xab\x02\xf1\x08\x40\x06\x00\x00\xd9\xf7\xc3\xfc\xa2\x06\xf8\xfd\xaf\xf5\x1f\xfd\xe8\xff\x7e\x07\xce\x07\xe8\xff\x00\x00\x8c"
  "\xf4\xf5\xff\x38\x04\xf9\x11\x96\x09\x9f\xf5\x03\xf1\x14\x0b\x81\xf0\xde\xf9\x74\x10\x64\x18\x68\xfd\x4d\x15\x4f\xea\x59\x07\xb4\xf0\xd2\x15\xa5\x02\xf6\x08\x30"
  "\x00\x00\x00\x8d\xf1\x5d\xfa\xd6\x12\x64\xf1\x35\x07\xc9\x0d\xec\x08\x9c\x09\xe6\x02\xb7\x0e\x3c\x08\x03\x08\xac\x00\xa7\x0c\x45\xf4\xf4\xff\x95\xf4\x40\xfa\xbd"
  "\xfa\xbf\xf2\x56\xfe\x23\xf9\xbe\x07\x36\x12\xf2\xf7\xc4\xef\xe7\xf8\xd9\xea\xfe\x06\x64\x05\x00\x00\x48\xfc\xae\xf8\x77\x05\x2b\x00\x00\x00\x09\x00\x00\x00\x03"
  "\x00\x00\x00\x31\x32\x39\x02\x00\x00\x00\x29\x00\x00\x00\x2a\x00\x00\x00\x04\x00\x00\x00\x01\x00\x00\x00\x01\x00\x00\x00\x02\x00\x00\x00\x01\x00\x00\x00\x04\x00"
  "\x00\x00\x00\x00\x00\x00\x01\x00\x00\x00\x00\x00\x00\x00\x01\x00\x00\x00\x40\x00\x00\x00\x00\x00\x00\x00\x2c\x00\x00\x00\x01\x00\x00\x00\x08\x00\x00\x00\x33\x2e"
  "\x30\x2e\x62\x69\x61\x73\x00\x00\x00\x00\x01\x00\x00\x00\x40\x00\x00\x00\x00\x00\x02\x00\x00\x00\x0c\x00\x00\x00\xe5\x00\x9c\xff\x4e\x00\x5d\x02\x1e\x00\x7e\x00"
  "\x62\xfc\x00\x00\xb0\xfe\x84\x05\x58\x00\x31\x00\x2f\x01\x60\xfe\xdd\xff\x17\x00\x4a\x08\x8c\xff\x02\x00\x00\x00\xe9\xff\xcf\xff\xf8\xff\xa3\xff\x57\x01\x02\x00"
  "\x5b\x00\xcc\xff\x66\xfc\x00\x00\x8f\xff\x65\x00\x7b\x00\xe5\xff\x36\x00\xe1\xff\x6c\xff\x14\x00\xc6\x01\xe7\xff\x2b\x00\x64\x00\x6d\xff\xa5\x06\xdb\xff\x10\x00"
  "\x80\xff\xb7\xfc\xde\xff\x02\x00\x02\xf8\xb5\x00\x33\x00\x47\xfd\xe2\xff\x98\x0d\x98\xff\x2b\x00\x29\xfe\xe0\xfe\x00\x00\xc3\xff\x84\x01\xd6\x00\x2d\x00\x00\x00"
  "\x04\x00\x00\x00\x10\x00\x00\x00\x31\x32\x39\x5f\x4e\x4f\x54\x5f\x49\x4e\x5f\x47\x52\x41\x50\x48\x02\x00\x00\x00\x2b\x00\x00\x00\x2c\x00\x00\x00\x2e\x00\x00\x00"
  "\x01\x00\x00\x00\x0a\x00\x00\x00\x34\x2e\x30\x2e\x77\x65\x69\x67\x68\x74\x00\x00\x00\x00\x04\x00\x00\x00\x01\x00\x00\x00\x01\x00\x00\x00\x40\x00\x00\x00\x30\x00"
  "\x00\x00\x00\x00\x02\x00\x00\x00\x0c\x00\x00\x00\x2f\xff\x4f\xfc\xb0\x01\x09\x01\xaf\xff\x3d\xff\x0c\xfe\x48\xfe\x16\x00\x5f\x04\x05\xfe\x8e\xff\x44\xff\x32\x09"
  "\x01\x03\xc6\x00\x8c\xff\xe6\xff\x8f\xfa\xb1\xfd\x49\x00\xd1\x00\x3a\xfc\x37\x00\x1f\x01\xb7\xff\x20\xff\xf3\x00\xf7\x01\x88\xfe\xb3\xfd\xd1\xff\x70\xfc\xe6\x02"
  "\x66\xfb\x42\x01\x4e\xfe\xa5\x04\xb0\xff\x39\x03\x8a\x04\xa3\xfb\x3a\x02\xeb\x03\x8f\x00\x39\x03\xfd\xfd\x53\xfd\x77\x0a\xfa\xff\x80\x02\x23\xfe\x32\x00\xce\xff"
  "\x24\xfd\x67\x06\xbf\xff\xed\x00\x2a\x04\xc6\xfb\x96\xff\x2c\x00\xd0\xf9\x71\xff\xe0\x00\x28\xff\x04\x00\xdd\x02\x9d\x00\x29\x00\x95\x01\x11\x00\xf2\xff\x05\x01"
  "\xc6\x0b\xff\xfd\x31\x00\xcd\xfe\x44\xf8\x9c\xfc\x77\xff\x4a\x00\x76\xff\xc4\xff\xb6\xfe\x43\x01\xc0\xff\x16\xff\xe2\xff\x8e\xff\xe6\xff\xef\xff\xea\xff\x3d\xff"
  "\x7c\xff\x62\xff\x1e\xff\xd7\xfe\x1c\x02\xde\xfe\x85\xff\x43\xff\xbd\xff\xcc\xff\x88\xff\x19\x05\x31\xfc\x68\xff\xbc\xff\xf5\x02\x23\x06\x7b\xff\x14\xff\x91\x01"
  "\x89\x00\xfd\x09\x83\x00\xe2\x00\xa9\x07\x6c\xff\xfd\xff\xdb\xff\xe1\xff\x76\xff\x09\xff\x7e\x01\xa9\xfa\xd0\xfd\xb1\xff\x79\x00\x8d\xff\x92\xff\x76\xff\xb2\x00"
  "\x04\x00\x41\x00\x37\xff\x3a\xff\xce\xff\x2a\x00\x69\x00\x5d\xff\x74\xff\x91\x00\xcf\x00\xe8\x00\x84\x01\xdd\x00\xda\xf4\x09\x00\xf5\x00\xa4\xff\xd0\x01\x01\x00"
  "\x57\xfe\xd6\x01\xeb\xff\x27\xfe\x75\xff\x3a\xff\xf4\x0c\x11\x01\x9d\x00\xc5\x00\x32\x02\x3f\xf1\x6f\x01\xd5\x01\x08\x01\x75\x03\xce\xff\x0d\xff\xab\x03\x4e\x00"
  "\xe4\xfe\xd9\xff\xac\xff\x58\xff\x86\xff\xd1\xff\x4b\xff\xad\x00\x63\x00\x19\xff\x7f\xff\x88\xff\xd9\xff\x06\x00\xff\xff\x0c\xff\xcd\xff\x42\xff\xac\x00\x01\x00"
  "\x3b\x00\x1f\x03\xba\x0c\x30\x03\x43\x05\x45\xff\x88\x00\xa2\xfe\xed\x00\x1c\xff\x46\xf4\xef\xfe\xdc\xff\x1a\x0e\xae\x04\x5b\xfd\x5f\x00\xfe\xff\xae\xfa\x28\xf3"
  "\xed\xff\x83\x08\xd7\xf9\x08\xf9\x79\xff\x6a\x11\x4a\x05\x55\x00\x86\x00\xb2\xff\xbf\xff\xfa\xfd\xc1\xff\x93\x00\x07\x00\xf5\xff\xf3\xff\xa1\xfe\xa1\xff\xad\xff"
  "\x5b\x00\x3f\xff\xe1\xff\x07\x01\x25\x00\x40\x00\x37\xfb\x42\x01\x63\x0b\x36\x01\xe9\x00\xb6\x00\x79\x01\x5d\x06\x62\x0d\xde\x03\x37\x05\x4f\x01\x7d\x02\xa6\x01"
  "\x0f\xff\x20\x01\xcb\x00\x6c\x03\x83\x03\xdb\x01\x4e\xfd\x86\x00\x9b\x01\x9a\x00\x6c\x01\x02\x01\x77\x02\x57\x02\x36\x02\x93\x01\x12\x00\xfe\x03\x95\xff\xfe\xfe"
  "\x7f\xff\x16\x00\xf0\xfa\xc2\x04\x6e\xfd\xe9\xfe\xd6\x00\x3c\xff\x24\x00\xa3\xff\x25\x00\x27\x01\xb5\xff\x5c\xfe\xfa\xff\xb4\xff\x09\x00\xdd\xff\x43\x00\x69\xff"
  "\x58\x00\x1e\x00\xe0\xff\xa8\x01\xc7\xff\x05\xff\xe7\xff\xc2\x01\x2b\x00\xdb\xff\x2e\x00\x9a\xff\x0e\x00\xab\xff\x27\x00\x3b\x00\x89\xff\x4e\x00\xfe\xff\x88\xff"
  "\x4b\x00\xe1\xff\x33\x00\x57\xff\xa8\xff\x86\xff\x96\x04\x71\xff\xea\x01\x23\x02\x42\x00\x8e\xff\x84\xfd\x55\xfe\xc8\xf5\xa6\x00\xf3\x14\x6e\xff\xb8\x05\x64\xff"
  "\x28\xf8\x3d\xff\x00\x00\x00\x00\x00\x00\x00\x00\x00\x00\x00\x00\x00\x00\x00\x00\x00\x00\x00\x00\x00\x00\x00\x00\x00\x00\x00\x00\x00\x00\x00\x00\x00\x00\x00\x00"
  "\x00\x00\x00\x00\x00\x00\x00\x00\x00\x00\x00\x00\x00\x00\x00\x00\x00\x00\x00\x00\x00\x00\x00\x00\x00\x00\x00\x00\x00\x00\x00\x00\x00\x00\x00\x00\x00\x00\x00\x00"
  "\x00\x00\x00\x00\x00\x00\x00\x00\x00\x00\x00\x00\x00\x00\x00\x00\x00\x00\x00\x00\x16\x04\xba\xff\x92\xf6\x8d\xfd\xbc\x01\xda\xff\x43\xfe\x8f\x06\xe6\x0c\x6d\xff"
  "\xf6\x01\x67\xf8\xac\x00\x93\x02\xbb\x02\xe7\xfe\x80\x01\x60\xff\xce\x01\xd5\x02\xbd\xff\xb3\x00\xb4\x01\xb5\xff\x42\x01\x00\x01\xc3\xf6\x2e\x01\x30\x00\x60\x01"
  "\x9d\xf8\xd9\xfd\x22\x00\x05\x02\x7d\x00\x1a\x00\x11\x01\xe3\xfe\xbc\xff\xdd\x01\x1a\x00\x65\x00\x0c\x00\xe0\xff\x20\x00\x45\x00\xfd\xff\xbf\x00\x07\x00\x33\x00"
  "\x99\xff\x70\x00\x64\x00\x08\x00\xc2\xff\xd8\xff\xdb\xff\xf0\x03\x39\x00\xe1\xff\x70\xff\xff\x02\xed\xff\xde\xff\xc8\xff\xd0\xff\x1c\x00\x3b\x00\xf2\xff\x03\x01"
  "\x19\x00\xf8\xff\x56\xff\x8f\xff\xc9\xff\x46\x00\x0c\x00\x73\x00\x82\xff\xf2\xff\x81\x0c\xa1\xfe\x9d\x07\x75\xf4\x86\xff\x25\xfe\x31\xf9\x63\xfa\x20\x09\x7f\x00"
  "\x52\xfd\xeb\x01\x86\x0b\x5a\xfa\x53\xef\xe8\xfe\x67\x00\xbd\xfe\x2d\x00\x32\xf9\xf1\xfd\xe6\xfd\x1c\xfe\x49\xfe\x6c\xfe\xc0\xfe\x49\xfe\xb8\xff\x66\xff\xee\xfe"
  "\xa4\x00\x48\xff\x41\xfd\xfc\xfe\x49\xfc\x48\xfc\x80\xed\xcd\xfc\x58\xfd\x15\xff\x7e\xfd\x75\xff\x6a\xfe\xfc\x03\x19\xff\x8d\xfe\x31\xfe\x28\xff\xeb\xfe\x9d\x00"
  "\xf5\xfe\x20\x00\xb6\xff\x47\x01\x33\x01\x18\x00\x5e\x00\x91\x04\x34\x00\x2b\x00\x76\x00\x2e\x00\x1a\xff\xbb\x06\xa5\xfe\xb2\xff\xcc\x00\x9e\x00\xd0\xfe\x10\x00"
  "\xce\xff\x48\xf5\xcd\xff\x74\xff\x3d\x04\x7f\xf1\x39\x00\xe6\xff\xdb\x00\xdb\xff\x25\x00\x0a\x0c\x1e\x00\x46\xfd\xc3\xfb\x99\xfd\x07\xff\xb1\xff\x62\xfe\xc2\xfe"
  "\xea\x00\xaf\xff\x76\xfe\xbb\xff\xad\x02\xf4\x00\xf7\xff\xf0\xff\xf6\xff\xf4\xff\xe9\xff\x07\x00\xf6\xff\x02\x00\xf2\xff\x08\x00\xeb\xff\xd6\xff\x03\x00\x22\x00"
  "\xfa\xff\xf9\xff\x68\x00\x04\xf7\x8a\xff\x8a\xff\xff\xfe\xee\xff\x43\x00\x32\x00\x51\xff\xa1\xff\x3d\x00\x7b\x00\x5b\xff\x1a\x00\xf0\x01\x9f\x00\x6c\xff\xe2\x00"
  "\x82\xfb\xa2\x01\xc4\x00\x63\x00\xe0\x01\x95\x00\x29\x00\x5f\x01\x24\xff\xe1\xff\x8f\xff\xb4\x01\xc9\xff\x09\x00\x12\x01\xa7\x01\x1d\x01\x34\xff\xc4\x04\x67\xf8"
  "\x74\x03\x1c\x00\x34\x00\x71\x07\x97\x00\x28\x02\x61\xff\xf4\x00\x89\x01\x27\x02\xeb\x09\x8a\xff\x59\x02\xa2\xfd\x0f\x02\x9e\x00\x33\xfd\xf9\xf7\xff\x04\x91\xff"
  "\x99\xf7\x9f\x06\xdf\xff\xf7\x02\x06\x06\x0f\x00\x11\x01\xdf\x00\xca\xff\x4e\x01\x5a\xfe\x6f\x01\x44\x02\x14\x00\xec\x00\x66\x00\x1f\x08\x0e\xff\xe4\xff\x21\x01"
  "\xc5\x0a\xf1\xfc\xc7\xff\xc0\x01\x06\x00\x54\x00\x73\xfe\xda\x01\xfb\xfe\x99\x02\x4a\x00\xf2\xff\x06\x00\x4b\xff\x48\x00\x9b\x01\xa7\xff\xdd\xff\x84\xfe\xee\xff"
  "\x7a\x03\xcd\x01\xae\xfb\xce\x00\xbe\x01\x2e\xf9\x30\x03\x2f\xff\x77\x00\xf7\xf9\xc2\xfb\xa0\xff\x0f\x04\xa5\x00\xcf\xfb\x4d\xf3\x13\x01\x5a\xff\xd0\x05\xbf\x01"
  "\xc6\x00\x14\x00\x89\x00\x95\x00\x2e\xff\x1a\xff\x9d\x03\x36\x00\x58\x01\xa1\x01\x37\x00\xbd\xff\x2c\x00\x09\x00\x6c\x00\x9b\xff\x6c\x00\x9a\x00\xfd\xff\x08\x00"
  "\xf6\xff\xfd\xff\xe0\xff\x67\x00\x0e\x00\x0a\x00\x0b\xff\x10\x01\x8a\x00\x04\x00\x50\xff\x8b\xff\x19\xfe\x38\xff\x04\xff\x10\x09\xd5\xfe\xac\xff\x9f\xfe\xdd\x01"
  "\x2f\x02\x92\xff\xeb\xfe\xc5\x00\xd8\xff\xf0\x03\xab\xff\x44\x00\xb4\xff\xff\xff\x8d\xff\x6c\xff\x3c\xff\xf6\x00\x42\x00\x1b\xfc\x73\xfe\x87\xff\x87\x01\x0a\x02"
  "\xdf\x01\xfd\xfb\xf2\xff\x43\xfe\x95\x04\xaa\x02\xad\xf9\x6c\x02\x11\xfe\xb6\xfc\xf1\xfc\x79\xf9\x69\x01\xa6\xfc\xbe\xff\x15\x00\xb9\xff\x4d\xff\x6f\x00\x07\x00"
  "\x84\xfe\x7d\xff\xf8\xff\xd2\x01\xe5\x00\xdb\xff\xea\xff\x5c\xfd\x61\x00\x92\xff\xd2\x00\x66\xff\xb8\x00\x7c\x01\x1c\x00\xab\x00\xa3\xff\xe3\xff\x48\x00\x8b\xfe"
  "\x0a\x00\x25\x00\x94\x01\x0f\xfe\x87\x00\x5b\xfe\xbb\x0c\xc7\x01\x35\x03\x79\x0f\xfa\xfe\x07\xfe\x54\x06\x6e\xfe\x2b\xfa\xd2\xff\x92\xfb\x8f\x07\x38\xed\x92\xff"
  "\x01\xf1\xf8\xfd\x28\x00\x73\x00\x79\x00\xb3\xff\x38\x01\x3e\x00\xc5\x00\x40\x01\xfe\x00\x66\x01\x70\x02\x94\x00\x02\x01\x3d\x01\x6c\x00\x81\x00\x32\x02\xde\x00"
  "\x7e\xef\xb7\x04\x4e\xff\x9d\x01\x45\xfe\xd7\x00\xca\x00\x23\x00\x1a\x00\x5b\x01\x04\x01\x9f\x01\x2c\x03\x90\xff\x51\x00\xd3\xff\x72\x00\xd1\xff\x30\x00\x6f\xff"
  "\xcc\xff\x77\xff\x09\x00\x58\x00\x1e\x00\x29\x00\x06\x00\x68\x00\x4b\x00\xb7\x00\x7c\xf3\xc2\xff\xf5\xf7\x97\xfe\x3b\x00\x61\x02\x06\xff\xf2\xff\x9d\x02\xe0\xff"
  "\xb6\xff\x12\x01\xa4\xfb\x79\xff\xfd\xff\x04\x01\x4c\x00\xf3\xfd\x0c\xff\xff\xfe\x68\xfe\x80\x00\x49\xff\x33\x01\x80\x00\x3c\x07\xc8\x0d\x1c\xfe\xcb\xff\x25\x00"
  "\x8f\x00\xb4\x01\x0d\x00\x33\x00\xed\xff\xf0\xff\x3d\x00\xb7\xff\xf5\xff\xbe\xff\xdd\xff\xfc\xff\xf7\xff\xd8\xff\xf5\xff\xfe\xff\xf8\xff\x42\x00\x53\xff\x24\x00"
  "\xc3\xfa\xb4\xfd\x7f\xf1\xe2\x08\xe9\x01\x96\xff\xd3\xff\x84\xfe\xcd\xfe\xec\x00\x10\x07\xc1\xfe\x04\x02\xc1\xfb\x6b\xf7\xa4\x01\xd1\xff\x58\x00\xee\x01\xff\x01"
  "\xc2\xff\x69\x09\x61\x01\x94\xf0\x48\x06\xb0\x05\x84\x06\xc8\xff\x64\x00\xac\xff\xbd\xff\x7f\xff\xce\xff\xec\x00\x28\x00\x03\x00\x7a\x00\x71\x02\x7b\xfe\x14\x00"
  "\x8b\x01\x7e\xfd\x95\xff\x3a\x02\xd9\xff\x23\x00\xcc\xff\x25\xfa\x62\x01\xa6\xfc\xc7\xff\xef\xfd\x90\xf7\x91\xfb\x04\x03\x3b\xf4\x3c\x01\xbf\x00\xb0\x00\xb6\x02"
  "\x78\x03\x66\xfe\x55\x01\xca\xfe\xf3\xfd\x37\x08\xed\xff\x0f\x01\xbb\xfd\xff\xfe\x7a\xff\xc6\xfc\x1e\xff\x48\x02\x89\x01\x46\xef\xef\xfd\xe4\xf9\x16\xff\x9d\x00"
  "\x0b\xfe\x79\x01\xdd\xfa\x67\x07\x32\xff\x29\x00\x3e\x00\x06\xfa\x0e\x00\x53\xfe\xd1\x00\x71\xff\x49\xff\x50\x00\x8b\x00\xfb\xff\xb3\x01\x2b\x00\xed\x08\x44\xff"
  "\x82\xff\xcd\xfd\x76\xfd\x3f\xff\xa8\x00\xad\xfe\x52\x00\x3c\x00\xaa\x00\x8e\xf8\x57\x00\x65\xff\xf2\xfe\x7b\xfd\xc2\xff\x2c\xf1\xb5\xff\x61\xfc\x46\xfa\xe3\x09"
  "\xfc\xfd\xcd\xfa\x64\x12\x9d\xff\x68\x01\x68\xff\x35\x00\x49\x00\x34\x00\xac\xff\xe0\xff\x0a\x00\xb0\xff\xa1\xff\x90\x00\xfd\xff\x5f\xff\x66\x00\x23\x00\x9d\xff"
  "\xf4\xff\x19\x00\x52\xff\x93\x00\x8b\x01\x91\x01\x9a\xf2\x9c\x01\xb2\xff\x26\xfc\x4c\x00\xf9\xff\x67\xfd\x1f\xff\x4f\xff\x63\x00\x47\x04\xd7\x03\xe6\xfb\x42\xee"
  "\x8c\x00\xf4\x00\xb6\xff\xe1\x04\x0a\x01\x7e\x02\xbf\x01\xf6\xfa\xe2\x00\xb9\x05\xfb\x03\x5e\xff\xee\xff\x2f\xfd\xd3\xff\x41\xff\x09\x00\x35\x00\xa3\xff\x3d\x00"
  "\xcc\xff\xa0\xff\x9b\xff\x2c\x00\x55\x00\x89\xff\x05\x00\xc3\x00\x32\x00\x51\x00\x03\x03\x13\xff\x25\xfa\x98\x02\x8e\xff\xb1\xff\xe8\x00\x96\xf8\x64\xff\xa2\x00"
  "\x44\xfe\x94\x02\xe1\x00\xdf\xff\xc4\x04\x3f\xff\x2d\xff\xb0\xfe\x65\xff\x20\xfe\x58\x02\x68\xff\x2c\xfe\x3c\xff\x53\xff\xb9\xfe\xd0\xff\xe5\xfe\x7b\xfd\x96\xff"
  "\xa2\x00\x18\x04\x4b\xff\x6b\x01\xac\xfe\x13\x00\xc1\x05\x88\xfa\x2d\x01\x3f\x02\xa4\xff\x75\xff\xf1\xff\x75\x00\xfc\xff\x6d\xfd\x58\xff\xc8\x00\xd1\x00\x07\x00"
  "\xeb\x01\x8c\xff\xb0\xff\x89\x00\x50\x05\xc3\x00\x1c\x01\x6f\xff\x16\x00\x6a\x01\x6c\xfe\x7b\x01\x19\x04\xbf\xfe\x83\x00\x13\x02\xaa\xff\x39\xfc\x77\xff\xc2\x0c"
  "\x1d\x02\xda\x02\x54\xf1\x70\x02\xea\xff\xf9\x00\xf0\xfe\x06\x01\x2f\xff\x40\xff\x5f\xff\x6a\xff\x19\xff\x1c\x00\x84\xff\xa7\x00\x7f\xff\x23\xff\x4c\x00\x22\xff"
  "\x08\x00\x33\x00\x74\x00\xf7\xff\xc9\xff\x60\xff\x5b\xff\x38\x00\x58\x09\x90\xf9\x75\x0b\x9e\x0c\x54\xfc\xb9\xfd\x42\x00\x69\xff\xd5\x00\xc6\xfd\xce\x01\x14\x00"
  "\x63\xfe\x49\xf7\x73\x01\x1f\xfa\x39\x00\x67\xfe\xf0\x01\xf7\xf9\x0e\xff\x8d\x0b\xe3\xff\xdf\x05\x79\xf8\x0b\xfb\x69\xfd\xc7\xff\xdd\x00\x78\x00\x4d\x00\x52\x01"
  "\x1e\x00\xd2\xff\x06\x00\xfb\xff\x9c\xff\x9e\x00\x17\x00\x31\x00\xe4\xff\xd7\xff\x22\x00\xe9\xff\xcf\xff\xfc\xff\xa3\x00\x50\xff\x5f\xfe\x6c\x00\x07\x09\x58\xfe"
  "\xd4\x03\x4e\x00\x96\xff\x41\x01\xba\xff\x45\xfe\xd4\x00\x16\x00\x87\x01\xcf\x00\x4d\xf3\x2f\xff\x8f\x00\x23\xfe\x61\xff\xfe\x07\x4e\x01\x3b\xff\x3b\x03\xe7\xfe"
  "\x7b\x02\x11\xff\xb7\xfa\x18\x01\x27\xfe\x78\xff\xbb\xff\x5d\x00\x8d\xff\x89\xff\x19\xff\x1f\x01\x56\x00\x6a\x00\x2a\xff\x5b\xff\xc5\xff\x60\xff\xe3\xff\x47\xff"
  "\xa2\xff\xf4\xfe\x03\x00\x6e\x00\x02\x00\x0a\x01\x87\xff\x33\x00\xd5\xff\xbf\xff\xfb\xff\xcd\xff\x40\x00\x49\x00\x2d\x00\x46\x00\xe8\x01\x31\x00\x4e\xff\x40\x00"
  "\xda\xff\xcd\xff\x94\xff\x7c\xff\xdc\xff\x22\x00\xa8\xff\x6c\x00\x1a\x00\x1d\x00\x4b\xff\x06\x00\x86\x00\x8b\xff\x38\x02\xe0\xfe\x4f\x02\x74\x00\xee\x08\x38\xf7"
  "\x9c\xfe\xac\xff\xe3\xff\xda\xfa\xd1\xff\x1c\xff\x48\x00\x10\x00\x88\x01\x02\xfe\xe2\xff\x64\xff\x29\x00\x7a\x00\x4e\xfe\x25\x00\xde\xff\x91\x00\xac\xff\x43\xf8"
  "\xd2\xff\x75\x00\xd6\x00\xc0\xf6\xca\x00\x47\x00\x72\x00\xd6\x00\x26\xff\x27\x00\x2b\x00\x30\xfd\xdf\xff\xbf\x00\x87\x02\xd6\x00\x38\x00\xd2\xfe\xad\x00\xb6\x02"
  "\x47\x01\xb1\xfe\x26\x05\x92\xf3\xfd\x01\x09\xfc\xc4\xff\xb2\xff\xf1\x00\xba\x05\xec\x04\x41\x00\xa7\xfa\x33\xf0\x6e\x04\x20\x0d\xc9\xf3\x6d\xff\x00\x00\x00\x00"
  "\x00\x00\x00\x00\x00\x00\x00\x00\x00\x00\x00\x00\x00\x00\x00\x00\x00\x00\x00\x00\x00\x00\x00\x00\x00\x00\x00\x00\x00\x00\x00\x00\x00\x00\x00\x00\x00\x00\x00\x00"
  "\x00\x00\x00\x00\x00\x00\x00\x00\x00\x00\x00\x00\x00\x00\x00\x00\x00\x00\x00\x00\x00\x00\x00\x00\x00\x00\x00\x00\x00\x00\x00\x00\x00\x00\x00\x00\x00\x00\x00\x00"
  "\x00\x00\x00\x00\x00\x00\x00\x00\x00\x00\x00\x00\xaa\x02\x3c\xff\x55\xff\x8d\x01\xff\xfd\x98\x00\x06\x05\xca\x00\xd1\xff\x69\xf7\x40\xff\x35\x02\x20\xff\x78\x09"
  "\x21\xfe\x4d\x01\xca\xfd\x3b\x02\xda\xfe\x14\xfe\x55\xff\xe9\xfd\x01\x01\xae\x00\xc5\xff\x77\x05\xc4\xfe\x12\xff\x20\xfb\x9e\x06\xb8\xff\x34\x02\x2a\x00\xca\x03"
  "\xfa\xff\x08\x02\x56\x00\x40\x01\xb0\xff\xd6\xfc\x07\x01\xfa\xfe\xd5\xfe\xd9\xfe\x1d\x02\xc7\xfd\xa6\xfe\x21\x02\xef\xfd\x3f\xff\x47\x01\x36\x00\x5e\xfe\x55\xfe"
  "\x39\xff\x06\x00\x8f\x00\x77\xfd\x7d\x00\x78\xfe\x67\xf3\x52\xff\x1b\x02\x62\xfa\xf6\xfe\x00\x00\x24\xfe\x99\xfc\x8a\x04\xa0\xfd\x42\xfc\xd9\xfc\xfc\xfe\x86\xf8"
  "\x53\x00\x1b\xfd\xe9\xfd\x9c\xff\x58\x00\x8b\xff\x4a\xff\x08\x00\x83\xff\xf6\xff\x23\x00\x74\x00\xdb\x01\x38\x00\xdc\xff\x5b\x05\xcf\xff\xf9\xff\xb2\xff\x22\x00"
  "\x35\xff\xb5\x07\xdf\xfe\xf9\xff\xeb\xff\x46\x00\x46\x00\xa1\xff\xcf\xfe\xec\xff\x3a\x00\xc6\x00\xda\xff\x14\xff\x4c\x00\x48\xfe\xff\xff\x80\xff\x3e\x00\x4f\xff"
  "\x6c\xff\xff\xff\x36\x00\x12\x00\x51\xff\xa1\xff\xc8\xff\xcf\xfe\x9a\x00\x5b\x00\x95\x00\x1a\xfe\x67\xff\xab\x00\x6c\xf1\xd0\x00\xfd\x0d\xe5\xff\xa6\xff\x42\x03"
  "\x7e\x03\x2c\x00\x31\x00\xa0\x03\x85\x00\x89\xff\xca\xff\x85\xfe\x15\xf8\xeb\xfe\x96\xfd\xc5\xfe\xe6\xff\x39\xfe\x3e\x02\xad\xfe\xbe\x00\xa3\x02\xcb\x00\xf4\xfd"
  "\xc0\xfc\x22\xfe\x1f\x01\x5f\xfc\x46\xef\x97\xfd\x1c\x02\x6d\xfe\x84\xff\xc7\xfd\x4f\x01\xc6\xff\xd9\xfc\x2c\xfe\xa7\xff\x6a\xfd\x39\x00\xee\xfe\xae\xff\xe5\xfd"
  "\xe9\xfc\x79\x0a\xde\xff\x1d\x00\x9e\xff\xcc\xff\xa3\x01\x93\xfe\xcb\x00\x18\x00\x4d\xff\x67\xff\xd3\xff\xf3\xff\xf2\xff\xdc\xfe\xde\xff\xd8\xfe\xa5\x00\x80\x02"
  "\xeb\xfd\xa6\xfe\x9f\xff\xde\xff\xd6\xff\x14\x00\x27\xfe\xff\x0c\x61\x01\xb7\x00\xd7\xfd\xab\x00\x87\xff\x1a\xfe\x5b\xff\xb0\xff\x3e\x08\x8b\x05\xe5\xff\xb4\xff"
  "\xcd\x04\x1b\x00\xb9\xfe\xa8\xff\x83\xff\x84\x01\xfa\xfe\xe8\xfd\xb2\x01\xf6\xff\x32\x03\x69\x03\x7b\x04\x01\xff\x20\x03\x76\xfb\x80\x04\x81\xff\x9e\xfe\x47\x04"
  "\x5a\x00\x2d\xff\x5b\xfe\xa5\xfd\x8f\x02\xf1\x02\x09\x07\xbb\xff\x67\x07\x94\x00\x50\xff\x1c\xfe\xb1\x02\xb5\x00\x73\xff\x14\x00\xea\x00\x2e\xfe\x68\x03\x1c\xff"
  "\x1f\xfe\x84\xfe\xc4\xff\x6c\x01\x04\x00\x36\x00\x0a\x01\x40\x00\x71\xfe\x3b\xff\x7b\x00\x78\xf8\xc7\xf1\xf0\x02\xe0\x02\x75\xff\xd3\xff\x86\x00\xcc\xff\x69\xff"
  "\xa6\xff\x00\x00\xb1\xff\x52\x00\xb3\xff\xae\xfe\xcc\xff\x9b\xff\xd4\xff\x94\xff\xf4\xff\xfb\xff\xc6\xff\x7e\x00\xca\xfa\xdf\xff\xaa\x08\x94\xfc\xaa\x01\x15\x00"
  "\xe9\x05\x62\xff\x2e\xfc\xce\xff\x86\x00\xf3\x02\xe6\x01\x9d\x02\xd5\xfe\x78\xff\x64\x02\xe3\xfe\x9b\x01\x79\x03\x06\x01\x74\x02\xcb\x02\xa6\xff\xb8\x00\x6c\xff"
  "\x35\x03\xf7\x02\xb2\xff\x0b\x00\x42\x04\xfc\xf8\xb4\xff\x6b\xff\xc0\xff\x66\x00\x5e\xff\x96\x00\xfb\xfe\x0f\xff\x65\x00\xa5\xff\x00\x00\xe0\xff\x4e\x00\x6a\x00"
  "\xd3\xff\x22\x01\x4a\x00\x52\x01\xa4\x02\x77\xfd\x88\x05\x07\x04\xfd\x02\xa8\x01\xe9\x01\x85\x01\xaa\x00\xf3\x00\xd6\xf9\xc7\x03\xc7\x02\x86\x04\x0c\xff\x49\x01"
  "\x3d\xfe\x7d\xff\xe2\xfe\xf9\xfd\x65\x02\x42\x03\xfd\x02\xc9\x01\xeb\xfe\x3e\xff\x0a\x05\xe2\x03\xe1\xff\x59\xfe\x83\xfe\x5e\x00\x3b\xfe\x08\x00\xab\xff\x73\x01"
  "\x34\x00\x53\x02\xb3\x00\x65\x01\x60\x00\x1c\x02\x4f\x00\x08\xfe\xe8\xfe\x65\x01\x83\x00\x1b\x15\x5e\x00\xf4\xfe\x66\x01\xcd\x00\xba\x03\x35\x00\x4d\x00\x8b\x01"
  "\x5e\xfe\xc5\x00\x7d\xff\xc5\xff\x27\xff\xcd\xff\x82\x01\xfa\xff\xed\x02\x45\x00\xb8\xff\x12\x00\x07\xff\xc8\xff\x43\x00\xee\x00\x65\x01\xee\xff\x9f\x00\xd7\x00"
  "\x5d\xff\xb8\x00\x99\x00\xe0\x00\xa6\x00\x56\xff\x92\x02\x92\xfb\x6a\x01\x3f\x00\xc1\xff\x79\x03\x35\x00\x64\x01\x94\xff\x4a\x00\xef\x00\x36\xff\x48\xf6\x10\xff"
  "\x18\xff\xd8\xfc\x99\xff\xbe\xff\xbb\x03\x62\xfb\x06\x07\xeb\xfe\xcb\xf8\x57\x04\xe2\xfe\xa9\xfd\x48\xf7\xf3\xfe\x50\x00\x12\xff\x68\x01\x28\x03\x3e\x00\xf0\x00"
  "\x2c\x00\xd7\xfe\x86\x00\x9f\x00\x47\xf8\xa6\x01\xae\x01\x20\xff\x4e\x02\xb6\xfe\x84\xff\x40\xff\x4e\xff\xf6\xff\x37\xff\xcd\x00\xde\xff\x9d\xfe\xa7\xff\xde\xfe"
  "\xdf\xff\x2c\xff\xe8\xff\x61\xff\x89\xff\x6d\xff\xb2\xfd\xc9\xf9\x30\x03\x02\xff\xd6\xff\xfa\xfe\x0e\xff\xae\xfd\x22\x01\x7e\xfe\x46\xfa\xe5\xfd\x47\x01\xcb\x01"
  "\xcc\x05\x42\xff\x9c\x00\xb6\xff\x17\xfb\x7f\x07\x15\x01\xa6\x01\x6d\xf6\x29\xff\xc6\xff\x7f\xfd\x5b\x01\xa1\xff\xe8\x01\x01\xff\x96\xf8\xc5\xfc\xe4\xfe\x5f\x00"
  "\x9d\xfe\xa6\x00\x6f\xfc\x87\x03\x52\x00\xec\x00\x92\x00\x87\xfd\x55\x00\xd1\x01\xb3\xff\x2a\xfd\xe3\xff\x3e\xfd\x24\x01\xbd\xf2\xfb\xfd\xd8\xfe\x31\x00\xaf\xff"
  "\x31\x00\x66\x00\xdb\xfe\x43\x01\x56\x03\x30\xff\x2c\xff\x03\x00\xba\xfd\x77\xff\x4b\x00\x5f\xff\xac\xfe\x82\x02\xcb\xff\x9c\x00\x6c\xfd\x91\x00\x05\x00\x37\xff"
  "\x96\xfe\x91\xff\x0a\x00\xee\x01\xb7\x03\x05\x00\x38\xff\x16\x00\x1f\xff\x29\x00\x91\xfc\xed\x04\x14\x00\xb0\xff\x08\x00\x2b\xfd\xed\xff\xc1\xff\x40\x00\xc2\xff"
  "\x00\xff\x3f\xff\x37\x00\xc8\xff\xf1\x00\xf4\x00\x66\x01\x9b\xff\xfb\x00\xb5\xff\x87\x01\x6b\x00\x05\x00\xa3\xff\x34\x01\x4c\x0d\xf9\xfe\x24\x00\xc6\x00\x29\xff"
  "\x02\xfd\x33\xfb\x03\x00\x0f\x00\xd6\xfb\x86\xff\x1a\x01\x9f\xff\x57\x00\xb3\xff\x16\x00\x9d\x01\xfa\xff\xb2\x00\x2b\xff\xa1\x01\x1e\xff\xe0\x03\x6c\xff\x08\x02"
  "\x63\xfb\xbe\xfd\xcf\x05\x9e\xfd\x3e\x02\x26\x02\x6d\x04\x1c\x08\x3a\xff\x5b\x02\x86\xfe\x8d\x01\xe4\x06\x77\x02\xc9\xfd\x67\x01\x40\x01\x3c\x07\x51\xf9\xb3\x01"
  "\xe8\xf3\xc8\xf5\x60\xff\x7d\xfe\x56\x08\x92\x01\x1b\xfe\x1a\x03\x25\x00\x0b\xff\xcf\xff\xfb\xfe\x9d\xff\xb7\x00\x57\xff\xa3\x00\xfa\x05\x06\xff\x2b\x00\xfb\xfe"
  "\xab\x0c\x1a\xf9\x94\xff\xcb\xfe\x4b\xff\xe7\xff\x08\xfe\x19\x02\xd0\xff\x06\xff\x2f\x00\xe5\xff\x06\x00\x3b\x00\xe2\xff\xc1\xff\xb6\xff\x5e\xff\x73\x00\x9b\xff"
  "\xa3\x00\x88\x01\xb4\x00\x56\x00\x8d\xfe\xf0\xfe\xd8\xff\x00\x03\x46\xfc\xc4\x00\xa5\xfd\x47\xfb\x40\xfd\x5b\x01\x18\xfd\x2b\x01\x33\xff\xde\x00\xd2\x03\x5a\xf8"
  "\x35\xfe\x44\x00\x8e\xf9\x9d\xff\x22\xff\xc9\x02\xd7\xfe\x97\x00\x6d\xfc\x20\x00\x98\xff\x8e\x01\x7d\xff\x53\xff\x86\xff\x7a\x00\x1d\x02\x82\x00\xfd\xfe\x42\xff"
  "\xe1\xff\x17\x01\x98\xff\x41\xfd\xdb\xff\xfd\xfc\xfb\x01\x33\x04\x5d\x00\x1c\x03\x6e\xff\x7c\x00\xee\xff\xae\xfd\xf8\xff\xf0\x06\x0a\x02\x36\x02\x50\xfb\xfa\x03"
  "\x87\xfb\x73\x03\xa3\xf9\xa5\x01\x0f\xfe\xd8\xfe\xbb\xff\x67\xff\xf9\xf9\xd5\xff\x3b\xfd\xca\x08\x3e\xff\xfe\x04\x6c\xff\x93\xfb\x07\x00\x28\x00\x45\x01\xb4\x02"
  "\xc0\x00\x70\xfd\x25\xff\x08\x01\xf3\xfe\x01\xff\xad\x07\x94\xfe\xb6\xf4\xbc\x05\x08\x02\x24\xfe\xa8\xfe\xc7\xff\xb9\xf8\xa0\x00\x6c\x01\x65\xff\xb5\xff\xef\xff"
  "\x45\x02\x1a\x07\xda\xff\x42\x01\xc2\x08\x8e\xfd\x6f\x01\xcf\x02\x8a\x07\xd5\xff\xe3\x00\xa6\x04\x31\x00\x09\x02\x74\xff\x22\x01\x10\x01\x43\x00\xb3\x00\x62\x01"
  "\xd8\xf8\x0c\x06\x1d\x00\xd5\x00\x1c\xfc\xfd\xf6\x92\xff\x26\xff\x8b\xff\x1e\x00\xc5\xfc\x66\x03\x9d\xfe\x35\xfe\x8c\x00\xa3\xff\x2f\x00\x59\x01\x69\x00\x63\x00"
  "\xae\xff\x89\x00\x55\xfe\x24\x01\xa5\x02\xc7\x01\x19\x01\xa5\xff\x99\xfc\x3d\x02\x40\x02\xdf\x01\x2f\xff\xf0\x00\x8a\x02\x07\x00\x0a\x00\xa1\x01\xcf\x00\x66\x01"
  "\xc7\xf5\xa9\xff\x50\x00\x3b\x01\x31\x0f\x6c\x00\x92\x01\x23\xff\x8d\x00\xc2\xff\x0e\x02\x2c\x03\x36\xfe\x81\x00\xd8\x03\x4d\x05\x37\x05\xd2\xfd\x2c\x00\x83\xfc"
  "\x5b\x09\xf7\xfe\x25\xff\x1e\x03\xe6\x00\xc3\x02\x56\xfe\x94\x03\xdf\x02\x95\x01\x42\xff\xbf\xff\x33\xfe\x16\x07\x16\xff\x04\x02\xc0\xfc\xba\xfe\x26\xff\xb1\xfe"
  "\x80\xff\xf1\xfe\xae\x00\x78\xfb\x3e\xfb\x25\x01\x51\xfe\x3f\xfe\xbe\xff\x3c\xff\xc0\xf8\x64\xfe\xa2\xfd\x9f\xff\xde\xfd\xe6\xfa\x23\x00\xda\xf5\x3f\xff\x86\xfa"
  "\x1c\x00\xe9\xff\x36\x00\x05\xff\x57\x00\x1a\x00\x1c\x00\x07\xff\xe0\x00\x5b\xff\x93\xff\x51\x01\xc0\xff\xe8\xfe\xb8\xff\x9f\xff\x2f\x00\x7a\xff\x43\x01\x7f\xff"
  "\xac\x07\xbb\xff\xef\x01\x31\x01\x61\xfe\x42\xff\x8a\xfe\xad\x00\xae\xfe\xb1\xfb\x02\xfe\xa8\x01\x92\x00\xb3\x01\x3f\x03\xdb\xfb\x9a\xff\xbb\x00\xd9\x02\x58\x00"
  "\xcb\x00\x7f\x01\x60\xfe\x3c\x02\x3a\xf7\x2d\xfa\xf3\xf9\x43\x02\x5f\xff\x91\xfe\x54\x00\x21\x00\x6e\x00\x07\x00\x79\x00\x73\xff\x53\x00\x07\x01\x46\x00\x98\xff"
  "\x32\x00\x62\x00\xfe\xff\x59\x00\x4c\x00\xee\xff\x39\x03\x5a\x00\xe5\xfe\x20\xfd\x52\x02\xdd\xfe\x83\x03\x31\xfc\x83\x01\xfb\x02\xad\x01\xf2\x00\xed\x00\xbf\xfd"
  "\x67\xff\xfc\xff\x6f\x01\x49\xfe\x40\x00\xcb\xfc\x09\x00\xe3\x01\xdb\xfd\x93\x00\x28\x00\xe8\xfe\x9f\x01\xd8\xfd\xa9\x00\x24\xfa\x24\x02\x82\xfd\x07\xfe\xe8\x04"
  "\x33\xfd\x86\x00\x78\x01\xca\x00\xc2\xfe\xa7\x02\x76\x00\x9d\x01\x3f\x00\x97\xff\x98\x01\xaa\xff\x90\xfe\x4b\x00\x35\x03\x5a\xfd\x16\xfe\xfe\x00\x27\x00\xfb\x01"
  "\x89\x11\x14\x00\xe0\xff\x66\x07\x03\xfc\x12\x01\x1a\x01\xf5\xfc\xfb\xff\xb4\x00\x01\x01\xb3\x00\xab\xfc\x3a\xf8\xe6\xff\xeb\xff\x1d\xff\xc0\x00\x74\x00\x29\x04"
  "\x29\x02\x3d\xfb\x08\xfd\x58\x00\x0d\xfc\xb3\x04\x3a\xfe\x70\x04\x13\xfd\x19\xfe\x08\x02\xcf\xfe\x34\x02\x44\x04\x99\xff\x5a\x02\xbe\x00\x24\x04\x75\xff\xb2\xfb"
  "\x4a\xff\xa1\xfc\x1e\x00\xbc\xff\x6e\xfe\xf9\x00\xb2\x06\x4d\xff\x42\xfd\x98\x04\x1d\xff\xd6\xff\xfd\xfd\x54\x0b\x9d\x03\x36\x00\xbe\xfc\xea\xff\xc8\x03\x04\x07"
  "\x67\xfe\xcd\x00\xb1\xfb\x17\xfe\xb6\x00\x0d\x00\x2c\xfe\xd7\xff\x11\x00\x92\x00\x01\xfd\xee\xfe\x97\xff\x62\xfe\x30\x00\x1b\x00\x5a\x00\xe4\xff\x2e\x00\x81\xff"
  "\xda\xff\xba\xff\xee\xff\x41\x00\x09\x00\x33\x00\x3c\x00\x87\x00\x2c\x00\x21\x00\xb8\xfe\x65\xff\xc3\x00\x38\xff\x56\xfe\x40\x00\x4e\xfd\xa7\xff\xa1\xfd\xfb\x00"
  "\xcb\xfe\xc0\xff\x1e\xfc\x0c\x00\xa8\xfd\x55\xfe\x2b\x05\x76\x00\x8b\xfe\x69\x00\x9d\xff\xf1\x08\x7c\xfe\xff\xff\xcf\xeb\x43\xfe\x8d\xff\x9b\xfe\x99\x03\x8a\x00"
  "\x15\xfe\x41\x01\x2e\x00\x84\x00\x42\x00\xc3\xff\x2d\x00\xe6\xff\xa1\x00\x6d\x00\xd5\xff\x63\x00\xed\xff\x7e\x00\xbc\xff\x4e\xff\x06\x00\x1f\x00\xeb\x05\xb8\x00"
  "\x7a\xfc\xd6\xfe\x90\xff\x58\xff\x34\xfd\x1b\xfd\x6b\x02\x7b\xff\x24\xfc\x92\x00\xd1\xff\x16\xff\x56\xfe\xa2\xff\x00\x00\x53\x00\x7d\xfc\x19\xff\xd3\x03\xb5\xff"
  "\xa4\xfd\x85\xff\x72\xff\xa9\x01\x8e\xfe\xe1\x01\xd7\xff\x77\xfd\x1d\xfd\x5f\xf7\xc6\xff\x8c\xff\x89\xff\x17\x00\x35\xff\xe7\x00\x82\xff\xed\xff\x14\x00\x22\xff"
  "\xe9\xff\x5f\xff\x13\x00\xca\xff\xb3\xff\x74\x00\xdd\xff\x64\xff\x1b\x00\x7c\xff\x95\xfe\x43\xeb\xac\xff\x98\xff\xa7\x02\x03\xff\x7b\x00\xbd\xfe\x06\x02\x24\xfe"
  "\xc0\xfe\x65\xfc\x20\x01\x7f\xff\x20\x01\x29\xff\xa3\x00\x73\xfb\x2c\xfe\x65\x15\x4a\x01\x7f\xfd\x94\x01\xfb\xfe\x52\xfe\xbe\xfd\xaa\x00\x14\xff\x12\x00\xaa\xff"
  "\x3b\x00\xf4\xff\xe9\xff\xc5\xff\x43\x00\x4d\xff\xcd\xff\x6d\x00\xde\xff\x20\x00\xc0\xff\x71\xff\x4d\x00\x06\x00\x02\x00\x4c\x01\x23\x00\x72\x00\xec\x00\x4c\x00"
  "\x98\xfe\x28\x01\xbe\x00\xb4\x00\x17\x03\x47\x00\x0a\x01\xa4\x00\xbc\xff\x68\x00\xb6\x01\x8c\x00\x7d\xf0\xd0\x02\xb1\xff\x12\x01\x5c\xfe\xe1\x00\x7d\x00\x57\xff"
  "\x1f\x00\x74\x01\x5b\x01\x95\x01\x3e\x04\x03\x00\x99\x00\xf9\x00\xcf\x00\x91\xff\xa7\x00\x8f\xfe\x19\x01\x99\x00\xe1\xff\x22\x01\x1f\x00\x85\x00\xbe\xff\x6d\x00"
  "\x7f\x00\xf9\xff\xb7\x00\x19\x00\xf2\xfe\x30\x12\xad\x04\x62\x02\xc7\x01\x88\xff\xce\xfe\xb6\x01\x18\xfe\x50\x00\x10\xf4\xc6\xff\xe8\xfe\xb3\xf3\x4c\x05\x13\x01"
  "\x7f\xfe\x14\xff\xdf\xf3\x08\x06\x8c\xff\x31\xfe\x27\x05\x5c\x02\x45\xff\x45\x09\x5d\xfc\x18\x01\x73\xfe\x1b\x00\x00\x00\x55\xfe\x0b\x00\xe6\xff\xf1\xff\xfd\xff"
  "\xdd\xff\x98\xfd\x91\x00\x83\xff\x8c\xff\xcb\x00\x30\x00\xf3\xff\x2e\x00\xed\xff\x37\x03\x82\xfd\xd9\xfd\xb5\x00\xf0\x00\xec\x01\x8e\x0f\xb2\x00\x49\x00\x25\x07"
  "\xa2\xfe\x08\x01\x86\x01\x17\xfd\x5f\xff\xc0\x00\xd9\x01\x6c\x00\x6e\xf7\xc7\xf8\xef\xff\x5b\x00\x96\xfe\x13\x01\xc1\x00\x87\x03\xe1\x01\x7f\xfc\xbf\xfd\x04\x00"
  "\x46\xff\x6b\x04\x2b\xff\xbb\x04\x4d\xfe\xac\xfd\xe5\x02\x12\xfd\xeb\x02\xc9\x03\xbf\xff\xed\x03\xf7\x00\x8b\x04\x36\xff\x14\xfd\x10\x00\x59\xfd\x52\xfc\xd3\x01"
  "\x6e\x0b\x68\x01\xfa\x00\x1e\x01\x7d\x02\x99\x05\xde\x0f\x2f\x03\x2e\x06\xcc\x02\x6f\x02\xcf\x00\xb7\xff\x21\x01\x21\x01\xc0\x03\x97\x04\x87\x03\x89\xfb\x77\x00"
  "\xaa\x01\x9a\x00\x57\x01\xc5\x00\x2b\x03\x4c\x01\xc8\x01\xcf\x01\x07\x01\x9c\x03\xeb\xfe\x86\xff\xb8\xfe\xcd\xff\x1c\xf7\xe0\x08\xc6\xfd\x3d\xff\x5b\x00\x90\xff"
  "\x21\x00\xf9\xff\xe3\xff\x6a\x00\x41\xff\x73\xfb\x00\x00\x00\x00\x00\x00\x00\x00\x00\x00\x00\x00\x00\x00\x00\x00\x00\x00\x00\x00\x00\x00\x00\x00\x00\x00\x00\x00"
  "\x00\x00\x00\x00\x00\x00\x00\x00\x00\x00\x00\x00\x00\x00\x00\x00\x00\x00\x00\x00\x00\x00\x00\x00\x00\x00\x00\x00\x00\x00\x00\x00\x00\x00\x00\x00\x00\x00\x00\x00"
  "\x00\x00\x00\x00\x00\x00\x00\x00\x00\x00\x00\x00\x00\x00\x00\x00\x00\x00\x00\x00\x00\x00\x00\x00\x00\x00\x00\x00\x03\xfd\x6d\xfe\xbc\xff\xc7\x00\x0b\x00\x1c\xff"
  "\x5a\x01\x00\x04\x9f\xf7\x97\xff\xc4\xff\x1f\xf9\x5b\x02\xfe\xff\x84\x06\x1b\xff\xaf\xff\x9f\xfe\xa6\xff\x96\x00\x81\x01\x6c\xff\x7e\xfe\xbb\xfe\xca\xfe\xa5\xfe"
  "\xc0\x00\xfb\x01\xba\xfc\xad\xff\x40\xfe\x6b\xff\xba\x00\x25\xfd\xfe\x00\xc1\x00\x61\x04\xc2\xfa\x80\xff\x93\xfd\x36\x00\x77\xfe\xb4\xff\x41\xfe\x4e\x00\xd1\x00"
  "\x74\x00\x19\x03\x0f\xfe\x45\xfc\x40\x02\x80\xff\x6f\xfe\x8e\xff\xd6\xfe\x34\xff\x62\x00\x02\xff\x5e\xfb\x55\xff\xe1\xff\xa6\xfe\xf4\x02\xf9\xfe\x19\xff\x39\x01"
  "\x3a\xfe\x2e\x0b\x7d\x00\x34\x00\x75\xff\x9a\xff\x74\xfe\x9a\xff\xf1\xff\x24\xff\x4e\xff\x74\xfc\x8d\xfa\x21\xfd\x25\x01\x5c\x01\xb6\x01\x15\x00\x8c\xfd\x92\x02"
  "\xdc\x02\x2d\xff\x49\x00\xbd\xfd\x39\x00\xc1\xff\x4f\xff\xa2\x01\xd0\x00\x21\x00\xda\xfe\x07\xfe\x4c\xfe\x7b\xff\xfe\xfe\x7c\xfe\x0d\xfe\xab\xff\xc8\xfc\x31\xff"
  "\x4b\xfe\xe4\xfe\x35\xff\x59\xfe\x93\xfd\x44\xff\xc7\xff\x55\xff\x86\xfe\x9b\xfa\x9f\x05\x9d\xff\xca\xfd\x6e\xff\xab\xff\x2a\x01\xb9\xff\xdb\x02\x04\x00\xd8\xff"
  "\x8b\xfe\x69\x15\x39\x01\xa2\xfe\xa6\x01\x96\x00\x4d\x08\x3f\xf7\x65\x00\x42\xff\x5a\x00\xc9\xff\xfa\xff\x17\xff\x35\x00\x0d\x01\xf2\x00\x0b\x06\x2f\x00\x00\x00"
  "\x09\x00\x00\x00\x03\x00\x00\x00\x31\x33\x30\x02\x00\x00\x00\x2d\x00\x00\x00\x2e\x00\x00\x00\x04\x00\x00\x00\x01\x00\x00\x00\x01\x00\x00\x00\x01\x00\x00\x00\x01"
  "\x00\x00\x00\x04\x00\x00\x00\x00\x00\x00\x00\x00\x00\x00\x00\x00\x00\x00\x00\x00\x00\x00\x00\x01\x00\x00\x00\x00\x00\x00\x00\x30\x00\x00\x00\x01\x00\x00\x00\x08"
  "\x00\x00\x00\x34\x2e\x30\x2e\x62\x69\x61\x73\x00\x00\x00\x00\x01\x00\x00\x00\x30\x00\x00\x00\x00\x00\x02\x00\x00\x00\x0c\x00\x00\x00\xb3\x01\xa3\xfd\xc6\x01\xfe"
  "\x01\x6d\x02\x3c\x02\x81\x01\x38\x02\x9a\x02\x26\xfe\x46\x03\x19\x02\x92\x02\x86\xfd\x6e\xfe\x75\x02\xe1\x02\xe3\x01\xfb\xfe\xae\xfb\x97\x00\xf2\x01\x3d\xfe\x77"
  "\x02\xa9\x02\xe7\x01\xac\x01\x5e\x01\xe4\x01\x08\xfe\x06\x03\xbd\x01\x30\x02\x77\xfd\x7b\x02\x9c\x00\xfd\x00\xdf\xfc\xe4\xfe\xef\xfe\xca\xff\x95\x02\x6f\x05\x8a"
  "\xfe\xc5\xff\x11\xff\xb4\x01\x63\xff\x31\x00\x00\x00\x04\x00\x00\x00\x10\x00\x00\x00\x31\x33\x30\x5f\x4e\x4f\x54\x5f\x49\x4e\x5f\x47\x52\x41\x50\x48\x02\x00\x00"
  "\x00\x2f\x00\x00\x00\x30\x00\x00\x00\x32\x00\x00\x00\x01\x00\x00\x00\x03\x00\x00\x00\x32\x34\x30\x00\x00\x00\x00\x03\x00\x00\x00\x01\x00\x00\x00\x01\x00\x00\x00"
  "\x01\x00\x00\x00\x00\x00\x02\x00\x00\x00\x0c\x00\x00\x00\xff\x0a\x33\x00\x00\x00\x15\x00\x00\x00\x03\x00\x00\x00\x31\x33\x33\x02\x00\x00\x00\x31\x00\x00\x00\x32"
  "\x00\x00\x00\x34\x00\x00\x00\x14\x00\x00\x00\x03\x00\x00\x00\x31\x33\x38\x01\x00\x00\x00\x33\x00\x00\x00\x00\x00\x00\x00\xff\xff\xff\x7f\x00\x00\x00\x00\xff\xff"
  "\xff\x7f\x00\x00\x00\x00\x20\x00\x00\x00\x35\x00\x00\x00\x14\x00\x00\x00\x03\x00\x00\x00\x31\x34\x33\x01\x00\x00\x00\x33\x00\x00\x00\x00\x00\x00\x00\xff\xff\xff"
  "\x7f\x00\x00\x00\x00\xff\xff\xff\x7f\x20\x00\x00\x00\x30\x00\x00\x00\x36\x00\x00\x00\x01\x00\x00\x00\x19\x00\x00\x00\x35\x2e\x73\x70\x6c\x69\x74\x5f\x79\x5f\x70"
  "\x61\x74\x68\x2e\x30\x2e\x30\x2e\x77\x65\x69\x67\x68\x74\x00\x00\x00\x00\x04\x00\x00\x00\x01\x00\x00\x00\x01\x00\x00\x00\x20\x00\x00\x00\x70\x00\x00\x00\x00\x00"
  "\x02\x00\x00\x00\x0b\x00\x00\x00\xf5\x01\x45\x01\x98\xff\x1c\xff\x38\x01\x14\x00\xdd\xff\x90\x00\xe8\xff\x02\x00\xee\xff\xb4\xff\xa8\xfe\x08\x03\x26\x00\xcf\xff"
  "\xd1\xf5\xa5\xff\x22\x01\x29\x00\x7f\xff\x22\x00\x4c\xfe\xf9\xfe\xca\x00\x7f\x00\x5c\xff\xbb\x01\x14\x00\xaa\xff\xd1\xfe\x01\x00\x9f\xff\xff\xff\xda\xfd\x92\xff"
  "\xb3\x00\x46\xff\x36\x00\x76\xff\xb3\x02\xc4\xff\x43\xff\xe3\xfe\xa9\x00\x6c\xfc\x8d\x00\xf3\xff\xeb\xfe\xdf\xfb\xb4\xff\xb7\xff\xb2\xff\x0f\x00\x6a\x00\xb5\x01"
  "\x22\xff\x4e\xff\xea\x01\x89\x00\x40\x00\x90\xfe\x80\xff\x91\x02\x51\x00\x36\xff\x4e\xff\xbc\xff\x9f\xff\xc3\xff\xb3\xff\x22\x00\x36\x00\xc6\x00\xa8\x02\x00\xff"
  "\x35\xff\xa5\xfe\x17\xfe\xf2\xff\xae\x00\xa4\xfe\xf9\xff\x60\xff\x39\x00\x62\xff\x40\x00\x58\xff\x57\x00\xf0\x00\xbe\xff\x81\xfe\xc2\xfe\x0a\x00\x87\xfb\x6a\xff"
  "\xc8\xff\x84\x02\x6c\x00\xa0\xfe\x8b\xff\x8b\x00\x8a\x00\xd9\xff\xc9\xff\xf5\xfe\x85\xff\xae\xff\xd6\xff\xec\xff\x40\x00\x05\x00\x5c\x04\x49\x00\xbe\xff\x2b\x01"
  "\x36\x00\xe0\x00\x24\x00\x73\x00\xe0\x04\x22\x01\x3d\x00\xf0\xff\x85\x00\xe6\xff\xca\xff\xff\xff\xce\x00\xf7\xff\xd1\xff\xea\xff\xc9\x00\x2a\x00\xb9\xff\x61\x01"
  "\x03\x00\x67\x00\xc7\xff\x0f\x00\xcd\x00\x73\xff\x57\x00\x69\x05\xd4\x01\x0d\x00\x70\x00\x5c\x00\x3e\xfe\xd4\xfe\x4c\xff\xff\xff\xbc\xfe\x83\x00\xe5\xff\xf5\x00"
  "\xcd\x00\x93\x00\x33\x00\xcb\xff\xfb\xff\x2c\x00\x27\xff\xcf\xff\x00\x00\x86\xff\xc2\xff\x12\x00\xa0\x00\x42\xff\xea\x00\x64\xff\x45\x00\xd8\xff\x4b\xfd\x8f\xff"
  "\x9e\x00\x52\x00\x18\x00\xc7\x00\xdf\xff\x62\x01\x03\x01\x4a\xff\xe0\x01\x38\x00\xaa\x00\x1b\x00\x3b\x01\xaf\xff\x02\x00\xac\xfb\xc4\xff\xe3\x00\xa3\xff\x24\x00"
  "\xf4\x00\xd4\x00\xe4\x00\xb0\xff\x32\xf9\xe5\xfe\xf4\xfe\xe8\xff\xde\xff\x6f\x07\xe8\xff\x13\x00\x8b\xff\x48\x00\x54\xff\xe8\x01\xbe\x00\x9d\x00\xcd\x00\x0d\x02"
  "\x66\xff\xd2\x00\x4b\x00\xed\xff\xb0\x00\x39\xff\x5a\x00\xd8\xff\xaf\xff\x60\x00\x36\x01\x1c\xfa\x95\xfe\xda\x00\xf0\xfd\x10\xff\xf9\x00\x37\x00\xd3\xfe\x12\x00"
  "\x7c\xfd\xf6\xfd\x8d\x00\xbb\x00\x19\xfe\x4a\x00\xcc\xff\x42\x00\xdb\x01\xf7\x00\x34\x00\x99\xff\xaa\xfc\x17\x00\x92\x00\x1d\x00\xb2\x00\x34\x00\xcf\xff\x4b\x01"
  "\xd7\xff\xe0\xff\x18\x00\x36\x00\xd1\x00\x7b\x01\xcd\xff\xaf\x01\x9d\x00\x0b\x00\xec\x01\xcf\x00\xaa\x01\xe7\xfd\xc5\x00\x0c\x01\xea\x00\x23\x01\x0f\x02\x6b\x01"
  "\xf8\xff\xee\x01\xd0\xfe\x02\x00\x05\x00\x58\x02\xb2\xfd\x4d\x01\xf6\xff\xab\x00\x2c\x00\xe4\xf9\x93\xff\xec\xff\x0b\x02\x79\xff\xbc\x00\xe5\x01\x4b\x00\xad\x00"
  "\x0b\x01\x7c\xff\x5c\xfd\x4c\xfe\x75\x00\xbb\x01\xa9\x01\xce\x00\xb7\xff\x74\x00\x2e\x00\xad\xff\x38\xff\x3e\x00\x77\x00\x03\x01\x81\x00\xdb\x01\x5b\x01\x78\x00"
  "\x62\x02\xee\x00\x14\x02\x2a\x01\x48\x00\xbc\x04\x7c\xff\x8a\xff\xe0\x00\x5e\x00\x7e\xfe\x39\x00\x4f\x02\xb2\xfb\x60\x00\xf1\x00\xe3\xff\x96\x00\xf0\xff\x04\x01"
  "\xa6\xff\xd3\x01\xe0\xfb\x35\x00\xb0\xff\x5e\x00\xff\xff\x46\xfe\x49\xff\x40\xfe\x80\xff\x9c\x01\x66\xff\x03\xfe\x3b\xfd\x0e\x00\x2a\x01\x20\x01\x23\x00\xfc\xfe"
  "\xf8\xfa\x13\x00\x04\xff\xde\xff\xd9\xfe\x93\xff\x5b\xfc\xa4\xff\xb3\xff\x00\x00\xcb\x00\x2b\x00\x84\xff\xb2\xff\x4b\x02\x17\x00\xcf\xff\xe0\x00\xce\x00\x9f\x00"
  "\x1a\x00\xc3\xff\x92\xff\x73\x00\x88\x00\x32\xfd\xc6\xff\x4c\x01\x6c\xff\x9c\x00\xa0\xff\x7d\xfe\x0a\x01\x4a\xff\xe2\xff\x0a\xfd\x56\xff\x6f\x01\x63\xff\xd1\xfe"
  "\xa6\xf9\xef\xff\xb7\x00\x25\x00\xca\x02\xc0\xfe\xba\x00\xb8\xfe\x69\xff\x8f\xff\xaa\x02\xee\xff\x66\xff\xf5\xff\xc0\x03\x1e\x00\x79\x02\x63\xff\xca\x00\x22\xff"
  "\x10\x00\x67\x01\xa8\x00\x55\x00\xa0\xff\x01\x03\x7e\x00\x92\xff\x4b\x00\xed\xfe\x07\xff\x01\x01\xae\xfe\xdf\xff\x74\x00\x8b\x00\x69\xff\xb7\x00\xea\x00\x40\xfe"
  "\x5a\x01\x44\xfc\x91\xff\x5d\x02\x31\xff\xd0\xff\xf8\xff\xdb\xff\x80\xff\xe1\xff\x29\xff\xdb\xfd\xb3\xfe\x29\xfe\x1e\x00\x1a\xff\xe9\xff\x56\xfe\xeb\xff\x26\xff"
  "\xf5\x00\xf8\xfe\xd1\xff\x58\xff\x61\xff\x31\x03\x5e\xff\x1f\x01\x57\xff\x68\xff\x74\x00\xbd\x01\xce\xfe\x44\xff\xd9\x03\xf9\xff\x53\x00\x1c\xf9\xd2\xff\x10\x00"
  "\xdd\xff\xc6\x00\xcc\xfb\x15\xff\x6c\xfe\x44\x06\xd5\xfe\x58\xff\xc7\xff\x2a\x00\x18\x00\x71\xff\x48\x00\x87\x00\x1d\x00\x34\xff\x6e\x01\xa6\x00\xa8\xff\xfa\xfe"
  "\x04\xff\xbe\xff\xc1\x00\x46\x01\xe4\x00\x3e\x01\x35\x00\xf3\xff\xd3\xff\x40\xff\xb0\x00\x4e\xff\xac\xfd\x4c\x00\xa0\x00\x62\xff\xb9\xfe\x11\xfe\x44\xff\xd4\xf4"
  "\xf2\xfe\x1f\xfd\xc2\xff\xe4\xfe\xf7\x00\xe1\xfd\xae\xfe\xba\xff\x44\x00\xec\xff\xab\xff\xde\xfd\xd4\xff\x93\x01\xad\x01\x31\x00\xbb\x02\x26\xff\x81\xff\xc9\x00"
  "\x98\xff\x52\x00\x4a\x00\x84\x01\x17\x00\x28\x00\xd8\xff\x20\xff\xd3\xff\xd0\xff\xd6\xff\x2f\x00\x27\x00\x73\xfe\x2e\x00\xc0\xfd\xbf\x00\x40\x00\xdf\xff\xdd\xff"
  "\x43\x02\xcc\x00\xe8\xff\xff\xfe\x95\x00\xb9\xfb\x03\x07\x15\x00\xa4\xff\xe0\x00\x86\xff\x8b\xff\x5f\x00\x22\xff\xc4\xff\x8d\x00\x9c\x00\x4f\x01\x43\x00\x7b\xff"
  "\x71\x00\x10\xf9\x21\x00\x95\xff\x11\xff\x2c\x00\x96\xff\x1a\xff\xa6\xff\x4e\x00\x80\xfd\xd0\xff\x15\x00\xf7\xff\x4c\x00\xd2\xff\x9f\xff\x2c\x00\x56\x00\xf5\xff"
  "\xd3\x00\x2b\x00\x27\x00\x78\x00\xa7\x00\xc9\xff\xa9\xff\x65\xff\x1f\x00\xa3\x00\xde\xff\x15\x00\xb2\xff\x77\x00\x87\x00\x2a\xff\xad\xff\xa1\xff\x42\xff\x59\xff"
  "\x8c\xff\x6c\xff\x01\x00\xdb\x00\xf3\xfe\x49\xff\xdf\xff\xa8\xff\x75\x00\xf0\xff\xc7\xff\x44\x00\x19\x04\x2a\xff\xc6\xff\x5b\xff\xfa\xff\x4b\x01\x9c\xfe\x42\x00"
  "\x2f\xff\xbd\xff\x04\xff\x4b\xff\x5d\x00\xcf\xfe\xcd\x00\xdd\xff\xc9\x00\x97\x00\xd1\x00\x99\xff\x7b\x00\xdb\xff\xd6\xff\x81\x00\x8b\xff\xe3\xff\xf8\xfe\x56\x00"
  "\x35\x00\x1d\x00\x47\x00\xfc\xf5\x53\x00\x52\xff\xde\xff\xd7\xff\x2e\x00\x00\x00\x1d\x00\xcf\xff\x94\xff\x5b\xff\x7b\x00\x89\xff\xa3\x01\xef\x00\x57\xfd\xad\x00"
  "\xa7\xfd\x89\x00\x12\x01\x0e\xff\x07\x00\x7b\x01\xb9\xff\x20\xff\x90\xfd\x45\xfa\xfa\xff\x95\xfd\xb9\x00\xd4\xff\x01\x00\x28\xff\x69\x01\x33\x00\x27\xff\x7c\xff"
  "\x9c\xff\x8f\xfe\x6a\xfd\x28\xff\x88\x00\xf7\xff\xac\xff\xc7\x00\x12\xff\xaa\x00\x75\xfe\x18\x00\xcf\x00\xfd\xfd\xc6\x01\x09\xff\x9f\xff\x21\xfe\xe6\x00\x4a\xff"
  "\xf5\x00\x0b\x00\x9c\xff\x8e\xfe\x74\x01\xf7\x00\x07\x00\xec\x03\x4e\xff\x8c\x00\xc9\x01\x48\x00\xfd\x00\x70\x01\xad\xff\x04\x06\x5c\xff\x06\xfb\x09\xff\x1e\x00"
  "\xe9\xff\x59\xfe\xba\xfd\x5d\x01\xac\xfe\xed\xfd\x63\x00\x9f\xff\xb5\xff\xe7\x00\x7f\xfe\xc3\x00\x46\xff\xfb\x03\x7d\x00\x32\x00\x64\x00\x82\xfe\x4d\x00\x82\xff"
  "\x90\x00\x3b\x00\xcb\xff\x15\x03\xdf\xfe\x28\x00\x4d\x00\x4e\xfd\x08\xff\x06\x01\xd1\x00\x85\xff\x7a\x01\x36\x00\x39\x03\xc3\xfe\x79\x01\x38\x00\xba\xff\xda\xfe"
  "\x3f\xff\x83\xfe\x16\xff\x1b\x00\x3b\x00\x26\x00\xcd\xfd\x84\x00\xd4\x00\x16\x00\x83\x00\xdd\x02\x95\x00\xcf\xff\x61\x04\x0e\x00\xc6\xff\x54\x01\x77\x00\x29\x00"
  "\x4e\xff\xae\x01\xd6\x00\xdf\xff\x71\x01\x11\x00\xee\xff\xb3\x01\xb6\x01\xec\x00\xeb\xfe\x18\xff\x75\xff\xe5\xff\x24\x02\x3b\x00\x92\x00\xe3\xff\x96\xfc\x83\x00"
  "\xb0\xff\xd2\xff\x75\xff\xe5\xff\x0d\x00\xa6\xff\x3f\x00\xf6\xff\x5f\xff\x7b\xff\xbe\xf8\xb8\x01\xe6\x00\x24\x00\x1c\x00\xa4\x00\x68\x00\x18\xfb\x4c\xff\xb0\x00"
  "\x9a\x00\xb4\xff\xa3\x00\xba\xfd\xaf\xff\xb5\x03\x6b\xfe\x54\x00\x81\xff\xc4\xff\xb0\x00\x1b\xff\xb3\xff\xc3\xfe\xb1\x05\xb2\xff\xca\xff\xb7\x01\x3b\x00\xeb\xff"
  "\xcf\xff\x08\x00\x43\xfe\x65\xff\x08\x00\xf6\xff\xb0\x01\xae\x01\xd7\xff\xb5\xff\xa4\xff\x13\x00\x24\xfd\x1e\x00\x64\x00\x1f\xfa\x5b\x00\x87\xff\x04\x00\x83\x00"
  "\x5c\x01\xc0\xff\xe7\xfe\x68\xff\x87\x00\xe0\x00\xdc\x00\x3d\x00\x52\x00\x7c\x00\x53\x00\x61\x01\xd3\xff\x3f\xff\x60\xff\xb9\xfe\x0c\xff\xd1\x00\xc7\xff\x48\x01"
  "\x98\x00\x96\xff\xef\xff\x1a\x01\x89\xff\xe3\xff\x2f\x02\x25\xff\x56\x00\x28\x01\xf1\xfb\x65\x00\xf8\xfd\x33\x03\x06\x00\xde\xfe\xd0\xff\x0c\x01\xb3\x01\xb8\xff"
  "\x38\x02\x17\xff\x89\xff\x18\x00\xd2\xfd\x65\x01\x5a\xfd\xaa\x01\xce\x00\x28\xff\xce\x02\x00\x01\x23\x00\x20\x00\x3e\xfd\x13\x01\xbe\xff\x10\xff\xc2\xff\xf3\xff"
  "\x06\x02\xa6\xfe\xe4\xfc\xc2\x00\x4d\xff\x8d\xff\xc4\x00\x92\x01\xce\xfd\xc6\x00\x88\x01\xb6\x00\xf9\xff\xd4\x01\xfa\x00\xd8\x01\x7a\x01\x0e\xfe\x4b\xff\x38\x01"
  "\x74\xff\x29\x00\xb4\xff\x7b\x05\x28\xff\x60\xfe\x47\x00\xf2\xff\x59\x00\x5b\xfd\x46\x00\x49\x00\x60\x00\xf8\x00\x55\x01\xc5\xfc\xa0\xff\xc3\xfd\x08\x01\x33\x01"
  "\xb2\xff\xc9\xff\xf3\xff\xc5\xfe\x7f\x01\xc1\x00\xdf\x00\xfe\x00\x5b\x00\x22\x01\xd5\x00\x77\x00\x4d\xff\x84\x00\x5c\xfc\x7f\xff\x89\x00\x8c\xfc\xdc\x00\xa0\xff"
  "\xff\xff\xd3\xff\xea\xfd\xe0\xff\xbb\x00\x84\xf7\xba\xff\xf0\xfe\xe7\xff\xa0\x00\x55\x01\x70\x01\xa1\x01\xe9\xff\xb6\x00\xa0\xff\x36\xff\xb2\x01\xe5\xff\xe0\xff"
  "\x3a\xfe\x2e\x00\x1a\x00\xfc\x00\x9a\xff\x46\x00\xaf\xff\x4a\xff\x7f\xff\x00\x00\x4e\xff\x21\x00\xda\x00\x54\x00\x84\x00\x7f\xff\x52\x02\xbb\xff\x56\xff\x9f\x00"
  "\x81\xff\x03\xff\x91\xff\xbd\x00\xb5\x02\xda\xff\xf5\xff\x43\x01\x43\xff\x0d\xff\xab\xfc\x06\x00\x68\x00\x12\xfe\x40\xff\x81\xff\x60\xff\x9d\x01\x84\x02\xaf\xfb"
  "\x92\xff\xe5\xff\xe2\x02\xfe\xfe\xba\xfd\x03\xfe\x13\x02\xc6\xff\x6a\xff\x4f\x00\xa6\xfe\x00\x03\x40\x00\xeb\x04\xfa\xff\x99\xff\xed\x00\xf5\x03\x18\xff\x60\x00"
  "\xc5\x00\x20\xfe\x91\x00\xf1\x00\x08\x00\xd9\xff\x88\x00\x78\xff\xe9\xff\x8e\x00\xb8\xff\x0a\x01\x56\xfd\x64\xff\xeb\x00\xf1\xff\xc9\xfe\xea\xfd\xb8\xff\x61\x00"
  "\x04\x01\x7f\x00\x0b\xff\x97\xfe\x81\xf9\xf0\xfe\x9a\xff\x4a\x01\x37\x02\xdb\xff\x7e\x03\xf5\xff\x92\xff\x63\x00\xff\x00\x89\x01\xf3\xfc\x05\xff\xf9\xfe\x26\xff"
  "\xb3\xfd\xe9\xff\x77\x01\x35\x01\x92\x01\x34\x00\x45\x00\xed\x01\xcc\xfe\x99\x00\xec\xf6\x36\x00\x5a\xff\x5b\x01\x3d\xff\x86\xff\x14\xff\x17\x01\x86\xff\x2d\xff"
  "\xd6\x01\x82\x00\xa2\xff\x17\x00\xd8\x00\x4a\xff\x84\xfe\x83\xff\x6e\x00\x84\xfe\x3f\xfe\x9a\x00\x79\x00\xe5\xff\x48\x01\x04\x00\x4f\xff\x6b\x00\xc6\xff\x2a\x00"
  "\xd4\xfe\xb5\xfe\x10\xff\x77\xfe\xa3\x00\xdd\x02\x63\x02\x56\x00\x21\x00\x36\x00\x23\x00\x83\x00\xd1\x00\xa2\xfd\x13\xff\x2c\xff\xc7\xff\x48\x00\x7c\x01\x71\xff"
  "\xf3\xff\xb5\x00\x13\xff\x21\x00\x41\xff\xc4\xff\x5c\x00\xc1\xfe\xe5\xff\xeb\xff\x7c\xfe\xe2\x00\x4d\x00\x45\x02\xd9\xff\xbc\x00\x60\x00\x61\xff\x49\xfd\x3f\xff"
  "\x40\xff\x9d\xff\xb5\xff\x64\x01\x68\xff\xc6\x01\x2f\x00\xb8\xff\xce\xfd\xf8\xff\xc0\x00\x9e\x00\x20\x00\x26\x00\x11\x00\x97\x01\xb4\xfe\xc5\xff\xc6\xfb\x9e\xfa"
  "\xa0\xff\x2c\x01\x74\x01\x5d\x00\x03\xff\x32\x00\xa0\xff\x37\x01\x54\xff\x5e\xfc\x3a\xfc\x83\x03\xd7\xff\x90\x00\xce\xff\xef\x00\x4a\x00\xd7\xff\x99\x00\x91\xff"
  "\xa8\xff\x07\xff\x98\xfe\x88\xff\x1f\x00\xcd\x00\x19\xff\x32\x00\xad\x00\xed\xfc\xcc\xfe\x14\x00\x7e\xff\x04\x00\x7b\xff\xdc\xff\x2c\x01\xcc\xff\x3c\x03\x80\xff"
  "\x30\xff\x03\x03\x22\xfe\x3d\x00\x20\x00\xe8\x00\xf3\xfb\x2c\x00\x63\x00\x78\xff\x5a\x00\xa9\x00\xef\x00\x1f\x00\x04\x00\xaa\x00\xa8\x00\xd0\x00\x8a\xfe\x21\x01"
  "\x42\xff\x34\x00\x41\x00\xde\xff\xf5\xff\xf6\xff\x36\x00\xad\xfe\x70\xfe\x3b\xff\xf0\xff\x8d\xff\xe2\xff\x47\x01\x00\x00\xe2\xff\x96\x00\x1a\x00\xd0\x00\xdd\xff"
  "\xc3\x00\x39\x00\xd7\xff\x31\xff\x74\x00\x9d\xfe\x32\x00\x3a\x00\x53\x00\x49\x00\x5e\x00\xa8\xff\xda\xff\x1a\x02\x5f\x00\xa0\x00\xf4\xff\xa3\x04\xf4\xff\xfa\x00"
  "\xe3\x02\x47\x00\x25\x00\xc1\xfe\x83\x00\x9b\xff\xc1\xff\x0f\x00\xa4\xff\x04\x00\x40\x04\xc9\xff\xca\xff\x2c\xff\xbe\xff\x91\x00\x9b\xf2\x06\x00\x40\xff\x97\x00"
  "\x97\x00\xd6\xfd\x28\xff\x4f\x00\x72\xff\x72\x00\x43\x00\xb0\x00\x33\xff\xcd\x00\xc6\x02\xca\xff\xd9\xfe\x02\x00\x0d\x00\xae\xfd\x1c\x02\xed\xfa\x8e\xff\x94\xff"
  "\x55\xfb\x9f\xfd\x11\x01\x82\xff\x27\x00\x09\xff\x22\xff\x72\x00\x18\xfb\x54\xff\xc0\x00\x48\x01\x1a\xff\x49\x01\xd7\xfd\xdb\xfe\x78\x00\x79\x00\x82\xfe\x93\xff"
  "\x76\xfc\x18\xff\xda\xfd\x42\xfe\x08\x00\x7f\xff\x46\x00\x36\xff\xf2\xff\x5b\xff\xe3\x00\x17\xf8\x87\xff\x6c\x00\xd3\xff\xd3\x00\x90\xff\x23\x00\xe0\x00\x2f\x00"
  "\x09\xfd\xcf\x00\x00\x01\xbb\xff\xe6\x00\xf2\xff\xf4\xff\x0f\x00\x75\xff\xbb\xff\x7a\x00\xe8\xff\x9a\xfe\x76\xff\xd7\xff\xf2\x00\xa2\x00\xe5\x00\xb9\x00\x0d\x00"
  "\xb4\x00\xb6\x00\x0c\xff\x44\x00\x6d\xff\xad\xff\xa1\x01\x5d\xfd\x82\x00\xa2\x00\xbf\x00\x4e\xfb\xb8\xff\x86\x01\x88\x00\x61\x00\x2d\x00\xc9\x01\x43\xff\x98\x01"
  "\xfd\xff\x18\x00\x26\x00\xf4\xff\x0b\x00\x3a\x00\x12\x01\xb0\x00\xd7\xff\x03\xff\x16\x00\xac\xfd\x80\x00\xf6\xff\xac\xff\xe1\xff\x00\x01\x21\xff\x6d\x00\x5c\xfe"
  "\x18\x00\xa6\xff\x61\x00\x90\x00\x1d\x00\x9c\xfe\x74\xff\x02\x00\x23\x03\xec\xff\xe5\xff\xf7\x00\x35\x00\xd0\xff\x56\x00\x91\x00\xbc\x00\x10\x00\x4f\x00\xae\xff"
  "\xa1\xff\x1f\x00\x8f\xff\xcd\xff\x96\xfe\xea\x00\x58\xff\x1b\xff\x63\x00\x8c\x01\x1c\x00\xd1\xff\xa1\xfe\xb1\xff\x58\x00\x1c\x00\x3e\x00\x2b\x02\x93\x04\xd5\xff"
  "\xd6\xff\x92\x00\x94\x00\x1c\x00\x2f\x01\x71\xff\xe8\xfd\x43\x01\x4a\x00\x16\x00\x69\x04\x79\xff\x0d\x01\xec\x00\xcb\x01\x60\x00\x98\x00\x6f\xfe\x07\x01\x13\xff"
  "\x85\x00\x76\x05\x70\x00\x6f\x00\x7b\xfb\x89\x01\xb9\x00\x4e\x00\x5a\xff\x6d\x01\x72\xff\xc6\xfe\x63\xfe\x1a\x00\xfd\xff\x0e\x00\x0f\xfe\xde\xff\xc8\xff\x7d\xff"
  "\x85\xfd\xcf\x00\x57\xff\x70\x00\xa9\x02\x0b\x01\xee\xff\xeb\xff\x24\x00\x0d\xff\x48\x00\x9c\x00\x97\x01\x5f\xff\x54\x00\x37\xff\x6d\x07\xe8\xff\x2a\xfb\xe7\xff"
  "\xcf\xff\xb9\xff\x7d\xfe\xc2\xfe\xbf\xf9\xf3\x00\x70\x00\xa4\x00\x8a\x00\xf5\xff\xb4\x01\x56\xff\x99\xfd\x90\xff\x86\x00\x77\x00\xae\x02\xba\xff\xc0\xfc\xb2\xfe"
  "\x80\x00\xb6\xff\x1d\xfe\x1c\x00\x82\x01\x65\x01\xda\xfe\x86\x00\x1f\xff\xd5\xff\xe9\xff\x18\x00\x4c\x01\xbb\xfd\x2d\x00\x1c\x01\x72\xfe\x43\x00\xf2\xff\xe4\x00"
  "\xb5\xff\x6f\x05\x0b\xff\x30\xff\x11\xfc\xdd\xff\x39\xff\x6f\x00\xff\xff\x89\x00\x0a\xff\x66\x00\x29\xff\x42\x00\xba\xf8\x1b\x00\x37\x01\x81\x00\x07\xff\x0b\xff"
  "\xcc\xff\x7f\x00\xe8\x00\xa5\xfd\xba\xfe\x08\xff\x08\xfe\xd8\xff\x44\x00\xea\xfc\xc3\xff\x82\x00\x7f\x00\x53\xff\x26\x04\x4e\x00\xd6\xfd\xda\xff\xa3\x00\xd0\xff"
  "\xe3\xff\x0c\xfe\xd1\x00\x06\x00\x70\x01\x21\xff\x28\xff\x50\xff\x6c\x00\x72\x02\x39\x00\x57\xff\x7a\x00\xbc\xfe\x78\x00\xd9\x00\xf0\x02\x23\x00\xec\xff\x1d\xfe"
  "\x9b\xff\x94\xff\xcc\xff\xdb\x00\xa7\x00\x97\x00\x2c\x00\xe4\x00\xb7\xff\x59\x00\xab\x00\x07\x01\x83\xfe\xab\xff\xaf\xff\x5c\xfe\x01\x02\x9f\xfc\x09\x01\xe5\xfd"
  "\xca\xff\x6b\x00\x70\xff\x49\x00\x1f\x00\x94\xfe\x20\xff\x15\xff\x96\xff\x56\x00\x96\xff\x9a\xff\xce\xff\x30\xfe\xe0\xff\x56\x01\xf5\xff\x7d\x00\x86\x01\x2b\x00"
  "\xbf\xff\x42\x02\x30\x00\x63\x00\xc0\xfd\x26\x01\xfd\x00\x00\xff\x11\xff\x98\xff\x8e\xfd\x5d\x00\xdd\x04\x50\xff\xbd\x01\xdb\xff\x8a\x00\x0e\x00\x07\xff\xc6\xff"
  "\x93\x00\x74\x02\xed\x00\xaa\x01\xb4\x00\x53\x00\x2f\xff\x28\xff\xf2\x00\xde\x03\x7f\xff\x62\xff\xac\xff\x4c\x00\x15\x01\xdd\xfc\x2c\x00\x7a\xfe\x24\x00\x9c\x00"
  "\x1b\xfb\x97\xff\x1f\xff\xf1\xff\xe2\xff\x12\x00\xa1\xff\x30\xff\x01\x02\xc3\x00\x2c\x00\x9d\xff\x0e\xfb\x81\xff\xf0\xff\xaf\xff\x26\x00\x02\x01\xa3\x00\x55\x00"
  "\xdc\xff\x8b\xff\xe3\xff\xcb\xff\x65\x01\x71\xff\xcf\xff\xfe\x00\xa7\x00\x37\xf8\xc6\x00\x4c\xff\x8e\x00\x46\x00\x44\xff\xe5\x00\x5d\xff\x23\x00\x0b\x00\x9b\x00"
  "\x8f\xff\xb6\x00\x76\xff\x26\xff\x8f\x00\x09\x00\x36\x00\xe6\x02\x74\x00\x9b\x00\x99\x00\xfc\xff\x03\xff\xa0\xfd\x90\xff\x68\xfe\xf8\xfe\xed\xff\xd0\xff\x7c\xff"
  "\x48\xff\xb2\xff\xd0\xff\xf5\xff\xfe\xff\x24\xff\x37\x00\x2b\xff\x34\xfe\x9d\x00\xbe\xfe\x6d\x02\x4b\xff\x28\xff\xe8\x00\x46\x01\x8a\xfe\xc6\xfe\x69\x01\x4b\xff"
  "\xdd\xff\xe6\x00\xab\xff\xff\xff\xa6\xff\x2c\x00\x16\xff\xe0\xfe\x3e\xfd\xe1\xf6\x62\x00\x70\xff\x3b\x00\xf2\x00\x3b\x00\xf0\xff\x3f\x01\xf1\xff\x83\x01\x90\xfe"
  "\x84\x02\xae\x00\x8a\xfe\x29\xfe\x7c\xff\xd8\xff\xd4\x01\x53\x00\x4c\x01\x1c\x00\xea\x00\xb8\xfe\x55\xff\xd0\xfe\xc2\x00\xc6\x00\xc7\xfe\xca\xff\x54\x00\xcb\xfe"
  "\x64\xfd\xe8\xff\xf6\xfe\x82\x02\x1e\xff\x1f\xfa\x0b\x03\x7d\xfd\xf3\x00\xa0\xfe\x0e\xff\xec\x00\xed\x01\x0b\xff\x60\x00\x38\xfe\xd0\xff\x78\xff\xe4\x01\x8a\x00"
  "\xf5\xff\x7c\x00\x34\x00\x0d\xff\x1f\x00\x35\xff\x97\xff\xc7\x02\xce\xff\x4b\x00\x23\xff\x22\xff\x49\x00\x41\x00\x53\x00\xd1\xff\x2f\xff\xaf\xff\xbb\x00\x4b\xfe"
  "\xcd\x00\x87\x00\x3b\x00\xeb\xff\xe1\xfd\x64\xff\xfe\xfe\xd4\xfe\x5e\x00\x29\x00\x23\x00\x15\x02\xee\xff\x3d\xff\xca\xfb\xdf\xff\x88\x00\x61\x00\x7c\xff\x5a\x00"
  "\x64\xfe\x94\xff\xf6\xff\xdf\x00\x76\xff\x34\x00\x81\xff\xcf\xff\xd2\xff\x34\x01\x34\x01\xb0\xfe\xb6\xfe\x24\x01\x0a\xff\x3b\x00\x32\x00\xa8\xff\x27\xfd\xbf\x00"
  "\xec\x00\xc3\x00\x90\x00\x59\x00\xbc\x00\xe4\x01\x51\x00\xc7\x01\x82\x00\x21\xff\xb6\x03\x2f\x00\x34\x01\x6d\xff\x8a\x00\xfb\xff\x79\x00\x38\xfd\x25\x01\x40\xff"
  "\x9b\xff\x03\x00\xb6\xfe\xd4\xff\xef\xff\x6b\xf5\x35\xff\x31\x00\xe9\xfe\x9e\x00\xbb\xff\x32\x00\xd4\x00\x69\x00\x37\x00\x96\xff\xcc\x00\x67\x00\x62\xff\xac\xff"
  "\xb5\x00\xb8\x00\x35\x00\xc3\xff\x46\x00\x99\x01\x22\x01\xfc\xff\xa2\x00\xfe\xfd\x79\xff\x93\x00\x12\x01\x15\xff\x4f\xff\xc7\xfe\x4c\x00\xd2\x00\x1b\x00\xb1\x00"
  "\x8a\x00\xa2\x00\xec\x03\x37\x03\xbb\xff\xc1\xff\x22\xff\x20\x00\x93\x02\x5f\xff\x63\xff\xb2\x00\x21\x01\x47\xff\xe6\x01\x31\x00\xac\xff\x85\xff\x95\xff\x3e\xff"
  "\x5d\x02\x14\x00\xc6\xff\xc3\x00\x1b\xff\x17\x00\x2f\x00\x13\xff\x70\x00\x7e\xfe\x57\xff\xfa\xfe\xa9\xfd\x54\x00\x89\xff\xb0\x01\x51\x01\xd3\xff\xaf\x00\x4f\x00"
  "\x41\xfe\x9a\xff\x13\x00\xe2\xfe\x12\x00\x51\x00\xac\xfe\x7e\x00\xdf\xff\x3d\x01\xd9\xff\xb0\xfd\x63\xfd\xc4\xff\x16\xff\x70\xfe\x16\x0a\x81\x00\x00\x00\x58\x04"
  "\x93\xff\xed\xff\xf3\xff\x7e\xfd\x17\x01\xec\xfe\x61\x00\x90\xff\xec\xff\xb0\xff\x99\x00\xe7\xfe\xb7\x00\x31\x02\x9f\x00\x54\xff\xc1\xff\x16\xff\x0d\xff\xae\xfd"
  "\xdc\xfd\xa4\x00\x18\x01\x79\xff\x98\xff\xb3\xfe\x75\x01\x3b\x00\xa8\xff\x7c\x00\xda\xff\x88\x00\xa9\x00\xd6\xff\x2a\xff\x5c\xfe\xb5\xff\xe6\x00\x8b\x01\x7b\xff"
  "\xbf\x00\x30\x00\xf0\xff\xf2\xfe\x61\x00\x31\xff\xd9\xff\xf8\xfe\xe0\x02\x24\x01\x79\x01\x9c\x01\x2b\xff\x6c\xff\x3c\x01\x60\x00\xec\xff\x67\x00\xaf\xfe\xa5\xff"
  "\x2a\x00\xc6\xfe\x7a\xfe\x0f\xff\x7c\xfe\x77\xfd\xe7\xff\x81\xff\x1c\x01\x1e\x00\xa7\xff\xc0\xfe\xd6\xfe\x6c\x00\xa8\xfe\x3e\x02\x68\xff\x01\x00\x1f\x01\x94\xfe"
  "\x44\xff\xdb\xfd\xad\xff\x58\xff\x0d\xfd\xd1\x00\x49\xff\x38\x01\xa2\x00\x87\x00\x0d\x01\xc5\xff\x40\xfc\xba\xff\x35\xff\x21\x01\xbf\x00\x2b\xff\x98\xff\xb9\xff"
  "\x5e\xfe\x2e\x03\x13\x00\x79\xfd\x4a\xff\x2d\x00\x8e\xff\xff\xfc\xb8\xfc\xc0\x00\x22\xff\xdb\xfd\xab\xfc\x2b\x01\x47\x01\x5e\xfd\x89\x00\x54\xfd\x78\xff\xd8\xfe"
  "\x6c\xff\x5f\xff\x24\xfe\xfc\xfd\xda\xff\x13\x04\x96\xfe\x9f\xff\xe3\xfe\x78\x02\x8b\xff\x7f\xfd\xa7\xfc\x37\xff\x4f\x01\xd1\x00\xca\x01\x8f\xfd\xef\x00\xdc\xff"
  "\x26\xff\x4e\x00\x4f\xff\xf8\x00\xf5\xff\xd8\xff\xaf\xfe\x94\xfd\x27\x00\x29\xff\x66\x01\x9c\xfe\xb6\x01\x46\x00\xab\x00\x3f\xfe\x22\x01\xce\xfd\xd6\xff\x24\xff"
  "\x7d\xfd\xf5\x00\xcd\x04\x0c\xfe\x42\xff\x90\xfe\xaa\x01\xbd\xfe\xcd\xfe\x7f\x00\x3b\xff\xed\xff\xba\xff\x75\xfd\x9c\xfc\x93\xfd\x12\xfe\xd0\xfd\x54\x00\x4f\x00"
  "\x49\x00\x54\xff\x61\xff\x10\xfd\xca\x00\x73\xfe\x3f\x00\xbe\xff\x32\x01\xdf\x00\x22\x00\x7b\xff\x62\x00\x6a\x01\xea\x00\x03\x00\xe7\xfd\xd2\xff\x31\x01\xc2\xff"
  "\x84\xff\x97\x01\x7b\xff\xb9\xff\x2c\xff\x4e\xff\x11\x00\x6e\xff\x21\x00\x26\x00\xd6\xfd\x72\xff\x1a\x00\x8b\xff\x7a\x00\xc1\x00\x11\x00\x31\x00\x29\x00\x86\x01"
  "\x82\xff\x3c\xff\x1b\x00\xbf\xff\x31\x01\x47\x00\x7d\xff\x80\x00\xaf\x00\x43\x01\xcc\x00\x9c\x00\x39\x00\xed\xff\xd8\x00\x58\x02\x05\x00\xfc\xff\x94\xff\x8c\x00"
  "\x6a\x00\xab\xff\x7c\x00\xe1\x00\x7c\xf8\x47\x00\x42\xff\xcf\xff\xfc\xff\x35\x01\xf0\xff\xf9\x00\xb7\x00\xcb\x00\xd4\xff\xc2\xff\x87\x00\x8b\x01\xcb\xfd\x49\x01"
  "\xfb\xfe\xb2\x00\xa2\xff\xad\xfe\x7e\xff\x84\x00\x11\x00\x8a\x00\xe2\x00\xc4\xff\xe9\xff\xa8\x01\x72\x00\x0a\x00\xb7\xfe\xe4\x00\xdb\xff\x70\x00\xe8\xfe\x71\x00"
  "\xab\xff\x9a\xff\x7e\xff\xb8\x00\xcb\xff\x35\xfa\xec\x01\x5f\xfe\xc2\x00\x65\x02\xf2\xff\x17\x00\x3c\x00\x84\xff\x4a\x00\x0f\xfe\xf9\xff\x31\x01\xfd\xff\x9c\xff"
  "\x9c\xff\xdf\xff\xa1\xff\x04\x00\x7d\x00\x6e\xfe\x7c\xff\x61\xff\x0c\xfd\x34\xff\xe6\xfe\x31\x01\x68\xff\x6a\xfe\x15\x00\x2b\x00\x92\xfe\x6f\x00\x64\xff\x03\xfe"
  "\xeb\xff\x85\x00\xb2\xff\xd4\x00\xfc\xfe\x27\xff\x29\x02\x9d\xff\xb8\xfe\xce\x03\xe9\x00\xf0\xfe\x9f\x00\x89\x02\xa4\x00\xfe\x00\x38\x01\x9f\x00\xd6\xff\x6c\xfe"
  "\xf1\x01\xee\xfe\xf6\xff\xb2\xfe\x8a\x00\x38\x00\xac\x01\x8f\xff\x8a\xff\x8f\x00\x39\x00\xfe\xff\x8b\xfe\xf9\xff\xcd\xff\xda\x00\x80\xfe\x9c\x00\x48\xff\xf7\xff"
  "\x42\xff\xb0\x00\x4a\xff\x36\x00\x0c\x01\x03\x01\x2e\x00\xd4\xfa\xa4\x01\x87\xff\x4a\x00\x12\x00\xe3\x04\x95\xff\x57\x00\xf4\xfe\xaa\x00\x11\xff\xf9\xf5\x62\x00"
  "\x04\x00\x40\xff\x07\x00\x60\xff\x5b\x00\x50\x01\x33\x00\xf0\x01\x71\x00\xb5\x00\x45\x00\xd1\xff\x3e\xff\x2c\xff\xf3\xfe\x9b\xff\x3f\xff\x3a\x00\x39\x00\xfd\xff"
  "\xae\x01\x65\xff\x78\x00\x28\x00\x7b\xfc\x96\x03\x86\xfe\xda\xfd\xe7\xfd\x32\x00\x02\xff\x4d\xfc\x31\xff\x1d\xfe\xce\xfe\x32\x01\xa9\xff\x31\x01\x54\x00\xc0\xff"
  "\xca\x00\xcb\xff\x56\x00\xb7\xfe\x82\xff\xe2\xfe\x28\x00\xb7\xff\xe5\xff\xbe\xff\xd0\xff\xd5\x00\xa9\x02\x0f\xff\x7a\xff\xad\x00\xd3\x00\xa0\xfd\xec\x00\xcb\x03"
  "\x99\x00\x66\x00\xc2\xff\x01\xff\x02\xfa\x0f\xfe\x6f\x01\x70\x00\x4a\x00\x60\x00\x4a\xff\x45\x00\xdf\xff\x93\xff\x27\x00\x6b\x03\x24\x00\xc2\x00\x77\xfe\x33\x01"
  "\x49\x00\xc1\x01\x47\xfd\xb6\x00\xb1\xff\xad\x00\xdf\x01\x06\x00\x37\x00\x89\x01\x90\x01\x7d\x00\x98\xfe\x11\xff\xab\xfe\x42\x01\xee\xff\xc6\xff\x5b\xff\x05\x00"
  "\xfa\xff\x06\x00\xf3\xff\x32\x01\x54\xff\xad\xfe\x2a\xff\xd3\x00\xe6\xff\x3b\x00\xbc\x00\x67\xff\xa9\xfc\xdf\xff\xd2\xfe\x6a\x01\xe2\xfc\x1f\x00\x49\xff\xe6\x01"
  "\x88\x01\x64\x01\x93\xff\x9f\xff\x6a\x00\xd5\xff\xaf\x06\xd9\xff\xa4\x00\x6d\x00\x36\x01\xbd\x00\xa2\x01\x24\x00\x85\x00\xbf\x00\x18\xfe\x94\x00\x20\x00\x8d\x01"
  "\x27\x00\x2d\xfc\xe8\x00\x65\x00\x66\x00\xe1\xff\xd3\xff\x03\x00\x96\xff\x3f\xff\xed\xff\x7f\x00\xf8\xff\x31\x01\x14\x00\x91\x00\xc2\xff\xb8\x02\x45\x00\xa1\x00"
  "\xd2\xfc\x11\x01\xa6\xff\x46\xfe\x6f\x00\xfd\xff\xae\xff\x50\x00\x1b\xfd\xc2\xff\x52\x01\xb4\xff\xec\xff\xf3\xff\x5b\xfe\x64\xff\x27\x00\xef\x01\xb4\x00\xee\x00"
  "\x9a\xff\x0e\x00\x7b\xff\x32\xff\x1a\x00\x9a\x02\xc3\xff\x57\xff\x6e\xff\x6e\x00\x1d\x00\x77\xfd\xf4\xff\x18\xff\x61\x00\x84\xff\x2d\x06\x27\x00\x1e\x00\xf2\xff"
  "\x1e\xff\xf6\xff\x48\x00\x95\xfe\x5b\x01\x3c\x00\x0b\x00\x3b\x00\xba\xfc\x00\x00\xe6\xfd\x03\xfe\x2d\x00\xa3\x00\xc9\xff\x45\x00\x50\xfe\x6d\xff\x15\xff\xae\xff"
  "\xfc\x00\x64\xff\x86\xff\xbe\xff\x46\xff\x2f\x00\x35\xf5\x15\xff\xe8\xff\x98\x00\xa3\xff\x2f\x00\x69\xff\x30\x00\x4e\xff\x35\x00\xc5\xff\x14\x00\x36\x00\xa5\xff"
  "\xf7\xff\xe8\xff\x29\x00\xfe\x01\x90\xff\x87\x00\x45\x00\x9e\xff\x19\x02\x93\xff\x5d\xff\x5e\xfe\xa1\xff\x71\x00\x1f\x00\x55\xff\xcf\xff\x21\x00\x2a\x00\xc1\x00"
  "\xc8\xff\x72\x00\xeb\xff\xb2\xff\xfa\xfe\x29\x00\xca\xfd\x83\x00\x71\xff\x88\xff\xc5\xff\x5a\x00\x23\xfe\x8c\x00\x59\xff\xda\xfd\x71\xff\xcb\xff\xc4\x00\x40\x00"
  "\x58\xfe\xef\xfe\xca\x00\x91\xff\x26\xff\xf1\xff\xf9\x00\xc9\xff\x91\x00\x95\x02\x55\x00\x57\x01\xcb\x00\x9f\x00\xb8\x00\x0e\x00\x92\x01\x8c\xff\x7f\xff\xbf\xfe"
  "\xb5\x00\xc2\xff\xc9\x01\x19\xff\x39\x00\x76\xff\x4e\x00\xf3\xfe\x13\x00\xe3\xff\x83\xff\xc5\x00\x66\x00\x53\x00\x0f\xff\x45\x00\x0e\xff\x63\x01\x39\xff\x8a\x01"
  "\xde\xff\x45\x00\xe2\xf8\x14\x04\xc3\x00\x44\x00\xbc\xff\xc2\x00\xdf\x02\x48\x00\x4e\x00\x92\xff\xe9\xff\x8e\xfe\xb8\xff\x29\x01\xc3\xff\xe5\xff\x87\xfe\x49\xff"
  "\x65\x00\x2c\x00\xdb\xff\xaf\x01\xe9\x00\x93\x00\x84\x00\x69\xff\xe2\xff\x1f\x00\xfa\xfe\xc8\x00\x7d\xff\xae\x00\xa6\x00\x6d\x00\x6e\x01\x50\x00\x69\x00\xd2\x00"
  "\x53\x03\xa1\xf4\xe5\xfe\x20\xff\x6f\x02\xb9\x00\x96\x01\x35\x00\x40\x00\xca\x00\x72\xff\x2d\xff\x27\x01\x67\xfd\x13\xff\x74\xff\xfe\xfc\xae\x04\x75\x00\xcd\x00"
  "\x7f\x01\xb7\xff\xd3\xfe\xf8\xff\xb8\xfb\x3a\x01\x30\x00\x16\xfd\xde\xff\x4e\xff\xd1\xfe\xbb\xff\x97\xff\xd9\xff\x5c\x01\xe9\x00\xfe\xfe\x57\xff\x90\x03\x89\xfe"
  "\x64\x01\xba\x00\x71\x00\xc4\x00\x9e\x00\xe8\xff\x37\xfd\x95\xfb\x78\x02\xd2\xff\xc9\x01\x52\x01\xe9\xff\x0c\x01\x83\x00\xc1\x00\xd8\xfd\xe7\xff\x70\xff\x3b\x00"
  "\xdd\xfe\x4d\x00\x8b\xff\x0c\x01\xe7\xff\x2b\xff\xf3\xfe\x30\xff\x69\x00\xe5\xfe\x2a\x00\xed\xfb\xc5\x01\x3e\x00\x0b\x00\xf5\xff\x14\x01\x1b\xfc\x7c\x00\xfb\xff"
  "\xac\xfe\x0b\x00\x3a\xfc\x3b\xff\xab\x00\x98\xff\xc2\x01\x9c\xfe\x12\x01\x5d\x00\xd3\xff\xce\xff\xac\x00\xbc\x03\x67\xff\x89\xff\xf0\xff\xd2\x00\x95\xfe\x69\x00"
  "\xd8\xff\x54\xff\x24\x00\xa3\x02\xcb\x00\x0f\x00\x70\x00\x1d\xff\xd8\x00\x04\x00\x74\xff\xc4\xff\x1c\xfd\x39\xff\x90\x00\x04\xff\xf9\xff\x68\xff\x8c\xff\x05\x01"
  "\xb9\xff\x5e\x00\x7c\xff\x4c\xff\x9f\x00\xb5\xff\x8b\xff\x88\xff\xe9\xfe\xd4\xfd\x83\x00\xda\xff\x64\xfe\x21\x00\xb4\x01\xc2\x00\x6e\x00\xff\xfe\x99\xfe\x92\x00"
  "\xbb\xfe\x84\xff\xd6\xff\x13\x00\x01\x00\x47\x00\xde\xff\xfe\xff\x01\xff\x37\x00\xf3\xfe\xd8\xff\x8e\x00\x8b\xff\x0a\x00\x08\x00\x34\x01\x68\xff\xe8\x01\xb7\xff"
  "\xdb\x00\xbf\xff\x1e\x00\xf0\xff\x3e\x01\xd9\xfe\xae\x00\xc1\x01\x7f\x00\xc5\x01\x63\x00\x29\x00\x95\x00\x2a\x02\x3b\x00\x6d\x00\x2b\xff\xcb\xff\xe9\xff\x97\xff"
  "\xe2\xfe\xa9\xff\x30\x01\x99\x00\x83\xff\xcf\x00\x2c\x00\x14\x00\x65\x00\x8e\xff\xcd\xfe\x62\xff\x72\x00\xa7\x00\xe5\xf0\xac\xff\xc4\xff\x60\x00\xf1\xff\xdb\xfe"
  "\xe4\xfe\x17\x00\x2b\x00\xa7\x00\x2c\x00\x85\x00\x8f\x00\x9e\xff\x87\x00\x30\x00\xa5\x04\xb6\x01\x44\x00\x3b\x01\xd6\xff\x84\xff\xf9\xff\x73\xff\x1c\xff\x9e\xfe"
  "\xbb\x00\x7b\xfe\x27\x00\x94\x00\x56\x00\xf2\xff\xfa\xff\x25\x00\x35\x01\x7a\xff\x97\xfd\xcd\xff\x74\x00\x24\x01\x5b\xff\xc1\xff\x46\x01\x4a\xfd\x12\x00\xb8\xfe"
  "\x1b\xfd\xf0\xfe\x8c\x01\x36\x01\xb9\xff\x5b\xff\xe7\xff\x36\xff\x46\xfe\x17\xff\x9d\xff\x7d\xff\xe1\xff\x7a\xff\x08\x01\x8f\xff\x91\x00\xb8\xff\xd7\x01\x3a\x01"
  "\xd1\xfd\x5c\xff\xd4\xfe\xed\xfe\x69\x00\xaa\xfe\x49\xff\x54\xff\xc9\x00\x22\x00\x99\xff\xb2\xfb\xf2\x04\x11\x00\x13\x02\x79\x02\x2d\x01\x7e\xff\xe8\x00\x25\x04"
  "\x56\xff\x36\x01\x41\xff\x5b\x00\x29\xff\xb0\xff\xd3\xff\x3d\x00\xea\xff\x71\x01\xe4\xfe\x6d\x00\x2f\xfd\x34\x00\x47\x01\xa9\xfd\xda\xfd\xf3\x01\xe8\x00\x7b\x01"
  "\xac\x01\x97\x01\x1b\xff\xac\xff\xcc\xff\x3c\x01\x0b\x01\xe7\xfe\x4d\xff\x57\x00\xaf\x00\x08\xfe\x9b\xff\xf4\xff\xf9\xff\x33\x01\xd5\x00\x1f\x04\x96\xff\x05\x01"
  "\xe1\x00\xd4\x00\x7b\x00\xf1\x00\x93\x00\x2e\xff\x02\xff\xd5\xfa\xaf\xff\x76\xff\xf4\x00\xeb\xfb\xce\x01\x5c\x00\xb6\xff\x0d\x00\xdf\x00\x2b\x00\xb3\x00\xa9\x00"
  "\xce\xff\x2e\x01\x83\xfe\x67\x01\x4c\x00\x37\x00\x37\x01\x17\x00\x6b\xff\xf4\xfe\x7c\xfe\x1e\x00\x36\xfe\x4b\xfd\xfe\x00\x82\x00\x29\x00\xb1\xff\x86\xff\x08\xfd"
  "\xb3\xfe\xbd\x01\xeb\xfc\x2e\xfe\xa8\xff\x49\xfe\x0b\xff\xc4\x00\x4b\x00\xf6\xfe\x57\xff\x90\xff\x0f\x00\xd4\x00\x36\x02\x99\xff\xa6\x00\x6e\x03\xf0\xff\xcf\x01"
  "\xc8\x00\xf0\x00\xea\xff\x15\xfe\x73\x01\x94\xfd\x51\xff\x59\xfe\x36\x01\xec\xff\x31\x02\xe7\xfd\x90\x00\x27\x00\x79\x00\xe3\x01\xba\xff\x4e\x01\xc9\xfe\x25\x00"
  "\x5e\xff\x37\x01\x5c\xff\x16\x02\xbe\xff\xae\x01\x86\xff\xd7\x00\x5a\x00\xcd\x01\x5b\xfe\x44\xfd\xf8\x00\x81\xff\x3e\x01\x9a\xff\x10\xf9\xea\x00\x84\x00\x3c\xff"
  "\xd8\x01\x96\xfe\x9b\x01\xb7\x00\xcf\x00\x4b\xff\x4d\xff\x60\x01\x7f\x00\x0c\x01\x95\x00\x22\x02\x7a\x00\x73\x00\x0f\x01\xba\xff\xad\xff\x60\xff\xb6\xfe\x81\xff"
  "\x83\x00\xab\x00\xbf\xff\x60\x01\x0b\x01\x14\xff\xa7\x00\x3f\x00\x77\xff\xb6\xfe\x77\xfe\xe6\xfd\xdf\x01\x10\x00\x16\x00\x2d\x00\x54\x00\x59\xff\xf7\xff\x88\x00"
  "\x5f\x00\xa5\x00\x96\x01\x72\xff\x96\x01\x8d\x00\xb8\x00\xbb\xff\xca\x00\x8b\xff\xdc\xff\xdc\xff\xf6\x00\x9b\xff\xc3\xff\x3b\x00\x48\x00\x4d\x00\xb5\x01\xaa\xff"
  "\x01\x00\x9d\xff\x5d\x00\x9a\x01\xa6\x01\xd1\xff\xa0\x00\xf2\xff\x72\x00\x47\xfe\xdc\x00\xf3\x00\xd8\xff\x79\xfe\x6b\xff\x14\x01\xb1\xff\xbf\xff\x14\x04\xb1\x02"
  "\x52\x00\x70\x00\x36\xfd\xd0\x00\xe0\x01\xf4\xff\xd8\x04\x2d\x00\x14\x00\x56\xfe\xc1\x01\x96\xfd\x19\x01\x75\xfe\x3c\x01\xfd\xff\x27\x01\xb8\xfd\x15\x00\x81\x00"
  "\x1e\x00\xca\x00\xdd\xff\x0b\x00\xbf\xfd\xd6\xff\x18\x00\x7b\x01\xa9\xfe\x7b\xff\x60\x00\xa3\xff\xed\x01\xa1\x00\x6a\xff\x86\x00\x2f\x00\xf6\x00\x5a\x00\xcd\xff"
  "\x97\x00\x5d\xff\x11\xff\x69\xff\x04\x04\x09\xfe\x03\x00\xd2\xff\x5c\xfd\xee\xff\xe9\xfe\xbc\xff\x5f\x01\xb3\x00\x13\x00\xe6\xff\xb6\x03\x1e\x02\x80\xff\x0a\x00"
  "\x67\x00\xae\x00\x1f\xff\x06\x01\x87\x02\x93\x00\xfd\xff\x7e\xfc\x9d\xff\x96\xff\xdb\x03\xcb\x00\x46\xff\x1a\x01\xa6\xff\x96\xff\x7b\xfe\x05\xfe\x34\xff\x2c\xff"
  "\x09\x00\x9e\x00\x98\xff\x2c\xff\xbc\xff\x7d\xff\xb5\x00\x88\xff\x14\x02\xe2\x00\xc8\xff\x01\x01\x3c\x00\x4b\xff\x9c\xff\xa5\xff\x9a\xff\xed\xff\xac\x00\x0a\x00"
  "\xfa\xfd\x34\xfe\x5d\xff\x7b\xfd\x97\x00\x07\xfc\x0f\xfd\xc3\xff\xb5\xff\x07\xff\x69\x00\xc3\x00\xde\xff\x92\x03\x3f\xfe\x10\xff\x79\xff\x68\x00\xb5\x02\x99\xff"
  "\x99\xff\x64\xfc\x4f\xff\x92\xfe\x63\xff\x55\x00\x33\x00\xd4\xfe\xda\xff\x63\xff\xe7\x00\x22\x00\xf1\xff\x71\x00\x46\xff\x1d\x01\xec\xff\x29\x00\xe5\xfe\x27\xff"
  "\xb1\xfe\x4b\x01\xe2\xff\x91\x01\x56\xff\xe2\xfd\xd8\xff\x6d\xff\xa6\x01\xf5\xff\x06\x00\x7a\xff\x4e\x00\xcc\xff\xa9\xff\x3a\x02\x73\xfe\x59\xff\x4a\x06\x48\x05"
  "\x0b\x00\xaf\xff\x22\x01\x8b\x00\x56\x01\x03\x00\xac\x00\x66\x01\x08\xfe\xe9\xfe\xe5\x01\x4d\xfd\xed\xff\x18\x00\x6b\x00\xcd\x00\xe0\xfe\x4a\x00\x16\x01\x8b\x00"
  "\x97\x09\x5e\xff\x41\xff\xa3\xfe\x46\x00\x2f\xff\xff\x01\x28\x02\xd4\x00\x26\x00\x29\xff\xfa\xff\x0e\x01\x2c\xff\x0c\x01\x73\x00\x3c\xff\x34\xff\xfa\xfe\xa8\x00"
  "\xc9\x00\xd6\xff\xf2\x06\xf9\x03\xd8\xff\xb3\x01\xfa\xff\xc7\xff\x06\xff\x23\x00\x97\xfd\xad\xfe\x70\xfe\x39\x00\x4a\x00\xe6\xfe\x2c\xfc\x72\x00\xf5\xff\x4b\x00"
  "\x2e\x00\x80\xfd\xc5\xfe\x7f\xff\x8c\xfe\xda\xff\x14\xfe\x8d\xfe\x69\xff\xc0\xfe\x26\xff\xb3\x02\x77\xff\x08\x00\x4b\xff\xe5\xff\xdb\xff\x91\xfe\x64\x00\xe5\x00"
  "\x56\xff\x90\xfe\x39\x00\x07\x00\x25\xff\x83\xfe\xd0\xff\xb8\xff\x87\xff\xc4\xff\xb1\xfe\x0f\xfc\x67\x00\x5b\x00\xe9\x01\x0f\xff\x9a\x00\x48\x00\x04\x00\x59\xff"
  "\xc0\x00\x3d\xff\x7f\xff\xcb\xfe\x23\xfe\x05\x00\xb5\xff\x81\xfe\xca\x02\x0a\x00\x74\x01\x0b\xff\x46\x00\xe7\x01\xcf\x00\x81\xff\xf9\xff\x23\x00\x6c\x03\x85\xff"
  "\xe7\xfe\xac\xfc\x63\x00\xf5\xfe\xdb\xff\xcb\xff\xfe\xff\x2a\xff\x37\x00\x00\x00\x09\x00\x00\x00\x03\x00\x00\x00\x31\x34\x34\x02\x00\x00\x00\x34\x00\x00\x00\x36"
  "\x00\x00\x00\x04\x00\x00\x00\x01\x00\x00\x00\x01\x00\x00\x00\x01\x00\x00\x00\x01\x00\x00\x00\x04\x00\x00\x00\x00\x00\x00\x00\x00\x00\x00\x00\x00\x00\x00\x00\x00"
  "\x00\x00\x00\x01\x00\x00\x00\x00\x00\x00\x00\x38\x00\x00\x00\x01\x00\x00\x00\x17\x00\x00\x00\x35\x2e\x73\x70\x6c\x69\x74\x5f\x79\x5f\x70\x61\x74\x68\x2e\x30\x2e"
  "\x30\x2e\x62\x69\x61\x73\x00\x00\x00\x00\x01\x00\x00\x00\x70\x00\x00\x00\x00\x00\x02\x00\x00\x00\x0b\x00\x00\x00\xf9\xfc\xe8\x00\xec\xfe\xec\xff\x59\xff\x7f\xff"
  "\x94\x00\x3e\x01\xfc\x00\x4a\x02\x9e\x01\xec\xff\xba\x03\x0e\x00\xa6\x00\x9a\xfe\xa0\x01\x61\x00\x73\xff\x91\xff\xbd\x02\x8c\xff\xd0\xff\xd9\x02\xd0\x02\x78\x00"
  "\x7d\x01\x6e\xff\x32\x00\xd6\xfe\xc5\x00\x33\xfd\xff\x03\xf5\xff\xbb\x00\xb3\x00\x7c\xfd\x19\xfc\x14\x00\xed\xff\x43\xff\x4d\xfe\x43\x00\x37\x02\x49\xff\x83\x00"
  "\x0b\x01\x75\x01\x13\x00\x15\x01\x7f\xfc\x83\x00\xb4\x00\x30\xff\xb1\x04\x0d\x00\x50\x00\x92\xff\x0b\x02\x7c\xfe\x23\x02\xc1\x01\xe7\x00\xb9\x00\x2d\x01\xc1\xff"
  "\x16\xff\xec\x01\x57\x00\xdc\x00\x9c\x00\x86\x00\xf1\xf9\x11\x00\x31\x01\x1e\x02\x38\xfe\xdf\xfe\x11\x01\x1c\x00\xa3\xff\xf0\xff\x40\x00\xa8\x00\xe2\xfe\x0d\x01"
  "\x16\x01\xe3\x00\x80\xfe\x09\xfe\x58\xfe\x8c\xfe\x33\xff\x08\xff\xff\xfe\x7e\xff\x85\xff\x3a\xff\x15\xfd\x5d\x02\x5e\x01\x30\x01\xe7\x00\xe3\x01\xb5\xfb\x2c\x03"
  "\x1a\xff\xe2\xff\xab\xff\x73\x01\x56\x00\x94\x02\x39\x00\x00\x00\x04\x00\x00\x00\x10\x00\x00\x00\x31\x34\x34\x5f\x4e\x4f\x54\x5f\x49\x4e\x5f\x47\x52\x41\x50\x48"
  "\x02\x00\x00\x00\x37\x00\x00\x00\x38\x00\x00\x00\x3a\x00\x00\x00\x01\x00\x00\x00\x03\x00\x00\x00\x32\x34\x31\x00\x00\x00\x00\x03\x00\x00\x00\x01\x00\x00\x00\x01"
  "\x00\x00\x00\x01\x00\x00\x00\x00\x00\x02\x00\x00\x00\x0b\x00\x00\x00\x05\xff\x3b\x00\x00\x00\x15\x00\x00\x00\x03\x00\x00\x00\x31\x34\x37\x02\x00\x00\x00\x39\x00"
  "\x00\x00\x3a\x00\x00\x00\x3c\x00\x00\x00\x01\x00\x00\x00\x22\x00\x00\x00\x35\x2e\x73\x70\x6c\x69\x74\x5f\x79\x5f\x70\x61\x74\x68\x2e\x31\x2e\x63\x6f\x6e\x76\x31"
  "\x5f\x31\x31\x2e\x30\x2e\x77\x65\x69\x67\x68\x74\x00\x00\x00\x00\x04\x00\x00\x00\x01\x00\x00\x00\x01\x00\x00\x00\x70\x00\x00\x00\x20\x00\x00\x00\x00\x00\x02\x00"
  "\x00\x00\x0b\x00\x00\x00\xbc\x00\xd7\x00\x64\x00\x49\xff\x20\x01\xd5\xff\xe3\xff\xc8\xfe\xb6\xfe\xbe\xff\x1f\xfe\x5f\xff\x98\xfd\x89\xff\xcb\xff\x60\x00\x9d\x00"
  "\x1e\xff\xf0\xfd\xbd\x00\xeb\xff\x6b\x00\x09\x00\x39\x00\x28\x00\xb2\x03\x5b\x02\x18\x00\xf3\x00\xd4\x00\x59\x00\x92\xfe\x41\xfe\x7b\x00\x80\xff\x54\xff\x2c\xfe"
  "\x61\x00\xef\xfe\x5b\x00\x0a\x00\x4c\x03\xd3\xff\x1f\xfe\x35\x01\x4e\x00\xe7\xff\x27\x00\xc7\xff\xcf\xfe\xca\x00\xef\xff\x2b\xff\xa1\xff\x0d\x00\xc5\xff\xc6\x00"
  "\x46\x01\xe2\xfd\xf7\x00\xa3\xff\x8b\xff\xcc\xff\xd5\xff\x6f\x00\x08\x00\xe0\xff\xee\xff\x0c\xff\x81\x00\x0e\xff\x13\x03\xe4\xff\xa1\xff\xcf\xff\x75\xfe\xce\x00"
  "\x35\x00\x13\x00\xfb\xff\x96\x00\xff\xff\xd3\xff\x45\xff\xb2\x00\xc8\xff\x32\x00\x02\x00\x33\x01\xa9\x00\x93\x01\xc0\x00\xda\xff\xad\xff\x03\x00\xc6\xfe\xe1\xff"
  "\xf1\xff\xcf\xff\x72\xff\xb6\x00\xfc\xff\xd9\x00\x8d\x00\x70\x00\xf0\x00\x8c\xff\x0d\x00\x43\xff\x27\x00\xd7\xff\x01\x00\xfb\xff\x8b\x01\x39\xfe\x0d\x01\xe6\xfb"
  "\x16\x00\x55\x00\xeb\xff\x75\x00\xf1\xfe\x96\xff\x50\x01\x1e\x00\x91\x00\xea\xff\xc7\x02\x79\xff\xd0\xfe\x5a\xff\x8f\x00\x98\xff\x02\xff\x50\x02\x01\x01\x60\x00"
  "\x0d\xff\xcf\x00\xf0\xfd\x91\x01\xcd\xff\x1d\x06\x83\xff\x5a\xfe\x5c\xff\xd7\x01\x93\xff\x68\x00\x5b\x00\x1c\xff\x03\xfe\x59\x01\xc0\xfc\x20\x03\x9c\xff\xc4\xff"
  "\xb5\xff\x3c\x05\x1e\xfc\x8a\xfe\x7f\xff\x89\xff\x9d\x00\x29\x03\x12\x00\x57\x00\x46\xfc\x91\xff\xf0\xff\x71\xfe\x6e\x00\xd3\xff\xa1\xfd\x32\x00\x92\x00\x52\xff"
  "\xa5\x00\xde\xfe\xa6\xfe\x48\xfe\x42\xff\xb8\xfd\x5a\x00\xc4\xff\xcc\xfc\x6f\x00\x97\x02\x6f\x00\xd7\xff\x70\x00\x1f\x00\xf0\xfe\x9b\x00\x0d\x00\x82\xff\xec\xff"
  "\x3b\x00\x07\x00\x8e\xff\x00\x00\xdf\xff\x5b\x00\xf1\xff\xc2\xff\x1f\x00\x1e\x00\xca\xff\x22\x00\x0e\x01\xc0\xfe\x92\x00\x22\xff\x0c\x00\x36\x00\xd0\xff\x21\x00"
  "\x3a\x00\xda\xff\xd5\x00\x27\x00\x18\x00\xe1\xff\x0a\x01\x06\x00\x5b\x00\x32\xfe\xf5\x01\x60\xff\xa7\x00\xb6\x00\xd4\x02\xa2\x01\x64\xff\xf5\xfc\x3d\x00\x9b\x00"
  "\x8e\x02\x8f\xfc\xb1\xff\xc0\x01\x70\xff\x73\x01\x04\xfe\x28\x01\x78\x02\xa7\x00\x03\x03\x50\xff\x96\xfc\xa8\xff\xac\x01\xd3\xfd\x79\x00\xbf\xfc\x6b\xfd\x42\xff"
  "\x61\x01\x21\x00\xf0\xff\x54\x03\x45\x01\x09\x02\xff\x01\xd8\xfc\x34\x00\xb0\xff\x3b\x01\x18\x03\x15\xff\xcd\xff\xe1\xfe\x08\x00\x20\x01\x41\x01\x6c\x02\xf9\x01"
  "\xec\xfe\xe5\xfe\x0e\x01\x57\x00\xfc\xfe\xa9\xff\xde\xfc\x7a\x03\xdf\xfe\x52\x01\x38\x03\x4f\x02\x5f\xfe\x6f\xff\x2d\x05\xa5\x02\x17\x00\x84\x01\x88\xfe\x6d\x01"
  "\xd7\x00\x79\xfe\xdf\x01\xf8\xff\x44\x02\xe1\xff\xaa\xfd\xe3\xfe\xf9\x01\x42\x01\xf7\x00\x71\x00\xc6\x03\x63\xfd\x79\xff\xe6\xff\xdc\xfc\xc0\xfd\x3c\x02\x86\xff"
  "\x64\x04\x0d\x01\x43\x00\x87\xff\x9f\xfe\xa6\xfe\x93\x00\x1d\x01\x4b\x02\xfe\xff\xc2\x00\xb3\x01\x5b\x00\xe1\x04\x4a\x03\xbe\x01\xe1\x02\x40\xfd\xb4\xfd\x0d\x00"
  "\xf6\xff\x40\xfe\x4d\xfc\xfa\xff\x1a\x00\xef\xfe\x60\xff\x47\xff\x1c\xfe\x4d\xff\xb5\x01\x0e\xff\x36\x00\x61\xfd\x4e\x00\xc1\xff\xeb\x04\x81\x02\x7e\xff\x87\x00"
  "\x35\x00\xd9\xff\x93\xfe\x7a\x00\xa6\x01\x8e\xff\x47\x02\x6a\x00\xa3\xfe\x31\x02\x24\x01\xe5\xff\x81\xfe\xeb\x01\x17\x00\x67\x00\x22\xff\xbc\x00\x84\x00\x1f\xff"
  "\xa6\xff\xaa\xfe\x39\xff\x4e\xff\x5d\xff\xaa\x01\x8f\xff\xc3\xfc\x58\xfc\x69\xff\x66\x01\x69\x03\x4a\x03\xbf\x00\xd4\x00\xef\xfc\xbd\xff\xb2\xff\x85\x03\xfb\xfe"
  "\x20\x05\x51\xff\xff\xfb\x05\x01\x48\x00\x14\x01\xc4\xfb\x1d\x02\x68\x02\x95\xfd\xb1\x00\xad\xfc\x4f\x00\x02\xfe\x62\x00\x35\x02\xc4\xfd\x4a\x00\xea\x01\xee\xfe"
  "\x33\x00\x09\x00\x4b\x00\x9f\xff\xd9\xff\x1b\x01\x74\xff\x03\x00\xd5\xff\xca\xff\xe5\xff\xb0\xff\x00\xff\x0f\x00\x2e\x00\x90\xff\xf2\xff\x60\xff\xcb\xff\xcf\xfe"
  "\xdd\xff\x4e\xff\xc9\xff\xa0\x00\x7f\x00\xfe\xfe\x68\x00\x1c\x00\x6b\x00\x53\x00\x77\x00\x84\xff\x6e\x00\x91\xff\xa1\xfc\x5c\x00\x10\x00\x64\x01\x54\x00\xbc\xff"
  "\x42\x02\xbe\x00\x4d\x00\xc7\xfe\x23\xff\x04\x00\xb1\xff\x22\xff\xcd\xff\x9d\x00\x37\xff\x3a\x00\xad\xff\x12\x01\xff\xff\x73\x00\xd0\x00\x3e\xfe\xf3\xff\x73\x00"
  "\x9a\xff\x9f\x00\x2b\x01\x22\x00\x5a\x02\x4c\x01\xd6\xfa\x1e\xfd\xcc\xff\x23\x01\x63\x01\x66\x00\x30\x00\x0c\x00\x4c\x00\x4b\xff\x22\x00\x09\x00\xec\xfe\xae\x00"
  "\xae\x00\x2c\x02\x05\x00\x28\x01\xee\x00\x5f\xff\x9b\xff\x75\x01\x26\x00\xb7\x01\x81\x03\xee\xfe\x8c\xfe\x94\x00\xd5\xff\xca\xff\xc9\xff\xbf\x00\x2c\x00\x90\x00"
  "\xe0\xfe\x9d\x00\x1d\x01\xd6\x00\x6e\xff\x0e\x00\x28\x00\x85\x00\xdc\xff\xc4\xff\xe9\xff\x3b\xff\x6f\x00\x03\xff\x1b\x01\x08\xff\x43\x00\xba\xff\x12\xfe\x45\x00"
  "\xdf\x00\x9b\xfe\x44\x00\x07\x00\x9c\x00\xd9\xff\x83\x00\xcd\x00\x09\x00\x2b\x00\x3f\x00\x47\xff\xd9\x00\xfb\xfd\x43\x01\x6f\x00\xb3\xff\x5d\xff\x3e\xff\x87\x00"
  "\x02\x00\x2b\x00\x72\xff\x57\xff\xc3\xfd\x75\xff\x2a\x00\x7a\xfe\xcf\xff\x22\xff\xc3\xff\xac\x00\xe1\xfc\x8d\xfe\x4f\x01\xb5\xff\x39\x00\x28\x00\x06\x02\x2c\x02"
  "\x0e\x00\xbf\x00\x82\xff\x74\xfe\x57\xff\x93\x03\x85\x00\xe0\xff\x60\x03\x64\xff\x98\xff\x85\xff\x31\xfe\xef\xfd\xb5\xff\x21\xff\x4c\xfd\x3d\x02\x74\xff\xdf\xff"
  "\x47\xff\x68\xfe\xb3\x01\xdb\x01\x94\x00\x1e\xfe\x79\x00\x9c\x00\xd1\xff\xe8\xfd\xbd\xfd\x04\xff\x30\x00\xf3\xff\x1e\x01\xe0\xff\x8d\xff\x84\xfb\x17\x00\x31\x00"
  "\x38\xf9\x16\x00\x81\x00\x34\x01\x81\x00\x31\x00\x59\x00\xcc\xfe\x99\x01\xef\xff\x48\x01\x85\xfc\xbf\xff\xfd\x00\xf4\xff\x03\x00\xc4\xff\x9f\xff\xf9\xff\x35\x00"
  "\x1f\xff\xde\x00\x72\xff\x8a\x00\xa0\xfd\x35\x03\xa6\xfe\x94\xff\xc5\xff\x2f\x05\x75\xfe\x68\x01\xd3\xfe\x1a\x01\xce\x01\x5d\x00\x9c\x01\xe6\x00\x9d\xfe\x1a\xfe"
  "\x41\xff\x58\x02\xd8\xff\xe2\xff\x88\xfe\xd5\xfa\x64\xff\x4e\x00\xce\xff\x02\xfd\x6c\x00\x34\x01\xfe\x00\xa8\xff\x28\x01\x31\xfc\xff\xfe\xd9\xfd\x89\x01\x06\x00"
  "\x63\xfe\xe7\x02\xd6\x01\x4a\x00\x85\x05\xfc\x00\x48\xff\xfe\x02\x49\x01\x91\x00\x9c\x00\x20\x01\x13\xff\x9a\xfe\x04\x02\x47\xfe\x2b\x00\x6f\x00\x43\x00\xfd\x00"
  "\xa2\xff\xdf\x03\x39\xfe\xb4\xff\x3f\xff\xb2\xff\x73\xfd\x7c\xfe\x48\x00\x66\xff\x0d\x00\x31\xff\xa9\xff\xb7\x01\xa2\xff\x30\x00\x3f\x04\x32\x00\x19\x00\x97\x00"
  "\x2a\xff\xe3\xff\x45\x00\x55\xff\x5e\xff\x34\x00\xe3\xff\xdd\xfd\xee\xff\x55\x00\xf2\xff\xc2\x00\xe5\x01\x9f\xfe\xe2\xfe\xcf\xff\xc4\xff\xef\xff\x02\xfe\xc8\xfe"
  "\x9d\xfe\xe8\x00\xe3\xfe\x65\x01\xe1\xff\xae\xff\x9b\x00\xd4\x00\xa6\xff\x86\xff\x0e\x02\xd2\xfd\x19\x01\x5c\xff\x04\x00\x80\x00\x20\xff\xf2\xfe\x73\xfe\xa6\x00"
  "\x82\x00\x6d\xff\xbb\xff\xae\xfe\x49\x01\x56\x00\xc9\xfe\x92\x00\xd8\x01\x2c\xff\x1d\x00\x03\xff\x38\xfe\xb8\x02\xd9\x00\x5a\x00\xda\x02\x8c\xfe\x63\x02\x81\xff"
  "\x28\x01\x68\x00\x60\x02\xd2\xff\xc6\x00\x92\xfd\x7f\x00\xa5\x02\x05\x01\xaf\x00\xe2\xfe\x94\xfe\x0a\x00\xcf\x00\x61\x00\x51\x01\xcf\xfb\x49\x00\x7e\x02\x52\x00"
  "\xfa\xfe\xd9\xfd\x88\xff\xce\xff\x7a\x00\xe0\xff\x9d\xff\x5b\x00\xb7\xff\x58\xff\xea\xfe\x35\x00\x8c\xfc\xd8\xff\x09\x00\xb2\xff\x05\xff\xc6\xff\x95\xff\xa4\xff"
  "\x51\x00\x23\x00\x84\x00\xbf\xff\x25\x00\xe9\xff\x0d\x00\x41\x01\x05\x00\x79\x00\x27\x01\x36\x00\x1e\x00\x42\x00\xc9\xff\x86\xff\x39\xfc\xaa\xfb\xc7\x00\x81\xff"
  "\x98\x01\xf9\x01\xd5\xff\x64\xfe\xc8\xfd\x55\x01\xa1\x02\xa2\x01\x68\x04\xcc\x02\xea\xfd\xd0\xff\x90\xff\x83\xfe\x78\xfd\x46\x01\xd0\xfe\x65\xfd\xa8\xfe\xf9\xfc"
  "\xb6\xfe\xe6\xfa\x52\x01\xa9\x00\x63\xfc\xc5\x02\x94\x02\x7b\xfd\x7c\xff\x04\x00\x3e\x00\x4b\x00\x6b\xff\x7e\x01\xa5\x01\x3d\x00\x4e\x01\xbb\x00\x61\xff\x77\x00"
  "\x1b\x00\x60\x05\x84\x00\x9b\xff\xe7\xff\xe0\xfe\x72\xff\xab\x00\x72\x00\xa1\xff\x61\xff\x5d\x01\x95\xfe\x3b\xff\xcd\x00\x35\x00\x86\x00\x60\x03\x4a\x00\x3d\xff"
  "\xdf\xff\xb4\xff\x78\xfd\xc2\x01\xc0\xff\x3a\xff\x3a\x00\xe3\xff\x57\xff\x60\x00\xf0\xfe\x09\x02\x81\x00\xd0\xff\x06\x00\x72\x00\x7b\xff\x46\xff\x7e\x00\x7b\x01"
  "\x44\x00\xd9\xff\x22\x00\x95\x00\xfd\x00\x79\x00\x57\x00\xfb\xff\x46\xfd\x49\xff\x75\xff\x6f\x01\x6e\xfe\xfc\xff\x53\xff\xbf\x00\xb9\xfd\x50\xfd\xea\x00\x09\x00"
  "\xc2\x00\x73\x00\x27\xfe\xfa\xfe\x66\x00\xf9\xfe\x21\x00\x70\x02\xb9\x01\x3b\xff\x91\xfe\x79\x00\xc6\xff\x11\x01\xd1\x00\xea\xfc\x16\x01\x8b\xff\xad\x01\x41\x00"
  "\xe6\xfd\x33\x00\x8e\x01\xbb\xff\x9f\x00\x03\x00\xb2\xff\x8c\xff\x0f\x00\x6b\x00\x1a\x00\xfe\xff\x26\x03\x09\x00\xd4\xff\x9f\x00\xe5\xff\x00\x00\x1b\x00\x04\x00"
  "\xfc\xff\xb9\xff\x2d\x00\x15\xfe\xd7\xff\x35\x00\xee\xff\xc9\x00\xa3\x00\x43\x00\xeb\x00\x21\x00\xfe\xff\x3f\x00\x3e\x00\x55\xfe\x68\xff\xd5\xff\xe8\xff\xa0\xff"
  "\x43\x00\x5b\xff\xdc\xff\x81\xfe\x1e\x00\xed\x00\xd9\x00\xc6\xff\x9c\x00\x20\x00\xca\xff\x50\xfe\xf5\xff\xcc\xff\xee\xfe\x7b\xff\xbb\xff\xf0\xff\xac\xff\xbd\xff"
  "\xfd\xfd\x97\xfc\x08\x00\x68\x02\x7c\xff\xd6\x00\x7a\x04\x96\xf9\xda\xfd\x44\x00\x3b\x01\xbf\x01\x89\x00\x53\x02\xa0\xff\x1a\x00\x02\xff\xd4\x01\xd1\x01\x5c\x01"
  "\x28\x02\xd2\x00\x26\xff\x1e\xfd\x67\x00\xfc\x02\xe8\xfc\xab\x01\x24\x02\x99\xff\xd6\x00\xf7\xff\xee\x01\x5b\x02\x99\x00\xf7\xff\x7f\x00\x08\x02\x23\x01\xcc\xff"
  "\xdf\x00\xd4\xff\xe1\xff\xab\xfe\x12\x00\x02\xfe\x49\xff\xe1\xff\xbb\x00\xe6\xff\xea\xff\xd4\xff\x36\x00\xd0\xff\xf0\xff\xea\xff\x2c\xfe\x90\xff\xb6\xff\xdf\xfe"
  "\x79\xff\xa0\x00\x05\x00\x8f\x00\x64\xff\x41\xfe\xc5\x01\xa7\xff\xd9\xff\x0a\x00\x75\x01\x3d\x00\x4e\x00\xc7\xff\xb2\xff\xc3\x00\x1d\x00\x16\xff\x92\x01\x26\x00"
  "\x54\xfd\x0e\x00\x84\xff\xe9\x00\xae\x00\x28\x00\x3f\x00\xb1\x00\x32\x00\xa1\xff\x82\x00\x41\x00\x4d\x00\xb0\xff\xf3\xff\xef\x00\xa7\xff\x89\x01\xf2\xff\xea\xff"
  "\x6d\xff\x66\x00\xab\xfe\x5e\xfe\x2c\xff\x5e\x01\x10\x00\xba\x01\x5b\xff\x8d\x01\xb1\xfe\x64\xff\xb5\xfe\x00\x00\x28\x01\xd8\x01\xbb\xfb\xd9\xff\xdd\x02\x1e\x01"
  "\x5c\xff\xa5\x02\x1b\xfd\x40\x01\xf4\x01\xa5\x00\xea\x00\x0a\xff\xe8\xff\x76\x01\xde\xfe\x32\xff\x30\x04\x48\x00\x6a\x00\x48\xff\x9d\xfe\x2c\x02\x19\x00\xb0\xff"
  "\x18\x03\xba\x01\xc6\x02\x94\x00\x3c\xff\x3a\x01\xd4\xfe\xa5\xfe\xf3\x00\x37\x00\x65\xfe\x59\x03\x35\x01\x6b\xfe\x86\xff\x4b\xff\xc6\xff\x34\xfe\x81\xff\x91\x03"
  "\x41\xf9\x7b\xfc\x28\x07\x58\x01\xf7\xff\x6d\x00\x58\xfb\x96\x00\x83\xfd\x47\x01\x22\xff\xb4\x02\x02\x00\x6a\x02\x29\x01\xe6\xff\x1f\x00\x36\x01\x64\x01\x54\xff"
  "\xc6\xfc\xf5\xff\x1d\xfd\x38\xfe\x78\x02\x06\x02\x57\xff\x5d\xff\x2c\x00\x8f\x01\x7f\x00\x52\xfd\x12\xfd\xad\x01\x50\x00\x56\x01\x86\x01\x0c\x01\x06\xff\xa3\xff"
  "\x77\x00\x77\x00\x2b\x00\x02\xff\x06\x02\xc4\xff\x75\x01\x03\x00\xcf\xff\xf8\x01\x45\xff\x7f\xff\x97\x00\x86\xfe\xa7\xfe\x2d\x03\xc9\xff\x4b\xfe\xd4\xfe\xf4\xff"
  "\xa9\x00\x30\xff\xea\xff\x52\xfb\xa5\xfe\x3d\xff\x15\x00\x3b\x00\xc2\x00\x74\x00\x58\xfd\x36\x03\x41\xff\x2f\xfe\xf3\xff\x57\x01\xf1\x00\xc4\xfc\xf5\xfd\xa9\x00"
  "\x1e\x02\xf4\xfa\xcf\xff\x07\xfc\x8a\x00\xb4\xff\xa1\xfe\x1f\x00\xb6\x03\x59\x01\xe9\xfe\x34\x01\x9b\x00\x8c\x00\x17\x00\x6d\x01\x00\xfc\x18\xfc\x83\xfd\x85\xff"
  "\xb2\xff\xc4\x00\x4a\x01\xdd\xfe\xc7\x01\x8f\x00\xa8\x00\xa1\xfe\x5c\xfd\xde\x01\x74\xff\x4d\x02\x0e\x00\x87\xff\x24\xfe\x2f\x02\x7a\xfd\xa9\xff\x1a\x02\x48\xff"
  "\x68\x00\x6e\xfc\x8d\x02\x3f\xff\x39\x01\xd7\x00\x6f\x09\x3d\x01\xd3\xff\x08\x02\x56\x00\x54\xfe\x53\x01\x9b\xfd\x14\x00\xb8\x01\x32\x00\xd0\xfe\xcc\xff\xd4\x02"
  "\xb1\xff\xa0\xff\x0a\x00\xed\xfe\x83\xff\x06\x00\xff\x00\x0e\xff\x01\xff\x9a\xff\x42\xff\xd2\xfe\x60\x02\x23\x01\x4e\x00\xdd\xfb\xc7\xff\xe4\xff\x7a\xff\x34\x01"
  "\x26\x00\x00\xff\xd1\xff\xca\x00\xf0\xff\x68\xfe\x22\xff\xe9\x00\x72\x00\x57\x00\xe6\xff\x7d\xff\x57\x00\xf0\x00\x94\xff\xc4\xff\x05\x00\x00\x00\xef\xff\x4e\x00"
  "\x20\x00\xdf\xff\x12\x00\x12\x00\xf3\xff\x13\xff\xaa\x00\x33\xff\xff\xff\xfa\xff\x12\x00\xde\xff\xd4\xff\xe0\x00\x25\x00\xfd\xff\x41\x00\x63\xff\x50\x00\xae\xff"
  "\xdf\xff\xcf\xfe\x95\x04\xde\xff\x53\x00\xa5\x00\xef\xff\x43\x00\x9d\x02\xa5\x01\x9a\xfe\x56\xff\x5c\x00\x02\x01\x5b\x00\xdf\x00\x8a\x02\x57\xff\xa2\x00\xaf\x01"
  "\x3a\x06\x28\x01\x1c\xff\x98\x01\xc3\xff\x95\x00\xf4\x00\xf3\xff\x75\x04\xde\xff\x4a\xfc\x06\x02\x0f\x00\xdd\xff\x1d\x04\xa9\x00\x42\x01\x6e\xfe\x5d\xfe\xec\xfe"
  "\xf7\x00\x76\xff\xf5\xfd\x87\x02\x64\x00\x72\x00\x69\xff\x30\x01\x42\x00\xc0\x01\xfd\xff\x0e\x00\x25\xff\x72\x00\xe1\xff\xb9\x00\xd6\x00\x8e\x01\x7c\x03\x70\x00"
  "\x48\x00\x8a\x01\x12\x00\xa2\xff\xce\xff\x02\x00\x5e\x00\x54\x00\x0f\x00\xb8\x00\xe8\x00\xec\xff\x1e\x02\x21\x00\xb5\xfe\xdc\x00\x36\x00\xb6\xff\xfb\xff\x89\x00"
  "\x2f\xff\x99\xff\x89\x00\xaa\x00\xfb\xff\xd4\xff\x1a\x00\xd1\x00\x06\x00\xa8\x00\xae\x00\xef\xff\x93\xff\x31\xff\x58\xff\x60\xff\xfa\xff\xe7\xff\x34\x00\xcf\x00"
  "\x99\xff\x04\xff\xac\xff\xa8\xff\x17\x00\x2b\xfb\x79\xff\xf4\xfd\xe5\xfe\x72\x00\x56\xfe\x51\xfe\x7b\xff\xdb\x00\x7c\x00\x49\x00\x27\xff\x8a\x01\x32\x00\xa4\x00"
  "\x8f\x02\x0f\x00\x4f\xfe\x49\xff\x2b\x00\xf9\x00\x4c\x01\x24\xfc\x6d\xfe\xa7\x02\xbf\xfe\x3a\xfd\x29\x02\xce\xff\x20\x01\x7f\x01\xc8\xfe\x3d\x01\x02\xfe\x16\x00"
  "\x69\xfd\xda\xff\x45\xfd\x37\x00\x25\xfe\x77\x00\xfe\x02\x51\xfe\x92\xfe\xdc\xff\xd8\xfe\x20\xfa\xd6\xfe\xed\x00\xa5\xfe\xad\xfe\x40\x00\x89\xff\x9f\x00\xaa\xfe"
  "\x2b\xff\xc4\xfe\x7f\x00\x00\x01\x9d\x00\xcd\x02\x74\x00\xbe\x00\x41\x00\x03\xff\xf0\x00\x0a\x02\x26\xfe\x74\x00\xe8\xfe\x03\xfe\xe7\xfe\xba\x02\x97\xff\x2f\xfb"
  "\x4b\xff\x43\xfe\xd4\x00\xa5\x01\x7a\xff\x65\x01\xe2\xff\x06\x00\xb5\xff\x47\x01\x99\xfd\xe8\xff\x03\x00\x73\xff\xcb\xff\x2c\x00\x01\x00\x38\x00\x5b\x00\xcb\xff"
  "\xeb\x00\xaa\xff\x40\x00\x11\x00\x43\x00\xf8\xff\xea\xff\xde\xfe\x61\x00\xd3\xff\x89\x01\xc3\xfb\x17\x00\x65\x00\xed\xff\x4c\x00\x3e\x00\xa2\xfe\x66\xff\x18\x00"
  "\x8f\x00\xdb\xff\xfa\xff\x8f\x04\x84\xfe\x74\xfa\x1f\x01\xae\x00\x06\x01\x7b\x00\xa4\x02\x7b\x00\x95\xff\xe4\xff\x04\x02\x92\xff\x18\x01\x7f\xff\x04\xfe\xf1\xff"
  "\xaa\xfe\x3e\x00\x6e\xfe\x00\x02\x61\x00\x16\xff\xd2\x00\x9b\x00\x78\x02\x44\xfe\xdb\xff\xc8\xff\xed\x00\xa9\x02\xc5\x00\x6f\xfb\x46\x00\x0d\xfe\x5b\x01\xdd\x00"
  "\xf4\xfe\x15\xff\x35\xff\x95\x00\x15\xfe\x59\x00\x12\x00\xa6\xfe\x9e\xfe\xac\xff\x5f\x01\x0c\x00\xf1\xff\x36\x00\xa6\xff\x63\x00\x45\x00\x4f\x00\xfd\xff\xd2\x00"
  "\xff\xfd\xd9\x00\x64\x01\xfa\xff\x19\x01\x4e\xfe\x2d\x00\x1e\xfd\x03\x01\x5c\xff\x6e\x02\x64\x00\x69\x01\xd7\xfe\x76\xff\xb9\xff\xc6\xff\x75\x00\xed\xff\xb1\x00"
  "\xf9\x01\x28\x01\x9a\x00\x74\x01\x0b\x01\x5b\x00\x68\x00\x06\x00\x8a\x00\xfb\x00\x34\x00\x1c\x01\x89\xff\x52\xff\xfe\x00\xc5\xff\x17\x00\xb2\x01\xa1\x00\xa7\x01"
  "\xf4\xfb\xc1\x02\x21\x00\xb4\x01\x9f\xfe\x22\xfe\x9b\x01\xb0\x00\x0f\x01\x2b\xff\x60\x00\xa9\x00\x1b\x01\xbe\x00\x21\xff\xa1\xff\x4d\x03\x7e\x02\x92\xff\x13\x00"
  "\xa9\xfe\x9e\xff\xed\xff\x12\xfe\x40\xfe\x93\x01\xaf\x01\x0b\x01\x07\x00\x92\x01\x58\xfe\xe7\x01\x6b\x01\xce\xff\x1f\xff\xc5\xfc\x2b\xfd\x40\xff\xc7\x00\xe3\xfd"
  "\x98\xff\x34\xfb\xf4\xfc\xbb\xfe\x1c\xfc\x38\xff\x81\x01\x22\x00\xff\xfd\xb7\xfe\xfb\x01\x60\x00\x8c\x00\x85\x00\x40\xff\x48\xfd\x52\x05\xac\x02\x89\xfd\x3a\x00"
  "\x1c\x00\x03\xff\x28\xff\x0e\xff\x3d\x00\xa3\xff\xe4\xff\x11\x00\x16\x00\xa1\xfe\xe9\xff\x77\x00\x16\xfb\x72\x00\xe4\xff\xbb\xff\x1d\x00\xc4\xff\x55\x00\xad\xff"
  "\x2b\x00\x38\x00\x17\x01\x43\xff\x37\xff\x19\x00\x62\x00\xe9\xff\x84\xff\xc7\xff\xf1\x00\x45\x00\xa5\x01\x36\x00\x84\x00\x96\xfe\x55\x00\x2b\x00\xcd\xff\x4a\x01"
  "\x07\x00\x55\x00\xc6\xff\x3f\x00\x59\x00\x39\x00\xc0\xfe\x0c\x02\x34\x00\xcc\xff\x55\x00\x77\x00\x89\xfd\x24\xff\x7c\x00\xf9\xff\x10\x00\xc8\xff\xda\xff\x04\x00"
  "\x83\x00\x12\xff\x14\x01\xc2\xff\xb9\xff\xb5\xff\x71\x00\xbd\xff\x5c\x00\x0f\x00\x86\xff\xea\xff\xfd\xff\x7a\x00\xa8\xff\x0b\x00\xb6\xff\x3f\x00\xd5\xff\x77\x00"
  "\x79\xff\x26\x00\x01\x00\xfb\xff\x59\x00\x28\xff\xce\xff\x60\xfe\xde\xff\xbc\xff\xfc\xff\x5e\x00\x9d\x00\x99\xff\x6e\x00\x21\x00\xb9\xff\x76\x00\xfd\x00\x5c\x00"
  "\x91\xff\x0f\x00\xef\x00\xf2\xfe\xfe\x00\xda\xff\xb9\x00\x8c\x00\xef\x00\x01\x01\xda\x01\x0e\xff\x4f\x00\xde\xff\xaf\xff\xfc\x01\xc6\xff\xf6\xfd\x1c\xff\x27\xff"
  "\x9c\xfe\xcc\x00\xbf\x00\x9d\xfe\xa3\x01\x27\xff\xab\x01\x4e\x00\xeb\xfe\x24\xfe\xee\x03\x17\x02\x67\x01\x34\xfc\x3b\xff\x42\xfe\xa5\xfe\xee\x00\xac\x01\x86\x01"
  "\xeb\xff\x0b\x01\xc6\x00\x47\x01\x11\xff\x28\xff\xe1\x01\x35\xff\x56\x00\x4f\x01\xeb\x01\xb8\xff\x99\x01\x9f\x00\x98\xff\xea\xff\x03\xfd\x69\x02\xc1\x01\x84\xfe"
  "\xf0\x01\xd0\xfe\x48\x01\xf7\xfe\x30\x00\xa1\xff\x39\xfc\x2f\x01\x95\x00\xda\x00\x90\x01\xc4\x00\x83\x01\x45\x01\x02\xff\xc0\x01\x3f\x02\xca\xfe\xa0\xfe\xce\x02"
  "\x41\x04\x3e\x02\x1a\x03\xf0\x01\x34\xf9\xec\x03\x0c\x00\x9d\x00\xa7\xff\xd8\x03\x88\x00\x66\xfe\xdc\xf9\xf9\xfe\x23\xff\x99\xff\x93\x02\x92\xfb\xac\x00\x93\xfd"
  "\x77\xfe\xa5\xff\x75\xff\x3d\x00\xcf\xff\xd5\xff\xe2\xfd\x53\xff\xfc\xfd\xe0\xff\x55\x02\xc6\xfe\x2d\x01\x1e\x01\x14\x02\x7f\x00\x60\xff\x1a\x01\x01\x00\xae\x03"
  "\x6d\xfe\xb3\x00\x89\xfe\xe1\xff\xd7\xff\x94\x00\x07\x00\xe8\x00\xba\xff\x4e\x00\x4a\xff\xbe\x01\x6a\x02\x90\xfe\xab\x00\xf3\xfe\x5a\x00\x19\xff\x4e\x01\x27\xfe"
  "\xba\xff\x5e\x01\x4c\xfe\x4b\xff\x4b\xff\xcf\x01\xe7\x02\xaf\x00\x9b\xff\x7c\xff\x85\xff\xe7\x00\xf1\xfd\xd3\x02\x4a\x00\x15\xff\xb8\x00\x26\x01\x5a\x00\x1b\x00"
  "\xe0\xff\x02\xff\x75\x00\x57\x01\xb7\xff\x2f\x00\xd2\x01\xb5\xff\xf4\xff\x2c\x00\x64\x00\x60\x01\x39\x00\x23\x00\xbb\xff\x36\xff\x81\x00\x18\x01\xda\x01\x58\xfd"
  "\x37\x00\x03\x00\x3f\x00\x0e\x01\x03\x01\x50\x00\xce\xfe\x2e\x00\x39\x00\x3a\x00\x96\xfe\x10\xf9\xca\x00\x05\xff\x02\x00\xc2\x00\xd8\x01\x35\x01\xd1\xff\x54\xff"
  "\xdc\xff\xb0\xfc\xe4\xff\xb3\x00\x02\xff\xba\xfe\x24\xff\xf5\x01\x6e\x00\x09\xfe\x29\x01\x43\x00\xd1\x00\xd1\x00\x56\x00\x8c\x00\x67\x00\xc5\x00\x20\x02\x38\x01"
  "\x49\xff\xd3\x00\x25\xff\x7e\x02\x9a\xff\xcc\xff\x90\xff\xba\x01\xd4\xfe\x06\xff\x2b\x02\x8c\x00\x69\x01\xfa\xff\xf6\xfd\x7d\xff\x07\x00\x44\xff\x6a\x00\x66\xfe"
  "\x69\x00\xbc\x01\xad\xfe\x11\x01\x10\x02\x73\x00\x79\xff\x1f\xff\x7a\xfe\xc4\xfc\xea\x00\xd4\xff\x8d\xfe\x14\xfd\x47\x02\xc3\xff\xe2\x00\x80\x00\xdf\xff\x39\xff"
  "\xc5\xff\x78\x02\xc7\x00\x6a\x00\x02\x00\x38\x00\x78\x00\xa0\x01\xf7\xff\xeb\xff\x80\x00\x29\xff\x15\x00\xaa\xfe\xd9\x00\x4c\x00\x6b\x00\xaf\xff\xa1\x00\x46\xff"
  "\xd8\x00\xd5\xfe\xa6\xff\xc3\xff\xc3\x00\xf4\xfd\x80\xfe\x4a\x00\x81\x00\x45\x00\xc6\x00\xe3\xfd\xca\xff\x42\x00\xde\xfd\x0d\x00\x1f\x02\xe3\xff\x31\x00\x4c\x00"
  "\x25\x00\x0f\x00\x48\x00\xa6\x00\xee\xfe\x07\x00\xa0\xff\xcd\xff\xb8\xff\x46\x00\xfb\xff\x93\x00\x02\x00\x6f\xff\x01\x02\x99\xff\xcc\xff\x26\x00\x09\x00\x75\xff"
  "\x5d\x00\xcd\xff\x27\x00\xa2\xfe\x2e\x00\x10\xfe\x74\x00\x0d\x00\x68\x01\x61\xff\x94\xfe\x54\x00\x2d\x00\x12\x00\x2e\x00\x7e\xff\x43\xfe\x20\x00\x53\x00\x06\xff"
  "\xf0\xff\x22\x00\xf6\xff\x55\x00\x33\x00\x6c\xfe\xdb\x00\xae\xff\x5c\x00\x9b\xff\x27\x00\xf3\xff\xe9\x00\x18\x00\x61\xff\x69\xff\x0d\x00\x22\x01\xad\xff\x0e\x00"
  "\x05\x02\x49\x00\xc1\xff\x99\x00\xbf\xff\x38\x00\xfb\xff\x8a\x00\x12\x00\xed\xff\x9a\x00\x36\xff\x0f\x00\xad\xff\xee\xff\x2f\x01\x1f\x00\xa2\x01\xaf\x01\x38\x00"
  "\xca\xff\x6a\x00\x3f\xff\x93\xfe\xca\x00\x6d\xff\xaf\xff\x92\xff\x2e\x00\x41\xfe\x3e\x00\xc6\xff\xec\xff\x1d\x00\x07\x00\xed\xff\x1b\x00\xfc\xff\x22\x00\x6b\xff"
  "\x5c\xff\x0f\x00\xd4\xff\x57\xff\xa6\xff\x20\x00\x16\x00\x49\x00\x69\x01\xa9\xfd\xea\xff\x7b\x00\xf4\xff\x9a\xff\x55\xff\x49\xff\xf7\x00\xe2\x00\x87\x00\xdf\x00"
  "\xae\xff\x4e\x01\x77\x00\x58\x00\xe0\xfe\x9e\xff\x15\x00\x8e\x00\x3b\x00\x18\x00\xcc\x00\x3d\x00\x9b\xfd\xbf\xfd\xad\x00\x98\x00\xcb\xff\x9b\xff\x3f\x00\x06\x00"
  "\xd3\xfe\x49\x01\x2e\x00\xd5\xff\x2f\xff\x43\x00\x48\x00\x17\xfe\x8e\xfd\xb2\x01\x0f\x00\x0e\x00\xbc\x01\xab\x01\x2d\x02\xd6\xff\x56\xfe\xbd\x02\x9f\x02\x4b\x01"
  "\x48\x02\xf2\xff\x51\xff\x7c\x01\x6d\xff\xc9\xff\x39\xfe\x6c\xff\xc3\xff\xd7\xfd\x0f\xff\x40\xfe\x29\xff\xf1\xff\x3b\x02\xab\x00\xac\x00\x00\x01\x21\xfe\x24\xff"
  "\xfc\xff\x90\xff\x51\x00\x44\xff\x32\x00\x1c\xfc\xcf\xff\xab\xff\x08\xfc\xcf\xff\xb1\xfe\x6b\x01\x06\x00\x1a\x00\x24\x00\xd8\xfe\xfe\xff\xa6\x00\x96\xff\x39\xfe"
  "\x8a\xff\xf3\x00\x77\x00\xe3\x00\x2f\x02\x89\xfd\x64\x01\x9c\xff\xf3\xff\xc4\x00\xe2\xff\x03\x01\x45\x00\xd2\x00\x0a\x00\x77\x00\xc5\xff\xf9\xff\x92\xff\x9b\x00"
  "\xd7\x00\xc4\xff\x9f\xff\x79\xff\x7c\xff\x5e\xff\x1c\x00\xa9\xff\xb4\xfe\x5a\x00\x58\x00\x30\x00\x6e\x00\x02\x00\x75\x00\x43\x00\x0e\x01\x2a\xfc\x7e\x00\xee\xff"
  "\x62\x00\xb7\xff\x17\x00\xa0\x00\x03\x01\xe8\xfe\xc5\xff\xc9\x00\x67\x00\xc9\xfe\xe7\xfe\xe7\xff\x0d\xff\xd5\xfe\xe7\x00\xfb\xff\x0a\x00\x9f\xfb\x30\xff\x5a\xff"
  "\xe6\xff\xcc\x02\xe9\x00\x6a\x00\xe6\xff\x7b\x00\xc3\xff\x5e\xfe\x47\xff\x22\xfe\x8b\x00\x6a\xff\x95\xff\x8d\xfc\x18\x01\x75\xff\x02\x01\xc1\xff\x37\xfd\xc4\x00"
  "\x2b\x00\x0b\xff\xda\xff\x0c\x00\xd3\xff\x97\xff\x01\x00\x02\x01\x54\x00\x22\x00\x53\x00\x83\x00\xae\xff\x34\x00\x06\x00\x55\x00\x2b\x00\x97\xff\xbf\xff\xa0\x00"
  "\x81\x00\xa8\xff\xef\x00\xd4\xff\x90\xff\xb3\xff\xc5\xff\x36\x00\x7d\xff\xf2\xff\x0e\x00\xa7\x00\x52\xff\x60\xff\xc1\x00\x30\x00\x84\xff\xa8\xff\x11\xff\xd6\xfe"
  "\xc8\xff\xf8\xff\x85\xff\x13\x00\x25\x00\x57\x00\x19\x00\x00\x01\xef\xff\x43\x00\xb2\xff\x8e\x00\x43\x02\xc2\xfe\x73\xff\xe1\xff\x50\xff\x0a\xff\x46\xfc\xff\xff"
  "\xc3\xff\x10\x00\x1a\x00\x4c\x00\xae\xff\x7b\x00\x74\x00\x6b\x00\xdc\xff\xd7\xff\xed\xff\x92\xff\x51\xff\x0a\x00\xed\xff\xc8\xff\x5c\x00\x12\xff\xf4\xff\xce\xfe"
  "\xe8\xff\x70\xff\x75\xff\x38\x00\xe0\xff\x9c\xff\x26\x00\x43\x00\xf2\xff\xc4\xff\xba\x00\xb2\x00\xc7\xff\xda\xff\xcc\xff\xad\xfd\xe2\x00\x3e\xff\xa6\xfe\x00\xfa"
  "\x5f\x00\xc4\xfc\x5c\xff\x7e\x00\x3f\x01\x23\xff\xd2\xfd\x03\x01\x5a\xff\x28\x02\x0a\x00\xb5\x01\xd8\xff\x91\x01\x4d\x00\xa0\xff\x46\x00\xfa\xff\x87\xff\x12\xfa"
  "\x63\x00\x50\xff\x7b\x02\x2a\xfe\x84\x02\x69\x03\x38\xff\x83\x00\x93\x00\xf5\xfd\x22\x01\x59\x00\x4f\x01\x6e\xfe\xbb\xfd\x26\x01\xf4\xfe\x27\x00\xe3\x00\x6c\x02"
  "\x2f\x00\x9b\x00\xa0\xff\x99\xfe\x6f\xfd\x40\xff\xc1\xff\x54\xff\x7b\xff\x06\x00\xea\xff\x41\x00\x60\x02\x1e\x00\xf6\xfe\x9d\xff\x48\x00\x2b\x00\x06\x00\x28\xff"
  "\x1f\x00\xb4\x00\x52\x00\x06\x00\xf0\x00\xa0\xff\xec\xff\xc8\x00\x5a\x00\x53\x00\x3a\x00\x0d\x00\xc7\xfe\x1c\x00\xdd\xff\xa2\x01\x3c\x00\xff\xff\xdd\xff\x76\xff"
  "\xfa\xfe\x52\x01\x5d\x00\x08\x00\x12\x00\xa3\xff\x2c\x01\xb8\xff\xe1\x00\xbf\xff\x18\x00\x07\xff\x05\x00\xbe\xfd\x7d\x00\xdd\xff\xda\x00\xab\xff\x35\x00\x0c\x00"
  "\x18\x00\xc9\xff\xaa\xff\x9c\xff\x88\xfe\xc0\xff\x20\x00\x3d\xfe\xb5\xff\xf2\xff\xf9\xff\x44\x00\x90\xff\x39\xff\x79\x01\xec\xff\xa8\xff\x8d\xff\xf9\x00\x60\x04"
  "\xe1\xfe\x4e\x01\x94\x02\x09\x01\x6a\xff\x28\xfe\xae\xff\xe1\xfe\xfe\xff\x81\x00\xc4\xfe\x53\x01\x94\xfe\x29\xff\xb1\x00\x50\xff\x15\x00\xb8\x00\x8a\xfe\x8d\xff"
  "\xc6\x00\xde\xff\xec\xff\x8f\x00\x4c\x02\xfd\xfd\xd8\x02\x64\x00\x09\x01\xff\xfe\x29\x02\xee\xff\x62\x00\x1f\x00\x19\x00\xaf\x00\xd6\x00\x6e\x01\x43\xff\x27\x00"
  "\x37\x00\x57\xff\xed\xff\xe1\x00\x78\xff\xf2\xff\xc1\xff\xd7\xff\x62\x00\x07\x00\x40\x00\xec\x00\xe2\xff\xa1\xff\xa8\xff\x37\x00\xcb\xff\x51\x00\x8a\x00\x4c\x00"
  "\x49\x00\xc7\xff\x3c\xff\x76\x01\xef\xff\x38\x00\xf1\x01\xf9\x01\x54\x00\xef\xff\x81\xff\xd4\xff\xde\xff\xd4\xff\x11\xff\x83\x01\xa9\xff\x02\x00\x98\x00\x00\x01"
  "\x78\xff\xe3\xff\x11\x00\x70\x00\xea\xff\xd6\xff\xec\xff\x2f\x00\x8d\x00\xae\x00\x0b\x01\x3d\x00\x2c\x01\x3c\x00\xa7\xff\x41\x01\xde\xff\x57\x00\x8b\x00\xf0\x00"
  "\x0b\x00\x7f\xff\x7c\x01\xf6\xff\xc4\xff\x47\xff\x76\xff\x91\x00\x99\xff\x25\x00\x76\xff\x8a\xff\x92\xfd\x9c\xff\x35\x00\xda\xff\xfd\xff\x0c\x00\x1a\x00\x3c\x00"
  "\x98\xfd\xd3\x00\x9f\x00\xc9\xff\x2b\x00\x16\x00\x41\x02\x00\xfe\x16\x01\x56\x01\xca\xff\x86\xff\x83\x00\x64\xff\xd6\xfe\xf2\xff\x2a\xfc\x72\x00\x6b\xff\x02\x00"
  "\xdd\xff\x28\x00\xf7\xff\x0f\x01\x69\x00\x60\x00\x3d\x00\x01\x02\x8e\xff\xea\xff\x1e\x00\xf3\x00\xb9\x01\x10\x00\xcc\x00\x1e\x00\x64\x00\xa2\x00\x25\xff\x40\x01"
  "\x83\x00\xb7\xff\x43\x00\x41\x00\xc5\x02\x25\xff\x8a\x01\x88\x01\x96\x00\xbd\x0a\x38\x01\x89\xfc\x62\x01\xd5\x00\x1c\xfe\x37\x01\x73\x00\x28\x00\x7a\x00\x28\xff"
  "\xa4\xff\xbc\xfe\x4f\xff\x5f\xfe\xdf\xf9\xb3\xfe\x1b\x02\x4b\xfd\x9b\xff\x33\x01\xc5\x00\x1b\x02\x54\x00\xa0\x00\x01\x02\x98\x00\x18\xff\x94\x00\xda\x02\x90\x02"
  "\x07\xfd\xc9\xff\x87\x01\xdb\x01\x53\x01\xd0\xff\x72\x01\x6f\x00\x7f\x03\xf9\xff\x27\xff\xfd\x01\x12\x01\x7d\x01\xc7\x00\xf3\x01\x2b\xfe\xc8\x00\x12\xfe\xcd\xfc"
  "\xe6\xfc\xc5\xfe\x6c\x00\xc0\xfe\x64\x04\xfc\x00\xba\xfe\x86\x00\x42\x04\x29\xfd\x71\xfe\xb8\xfd\x22\x02\x9e\x01\xbe\xfe\x8a\x01\x8c\xff\xaf\x00\xe9\xff\xac\x02"
  "\x02\x00\x32\xfe\xe3\xfe\xb2\x01\xb6\xff\x4c\x01\xb7\xfc\x3f\xfe\x02\x01\xd4\x00\x96\x02\x59\x00\x6c\xfe\x5a\xff\x50\x01\x39\x00\x65\x03\x26\x00\x1b\x00\xdb\xfd"
  "\x19\xfd\x27\x01\xda\xfe\x97\x01\xdc\xff\xd4\x00\x8b\x00\x1e\x01\xa0\xfe\x8b\x00\x05\x04\xe1\xff\x1e\x00\xd6\xff\xa6\x00\x8a\x00\xb4\x00\xbe\x01\x68\xfc\xd6\x02"
  "\x16\xfe\x71\x02\x91\x00\x4d\xfe\xec\x01\xcf\xfe\x44\x00\x2e\xfd\x37\xff\x53\xfe\xc8\xfe\x74\xfe\x15\xfe\xb7\x01\xa2\xfe\xb1\x00\x24\xff\xfc\xfe\xa9\xff\xb0\x00"
  "\x0b\x00\xc9\xff\x00\x00\x69\x00\xbd\x00\xb4\x00\x19\xff\x30\x00\xc4\xff\x67\xff\x01\xfe\x32\xfc\x2f\xff\x2e\xfe\x79\x00\x3e\x00\xfc\xff\x85\x00\xa9\xfe\x1b\xff"
  "\x8c\xff\xe4\x00\x40\xff\xf4\x00\x4c\x00\x27\x02\x73\xfd\xd5\xf7\x1c\xff\x27\x01\x0a\xff\xe1\x04\xae\xfe\x40\xff\xf6\x00\x49\xff\x50\xff\x3b\xff\xd4\xff\xf9\x01"
  "\xba\x00\xb1\x00\x71\x00\x68\x02\xa6\xff\x10\x00\x67\xff\xcd\x06\x52\x00\x7a\xfe\x1e\x02\xfb\xff\x2f\x00\xc5\xff\xc0\xff\xd1\x00\x2c\x00\xf1\xff\x7d\x00\x2b\x00"
  "\x36\x00\x83\x00\x3a\x00\xbc\x00\x97\xff\x0b\x00\xed\xff\x89\xff\x50\x01\x12\xff\x19\x00\xc5\xfc\xfc\xff\xa7\xff\x2e\x00\xec\xff\xaf\xff\x22\xff\xa1\x00\x1b\x00"
  "\x4d\x00\x5c\x00\x1a\x02\x89\x00\x43\xff\xc7\x00\x41\x00\xc8\xfe\x58\x00\x1b\x00\x0f\x00\xce\x00\x46\x00\x4e\x00\xca\xff\x58\xff\x72\x00\xea\xff\x1b\x00\x3d\x01"
  "\x6c\xfe\x01\xff\xbf\xff\xd1\x02\x03\x00\x72\xff\x62\x00\x81\xff\xff\xfe\x8f\x01\x31\x01\xa5\xff\x7d\xff\xca\xff\xbd\x03\xfb\x03\x1e\x01\xce\xff\xb6\xff\x6f\x00"
  "\xc5\xff\x0c\x00\x9d\xff\xdc\xff\xcb\xff\x3c\x01\xce\xfe\xb9\xff\xd1\xfd\x8d\xff\xd3\xfe\x6a\x01\xc6\xfe\x20\xff\x6c\x03\xb8\xfd\x52\x00\x1f\xfe\xe1\x00\x63\xfa"
  "\x16\xff\xf3\x00\x07\x00\x77\x00\x9c\xfe\xda\x00\xbe\xff\x7c\xff\x05\x00\x56\xff\x75\xff\xa5\x01\x73\xff\xd4\x00\x63\x01\xb0\x00\xdb\x00\xc9\xff\xde\xff\x5b\x00"
  "\xb9\xff\xff\xff\x70\xff\x21\xff\x0e\x01\xcb\xff\xb6\x01\x9c\xfb\x00\x00\xfa\xff\x98\xff\xc9\x00\xf9\x00\xdf\xfc\x55\x00\xd4\xff\xd4\x00\xa5\xff\x05\x01\x52\x03"
  "\xb5\x00\x33\xff\x1a\x01\x2e\xfe\x52\xfe\xf4\xfe\x76\x00\x25\x01\xf5\x00\x2b\x01\x13\xff\xe4\x00\xab\xff\x5a\x00\x77\x01\xaa\xfe\xef\x00\x6b\x02\xb0\x00\x0d\xff"
  "\x07\x00\x63\x01\x00\x01\xef\x01\x35\xfe\xd9\x00\xd1\xfc\xcf\xfe\x61\xff\x72\x00\x98\xff\xa8\x00\xfd\xff\x5b\x00\x61\x00\x9c\xff\x67\x00\xcd\xff\x99\xff\xd2\xff"
  "\x53\xff\x43\x00\x22\xff\xdf\xff\xaa\xff\x36\x00\x30\x00\x4b\x00\x18\x00\x9c\xff\xa8\xff\x4b\x00\xb9\xff\x8f\x00\x0c\x00\x1e\x00\x32\x00\xb7\x00\x13\x01\xe4\xff"
  "\x51\x00\xea\xff\x79\xff\x60\x00\x67\x00\x7e\x00\xfe\xff\x82\xff\xa1\xff\x47\x00\x7b\xfe\x2e\x00\xfc\xfe\xb2\xff\x20\x00\x90\x00\x61\xff\xdf\xff\xe2\xff\xa1\xff"
  "\x5a\x00\x8b\xff\xec\xff\xf8\xff\xd1\xff\xe1\xff\xf4\xff\x52\x00\xb6\x00\x3b\x00\x19\x00\x2c\x00\xbf\xff\x23\x00\xf2\xfe\x8a\xfe\x8b\xfe\x91\xfe\x04\xfb\x19\x01"
  "\x32\x00\x32\x04\xdb\x00\xec\x01\x8c\xfd\xbe\xfe\x1c\x02\xe3\xff\x12\x00\x29\xff\x9d\xfe\xa3\x00\x63\x04\x9d\x01\x52\xfd\x68\x00\xcf\xfb\xc7\xfe\x30\x00\x14\xfe"
  "\xd5\xfe\x67\xff\x9a\x01\x7b\x00\x95\xfc\xc9\x01\x47\xff\x44\x02\x65\xff\xc1\xff\x07\x00\x1d\x03\x27\x02\xb9\xfe\x6d\x02\x2b\xff\xbf\x00\x4f\x01\x2d\xff\x14\xfe"
  "\x88\x01\x82\x02\xd4\xff\xb8\x03\x51\xff\x51\xff\x07\xfe\xfe\x02\x28\x00\x79\x00\x2a\xfe\xa4\xfe\x95\x00\x2e\xfc\x1b\x03\x6b\xff\x03\xfe\x92\x02\x9b\x02\x00\xff"
  "\x35\x00\xe4\xfe\x26\xff\x06\x02\x37\xfe\x81\xff\xf2\xfd\xb6\xfe\x7f\xff\x97\x02\xce\x01\x14\xff\x3c\x04\x47\xff\xbf\x01\x9b\xfd\xed\xff\x99\xff\xf8\x00\x03\xff"
  "\xeb\xff\x05\xff\x24\x00\x30\xfe\x98\x01\x28\x01\xb8\x01\x26\x01\xcc\xfd\x77\xfe\xe8\xff\x4e\xfe\x8c\x01\x63\x08\x52\xfe\xce\x00\x63\xff\x26\x00\x96\x00\x04\x00"
  "\xbd\x00\x03\x00\x96\xff\x80\x00\x66\xfe\x2f\x01\x57\x01\xfd\x01\x67\xff\xd0\x01\xb6\x01\x3f\xff\x33\x00\x99\xff\xec\xff\xea\x01\xe0\xfe\x77\x00\x9a\xff\x02\x00"
  "\x33\x01\x12\x00\x08\x00\xc7\x00\x24\x01\xaf\xfe\x6c\x00\x59\xff\xfd\x00\x6a\x00\x72\x00\xea\xff\xae\xff\xd7\xfd\x54\x01\x48\x00\x47\xff\xe6\xf7\x55\xff\x98\xff"
  "\xa0\xfc\x73\x02\x44\x00\x21\x01\x6a\xff\x7a\xff\x3a\x00\x5a\x01\x41\xfb\xd7\x03\x10\x00\xc2\xff\x92\x00\x50\xfa\x20\xfc\x59\xff\x07\x01\x14\xff\xae\xff\x65\x01"
  "\x61\x00\xc4\x00\x98\xff\xfa\xfe\x04\x00\xa6\xff\xf8\xff\x41\x00\xb0\xff\xb5\xff\xd3\xff\xf5\xff\x45\x01\xbc\x00\xd4\xff\x8f\xfb\x6a\xff\x6a\x00\xb9\x00\x9b\x00"
  "\x2c\x00\xed\xfd\xc5\xff\xf6\xff\xe3\x00\x67\xfe\xec\xfc\x0c\xff\x4c\x00\xb6\x01\x61\xff\xdf\xfd\x8f\x00\x0d\x01\x6a\xfe\x25\x00\xab\xff\xc1\x00\xc6\xff\x6d\x00"
  "\xc3\xff\x17\x00\x8f\x00\xef\xff\xb4\x00\xb6\xfc\x36\x01\x6b\xff\xe4\xff\x21\x00\x96\xff\xd9\xff\x0d\x01\xfc\xfd\x7d\x01\xf6\xff\x3c\x01\x6f\x01\xb1\x02\x8a\x00"
  "\x86\x00\xec\xff\xe2\xfe\xa3\xff\x26\x00\xce\xfe\x42\x01\x1c\x00\xf9\x00\xaa\xff\x02\x00\x4c\x00\x21\x00\x01\x00\xfc\xff\x10\x00\xa7\xff\xe3\xff\xf3\xff\x39\xff"
  "\x0e\x00\x82\xff\xb0\xff\xcc\xff\x41\xff\xd9\xff\xe1\x00\x4d\x00\x0b\x00\xdf\xff\xb5\xff\xab\x00\x47\x00\x56\x00\x56\xff\x0c\x01\xbb\xff\x46\x00\x6e\xff\x20\x00"
  "\x4d\xff\x96\xff\x07\x00\xa0\x00\x02\x00\xee\xff\x72\xff\x28\x00\xbe\xfd\x61\xfe\x90\x00\x7b\xff\x0d\x00\xe1\xff\xbf\xff\x91\xff\x27\xff\x52\x00\x0d\x01\xb6\xff"
  "\x27\xff\x01\x00\x45\x01\xb8\x04\x89\xff\x93\x03\xee\xff\x60\xff\x6d\xfe\xbf\xff\xf5\xff\x4b\xff\x16\xff\x9e\x00\xb6\x00\xde\xff\xae\xff\xd9\xff\x0d\x00\xd6\xfe"
  "\x14\x01\xc3\xfd\x14\x00\x82\xfe\xe6\x01\x19\x00\x41\x01\x93\x01\x12\x01\xdc\xfc\x90\xfe\x78\x00\x37\xfe\xce\xff\x66\x00\x98\x00\xf2\xfd\x91\x01\x14\x00\x5e\x01"
  "\xf0\xff\x77\x03\xa9\xff\x7d\x00\xe3\xfd\xfc\x00\x58\x02\x1c\xfe\x65\x01\x64\x00\x31\xfb\x61\xfc\xc0\xfd\xb5\x01\xb0\x01\xd8\xfd\xe8\xfe\x8c\xfa\x8d\xff\x1d\x00"
  "\x61\xfd\x23\xfc\xed\x01\xa8\x01\xb2\x02\xbe\x00\xc2\xfe\x3d\x00\x00\x00\x09\x00\x00\x00\x03\x00\x00\x00\x31\x34\x38\x02\x00\x00\x00\x3b\x00\x00\x00\x3c\x00\x00"
  "\x00\x04\x00\x00\x00\x01\x00\x00\x00\x01\x00\x00\x00\x01\x00\x00\x00\x01\x00\x00\x00\x04\x00\x00\x00\x00\x00\x00\x00\x00\x00\x00\x00\x00\x00\x00\x00\x00\x00\x00"
  "\x00\x01\x00\x00\x00\x00\x00\x00\x00\x3e\x00\x00\x00\x01\x00\x00\x00\x20\x00\x00\x00\x35\x2e\x73\x70\x6c\x69\x74\x5f\x79\x5f\x70\x61\x74\x68\x2e\x31\x2e\x63\x6f"
  "\x6e\x76\x31\x5f\x31\x31\x2e\x30\x2e\x62\x69\x61\x73\x00\x00\x00\x00\x01\x00\x00\x00\x20\x00\x00\x00\x00\x00\x02\x00\x00\x00\x0b\x00\x00\x00\x80\x00\x0e\xff\x2f"
  "\x00\x40\xff\x34\xff\x79\xff\xc4\xfe\x65\xfe\x0e\xff\x23\x01\xa6\x02\x62\xfe\x09\xff\x3c\x00\xb7\x00\x04\xfe\xfa\xfd\xf8\xff\x41\xff\x42\xff\xac\xff\x47\x00\x43"
  "\x00\xad\x00\x93\x00\xe3\x00\x4d\xfe\xf6\xfc\x71\x01\x02\x00\xa7\x00\x59\x00\x3f\x00\x00\x00\x04\x00\x00\x00\x10\x00\x00\x00\x31\x34\x38\x5f\x4e\x4f\x54\x5f\x49"
  "\x4e\x5f\x47\x52\x41\x50\x48\x02\x00\x00\x00\x3d\x00\x00\x00\x3e\x00\x00\x00\x40\x00\x00\x00\x01\x00\x00\x00\x22\x00\x00\x00\x35\x2e\x73\x70\x6c\x69\x74\x5f\x79"
  "\x5f\x70\x61\x74\x68\x2e\x31\x2e\x63\x6f\x6e\x76\x32\x5f\x31\x33\x2e\x30\x2e\x77\x65\x69\x67\x68\x74\x00\x00\x00\x00\x04\x00\x00\x00\x03\x00\x00\x00\x01\x00\x00"
  "\x00\x01\x00\x00\x00\x20\x00\x00\x00\x00\x00\x02\x00\x00\x00\x0b\x00\x00\x00\x1d\xfc\x68\xf7\x22\xff\x69\x00\xd8\xff\xbf\xfc\xcd\xfe\xbb\xff\x2b\xff\x4c\xfe\xdc"
  "\x02\x28\x00\x2c\x01\xc1\xff\xa9\xfc\x34\x02\x8d\x04\x41\xfe\x26\xff\x9e\xff\xd7\xff\xd2\xff\x81\xfc\x27\x00\x07\x01\x69\x02\x27\xfc\xe7\xff\x05\xfd\xf4\x00\xd6"
  "\x03\xc8\x02\x40\xfe\x08\x07\x48\xf7\x86\xf7\x03\xf7\x71\xfc\xf6\xf7\x69\x08\x01\xfd\x05\xf8\x99\x02\x86\x07\x2f\x06\xe3\x0b\x24\xfb\xa7\x09\xd4\xfd\x3f\xf8\xfb"
  "\xf6\x9e\x0b\x9c\xf6\xcd\x0a\x0b\xf6\x7c\x01\xcc\xf6\x18\x06\x96\xfc\x5b\x08\x0a\xfa\x81\x08\x90\x07\x25\x06\xcd\xfb\x56\x00\x45\x00\xec\xff\x78\xff\xed\x07\x65"
  "\xfe\x79\x00\x54\x08\x4f\xfe\xad\x05\xda\xf7\x81\x01\x79\x00\x8c\x09\x55\x02\x6c\x05\xc4\xfd\xf4\xfe\x33\x00\x94\xff\xd9\x00\x7e\xfd\xf5\xf7\xfb\x00\xe5\x03\x11"
  "\xfb\xdb\xff\xf6\xf9\x6d\x01\xe5\xff\x79\x03\x41\x00\x00\x00\x09\x00\x00\x00\x03\x00\x00\x00\x31\x34\x39\x02\x00\x00\x00\x3f\x00\x00\x00\x40\x00\x00\x00\x04\x00"
  "\x00\x00\x01\x00\x00\x00\x01\x00\x00\x00\x01\x00\x00\x00\x01\x00\x00\x00\x04\x00\x00\x00\x01\x00\x00\x00\x00\x00\x00\x00\x01\x00\x00\x00\x00\x00\x00\x00\x20\x00"
  "\x00\x00\x00\x00\x00\x00\x42\x00\x00\x00\x01\x00\x00\x00\x20\x00\x00\x00\x35\x2e\x73\x70\x6c\x69\x74\x5f\x79\x5f\x70\x61\x74\x68\x2e\x31\x2e\x63\x6f\x6e\x76\x32"
  "\x5f\x31\x33\x2e\x30\x2e\x62\x69\x61\x73\x00\x00\x00\x00\x01\x00\x00\x00\x20\x00\x00\x00\x00\x00\x02\x00\x00\x00\x0b\x00\x00\x00\x35\xff\xc7\xff\xf7\xff\xe9\xff"
  "\xf9\xff\x41\x00\xb4\x00\x9a\xff\x24\x01\xe4\xff\x6b\x00\xe0\xff\xcb\xff\x36\x00\xec\xff\xe3\xfe\xfa\x00\x6e\xff\x53\x00\x7b\xff\xe9\xff\x4b\x00\xe9\xff\x74\x00"
  "\xaf\xff\x08\x00\xff\xff\xb5\xfe\x3c\xff\x0d\x00\x55\xff\x84\xff\x43\x00\x00\x00\x04\x00\x00\x00\x10\x00\x00\x00\x31\x34\x39\x5f\x4e\x4f\x54\x5f\x49\x4e\x5f\x47"
  "\x52\x41\x50\x48\x02\x00\x00\x00\x41\x00\x00\x00\x42\x00\x00\x00\x44\x00\x00\x00\x01\x00\x00\x00\x22\x00\x00\x00\x35\x2e\x73\x70\x6c\x69\x74\x5f\x79\x5f\x70\x61"
  "\x74\x68\x2e\x31\x2e\x63\x6f\x6e\x76\x33\x5f\x33\x31\x2e\x30\x2e\x77\x65\x69\x67\x68\x74\x00\x00\x00\x00\x04\x00\x00\x00\x01\x00\x00\x00\x03\x00\x00\x00\x01\x00"
  "\x00\x00\x20\x00\x00\x00\x00\x00\x02\x00\x00\x00\x0b\x00\x00\x00\x0f\x03\xaa\xff\x77\x00\xf9\xff\x7e\x00\x18\x03\x9d\xff\x14\x00\xaa\x03\xe9\xfe\xc8\xfc\x4c\x00"
  "\xec\x00\x9c\xff\x4a\x00\xbd\xf8\x41\xfd\xca\xfe\xd4\xff\x44\xf8\xc3\xff\xba\xff\xbe\xfe\x84\xff\xdb\x00\xc6\xfd\xa5\xfc\x12\x00\x92\xfe\xd1\xf7\xf9\xff\xd9\x02"
  "\x87\x01\x19\x0b\x53\x08\x23\x08\x6c\xf7\x04\x08\x93\xf8\x18\x08\xb1\x06\xbf\xf8\x88\xfd\x37\x0b\xce\x05\x91\xf8\x3f\x0a\x0d\x06\x96\xfa\x39\xf8\xa4\x08\x77\x07"
  "\x60\xf7\x64\xfa\x35\x07\xf8\x07\x32\xf7\x33\xfa\x4f\xfc\x3f\xf8\x55\xfc\x35\x00\x05\x08\x5a\x05\x4f\x03\x48\x00\xdf\xff\x99\x00\xb8\xff\x2a\x03\xb2\xfe\x46\x00"
  "\x2b\x05\x54\xfe\x5b\xfb\xac\x00\xc1\x00\x3d\x08\x85\x00\x20\x01\x7e\xfc\xe6\xfe\xce\x00\x9b\xff\x4b\xff\x36\x08\x5e\xf9\x9a\xff\xfe\x00\x31\xfd\x7c\xfc\x00\x00"
  "\x90\x07\xcd\xfe\xf1\x00\xae\x03\x45\x00\x00\x00\x09\x00\x00\x00\x03\x00\x00\x00\x31\x35\x30\x02\x00\x00\x00\x43\x00\x00\x00\x44\x00\x00\x00\x04\x00\x00\x00\x01"
  "\x00\x00\x00\x01\x00\x00\x00\x01\x00\x00\x00\x01\x00\x00\x00\x04\x00\x00\x00\x00\x00\x00\x00\x01\x00\x00\x00\x00\x00\x00\x00\x01\x00\x00\x00\x20\x00\x00\x00\x00"
  "\x00\x00\x00\x46\x00\x00\x00\x01\x00\x00\x00\x20\x00\x00\x00\x35\x2e\x73\x70\x6c\x69\x74\x5f\x79\x5f\x70\x61\x74\x68\x2e\x31\x2e\x63\x6f\x6e\x76\x33\x5f\x33\x31"
  "\x2e\x30\x2e\x62\x69\x61\x73\x00\x00\x00\x00\x01\x00\x00\x00\x20\x00\x00\x00\x00\x00\x02\x00\x00\x00\x0b\x00\x00\x00\xb4\xff\x48\x00\x27\x00\xf5\xff\x53\x00\x00"
  "\x00\x3a\x00\x17\x00\xa9\x00\x6d\xff\x32\x01\xbe\xff\xa8\x00\x10\x00\x16\x00\xe3\xff\xd9\xfe\x9f\x00\xf6\xff\x10\x00\x1f\x00\xe2\xff\xf3\xff\x24\x00\xd5\x00\x9e"
  "\x01\xbb\x01\xf4\xff\x3e\x01\xfe\xff\xb8\xff\x54\xfe\x47\x00\x00\x00\x04\x00\x00\x00\x10\x00\x00\x00\x31\x35\x30\x5f\x4e\x4f\x54\x5f\x49\x4e\x5f\x47\x52\x41\x50"
  "\x48\x02\x00\x00\x00\x45\x00\x00\x00\x46\x00\x00\x00\x48\x00\x00\x00\x01\x00\x00\x00\x22\x00\x00\x00\x35\x2e\x73\x70\x6c\x69\x74\x5f\x79\x5f\x70\x61\x74\x68\x2e"
  "\x31\x2e\x63\x6f\x6e\x76\x34\x5f\x31\x31\x2e\x30\x2e\x77\x65\x69\x67\x68\x74\x00\x00\x00\x00\x04\x00\x00\x00\x01\x00\x00\x00\x01\x00\x00\x00\x20\x00\x00\x00\x70"
  "\x00\x00\x00\x00\x00\x02\x00\x00\x00\x0b\x00\x00\x00\x10\x01\x42\xff\xed\xff\xc1\xff\x66\x00\x63\x00\xf2\xff\x57\xff\x43\x00\xf6\xfe\xf9\xff\x40\x01\x0e\xfe\xa7"
  "\xff\x21\xff\x87\x00\x83\x00\x07\x00\x7f\x02\xa4\x00\x24\x00\xd9\xff\xf8\xfe\xa7\xff\x7a\x00\xa1\x00\x41\x01\x20\x00\xa0\xff\x38\x01\x61\xff\x89\x01\xcc\xfe\x88"
  "\xfe\xf1\xfe\xf7\x01\x65\xff\xe9\x00\xd6\xff\xf9\x00\xaf\xff\x64\x00\x1e\x00\x9e\xfe\x9b\x00\xc1\xff\x26\x01\x9d\xfe\x95\xff\x5d\xfe\xd9\x02\x67\xff\x8d\x00\xbd"
  "\xff\xe1\x01\xcc\x00\x05\x00\xbf\xff\x1a\xff\x3a\x04\x5f\x01\x25\x00\xc6\xff\xc1\xfe\x7d\xfd\x36\x04\x0e\x00\x94\xfe\x4b\xff\x05\x00\xe6\xff\x54\x00\x9c\xff\x7e"
  "\xfe\x55\x02\x3d\xfe\x2d\xff\x5a\xff\x06\x00\x25\xff\xe9\xfd\xdc\xff\xdd\xff\x56\x00\x23\x01\x65\x00\xfb\xff\x4c\x00\xc9\x00\x67\xfe\x84\x00\x3c\x01\x20\xfd\x7c"
  "\xff\x81\x00\x3b\x00\x5a\x03\x32\xfe\x69\xff\x26\xff\xb7\xff\xcd\xff\xae\xff\x41\xff\xe8\xf9\x24\x00\x60\x00\x28\x00\x74\xff\x5e\xff\x1d\x01\x8e\xff\xa3\x00\xab"
  "\x00\xe2\xff\x27\xff\x15\x01\x60\x01\x51\xff\xc6\xfd\xf7\xff\x59\x00\x88\xfd\x70\x02\xfb\xff\x39\x00\xcc\x00\x4e\x00\x11\x00\x96\x00\x93\x00\x90\xfe\x58\x00\x35"
  "\xfe\x3b\x00\xba\xff\x64\x00\xe7\xfe\x1d\x02\xaa\xfe\x14\x00\x51\xff\xcf\xfe\xd9\x00\xb8\x00\x2c\x01\x14\x00\x88\xff\x0c\x01\x81\xff\x51\xff\xf6\xfe\x1e\x03\x51"
  "\x00\x09\xff\x2f\x01\xe9\x00\xfd\x01\xf7\xfe\xa0\xff\x0d\x00\x5f\x00\x86\x01\x7c\x00\xce\xff\x2c\x03\xfe\x00\x81\xff\x2d\x00\xa2\xff\xd5\x04\xc1\xff\xbd\x00\xea"
  "\xff\xf0\x00\x3a\x00\x1a\x01\xff\xfe\x2e\xff\xea\x00\xd3\x00\x07\x00\x09\x00\x8a\xff\xa1\xff\x2f\x00\x60\x00\xa5\xfc\x66\x00\xb9\xff\x4f\x00\x3b\xfe\xaf\xfe\x2c"
  "\x00\x50\x00\xf7\x00\x64\x01\xc3\x00\xbd\x00\x84\x00\x52\xff\x61\xfe\xba\xfb\x3b\x00\x4d\xff\xf4\xff\x9a\x00\xcf\xff\x6c\xff\x3e\xff\xb6\x00\xa7\x00\x81\x00\x6e"
  "\x00\x35\x01\x92\x01\x50\xff\x9a\x03\x15\x00\x80\x00\x81\x00\xa5\xff\xd6\x04\x57\x02\x42\x00\xd8\xff\x8e\xff\xad\xff\x69\xff\xb8\xff\x97\xff\x1a\xff\xfa\x01\x34"
  "\xff\x19\xff\x13\x01\x82\xff\x7f\xfe\xcb\xfe\x6f\xfe\x29\x02\x43\xff\x9c\x03\x2b\x03\x07\xff\xff\xff\x54\x00\xbf\xff\x58\xff\x1b\xff\xcb\x01\xb3\x01\x20\x00\xe0"
  "\xff\xbd\x00\xb6\x01\x57\x00\x8a\x00\x29\x00\x66\xfe\x56\x00\x1c\x00\x1a\x00\x71\x00\x9b\xfe\xc1\xff\x1b\x00\x8e\xfe\x75\xfe\x1d\x00\x83\x01\x0e\x00\x21\xff\x73"
  "\xff\x22\xff\x07\x00\x52\xff\x12\x00\xf4\xfe\xbe\xff\xe4\xff\x75\xff\x78\xff\xef\xfc\x0c\x02\x2f\xff\xb2\x00\xcb\xfe\x38\xff\xd4\x01\xdf\x01\x7b\x00\x9c\xff\x40"
  "\x01\x12\xff\x6d\xff\x20\x01\x1b\xff\xe9\x04\xe6\xfd\x41\xff\x7d\xfd\x39\x01\x7b\xff\x43\xfe\xe2\x01\x42\x00\xd7\x00\xdb\xfe\xd6\xff\x25\x00\xb8\x00\x2c\x01\x47"
  "\x02\x3a\x00\x5b\xfe\x4e\xfb\xbb\xff\x0b\x00\xce\x00\x4f\x04\xfa\x00\xbd\x00\x40\x00\x58\x00\x3d\xff\x39\xff\xc6\xfe\xf8\xfc\x5e\x00\x50\xff\xd1\xff\x4e\xff\xe6"
  "\xfe\x1d\x01\x90\xff\x93\x01\xa3\xff\x01\x02\xb4\x00\x4a\x00\x85\xff\x42\x00\x53\x00\x85\xff\x60\x01\x7c\xff\x24\xff\x00\x03\xaf\xff\x63\x02\x64\xfe\x70\xff\x37"
  "\x01\x74\xfe\x18\xfe\x0f\xff\xe1\x00\xc7\xfe\xa9\x02\xd7\xff\x57\xff\x5b\xff\xef\xfe\x33\x00\x05\x00\x78\xff\x63\x00\xb3\xff\x34\x03\xe5\xfe\x81\xfe\xcc\xff\xe4"
  "\xff\x42\x02\xff\x00\xd7\xff\x6a\xff\xd2\xff\x51\xfc\x2d\xff\x07\x00\x11\x00\x5f\x00\x25\x00\xb6\x00\xa3\x00\x85\x01\x64\x00\x4a\x00\x31\x01\x6c\x00\xe8\xfe\x14"
  "\x00\x9e\xff\x16\xff\xe0\x00\x53\x00\x01\x00\x3f\x01\xae\xff\x73\xfe\x83\xff\x36\x03\x91\xff\xa6\xff\xd2\xff\xf8\x00\x46\xff\xd9\xfe\x09\x00\x73\x00\xd2\xfc\x29"
  "\x01\xe4\x00\x05\xff\xef\xff\xad\x00\x8a\x00\x56\xfd\x64\xff\x75\x00\xfc\xfe\x3e\xff\x36\x00\xd5\xff\xcc\xff\x5c\xff\x29\xff\x81\x00\x0a\x01\xf8\xff\x0a\xff\x24"
  "\x01\xcd\x00\xde\x00\x9c\x00\x4c\xfe\x8c\x00\x64\xff\x06\x00\x65\x00\x9e\xff\xe3\xff\x59\xfe\xd7\xff\xd3\x01\xef\x02\xc1\xfe\xe1\xff\x78\x00\x9b\xfe\xbb\xfe\xb4"
  "\xfe\x45\x01\x65\x02\x37\xfe\xfb\x02\x28\x00\x8d\xff\xb6\x00\xdb\xfe\x52\x00\xdc\xff\x98\xff\x74\x02\x90\xfe\xa0\x02\x0b\x01\xd8\xfe\x4e\x00\x03\xfe\xad\xff\x9b"
  "\xfd\xcd\xfe\x1c\xff\x51\xff\x24\xff\x88\xff\x9f\xfd\x50\xfe\x95\x01\xeb\xff\x3e\xfe\x4e\x01\x79\x02\xcb\xfe\xbc\xfd\xe7\x01\x76\xff\xbc\x01\x32\x00\xeb\xfd\x3c"
  "\xff\x67\xff\x45\x00\xe1\xff\xdc\xfd\x63\x00\x4c\x00\x27\xff\x13\x00\x20\x01\xdd\xfd\xaf\x00\x43\xff\x2d\x00\x49\x00\xca\x00\x77\xff\x1a\xff\xca\xff\x53\x01\x5b"
  "\xff\x06\xff\x4e\x01\x0e\x01\x33\xff\x36\x00\xf2\xff\xdc\xff\xf5\xfd\x4d\xfe\xeb\xfe\x58\xfe\xcf\xfe\x7f\x00\x38\x01\x60\xff\x8b\x00\x05\x00\x6a\x00\x84\xff\xa5"
  "\xff\xbe\x00\xf2\xff\x90\x02\x05\x01\x89\xfe\x1d\x00\x78\xff\x91\xfb\x0b\xfe\x8d\xff\xe2\xfe\xf2\xff\x7b\xff\xa1\xfe\x92\xff\xf4\x00\xaa\xff\xeb\xff\x47\x00\x3b"
  "\xfe\xc3\xff\x05\x00\xd8\x00\x58\x00\x0f\x01\xe2\x00\xba\xff\xb9\x00\xed\xff\x34\x00\x72\x00\x3b\xfa\xc1\xff\xa7\x00\xd0\xff\x52\x00\x02\x01\x41\xfe\xa1\x01\x1b"
  "\x00\x87\x00\x79\xff\x80\x01\x8a\xff\xff\xfe\xda\x01\x23\x00\x1e\x02\xa0\xff\xff\xff\x08\x01\xf9\xfe\xb9\x00\x79\x01\xec\xff\x08\xfd\x04\x02\xe3\xff\x82\x02\x68"
  "\xff\x35\x00\x9f\xff\x3a\x00\x01\x00\x3d\x00\x94\x00\xe4\xff\xb9\xfd\x97\xff\x02\x00\x96\xff\xca\x00\x19\xff\x61\xff\x8d\x00\xa2\xfe\xac\xff\x80\x00\xcf\xff\xf7"
  "\xfe\x7f\x00\xbf\x00\xb8\xff\x6b\xff\x33\x01\xf9\xfe\x94\x00\x83\xff\x4d\xfe\xb8\xff\x47\xff\x70\x00\x06\xfe\x83\xff\x3b\x00\x29\x01\x1f\xff\x00\xff\xfc\xfd\x28"
  "\x01\x51\x00\xe7\x00\xeb\xff\xc1\x00\xf6\xff\x85\xfe\xc6\xff\xe4\xfe\xac\xff\x1f\x00\x73\xfd\x63\x00\x24\x00\x9a\xff\xf5\xfe\x31\xff\xeb\x01\x85\x00\xe4\xff\x51"
  "\x00\xa6\xfe\xcb\x01\xd5\xff\x28\x02\x51\xff\x62\x00\xff\xfe\xd6\xff\x5c\x01\x85\xfe\x4a\x00\x3c\xfe\xd2\xfe\x7c\xff\xc6\xff\x80\xff\xc0\xfd\x19\xff\x72\xfc\x70"
  "\x00\x1e\x01\x47\xfe\xed\xff\x71\x00\x62\xfd\x35\xff\x05\x00\x2f\xfe\xd6\xfd\x6f\xff\xc3\x00\x83\x00\x9e\xff\x12\x01\xf1\xff\x38\x04\x94\xff\x76\x00\x84\xff\x15"
  "\x00\xeb\x02\x10\x00\x95\xfd\x7f\xfd\x33\xff\x92\xff\x5f\x00\x4d\x01\x6a\xff\x4f\xfe\x11\xfd\x1b\x01\xd4\xff\xa5\x00\xc9\x01\xa5\x00\xce\xfd\xb8\xfd\x97\xff\x49"
  "\xff\x17\xfd\x60\xfe\x8e\xff\x6d\x00\x8d\xff\xec\x01\xdb\xfe\x68\xfe\xc2\xfe\x02\x03\x93\xfe\x26\x01\x84\xfe\x13\x02\x4d\x01\xe8\xfd\x9e\xfd\xb6\xff\x30\x01\x9b"
  "\x00\xcf\x01\x77\xff\x95\x01\x01\x00\x13\x00\x1c\x01\x55\x02\x8d\x00\xcf\x02\x85\x01\xa6\xff\x8d\xff\xd6\x00\xad\xff\x74\x01\xf8\xff\x9f\xff\x6b\x01\x56\x00\xdc"
  "\xff\xb6\x00\x99\x00\xc6\x01\xe6\x00\x86\x01\xdd\x00\xfb\x02\x14\x00\xd2\x00\xc9\xff\x3b\xfe\xc0\xfd\xf2\xfd\x1f\xff\x0b\xff\xcf\xfe\xf7\xff\xc0\xff\x9a\x00\xe3"
  "\xfe\x14\xfe\x7c\xfd\x82\xff\xcc\x00\x8c\xff\xad\xff\x4c\x02\xb9\x01\xfe\xfd\x84\x01\x48\xfe\x2f\xfe\x63\xfd\xba\xfe\x48\x00\x8e\xff\xe8\xff\x16\x01\xa9\xff\x94"
  "\xff\x47\x01\x73\xfe\x4f\xff\x2f\x02\xc6\x00\x0d\x01\xd7\xff\xd4\xfd\x3b\x02\xac\xff\xe4\xff\x5f\xff\x2d\x00\xb2\x01\x9e\xff\xe5\xfd\x60\x01\x31\xfe\x31\x00\x97"
  "\xfe\xa7\x00\x13\xff\xba\xfe\x3a\x02\x0f\x04\x5b\x00\xd1\xff\x32\x00\x62\x00\xc2\x00\xab\x02\x8f\xff\x48\x00\xc9\x00\xbe\xff\x4b\x01\x51\xff\xa8\xff\x55\xff\xd2"
  "\xfe\xa5\x00\x0e\x00\x8a\x02\x5a\xff\x31\xff\x46\xff\xf0\xfe\xa3\xff\x7b\x00\x1b\xfe\xc8\x00\x8a\x01\xba\xfe\xae\xff\x2d\x00\x41\x02\x91\x00\xca\x02\x8e\xfe\x4a"
  "\x00\x96\x00\xc2\xff\xee\x00\x35\x01\x58\x00\x82\xff\xc5\x00\xf1\x01\x8b\xfe\x65\xff\xb5\x00\xf5\xff\x0e\x00\xb9\x01\xd0\x00\xe8\x00\x2b\xff\xf8\x00\xa3\xfc\xbb"
  "\xfe\xbb\xff\xe4\xff\x31\xfe\xa0\x01\x9e\xfe\x9c\xff\x43\xfe\x6e\xff\xe1\xfe\x2f\x01\x63\x00\x27\xff\x82\xff\x21\x01\x40\xff\xe2\xfe\x9a\xff\x19\x00\xcb\xff\x9b"
  "\xff\xae\xfe\x0c\x00\xef\xff\x00\x01\x34\x00\xf6\xfe\xc7\x00\xa6\x02\xe4\xfb\xb1\xff\x99\xfe\x1c\xff\x5e\x00\x74\x00\xe6\xff\x84\x00\x4d\x00\x82\x01\x44\x02\x08"
  "\x00\xec\xff\x5b\xff\xc3\xff\xd0\xff\x47\x01\xfb\xff\xe8\xff\xb0\xff\x74\x00\x00\x00\xbc\xff\xf8\x00\x67\x01\xd6\xff\x39\x00\x3c\x00\x30\xff\xa5\xfe\x8d\xfe\x3c"
  "\x00\xfe\xff\x6f\x00\x94\x00\x45\xf9\x7e\xfb\x1a\x00\x23\xff\xd5\xff\xca\xff\x3e\xff\x90\xff\x1f\xff\xcd\x00\xa7\xff\x36\x00\xe9\xfe\xd4\xff\x21\x00\x07\x00\x2a"
  "\xfb\x3c\x00\x9c\xff\xb6\xff\xde\xff\x69\x00\xb5\x00\xd8\xff\x8f\x00\xef\xff\x33\x00\x81\x00\x81\x00\x5b\x00\x02\x00\x4b\xfe\xdf\x00\xaf\x00\xd5\xff\xed\xff\xaa"
  "\x01\x49\x00\xdf\xff\x51\x00\x76\xff\xdd\xff\xc7\xff\x91\xff\xd9\xff\x5f\x00\xe3\xff\xa8\x00\x1b\x00\x63\xff\x21\x00\x27\x00\xd2\xff\x06\xff\x58\x03\x51\x00\xb0"
  "\x02\x94\xfe\x57\xff\x2e\xfe\xd2\x00\xaf\xff\x62\x00\xa2\xff\x6e\x00\x52\xfa\xbb\xff\xce\xff\x52\x00\x5a\x00\xda\xff\x9e\x01\x4d\xff\xbb\x00\x69\x00\xe3\xff\xf5"
  "\xff\xad\x00\xca\xfb\xae\xff\xa9\xfa\x89\x00\xf4\x01\xe9\xff\x55\xfe\x86\xff\x0c\xfe\xe6\xff\x30\x00\xf9\xfe\xd3\x00\x57\x00\x0b\x01\x93\x00\x2f\xff\x65\x01\x16"
  "\x00\x49\x00\xd9\xfe\x6d\x00\xb0\xfe\xe6\xfe\xee\x00\x15\x01\x0a\x00\xa0\xff\x15\x00\xff\xfe\xd6\xff\x46\x01\x52\x00\xb1\xfe\x42\x00\x9f\x00\xd7\xff\x0c\x00\xaa"
  "\xfe\x1e\x00\xe5\x03\x87\xfa\xbc\xff\x8d\x00\x5c\x04\x38\x00\xce\xff\x63\x00\x4e\x03\x7a\x00\x97\x00\xce\x00\x4a\x00\x57\xff\x32\xff\xcc\xfe\x12\x00\xf8\xfe\x02"
  "\x00\xd6\xff\x10\x00\xee\xfe\x2f\x01\x2f\xff\x96\xff\x0f\xff\x8f\xfd\x99\xff\x14\x00\xb3\xff\x34\xff\x16\x00\xdf\xff\xc3\xff\xa1\xff\xa6\x00\x80\x00\xca\x00\xbe"
  "\xff\x30\x00\x7e\x00\x4d\x03\xd6\xfe\x7a\xfc\xd8\x00\x8d\x00\xdd\x00\x12\x00\x81\x00\x79\x00\x47\x00\xd6\xff\xa5\xff\x95\xff\x74\x00\x9e\x00\x6e\xfe\xc1\xff\x6d"
  "\x00\x19\x00\x0c\x00\xf3\xff\xee\xff\x09\x00\x85\x03\x1f\x01\x00\x01\x52\x00\xf4\x01\x1c\x01\xc6\x00\xf3\x01\x90\x00\xe5\x00\xf5\x00\x26\xff\x2b\x00\x51\x00\x33"
  "\x00\x28\x00\x91\x00\x25\x01\x99\x00\x9f\x00\xbb\xff\x3e\x00\x6e\x00\x07\x02\x4b\x00\x9d\x00\x5c\x00\x23\xff\xdc\xff\x92\x00\xc6\xfe\x3f\x01\x7f\x00\x7f\x01\x36"
  "\x00\xff\x00\xc0\x03\xa9\x00\xf6\xff\x2c\xff\x9d\xfc\x07\xfe\x03\x03\xee\x01\x63\x00\x43\x02\x68\x01\xe6\x01\x77\x00\x22\x01\x21\x00\xf6\xfb\xd1\x00\xdb\xff\x7c"
  "\xff\xa8\x01\xe4\xff\xf2\x01\x3c\x00\x55\xff\xc6\xfe\xfc\x00\x97\x02\xba\xfe\x1e\x00\x55\xff\x30\x00\xe0\x00\xbd\xff\x07\x01\x39\x01\x62\x00\xd9\x00\x7f\x00\x35"
  "\x04\xbe\xff\x54\x00\xc6\x00\x7b\xfd\xc7\x00\x3c\x01\x39\xfe\xd1\x03\x4e\x01\x62\x01\x7f\x01\x10\x01\xe3\x01\xf6\x00\xce\x01\x0b\xff\x52\x00\xe4\xff\x76\x01\x39"
  "\xff\x19\x02\xf0\xfc\x84\x00\x11\x02\xa6\xff\x7a\x02\x1f\x03\xc0\xff\xce\xff\x11\x00\xcd\xfe\x66\x00\xc7\x01\xb1\x00\x04\x02\xa0\x01\xf6\xff\x2e\x00\x30\xff\x4e"
  "\xff\xbf\x00\xf7\xff\xc8\x00\x49\x02\x47\x00\x0b\xfe\xc1\xff\x9a\xfe\xf4\xfc\x52\x00\x78\xfd\xca\xff\xd7\xfe\x3d\x00\xb5\xff\x83\xff\xf8\xff\xc5\xf9\x97\xff\x68"
  "\xfd\x8f\xff\x43\xff\x92\x00\x8e\x01\x4a\xfe\x5e\xfd\x6f\x00\xf3\xfe\x61\x00\xb6\xfe\xa5\xfd\xe2\xfe\x28\x00\x96\x00\xec\xff\x7a\x00\x3e\x00\x5c\x01\x30\xff\x40"
  "\x00\x90\x00\x0c\xff\xab\x00\x03\xff\xf5\x00\x19\xff\xb9\xff\x1e\xfd\x69\xff\x5a\xff\x03\x00\x5c\x01\x56\xff\x75\xff\x32\x00\x81\x01\xb5\x00\xc2\xff\x83\xff\x0c"
  "\x00\xe1\xfc\x6d\xff\x52\xfe\x64\x00\x1d\x02\xba\xfe\x6c\xff\x51\xfe\x19\xff\x4c\xff\x34\x00\xc3\xff\xed\xff\xc3\xfe\x98\xfe\xbe\x00\xbc\xff\x46\x00\xe5\x00\x34"
  "\xff\x09\xfe\x1e\xff\xe1\x00\x57\x00\x37\x00\x65\xff\xd0\xff\x6c\x01\x0c\xfe\x51\xff\xc4\xff\x77\x00\x2d\x00\xa4\xff\xfd\xff\xdb\xfe\x6c\x00\x8f\xff\x19\x00\x95"
  "\xff\xd8\x00\x58\x00\x46\x00\xf6\x02\x4a\x00\x87\x00\x7f\xff\xaf\xfe\x8e\x00\x3b\x01\x88\xfe\x1f\x00\x15\xff\xd4\xff\x5b\x00\x47\x01\x39\xfc\xa3\xfe\xd5\x00\xb4"
  "\xfe\xca\xfe\xb4\xff\x8f\x01\xf3\x02\x8e\x00\x18\x02\xcd\xff\xb8\xfd\x3d\x00\x5b\xff\x5a\xff\xf1\xfe\x56\x03\x90\x00\xcb\x01\xea\x02\xda\x02\x3c\x01\x0a\xfe\xfe"
  "\x00\xdc\xff\x21\xfd\x76\x02\xb9\xfe\x78\x01\x62\xff\x7b\xff\x50\xff\x10\x01\x00\x02\xf2\xfc\xd0\xff\x8e\xfc\x19\x02\xf3\x00\x02\x00\x02\x00\x4e\xff\xb4\xfe\xeb"
  "\xfc\x79\xfc\x9b\xfd\x90\x01\xa9\xfe\x11\x00\xac\x00\xbf\xfc\x2c\xff\x6a\xfc\xdb\x01\xdf\xff\xec\xfe\x87\x01\x03\x01\xb9\xfc\xff\xff\x7b\x00\x8a\xff\x2e\xfd\xc2"
  "\x02\xee\xfb\x6a\xfe\x72\xfc\x53\x00\x47\x00\x2f\x00\x51\xff\xca\x00\xbc\xff\x78\x02\x0f\xff\x20\xff\x9e\xff\xee\xff\x04\x03\x9e\xfe\xcd\xfc\x54\x00\x7a\x03\x64"
  "\x01\x13\xff\xd6\x01\xee\x01\x88\xfd\x3f\x02\xd3\xfe\xc3\x00\x5a\x01\xcf\x03\x0a\x01\x09\x00\xdc\xff\xdf\xfd\xde\xff\xeb\xfe\x6e\x01\xf0\xff\x22\x00\x90\xfc\xa7"
  "\xfe\xb4\x00\x7c\x00\xdb\x00\x68\xff\x21\x00\x1a\xff\x66\x00\xca\x00\xbb\x00\x5d\xfd\x80\x00\xd8\xff\x5c\x00\xfc\x03\x51\x02\xc1\xff\x9e\xfb\x26\x01\xc6\x00\x70"
  "\x00\x5d\xff\xfb\xff\xac\x04\x4d\xfd\xe3\xff\xd9\x02\x1d\x00\xf7\xfe\x13\x02\x30\x00\xcb\xfe\xc2\xff\xce\xfe\x3d\x01\x37\x02\xfd\x00\x87\xff\xa0\xff\x71\x00\xf9"
  "\xfe\xe0\x01\xd9\xff\x25\x03\xe6\xff\xa5\x00\x36\x02\x91\xff\xab\x00\xac\xfe\x84\x00\x75\x00\xdf\x01\x55\x00\x2e\x00\xc7\xfe\x3a\x00\x7d\x01\xb0\x00\x25\xfe\xef"
  "\xff\x9a\x00\x5d\xff\xa1\x01\x5c\xff\x8d\x00\xb7\x00\x1d\x01\xb8\xff\x6f\x00\x9d\x00\x74\x00\xc1\xff\x7f\x00\xab\xfe\x91\x02\x84\xff\xed\x00\x14\x01\xd3\xfd\x21"
  "\x00\xc7\xff\xf3\xff\x03\x02\x82\x00\x61\xfe\x2a\x00\x33\x00\x2a\xff\xaf\xff\x4d\x00\x78\xfe\xab\xfd\xcb\x01\x73\xff\xfc\xff\xeb\xff\x0f\xff\x63\x00\x94\xff\x95"
  "\x00\xbe\xff\x86\x00\x31\x00\x30\x00\xd0\x00\xab\xff\x07\xff\x55\x00\xf7\xff\x39\x00\xb8\xff\x4c\xfe\xb4\xfc\x0a\xfd\xcd\x00\xdd\x00\x32\x00\xb7\xff\x38\x00\x81"
  "\xff\xac\x00\xb0\x00\x80\x00\x18\x00\x4d\x00\xd0\xff\x95\x02\x4e\x01\x11\x00\xb2\xff\x5c\x00\x11\x00\x6e\x00\x82\xfd\xf5\xff\x02\x01\x61\x00\xa3\xff\xb4\xff\xd3"
  "\xff\x6c\xff\x22\x01\xea\x00\x3b\x00\xd7\xfc\x9a\xfe\x86\x01\xb6\xff\x40\x00\x86\x00\x5b\xff\xf4\xff\x1f\x00\xa7\xff\xa7\xff\xa5\xff\xd9\xff\x2c\x00\x90\xff\x67"
  "\x00\x79\xff\x56\x01\x65\x00\xf6\xff\x53\x01\xf9\xff\xfc\xfe\x82\xff\xd6\xff\xe2\x00\xdf\xff\x0a\x01\x46\xff\x62\x00\x72\x01\x15\x00\x1d\x00\x69\xff\xcf\xff\x47"
  "\xfe\x75\xfa\x80\x00\xd7\xff\x80\x00\xe2\xff\x90\x00\x86\x07\x54\x00\x27\x01\xc0\x00\xb9\x00\x48\xff\x24\x00\x6a\xff\x48\x00\x01\xff\x83\x00\x35\x00\xfc\xfe\xd2"
  "\x00\x93\xff\x9f\xff\x2a\x00\xae\xff\xa2\x00\xb2\x00\xf4\xfe\x2f\x00\xa8\x01\xdd\xfe\xe5\xfe\x80\x00\x78\xff\x87\x00\x43\x00\x90\x00\x7e\xf9\x30\x00\xee\x01\x6f"
  "\xfd\xac\xff\x1d\x00\x98\xff\x05\x00\xc1\xff\x37\x00\x9a\x00\x48\x00\xc2\x00\x93\xff\x99\xff\xf3\xff\xc5\x00\x6a\x00\x73\xff\x1e\xff\x7f\x00\x88\xfd\xfa\x00\x82"
  "\xfe\x1f\x01\xc1\xfd\xf5\xff\x26\x01\xcd\xff\x14\xff\x1a\x01\x81\x03\xd1\xff\x38\xff\xd7\xfe\x18\x00\x0e\x02\x28\x00\x44\x00\x04\x02\x53\xff\x6e\x00\x1d\xfc\xb6"
  "\x01\x07\x00\x6f\xff\xea\xff\x13\x01\xb4\x02\x6b\x04\x51\x01\xed\xff\xa6\x00\xbc\x00\xb5\xff\x32\x01\xdb\xff\x2a\xff\x81\x00\x06\x00\xbd\xff\x06\x00\xf4\x01\xd2"
  "\xff\x0d\x00\xc7\x00\xbd\x00\x3d\xff\xef\xff\x27\x01\x9c\x03\x69\xff\x04\x00\x67\x00\xa5\x00\xbb\x00\xca\xff\x9c\x01\x59\x00\x13\xff\x8a\x00\xfc\x00\xad\xff\xd8"
  "\xff\x9c\xff\x34\x00\xd1\x01\xde\x00\xc7\xff\xcb\x00\x22\x00\xcc\xff\x61\x02\x54\x01\x5f\x00\x54\x01\xf1\x00\x44\x00\x81\xff\x13\x00\x19\xff\x49\x00\x35\x00\xc7"
  "\xff\x8d\xff\xe3\xff\x19\xff\x7c\x00\x30\xff\xd9\xff\x68\x00\xd5\x00\x47\xff\x62\xff\xff\xff\xb1\xff\xc6\xff\x03\x00\xc5\x00\x5c\x01\x69\x03\x91\x00\xd1\xff\x58"
  "\x00\x79\x00\x55\xfe\xe8\xfe\xa2\x00\xe9\xfe\xad\x00\x89\xff\x64\x00\xab\xfd\xef\xff\xfc\xff\x0b\x00\x9f\x01\xae\xfd\xd2\xff\x67\x01\xaf\x00\x66\xfe\x83\x01\xb2"
  "\x00\x49\x02\x61\x00\x2f\x01\xfe\xfe\xa4\xfe\xbd\xfd\x4f\xff\x57\xfe\x2c\x00\x0b\x02\x34\x00\x12\x00\x73\xff\x7e\xfe\xf8\xfe\xad\x00\x59\x00\x9e\x02\xc0\xff\x3e"
  "\x00\x42\xff\x75\x00\x0c\xff\xd6\xfe\x26\x00\x87\x00\x2b\xff\xb5\xfb\xa7\xfe\x25\xff\xba\x00\xf5\xfe\x14\x00\x8a\xff\x28\xff\xaf\xfe\xce\xfc\x89\x01\x66\x01\xe9"
  "\xff\x0a\xfd\xda\xff\x9d\xfe\x73\x01\x3e\x00\x81\x00\x66\x00\xc1\xff\x0f\x00\xed\xfe\xd8\xfc\x94\xff\xd5\x00\xd6\xfe\x40\xff\x73\x01\x4f\xfe\xed\xff\xf7\x00\xfc"
  "\xfd\x48\xff\xd8\x00\x33\x00\xe8\xff\x93\xff\xc7\xff\x06\x00\xa1\xfe\x53\x00\x6f\x02\x6d\x01\xc0\x01\x3c\x00\x7d\xfd\xd9\x00\x34\x01\x1b\x01\x30\xff\xa1\xfe\x12"
  "\x01\x04\xfd\xd0\xff\x39\x01\xc2\xfe\x50\x00\xcb\xff\xc1\xff\x1a\xff\xb1\xff\x04\x00\xcc\x01\x92\xfe\x06\x00\x7e\xff\xe6\xff\x1f\xff\xb6\xfe\x1d\x00\xa6\xfe\x07"
  "\x01\x41\x01\xb7\x00\xb5\x00\xad\xff\x28\x00\x8e\x01\x40\xff\xa4\x00\xcb\xfe\xb3\xfe\xb8\xfe\x48\x00\x6d\xfe\x05\x01\x3c\x00\x55\x00\xe8\x00\x4b\xff\xad\x01\x46"
  "\xff\x59\x01\x78\xfd\xda\x00\x90\x00\x8d\x00\xcc\x02\x7c\xff\x62\xff\x38\xff\x65\xff\x05\xfe\xf1\xfe\xbc\xff\x5c\x00\xf5\x00\x7c\xff\xe0\xff\x02\xfe\x3d\xff\xe5"
  "\x00\x7a\xff\x74\xfd\xa1\x00\x57\xfe\xe8\xfe\x74\xff\x25\x04\xc3\xfe\xe0\xff\x8a\xfd\xd2\xfe\x40\xfe\x70\xff\x7e\xff\xf7\xfe\xa5\xff\xe7\xfe\x3a\x00\x59\x00\x70"
  "\xff\xa3\x00\x7a\x01\x13\xfe\x1b\x02\x50\xfe\x18\x00\x54\x00\xab\xfe\x78\x00\x95\x01\x5e\x00\xd3\xff\x61\x01\x56\xff\x63\xfe\x6d\x01\xa9\x03\x50\xfe\x34\xfe\x26"
  "\xff\x51\xfe\xe1\xfe\x26\xff\x65\x01\xb5\x00\xca\xff\x58\x00\x99\xff\x46\xff\xbd\x00\xb8\xff\x07\xff\x87\xff\x92\x00\xcb\xfe\xd2\xff\x66\xff\x30\xff\xdb\x03\x83"
  "\x02\x41\x00\xa1\xfd\x27\xff\x36\xfe\x4c\xff\x64\x00\x83\xff\xe6\x00\xbe\xfd\xc1\xff\x3a\xff\x63\x02\xbd\x00\x1f\x00\xfc\xfe\xc8\x02\xff\xff\x56\x01\x24\x00\x1a"
  "\x00\x7b\x01\xdb\xfc\xed\xff\xef\xff\x40\x00\x0a\x01\x0d\x00\x30\xff\x1f\x00\xa3\x00\x8c\xff\xd9\x00\x76\x00\x89\x02\xe5\x02\x35\x01\x42\x02\xbd\xfc\x9f\x02\xc2"
  "\x01\xa4\x01\x58\xff\x16\xfe\xee\xff\xb9\xfd\x48\x00\x4b\x01\xa3\xfe\xee\xff\xaa\x00\xe4\x00\xf9\x00\xe8\x01\x79\x01\xb6\x00\xa8\xfe\xb0\xfe\x36\x00\xcb\xff\x2e"
  "\xff\xa3\x00\x81\x00\xe5\x00\x6c\xfe\x42\x00\x5b\xff\xdf\x00\x1f\x02\x1c\x00\x42\x01\xf9\xfd\x85\xfe\x25\xff\x69\xfe\xee\xfd\xd3\x01\x7e\x00\xcd\xfe\xe1\xff\x16"
  "\x02\xeb\xff\x7a\x00\x69\x00\x05\xff\xa5\xff\x10\x00\x5d\x00\xad\x00\x8b\xff\xdd\xff\x96\x00\xc0\x00\xd6\xfe\xb3\x01\x98\xff\x1b\xff\x18\x00\x6e\x01\xf0\x02\xc1"
  "\x00\x13\x01\xf0\xff\xde\xff\x03\xff\x03\xff\x90\xff\xff\xff\x14\x00\x8c\x00\x73\xff\x4e\xff\x36\xff\x1b\x00\xf9\xff\xa6\x00\x16\x00\xc5\xff\x4a\x00\x93\x00\x12"
  "\x01\xe1\xff\xac\x02\xc1\xff\xf9\xff\x36\x00\x27\xfd\x9a\x00\xef\xfe\x11\x00\x19\xfe\xb3\x00\x7b\x01\x75\x00\x32\xff\xee\xfb\x9f\x02\x64\xff\x2f\xfd\x49\xff\x48"
  "\x00\xcc\x02\x4b\x01\x0b\xfe\xd6\xff\xc3\xff\xd8\x00\x48\x00\xb0\x00\xd5\x00\x26\x00\xbc\x00\x2b\x00\x27\x01\x50\x01\x9e\x02\x3c\x00\x2f\x00\x98\xfe\x46\xfd\xda"
  "\x00\x1d\xff\x97\xff\xb4\xff\x4c\x01\x2a\x02\xf3\x00\xa9\x03\x5e\xff\xa2\xff\xb6\xff\x4a\xff\x79\x01\x6f\x00\x99\xff\xc5\xfd\x51\x00\x14\x00\x9e\x00\xbb\x00\xcc"
  "\x00\x41\x00\xb2\x00\xc5\x00\xb0\xff\x47\x00\x0f\xff\x76\x02\x9d\x00\xe9\x00\xf7\x00\xd0\xff\xe3\xff\xe6\x00\xc0\xff\x35\xfe\x70\x00\x63\x00\xa9\x02\x8e\x00\xae"
  "\xfe\x28\xff\xa5\x00\x8c\xff\xa8\xfc\x7a\xff\x21\x00\xb0\xff\xf0\x00\x9b\x01\xdd\xff\x04\xff\xb6\x00\xef\xff\x2f\x00\x81\x01\x4b\x00\x42\x01\x46\x01\x18\xff\x14"
  "\x01\x40\x00\x2e\x00\xec\xff\x1f\xff\x45\x02\x4f\x03\x68\xfe\x26\xfe\x30\x00\xd1\x04\xc6\x00\x28\x01\xe4\x02\xee\xff\x33\xfd\x12\xff\xfd\x01\x30\xff\xa5\x00\x9c"
  "\xfb\x61\xff\x7b\xfe\xfa\x00\x25\x00\x1c\x00\x3c\xfd\x95\xff\xb9\xff\x68\xfc\x71\xff\xf2\x01\x01\xff\x9b\xfe\xec\xff\xa1\x00\xaa\xfe\x62\xff\xb4\xfd\x52\xfe\x57"
  "\x00\xcf\xff\xb6\xff\xfa\x00\x4d\x00\x50\xff\x84\xff\xf3\xfc\xfa\x00\xb6\x02\xd3\xff\xad\xfe\x75\xff\x3d\x00\x8c\x00\xbc\x00\xdd\x05\x02\xff\x7b\x00\xe8\x00\x4b"
  "\xfe\xfc\xfd\x40\x00\x71\x00\x05\x05\x37\x03\xaf\xff\x3f\x00\xb4\xfe\xde\xfd\x27\xfe\x60\x01\x94\xff\x64\x01\x5e\x00\x56\xff\x4f\xfd\x36\xff\x88\x00\xcf\x00\x88"
  "\xff\xb2\xff\xc0\xff\x7c\xff\xc9\xfc\x1e\x03\x78\x00\xde\x00\x59\x00\x82\x00\x8f\x00\x49\xfe\xdb\x00\x49\x00\xd3\x00\xc6\x00\x49\xfe\xb5\xff\x36\xfe\x65\xfe\x9e"
  "\xff\x64\x02\x4c\x01\x6b\x00\xbe\x00\x9e\xff\x80\x00\x87\x01\xf7\xfe\x9b\x01\xfb\xff\x22\xff\x7f\xfe\xd0\x00\x7e\xff\x53\x00\x84\x00\x74\xfe\x7b\x00\xa9\xff\xc4"
  "\x00\x4c\x00\x72\x00\x3f\xff\x68\xff\x36\x00\x30\xff\x8e\x00\xbc\x00\x25\x00\x7c\x00\xf9\xfb\x9f\xff\xe6\xfd\x9a\x01\x88\x01\xe4\xfd\x42\x01\xd6\xff\x65\x01\xd8"
  "\xff\x38\x00\xa7\x01\x26\x00\xb3\x01\x51\x00\xa8\x00\xc6\x01\xb4\x00\x4e\x00\x42\x02\x10\x00\x90\xfe\x47\x00\x07\x01\x45\x01\x08\x00\xaf\xff\x3f\x00\x68\x00\x13"
  "\x00\x32\x00\x16\x00\xd5\x00\xb6\xff\x33\x01\x8d\xff\x6e\x00\x28\x00\x8c\x00\xd7\xff\x20\x01\x09\x00\xe8\xff\xd2\xfe\x60\xff\xf8\xff\x75\xff\x7c\xff\x89\xff\xfc"
  "\xff\x47\x00\x96\xfe\x47\x00\x93\x01\xe8\xff\xa6\xfe\x28\xfd\x80\xff\xd6\x02\x6a\x01\x74\x00\xf2\x00\x99\x01\x04\x00\x96\xff\x6e\xff\x36\xff\x53\x00\x3e\xfe\xb5"
  "\xff\x56\xfe\xeb\x01\x9a\x00\xd9\x03\xd7\xfe\x61\x00\xb3\x00\xa2\xfe\x76\x00\xb7\xfe\x31\xff\x21\x00\xea\xfe\x21\xff\x39\x01\x76\xff\x28\x01\x0f\x00\xcf\xff\x18"
  "\x04\x88\x00\x3f\x00\xf4\xfd\x3d\x00\x23\x00\x73\xff\x75\x01\x6e\xff\xb8\xff\x54\xff\x71\x00\xed\xff\x46\xff\x36\x01\x57\x02\xa8\xff\xb5\x00\x7e\x01\xef\xff\xe3"
  "\xfe\xaf\x01\x40\xff\xa4\xfe\x88\x00\xa7\xfe\x0f\x00\xac\xff\xea\xfd\xf3\x00\x30\xff\x60\xff\x1a\x02\x9b\xfe\xe6\xfd\xcc\x01\x3d\x00\xb4\xff\x4f\x00\x2a\xfe\x06"
  "\x00\xfd\x00\xfe\xff\xad\xff\xcf\xfe\x76\x01\x03\x01\xf2\xff\x11\x00\xf2\xff\x0d\x02\xf2\xfd\xe2\xff\x4b\x00\x44\xff\x21\x01\xc5\x00\x8a\x01\x8a\xff\xd3\x00\x18"
  "\x02\x20\xff\xe6\xff\xff\x00\xa5\xff\x77\x00\xc0\x00\xe6\x00\x45\x00\x7e\x01\xf8\xfe\xf5\xfe\x64\x00\x7f\x01\x05\x01\x16\x01\x72\x00\x3f\x00\xee\xfe\x49\xff\xfd"
  "\x00\xfe\xfe\x66\x01\x7e\x01\x87\xff\xf3\xff\x1c\x01\x77\x00\x89\xff\x2f\x01\x33\x00\xfc\xff\x27\x01\xe8\x00\xaa\xfd\x5f\xff\xbe\xfd\x41\x00\xb8\xff\xe2\x00\xc3"
  "\x01\x5f\xfe\xc5\x00\x0c\x01\xae\xfb\x3a\xff\xf3\x00\xcb\x00\xfb\xff\x3a\x01\xcc\xff\x4f\x00\x96\xfd\xc8\x01\x32\x00\x14\x00\x6f\x00\x22\x00\xc1\x00\xc5\xff\xf3"
  "\x01\x3f\x02\x21\x00\x1a\x00\x8d\xff\xfe\xff\x25\x01\xdf\x00\x2d\x00\xbe\xfe\xbf\xff\xbe\xfe\x0d\x00\x9c\x00\x71\x00\x2d\xff\x3c\xfe\xd0\xff\x24\x00\xb0\x00\xdf"
  "\xff\xd5\xff\xf9\xfe\x20\x00\xb5\x00\x5c\x00\xda\xff\x1b\x01\xd1\x00\xf0\x01\x62\x00\xdd\xff\x6b\xff\x62\x01\x00\x00\xc5\xfe\x8d\x00\x11\x00\x0d\xff\xe6\xff\xfe"
  "\xff\x16\x00\x94\xff\xb3\xff\x7f\x01\x7b\x02\x64\x00\xee\xff\x12\x00\x2a\xff\x56\x00\x10\x00\x01\x01\xb6\xfe\x7a\x00\x82\x00\xf1\xff\xd9\x00\x9e\x00\x2d\x00\xc6"
  "\xff\x72\x00\x48\x00\xa3\xff\x57\xff\x32\x00\x5b\x01\x66\xff\xc1\xfe\x61\x00\x6e\x00\xb2\xff\xff\xfe\xe7\xff\xe5\xff\x8f\x00\xb9\x00\x01\x00\x1e\x00\xd0\xff\xba"
  "\x00\xc2\x00\x47\x00\xc3\xff\x11\x03\x95\x00\xb6\xff\xd9\x00\x80\x00\x62\x00\xb9\xfd\xef\xff\x5a\x00\xf5\xff\x37\x00\x5d\x01\x0f\x00\x73\x00\x11\xfe\xc3\xff\x36"
  "\x01\xb4\xff\x28\x00\x80\xff\xf4\xff\x27\xfe\x9f\x00\xca\xff\xc3\xff\x21\xfd\xa3\xfa\x7f\xff\x04\x00\xdc\xff\x30\x00\x56\x01\x45\xfe\xed\xfe\x2e\x00\x5e\xff\x1f"
  "\xfd\x4f\x01\xd5\x00\xf7\xfd\x9d\x01\x7d\xff\xe5\xfe\x6c\xfe\x42\x02\x20\xfe\x8e\xff\xb5\xff\xa3\xfd\x15\x01\x5a\x00\xd0\xfe\x40\xfe\xc4\xff\xbb\xfe\xbe\xfd\x4c"
  "\x02\x17\x03\x03\xff\xda\x00\x96\x03\x1a\x01\xb5\xfe\xb5\xf9\x40\xfe\x2b\x03\x89\xff\xe6\x01\x77\x01\xc4\x03\x7c\x01\xf1\x01\xba\x00\xaa\x00\x27\xfe\x79\x01\x5d"
  "\xff\xcc\x01\xa3\x01\x94\x00\xd2\xfd\xc0\x01\xed\x01\x8e\xff\x43\x01\x8b\x02\xed\xfd\xb9\x00\x18\xff\xb8\xff\xce\x00\x08\x00\x09\x02\xd8\x02\x6a\x00\x62\x00\x4a"
  "\xff\xaf\xfe\x07\xfe\xfd\xfd\x72\x01\x5e\xfe\x8d\x00\xa5\xfe\xc6\x01\xf1\xff\xe0\xff\xfa\xfd\x69\x01\xd0\xff\xb1\xff\x36\x01\x81\x00\x81\xfd\x11\xfe\x64\x00\xc4"
  "\x00\x92\xff\x14\xff\x8b\xff\x29\x02\xd4\xff\x88\xff\x18\xfe\xb3\xfe\x34\xff\xbf\x01\xb0\x01\xe0\xff\x57\xff\x86\x00\xb5\xff\xb3\xfe\x94\x00\x08\x01\xd0\x01\x69"
  "\x00\x9b\x00\x3e\x00\x77\xff\xff\xff\xd4\xfc\x2e\x00\x81\x00\xe0\xff\x29\x01\xb3\x00\x5f\xff\xbd\x00\x8a\x01\x53\xff\xfb\xfe\xf5\x00\x6a\xfe\xae\xff\x43\xff\x12"
  "\xfe\x0c\x00\x56\xfe\x08\x00\x40\x00\xbc\xfd\x01\x00\xf4\x00\x5f\xff\x82\xfe\x8d\xff\xf4\xff\xdd\xff\xd2\xfe\xa6\xff\xac\xff\x88\xff\xb4\x00\x92\xfc\x4a\xfe\x2d"
  "\x00\x6e\xfe\x3e\xfe\xb1\xfb\x22\xfe\x23\x00\xb8\xfd\xdf\xfc\x2c\xff\x93\x01\x9b\xff\x8f\xfe\xc9\xfe\x0f\xfe\xd7\xfe\xd4\xff\xda\xfd\xa1\xff\x16\x00\x6a\xff\x54"
  "\x00\x08\xff\xc1\xff\x25\xff\x71\x00\x4e\xfe\x7f\xfe\x54\x00\x63\xfc\x24\x00\x98\x00\x51\x01\x84\xff\xbb\xfe\x86\x00\x83\x00\xec\xfd\x61\x00\xe4\xfe\xe1\xfe\x6f"
  "\xff\x3b\xff\xa2\xff\x73\xff\x0e\x02\xac\xff\x0c\x02\x6d\x00\x32\x00\xf5\xff\x81\x00\xf8\xfc\x64\xff\x5a\xff\x40\xff\xc9\x01\x9d\xfe\x44\x01\xe1\xff\xe1\xfc\xb9"
  "\x00\xfd\xfe\xd4\x01\xe4\xfe\xe3\x01\x05\xfe\x0e\xff\x5c\x00\xdd\xff\x26\xff\x6e\xfe\xb1\xfc\x0b\x00\xd5\xff\xcc\xff\xd8\xff\x89\xff\xcd\xff\x3a\x00\x32\xfe\xda"
  "\x00\x74\xff\x4b\xff\x83\x01\x84\xff\x12\x00\xff\xff\x03\xfd\x65\x00\x64\x02\xd5\x00\xe1\xfe\xa0\x01\x5e\xff\xb0\x03\xde\x00\xcf\x01\x38\x00\xab\xff\xbf\x00\x5b"
  "\x00\x53\x00\xa3\xff\x28\x03\x30\x00\x45\x00\x69\xff\x07\xfe\xbb\xfe\xa0\x00\x5b\x01\xa7\x01\xcb\xff\xb4\x00\xd9\x01\x0a\x01\xb0\x01\x87\xfe\xb2\xff\x99\x02\x10"
  "\x01\x26\xff\x6a\xfe\xb2\xff\x72\x00\x4c\xff\x20\xff\x04\x00\x55\xfe\xe7\xfd\xf3\x00\x9d\xff\x2d\xfe\x87\xff\x4a\x00\x6d\xff\x7e\xfe\xad\x02\xb3\x02\xa0\xff\xc2"
  "\x00\xe8\xfc\xae\xfe\x28\x08\x91\x00\xc0\xff\xe7\xfe\x01\x00\x59\x00\x8f\xff\x22\x00\x2e\x00\x95\x00\x54\x00\x35\xfe\xca\xfe\x91\xff\x45\x00\xe0\xfd\xbe\x00\xae"
  "\xff\xd7\xfe\xa0\xff\xe7\x00\x14\x00\x43\x00\x56\xff\xd8\x00\x2b\xfe\x13\x00\x4d\x00\x9f\xfe\x88\xfe\xfc\x00\x1f\xff\x7a\x00\xa9\xff\xf8\x02\xaa\xfe\x58\xfe\x4a"
  "\x00\x51\x00\x23\xff\x4d\x00\x48\xff\x9b\x00\xee\xff\x02\x00\x8b\xff\x0a\x01\x8c\xff\xd9\x02\xd7\xfe\x0a\x01\x9e\x00\xd2\xff\xd1\x01\x22\x01\x54\x00\x3c\xfe\x1a"
  "\x03\x43\xff\xc4\x00\xbe\xff\x0d\xfd\xb2\x00\xca\x01\xaf\x00\x57\x02\x75\x02\xa2\x01\x57\x00\x49\x00\x68\xff\x3c\x00\xbf\xfe\x84\xfd\x85\x01\x49\x01\x86\x00\x1d"
  "\x01\xc4\xfe\x37\x03\x68\x01\xc0\x02\xaf\xfe\xdd\x01\x14\xff\x28\xff\xd4\xff\xbb\x00\x64\xff\x0c\x01\xa6\x00\xa6\x00\xf8\xfd\x30\xff\xc3\x01\xcf\x00\xc2\x01\x1a"
  "\xff\x18\xfe\xe3\x01\xef\x01\xcf\x01\x70\x00\xab\x01\xa8\x00\x13\x01\xb0\xfe\xc5\x03\x72\x00\x82\xff\xaa\x01\x35\x00\xfd\x00\xaf\x01\x3b\x00\x0c\x02\xde\x00\x92"
  "\xfd\x6a\x01\xc8\x00\xe7\x00\x1e\xfe\xbe\x00\x46\x01\xf7\x00\x30\xfd\xf4\x02\x46\x02\x14\xff\x0c\x01\x86\x02\x92\x01\x60\x00\xcf\x00\x20\x01\x9b\x01\xd4\x01\xb5"
  "\xfd\x17\x00\x4c\x02\x0c\x02\x36\xff\xa1\x01\x67\x00\xb1\x00\x60\x00\x8d\x01\x17\x00\xbe\x00\x17\x01\x76\x01\x28\x00\x97\x00\x23\x01\x76\x00\xdc\x00\xf9\x01\x33"
  "\x01\x75\x00\xa5\x00\xc6\xff\x92\x00\x5d\x00\x23\xff\xeb\xff\x7b\xff\x63\xff\xc8\xff\x6d\x00\x8c\xfe\x2f\x00\x77\xff\xf4\xff\xbe\x01\x55\x00\x66\x02\x09\x00\x35"
  "\x00\x4e\x00\xb8\x00\x20\x00\xa2\x01\x1d\x00\x80\xff\x8e\x00\xb6\x00\xea\x00\x33\x00\x43\xfe\x0c\xff\x16\x00\xac\xff\xb8\xff\xea\xff\x5d\x00\x93\xff\xea\xfc\x21"
  "\xf8\x27\x00\xc0\x03\xc5\x00\x2f\x00\xd2\xff\xaf\xff\x25\xff\xa5\xff\x73\x00\xad\xff\x1c\x00\x98\xff\x1a\x01\x89\xff\x28\x00\x23\x00\x58\x00\x15\x00\x3f\xfc\x40"
  "\x00\xab\xff\x5b\xff\xc4\xff\x99\x00\xd2\x00\x98\x00\x84\xff\x5f\x00\x08\x00\xf3\xff\x10\x00\xd8\x00\x4e\x00\x4a\xfd\xc3\xff\xd2\xff\x28\x00\xeb\xff\xe4\xff\xa0"
  "\x00\x9e\xff\xc9\xff\x3b\x00\x46\x00\x07\xff\xe6\xff\xea\xff\xe8\xfe\x08\xfd\xc0\xff\x58\x01\x71\x00\xe7\xff\x2a\xff\x67\x00\x3a\x00\x71\x00\x7f\xff\xa7\xff\xf6"
  "\xff\x8f\xff\x8c\xff\xc1\xff\xff\xfb\x89\xff\x4d\xff\x56\x00\x77\x00\xf0\xff\x7e\x00\xb6\xfe\xf3\xfc\xe7\x01\x74\xff\x30\xff\x47\x00\xac\xfe\xa6\x00\x6e\xff\x4b"
  "\x00\xad\x00\x00\xff\xe4\xff\x7f\x00\xfa\xfe\x0c\x00\xff\xfc\xe3\x00\x31\x01\x8b\xff\xc3\xff\xde\x00\x7b\xfe\x10\x00\x54\x00\x8f\xff\x0a\x02\xb9\x02\x78\x01\x18"
  "\x02\x36\x00\x0d\xfe\x12\x00\x84\x00\x83\x01\x01\x01\x6f\xff\x5b\xfe\xca\x00\xe0\x00\x09\x00\x67\xff\x63\xff\x29\xfd\x0f\xff\x4a\x00\x66\x00\x5c\xfc\xed\x02\x73"
  "\x01\xd2\xff\x19\x01\x02\x01\x5a\xff\xa3\xfe\x08\x00\x91\xfc\x5b\x00\x48\xfe\x47\x01\x4e\xff\x37\x00\x88\xff\x97\x00\xa3\x01\xdd\xff\x6d\xff\xe6\xfe\x01\x00\x28"
  "\x01\x9c\xff\xff\xfd\xd6\x01\xb1\xff\x0e\xff\x82\xff\x8a\x00\xb3\x02\x99\xff\xff\xff\x63\x00\xd9\xfe\xa1\xff\xe8\xfe\xf9\x00\x0e\x00\x15\xff\xa6\xfd\xfb\xfe\x73"
  "\x01\xc7\xff\xb8\xff\x3f\xfe\x71\x00\x65\x00\xdb\x01\x4d\x00\x0b\x01\xb0\x00\x8c\xff\x9c\x00\x8e\x00\x52\x00\xa7\xff\x66\xff\x54\xff\xfb\xfe\xd5\xfe\x31\x00\x51"
  "\x00\x15\x00\xff\xff\xa7\xff\xf6\xff\x95\xff\x02\x00\xb5\x01\xe3\xfe\xf0\x00\xba\xff\x0f\x02\xbc\xff\x0f\x01\x0d\x01\x6d\x00\xf3\xff\x8d\x00\x84\x00\x0c\x00\x4c"
  "\x00\xd8\x00\x74\xff\xd0\x01\x03\x00\x3e\x02\x17\xfd\x63\xff\x42\x00\xbd\xfe\xac\xff\x44\xff\xb9\xff\x06\x01\x0f\x05\xa2\x00\x8c\xff\x3a\xff\x1c\x00\xd2\x00\x8a"
  "\xff\xe8\x00\x23\x01\xa8\xfe\x9a\xfe\x29\x00\x56\xfe\xed\xff\x10\x02\xb8\xff\xde\x00\x50\x01\xae\xff\xe5\xfe\x04\x00\x84\xfe\xa4\xff\x80\xff\x80\xff\x6a\xfe\xa3"
  "\xfe\xb4\x01\x98\x03\xfe\xff\xac\x00\x07\xff\x6d\xff\x76\x01\xb0\x00\x21\x00\xe9\xfe\xfa\xff\xea\xfe\x5e\x01\xd2\xfe\x00\xff\x39\x00\x1d\x00\x0e\x00\x76\xff\x8f"
  "\xff\x97\x00\x25\xfc\xea\x00\x71\x00\x3d\x00\x73\xff\xec\xfe\x4d\xff\xf0\xff\x45\x00\xf2\xff\x21\x00\xf0\xff\x06\x02\x07\xfd\x0f\xff\x31\xfe\xde\x00\x2d\x00\xfb"
  "\xff\x4a\x01\x79\xff\x4e\x00\x03\x00\xb4\xff\x27\x00\x6f\x00\xc1\x00\xd9\x02\xf7\xff\x72\xff\x1a\xfe\xb3\x01\x2f\x01\x2f\x00\xb3\xff\xff\x00\x9a\x00\x6c\xfe\xd1"
  "\x01\xcc\x00\x9d\xfe\x5d\x02\x71\x00\x1c\xfd\xb1\xff\xd5\x02\x1b\x00\x75\x01\xdb\xff\xd7\x01\x82\x00\x90\x00\xc2\xfe\xb5\x00\x48\xff\xc2\x00\x23\x00\xf9\xff\x19"
  "\x00\xa6\xfe\x32\x00\x74\x00\x22\xff\xd3\xff\xa7\x00\xdc\x00\x12\xfd\x6d\x00\x19\x01\xfd\xff\x73\xff\x5b\x00\x29\xff\x07\xfc\x4c\xff\xc1\x00\x5d\xff\x78\xfc\x54"
  "\xfc\x44\xfc\xe4\xff\x11\x01\xf8\x01\xac\x00\x87\x00\x88\x01\xd0\x02\x1a\xfd\xa1\x00\x10\x01\xd8\xff\xc0\x00\xed\x00\xaa\xfe\xa4\xfd\x22\x01\x35\x02\x26\x00\xd7"
  "\x01\x81\x00\x73\xff\x88\xff\xcc\xff\x9e\x00\x60\x00\x56\x00\x96\xff\xc4\xff\x5d\xff\x07\x01\x9c\x01\xde\x00\x83\x00\xeb\xff\x58\x01\x66\xfe\xa1\x00\xaa\xff\xab"
  "\x01\x32\x00\xd6\x00\x3f\xfe\xbf\x00\x8a\xfe\x9a\x01\x89\x00\x6d\xfe\xfa\xff\x55\x02\x88\x00\xe2\x00\x80\xfc\x09\x00\x68\x00\xfd\xfe\xcf\x00\xbb\x00\x90\x01\x17"
  "\x00\xa2\x01\x77\x01\xe1\xff\x5e\xff\x4d\xfd\xc8\xff\xb6\xfe\x15\xff\x58\x00\x87\xff\x49\x00\x00\x00\x09\x00\x00\x00\x03\x00\x00\x00\x31\x35\x31\x02\x00\x00\x00"
  "\x47\x00\x00\x00\x48\x00\x00\x00\x04\x00\x00\x00\x01\x00\x00\x00\x01\x00\x00\x00\x01\x00\x00\x00\x01\x00\x00\x00\x04\x00\x00\x00\x00\x00\x00\x00\x00\x00\x00\x00"
  "\x00\x00\x00\x00\x00\x00\x00\x00\x01\x00\x00\x00\x00\x00\x00\x00\x4a\x00\x00\x00\x01\x00\x00\x00\x20\x00\x00\x00\x35\x2e\x73\x70\x6c\x69\x74\x5f\x79\x5f\x70\x61"
  "\x74\x68\x2e\x31\x2e\x63\x6f\x6e\x76\x34\x5f\x31\x31\x2e\x30\x2e\x62\x69\x61\x73\x00\x00\x00\x00\x01\x00\x00\x00\x70\x00\x00\x00\x00\x00\x02\x00\x00\x00\x0b\x00"
  "\x00\x00\xbc\x01\xd7\x00\x80\xff\xcc\x00\x61\x01\x49\x00\x0b\x00\x7b\x00\x99\x02\x65\xfe\xc4\xff\x24\xff\x1e\xff\x58\x02\x49\xff\x97\x00\x22\x00\x17\x01\x19\xfd"
  "\x31\xff\x00\x00\xae\xff\x34\x03\xf7\xfe\xf6\x00\x47\x00\x0e\xfe\x9e\xfe\x3f\xff\x5b\xfe\xcd\x00\xd9\x02\x20\xfc\x61\xff\xfe\x01\x72\x02\x1c\x00\x64\x00\x10\xfe"
  "\xab\xfc\x2a\xff\xd2\x01\x35\xff\x4a\xff\x84\x01\x65\x02\x65\xfc\xc5\xff\xb2\x00\xf1\xff\x7e\xfe\xae\xff\x9b\xff\x07\xff\x37\xfe\x50\xff\x25\xff\x95\xff\xc7\xff"
  "\x2a\xfe\x5e\x01\x96\xf9\x33\xfe\xc9\xfd\xe4\xff\xcc\x00\x80\x01\xc9\xff\xc1\x00\x67\x03\xa5\x00\x94\x00\xc6\x04\xde\x03\xe7\xfe\x7a\xfe\x82\x01\xaa\xff\x63\xff"
  "\x3d\xff\x9f\xff\x1d\x03\xd8\xff\xfa\x00\xce\x02\xf1\xff\x69\x00\x30\x00\x1a\x01\x20\x00\xde\x01\xd7\xfe\x09\xfe\x91\xfe\xa0\x00\x4e\xfc\xe1\xfe\xb9\x00\x2b\x04"
  "\x47\x01\xb9\x01\x02\xfe\xde\xfd\xcf\xfe\xae\x00\x64\xff\x0e\x01\xef\xff\xb6\x00\x96\xff\x9a\xff\xb3\xfe\x4b\x00\x00\x00\x04\x00\x00\x00\x10\x00\x00\x00\x31\x35"
  "\x31\x5f\x4e\x4f\x54\x5f\x49\x4e\x5f\x47\x52\x41\x50\x48\x02\x00\x00\x00\x49\x00\x00\x00\x4a\x00\x00\x00\x4c\x00\x00\x00\x0a\x00\x00\x00\x03\x00\x00\x00\x31\x35"
  "\x32\x02\x00\x00\x00\x4b\x00\x00\x00\x39\x00\x00\x00\x4d\x00\x00\x00\x14\x00\x00\x00\x03\x00\x00\x00\x31\x35\x37\x01\x00\x00\x00\x4c\x00\x00\x00\x01\x00\x00\x00"
  "\xff\xff\xff\xff\x00\x00\x00\x00\xff\xff\xff\x7f\x00\x00\x00\x00\xff\xff\xff\x7f\x4e\x00\x00\x00\x14\x00\x00\x00\x03\x00\x00\x00\x31\x36\x32\x01\x00\x00\x00\x4d"
  "\x00\x00\x00\x00\x00\x00\x00\xff\xff\xff\x7f\x01\x00\x00\x00\xff\xff\xff\xff\x00\x00\x00\x00\xff\xff\xff\x7f\x4f\x00\x00\x00\x01\x00\x00\x00\x03\x00\x00\x00\x32"
  "\x34\x32\x00\x00\x00\x00\x03\x00\x00\x00\x01\x00\x00\x00\x01\x00\x00\x00\x01\x00\x00\x00\x00\x00\x02\x00\x00\x00\x0b\x00\x00\x00\x7a\xff\x50\x00\x00\x00\x15\x00"
  "\x00\x00\x03\x00\x00\x00\x31\x36\x35\x02\x00\x00\x00\x4c\x00\x00\x00\x4f\x00\x00\x00\x51\x00\x00\x00\x01\x00\x00\x00\x22\x00\x00\x00\x35\x2e\x73\x70\x6c\x69\x74"
  "\x5f\x79\x5f\x70\x61\x74\x68\x2e\x32\x2e\x63\x6f\x6e\x76\x31\x5f\x31\x31\x2e\x30\x2e\x77\x65\x69\x67\x68\x74\x00\x00\x00\x00\x04\x00\x00\x00\x01\x00\x00\x00\x01"
  "\x00\x00\x00\x70\x00\x00\x00\x20\x00\x00\x00\x00\x00\x02\x00\x00\x00\x0b\x00\x00\x00\xd0\x00\x40\x00\x19\x02\x8f\xff\x86\x04\xb8\xff\xf6\x00\x5c\xff\x23\xfe\xac"
  "\x01\x5a\xfc\xa3\xff\x93\xff\x5d\xff\x6a\xfd\xa2\xfc\x38\xfe\x51\xfe\x31\x00\xc0\xff\x69\x02\xeb\xfe\x72\x00\x9d\x00\x12\x02\xbe\xff\x84\xff\x25\x00\x4d\x01\x7a"
  "\xfd\x79\xff\xe1\xff\xbc\xfe\x5e\x00\x51\x00\xb2\xff\xe3\x00\xa3\x00\xa4\x00\x1b\x00\xad\xff\xc5\xff\xf1\x00\x8d\xff\xb5\xff\xa0\xff\x2b\x00\x6f\x00\xf0\xff\xbf"
  "\x00\x65\x00\xc2\x00\x7d\x00\xd5\xfe\x7e\xff\x01\xff\xdc\xff\x48\x00\x49\xff\xf9\xff\xfe\xff\x7c\x00\x46\xff\xef\xff\x00\x01\xc6\xff\xd3\x00\x0f\xff\x43\xff\x42"
  "\xff\xd5\xff\x18\x00\x2c\xfe\xb9\xff\x45\x01\x43\xff\x29\x00\xc6\xff\x3b\x00\xb3\xff\xbb\xfe\xf7\xff\xd7\x00\x4c\x00\x5a\x00\x0a\x01\x0e\x01\x2e\x00\xbf\x00\xa6"
  "\x00\x83\x00\x3b\x00\x88\x01\xe3\xff\xde\x00\x97\xff\xf8\x00\xc4\xff\x2e\xff\xf0\xff\xa9\x00\x49\x00\xb0\xff\x4d\x00\x62\xff\x2a\xfe\x38\xff\x90\xff\xb2\x01\x23"
  "\x01\x41\x00\x5f\x01\xfd\xff\x29\x02\xb5\x01\x3d\xff\xa8\xfe\x4b\xfe\x17\xff\x09\x01\xef\xff\xe5\xff\x3c\x00\xe0\xff\xac\xfe\x85\x01\xdd\xff\xe7\xfb\xbe\xff\x87"
  "\xff\xbc\xfe\x1d\xff\xe9\x02\x85\x01\x48\xff\x55\x00\x87\xfe\x32\xff\xea\xff\xef\xff\x89\x05\xa1\x00\xd5\xff\xb1\xff\xd6\x01\xc9\xfd\x45\xfe\x5b\xff\xc0\xff\xc9"
  "\xff\x11\xff\xb2\xff\xca\xff\x0a\x01\x1b\x01\x9c\xff\x68\x01\x8c\xff\x7d\x00\xfc\x00\x04\x01\x9f\x00\x45\x01\x55\x00\x8e\xfb\x44\x00\xad\x00\xef\x02\x16\x00\xd8"
  "\xfe\xd8\x01\x03\xff\xdb\x00\x10\x00\xcc\x01\x0c\x02\xe8\x01\x5d\x01\x55\x01\x13\xff\xf3\x01\xfa\xfe\x04\x00\x7b\xff\xbb\xff\x1d\x00\x10\x00\x3c\x00\xdb\xff\x0c"
  "\x00\xb9\xfe\x8a\x00\x9a\xfd\xe1\xff\x3c\xff\x24\x00\x08\x01\x85\x00\x77\x01\xbf\x00\x9b\xff\x68\xff\x36\x00\x63\x00\x9c\xfd\x31\xf9\x4c\x00\xd8\xfd\x65\x00\x4d"
  "\xff\x97\x01\x70\x00\x64\x00\x17\x00\x96\xff\x1c\x00\x52\x01\x2a\x01\x2f\x01\x94\xff\xd5\x01\x0f\xff\x5d\x00\xd7\xfe\x57\x01\x5c\x00\xc3\x00\xf8\xfe\x57\x00\xe2"
  "\xff\xf9\xfe\xeb\x01\x13\x00\x43\xff\x9d\xfe\x1b\xff\x7a\x00\x5d\xff\xcf\x03\xc1\xff\xc7\xfe\x8f\x02\x9a\x00\x8a\x02\x93\x02\x2e\x00\xf0\x01\x7f\x01\x6a\x02\x27"
  "\xfe\x70\x00\xa3\xfe\xc1\x00\xb4\x00\x31\x01\x84\x00\xe9\xfe\x87\x00\xc2\x06\x9b\xfe\xe8\x00\x74\x00\x2d\xfd\xed\x01\x8a\x00\x80\xfb\x09\x02\x90\x01\x53\xff\xf1"
  "\xfe\xee\xff\x50\x06\x59\xff\x81\xff\x5d\xfe\x9f\x01\x89\xff\x31\xfe\x32\x03\xbf\xff\xcb\x00\x55\xfe\x10\xff\xb6\xff\x9a\xfc\x52\x02\x89\x01\x47\x00\xf0\x00\xd1"
  "\xff\x29\x01\xb1\xff\x83\x01\xea\xff\xbe\x00\xb1\xff\x46\x02\xa2\xff\xd5\x02\x61\xff\xbe\xff\x94\xff\x0f\x01\xbe\xff\xe8\x02\x89\xff\xa6\xfe\xe6\x01\xf5\xfe\x59"
  "\x00\x31\x00\x75\xff\x62\xfd\x36\x03\xde\x00\xd1\x05\x70\xff\x51\x01\x10\x00\x4a\x00\xb6\xfe\xc6\xfb\x1d\x01\xe1\xff\x38\x01\x57\x00\x3d\x01\x6d\x00\x21\x01\x19"
  "\x01\x76\xff\xbb\xff\x5d\xff\xa8\xff\x0b\xff\xd1\xfc\x42\xff\x6d\x05\x11\x00\xe7\xff\xf8\x03\x1a\x01\x3a\x00\x68\x00\x17\xff\xa5\x00\x76\xff\xdf\xff\x77\xfe\x5d"
  "\x00\xe9\xff\xbc\x01\xc7\x00\x93\x00\x71\x00\xda\xff\x4e\xfc\xe4\x00\xde\xff\xb1\x03\x50\x01\x5f\xfe\x0b\x00\xfa\xfe\xfb\xff\x07\x01\x26\x03\x85\x00\xeb\x00\xf3"
  "\x02\x20\x02\x6d\x03\xdb\x01\x9c\x01\x3b\x02\xbb\x00\x59\x00\xd8\xfd\x6b\x00\x83\x00\x76\xff\xc0\x00\x00\xfe\x62\xff\xe5\x00\x2e\xff\x5d\x02\xb5\xff\x24\xfc\x26"
  "\x00\x0e\x00\xe0\xff\x70\x02\x79\xfe\x2f\x00\x24\xfe\x85\x02\xf6\xfe\xb0\x01\x07\x01\x75\xfc\xfb\x01\xf1\xff\xaa\xfd\x7e\xfc\xdf\x01\x48\xff\xba\xff\x6c\xff\x13"
  "\x00\x97\xfe\xd9\x00\x5a\xfe\xc3\x01\x6e\xff\x8c\x01\x19\x00\xc9\xff\xe7\xff\x1f\xff\x5a\x01\x7c\xff\x1e\x00\xd0\xff\x2b\xff\xad\x01\x5a\xfe\x61\x00\xc9\x00\x35"
  "\xff\x60\xff\xcc\x00\x55\x00\x54\xff\x93\x00\xf2\xff\x2a\x00\x72\x00\x1d\x00\x5c\x00\x8b\xff\xd3\xff\xd2\x00\x6d\x00\xc8\xfe\x98\x00\x8a\xff\xc7\x00\x45\x00\x5f"
  "\x00\xc1\xfe\x5e\x00\xff\x00\x15\x00\xb2\x00\xa8\x03\x14\xff\xf7\xfe\xee\xfd\xdb\xff\xd7\x00\xeb\xff\x42\x00\xe5\xfe\x43\x01\x88\xff\x39\xff\x85\x00\xee\xff\x12"
  "\x03\xc7\xff\xa1\x02\xfc\xff\xc6\xfe\x88\x01\xf8\xff\xda\xff\x8e\x00\x30\x00\x30\xff\x37\x00\x18\x00\xfb\xfc\x7e\xff\x61\x00\x1c\xff\x8c\x02\xff\xff\x5e\x01\xf0"
  "\x01\x67\x00\x37\x00\x48\x00\x38\x00\xb2\x00\xd4\x00\x55\xff\x39\xff\xa5\xfe\xbf\x00\x7c\x00\x9d\x01\x3d\x00\x71\xff\xea\xfc\xd5\xff\x70\x00\x5e\xff\x5d\xff\x05"
  "\x01\xb4\x01\xec\xff\xe8\xfe\x13\x00\x1b\xff\xfa\xff\x40\x01\x18\xff\x4a\x00\x15\x00\xbf\xff\x1a\xff\xbc\x00\x04\x00\xc3\xfd\x77\x00\xe7\xff\x5c\xff\xe2\x00\xfa"
  "\xfe\xf6\xfe\xfe\xff\x7e\xff\x56\x01\x30\x00\x3b\x00\x24\x00\xc5\xff\xba\x00\xc4\x00\x6c\x00\xfa\x00\x83\xfe\x41\x00\x47\x02\xf0\x00\x4c\xfe\x9a\xff\x4b\x01\xf5"
  "\xff\xcc\x01\x32\x00\xe2\x00\x71\xff\xc6\x00\x71\xfd\xf4\x00\xd1\xff\xc0\x01\x55\x00\x5c\x03\xbf\x00\xde\xfe\x73\x01\xad\xff\x4f\x00\xd9\x00\x3b\x00\x24\xfc\x99"
  "\x01\x87\x00\xa7\xfd\xf1\xfe\x32\x00\xd7\xff\x30\xfb\xb8\xfe\xe1\xff\x4d\x01\xdc\xfc\xc8\xfd\xf1\x03\xf7\xff\x0b\x01\x8e\x00\x31\xfe\xb5\xff\xba\x00\x51\x03\x41"
  "\x00\xb6\xff\xd9\xff\x72\xff\xe5\x00\x51\x00\xa3\x00\x76\xff\xa4\x01\xb8\xfd\x97\xff\x12\x01\x93\xff\xa7\xff\x06\xff\xa1\xfe\xd0\xfe\x3b\xfe\xd1\x00\x63\x00\x45"
  "\x00\x11\xff\xc1\x00\xdf\xfe\x13\x00\x68\x00\x9f\x00\xef\x00\x45\x00\x32\x01\xc3\x00\xe2\xff\x0d\xff\x55\xff\x25\x00\xef\x00\x06\xff\xd1\xfd\x59\x00\x2e\xfe\x81"
  "\x01\xd5\xfe\x7a\x00\x5e\x00\x8d\xff\x12\x01\xc9\x00\x42\x01\x56\xfe\x75\xff\xc3\xff\xaf\xfe\xc7\x01\x8e\x00\x24\x02\x5d\xfe\x05\x00\xe6\xfe\xac\xff\xb8\x00\x63"
  "\x00\xdb\xfe\xf8\x00\x57\xff\x89\x00\xa6\xfc\xa9\xff\xcf\xfe\xb9\xff\x3d\xff\x3f\xf9\x98\x00\xff\xff\x47\xfc\xea\xfe\x28\xfe\x0d\x02\x8e\xff\x80\xff\xb7\xfe\x6e"
  "\xfc\x02\xff\x47\xfd\x9b\x00\x36\x00\x99\xff\x3a\x00\xc1\xfa\x96\x00\xe9\x00\xaa\x02\xa0\x01\xad\xfe\x83\x01\x82\xfe\x7c\x00\xca\xff\x6d\xfc\x62\x01\x50\x01\x0b"
  "\xfd\xb4\x00\xda\xfc\x62\xfc\x8e\xff\x10\xfd\x05\x00\x59\xff\x3c\x02\x58\x00\x17\xff\xf0\xff\x50\x00\xb7\xff\xdd\xff\x3c\xff\xe7\x00\x7e\xff\xb3\xfc\x7b\x00\x6b"
  "\xf9\xde\xff\xc2\xff\x6f\xfc\x53\xfe\xcd\x00\x77\x00\x79\xff\x3c\x00\xc7\x00\x88\xff\x1e\xff\x2d\x01\x47\x01\xd5\xff\xa8\x00\x0e\xfe\xe9\xfe\x80\xfb\x16\x00\x2a"
  "\x01\xd0\x01\x61\x00\x45\x03\x9d\x00\x6e\xff\xdb\xff\x4f\x00\x5a\x00\xd9\xff\x3e\x00\x37\x01\x23\x00\x38\xfd\xd8\x01\x0c\x02\xaa\x01\xf1\x01\xee\xff\xc4\xff\x87"
  "\xff\x84\x01\x4c\x02\xed\x00\x18\x00\xcc\x02\xf0\x02\xd6\xfe\x9e\xfa\x70\x00\x69\x01\xd5\x02\x52\xfd\xad\xff\xc5\x00\xd7\x01\x3f\x00\xe9\x01\x51\x00\xa1\x00\xaa"
  "\xfc\xc0\xff\x5d\x00\x23\x01\x5a\x00\x3f\xff\x1f\xff\x83\xfe\x1a\xff\xdf\x01\x26\x00\x38\x00\xbc\xff\x56\xfe\x6e\x02\xf1\x00\x97\x02\x01\x00\xa2\xff\x54\xfd\xfa"
  "\xff\x40\x01\x1e\x01\x9e\x02\xcf\xfe\xda\xff\x2e\xff\xc1\xff\x2c\x01\xf7\xfd\xe9\xff\x49\x01\x46\xff\xc0\xfe\xc3\xfd\x3a\x00\xe2\xfd\x94\x00\xca\xff\xc3\x00\x8b"
  "\x01\x99\xfe\x6d\xfc\xa7\x00\x66\x00\x29\xff\x3a\x01\xb5\xff\x4b\xff\xa9\x00\x5d\xff\x7f\x00\x00\x02\x1f\x00\x90\xff\xa7\x00\x8d\xfe\x92\x01\x42\x00\x94\xff\x0e"
  "\x00\x14\x00\xfa\x00\x8e\x00\x4f\x00\x71\xff\xf1\xff\xcd\x02\x45\xff\x91\xff\xab\x01\x17\xfe\x6b\xfe\xce\xfd\xee\xfe\xf8\x00\x36\x00\x53\x01\xc9\xfe\x7a\xfe\x89"
  "\xff\xf4\xfe\xfb\xff\x62\xff\xde\x05\x94\xfe\x60\x00\xd1\xff\xb6\xfe\x1f\x01\x7c\x00\xce\xff\x13\x00\x37\x00\xf2\xff\xcd\xff\xb6\x00\xf3\xfe\x9b\xfe\xe5\xff\xae"
  "\x01\xb7\xff\x83\x01\x5d\x00\x9b\x02\x02\x01\x9c\x00\x27\x02\xeb\x00\x35\xff\xf5\xfe\x5d\xff\xac\xff\xa3\x01\xf0\xff\xab\x02\xdb\xfa\xe1\xfe\x9a\xfe\xd6\x00\x19"
  "\x00\x9f\xfe\xd8\xff\x9e\x00\xad\xfe\x7d\x01\x3e\x01\xbe\x00\x4f\x00\x79\x00\x7c\xff\xdd\xfe\x82\x00\x40\x00\x97\x00\xbb\xff\x06\xff\xdd\xfe\x5c\xff\xcd\x01\xc6"
  "\xff\x1e\xff\xd6\xff\x5b\x00\xeb\xff\xf3\xfd\x44\x00\xea\xff\x3a\x00\x12\xff\x53\x00\xcf\x00\x57\xff\x28\xff\x4a\x00\x00\x01\xc6\xff\xef\xff\xb4\xff\xeb\xff\x43"
  "\x00\x01\xfe\x56\x00\x35\xff\x6b\xff\x25\xff\x44\x01\x05\xfe\xbd\xfe\x69\x02\xa4\xff\x69\xff\xa8\xff\xa5\x00\xf0\x01\xb6\x03\xe0\xff\xde\xfe\x3f\xfd\xc1\xfd\x78"
  "\xfe\x55\xff\xd2\xff\x21\x02\x07\xff\xf6\xfe\xab\xff\xec\x00\x97\x01\xb8\x00\x21\x00\x41\x00\xcf\x00\xee\xff\xe0\x00\x4c\xff\x74\x00\xd1\xff\x03\x01\xc8\xfe\xf6"
  "\xff\x55\x00\x8a\x00\x0b\x00\xd7\xff\x68\x00\xcb\xfe\x97\xff\x5e\x00\x71\x00\x84\x00\x59\x00\x7d\xff\xed\xff\x12\xff\x49\xff\x01\x00\x4e\x00\x85\xff\x7c\xff\xf5"
  "\xff\x46\x00\x71\xff\x6e\xfd\xe8\xff\x5f\x04\x2e\x00\xf4\x01\x2e\x00\xa1\x00\x74\x01\x18\xfe\xd2\x00\x37\x00\x78\x01\xf2\xff\xfe\xff\x09\x01\xa3\x03\xd4\xfc\x0c"
  "\x01\xa7\xfd\xe7\xff\xb5\xff\x78\x00\x6d\x01\x91\xfe\x3b\xff\x62\x01\x02\xff\x29\xff\xc9\x01\x48\x02\xd8\xff\xba\x02\x94\x00\x57\x00\xfb\xff\x21\x00\xc7\xfa\xdf"
  "\xff\x64\x01\xc1\x01\xcf\x01\xa2\xff\x99\x01\x7f\x00\x49\x01\x89\xff\x98\x01\x22\x01\x0e\x02\x3f\x01\x1a\x00\xd8\xfe\x27\xfe\x20\x03\x45\xff\xf6\xff\x67\xff\x60"
  "\x00\x87\x00\x47\x01\xf4\xff\x12\x01\xe3\x00\xa2\x00\x31\xff\x68\xff\xc7\xff\x90\xff\xe0\xff\x1d\x00\x30\xff\x3f\xff\x3b\xfe\x0b\x00\x1a\xff\x09\x00\xce\xff\x01"
  "\x00\xf2\xfe\x0b\x00\xbe\xfe\x45\x00\x72\x00\x43\x00\x5f\x00\x1d\x00\x25\x01\x6f\x01\xbc\x00\x3b\xff\x22\x00\xb3\xff\x4c\x00\xae\xff\x82\x00\xd1\xff\x72\xfe\xfc"
  "\xff\x6c\x00\x9c\x02\x91\xff\x4f\xfe\xd8\xff\x0b\x01\xe5\x00\x82\x00\xed\xfe\x63\x00\xc1\xfe\x49\x00\xa6\xff\x87\x00\x67\x00\x0e\x00\x7e\xfe\x97\xff\x34\xff\x1d"
  "\xfe\x0b\xfe\x79\xff\x3d\xff\xf9\xff\x1d\xff\xbd\xff\x69\x01\x3b\x01\xf8\xff\xdd\xff\x1a\x02\x4b\x02\xe8\xfc\x7e\x00\x49\xff\xc2\xfe\x14\x03\xa8\xfd\xe8\x00\x59"
  "\xfe\x8a\xfe\xe1\x00\xd4\xff\x71\xff\x84\xfe\x7a\xfe\xcd\x00\x2b\xff\x44\x02\xa1\xfe\x7d\x00\x64\xff\x21\xff\xaf\xff\x76\xff\x30\x00\xb1\x00\x1b\x00\xb1\x00\x22"
  "\x00\x98\xfe\x90\xfb\x4b\x00\x32\x00\x52\xfe\x0d\x01\x20\x02\x1b\x00\x1d\xfe\xd0\x01\xdc\xfe\x81\xfd\x45\x01\xc5\x00\x6f\x00\xe6\x00\x7c\x00\x00\x04\x82\xfe\x4e"
  "\x00\x8f\x03\x81\xff\x6c\xfe\x6f\x00\xcb\xff\xb6\xff\xc7\xfd\xda\xff\x7f\xff\xc7\xfe\x07\x00\x55\x03\xb2\x00\xd9\x01\xd6\x00\x50\x00\x91\x00\xa8\xff\x4a\x00\xf8"
  "\xff\xb0\xfd\x5b\x03\xb1\x02\x4e\x01\x17\x02\x3f\x00\xca\xff\xba\xff\xd8\xff\xdf\xff\xa8\x00\xaa\x00\xe1\xfd\x65\x00\x93\xff\x61\x00\xd5\xff\xbd\xff\x3f\xfd\x77"
  "\x00\x7e\xff\xc8\xff\xbb\xff\xcd\x00\x06\x01\xa6\xff\x25\x01\x72\x00\xc7\xff\x66\xff\xe4\x01\x17\x00\x9f\x00\x1f\xff\xd4\x01\x3d\x01\x5c\xfe\x3d\x01\x53\xfe\xbc"
  "\xff\x69\x00\x26\xfe\xc9\x00\xa5\xfd\x3e\xff\x1a\xff\xa5\x02\x8d\xff\x33\xff\x7f\x01\x73\x00\xcb\x00\xde\x00\xb7\x00\x5f\xfe\x4c\x00\xed\xff\xa4\xfa\x66\x00\x0a"
  "\x01\xe1\xfe\x0c\x00\xf6\xfe\x5e\x00\x52\x01\x7c\x00\x1f\x02\x29\xff\x2e\x03\xc5\x00\x26\x00\xee\xff\x4f\x01\x1c\x00\x07\x03\xf8\x00\x1c\x00\x70\x00\x56\xfe\x14"
  "\x00\x1e\xff\x3c\x00\x76\xfd\x52\x00\x4d\x00\xf8\xfe\x0f\xff\x1e\x00\xcc\xff\x2e\x00\xf4\xff\xe3\x00\x7c\x02\x25\x00\xfc\xfd\x08\x00\x31\x00\x7d\xff\x12\x00\x92"
  "\xff\xb3\x00\x9a\x00\xa4\xff\x6a\x00\x9c\xfe\xa2\x00\xc3\xfe\x0b\x00\x28\x00\x3d\x00\x3e\x00\x5c\x00\x39\x01\x07\x00\x7d\xff\xcf\xff\x36\x00\xa9\xff\x43\xff\xee"
  "\x00\x4f\xff\x65\x00\xdc\xff\xcb\xff\x0a\xff\x55\xff\x4c\xff\xe1\xfe\xe1\xff\x2e\x00\xf8\xfd\x72\x01\x5a\x01\x86\x00\xdf\xff\xc0\x06\xa5\xff\x59\x00\xa4\xff\xc9"
  "\xff\x20\xfe\xd4\xff\x15\x00\x07\x00\x26\xff\x93\x00\xc7\x00\x80\xff\xc9\x01\x0c\x00\xc8\xfe\x7c\x01\x5e\xff\xac\x01\xd5\x01\x5e\xff\x41\x01\xf7\x01\xfb\xfe\xa6"
  "\xff\x20\xfe\x3f\xfe\x05\x02\x09\xff\x76\xfe\x58\xff\x08\x01\xf0\x06\xd9\xff\xe8\xff\x5f\x00\x8a\x01\x12\x00\xf3\xff\x20\x00\xf7\xff\x5e\x00\xd7\xff\xd6\x00\x0d"
  "\x00\x3d\xfd\x55\x00\xd6\xff\xdd\xfd\x2a\x02\x6e\xff\x1e\xff\x4f\x00\x8f\xfd\xd7\x01\x84\x03\x89\xff\x35\xff\xfc\x01\xb0\xff\x8a\xff\x12\xff\xce\x01\xe2\x00\xc4"
  "\xff\xbb\xff\x30\xfe\xa2\x02\x25\x00\x44\xfe\x3d\x00\xc7\xff\x82\x03\x72\x00\xd0\xfd\x06\x02\xa5\x01\x73\x01\x16\xff\x9a\x00\x9a\xff\x99\x00\x13\x00\x8d\x00\x3d"
  "\x00\x62\xff\xd3\x02\xf9\xfe\xc7\x00\x3d\xfe\xf2\x00\x10\x00\x27\x00\x22\xff\xf7\xff\xad\xff\xd3\xff\xdf\x00\xd7\x00\x46\xff\xec\xff\x65\xff\xca\xff\x4d\x00\x26"
  "\x02\x37\x00\xce\xf9\x16\x01\xed\xfe\x0d\x00\x46\x00\xf9\xfc\x82\xfe\xaf\x00\x54\x00\x59\xff\x25\xff\x80\x00\x0f\x00\xcc\xfe\x58\xfe\xff\xff\xe9\xff\xcb\x01\x50"
  "\x00\x6a\xff\x6f\xff\xd5\xfd\x95\x00\x58\x00\x82\x01\x7c\xff\xf8\xff\x2d\xff\x9f\xff\x75\xff\x34\xff\x76\xff\xeb\x00\x15\x00\xb9\xff\x8b\xfc\xdb\xff\x20\xff\x75"
  "\x00\x57\x00\x36\x01\xa6\xfd\x7c\x00\x42\x01\xf6\xff\xf4\xfe\x46\xff\xee\x00\xd8\x00\x39\x00\x41\xff\x35\xfb\x9b\xfe\xd0\xff\xde\xff\x47\x00\x3b\xff\x8f\x00\x44"
  "\xff\x84\xfe\x26\x00\x0e\x00\x2f\x01\x0d\xff\x43\xff\xc5\xff\x27\x00\x7b\x00\xfd\x00\xa6\x00\x43\xff\x36\x00\xc9\xff\x6e\x00\x00\xff\xee\x01\xcd\xfe\xe7\x00\xef"
  "\x00\x6b\x00\x00\x00\xe4\xff\x95\xff\x83\x00\xc3\xff\xda\x00\x5d\x00\x5f\xff\x70\x02\xf5\x00\x6b\x00\x40\x00\xbf\xfe\x1f\x00\x81\xfd\xc4\xff\xe9\xff\xb0\xfe\x72"
  "\xff\x15\x00\xf0\xfb\x87\x00\x42\x00\xeb\x00\x27\x00\x19\x00\xd8\xff\x47\x01\x74\x01\xea\x02\x38\x00\xdb\xff\xf8\xfd\x5f\x00\x0a\x00\xaf\x02\xd4\x01\x5a\xfd\xa5"
  "\xff\xc6\xfe\xf4\xff\xc2\x02\xd2\x00\xd5\xfe\xf2\xff\x8a\xff\xa6\xff\xa1\x00\xaf\x00\x35\xff\xc9\xfd\xf6\xff\xed\x04\xaf\xff\x5a\x00\x44\x01\x12\x00\x13\x00\x31"
  "\xfa\x98\xfe\x42\x00\x9f\x01\x95\xff\x0f\x00\x55\xfd\xcd\xff\x4a\xfd\x99\x00\x5c\x00\xe1\xff\xe1\xff\x38\x01\x4e\x00\xfd\x01\xb9\x02\xe9\x01\x5a\xfe\x32\xfd\x57"
  "\xff\x3f\xff\xe2\x00\x1c\x01\xfd\xfe\xe9\x00\x0a\xff\xde\xfe\xcd\x02\x29\x02\x6c\xff\xe4\x00\x06\x00\xf2\xfe\x3a\xff\xbf\x04\x55\x00\x24\x00\x0a\x03\x91\xfe\x88"
  "\xff\xbc\xfd\x20\x00\x63\x00\xd7\xff\x51\x01\xd3\x00\x7d\xfd\xa6\x00\x18\x01\xb1\xff\x12\x00\xcf\xfd\x06\xfd\x1f\x01\x67\x02\x21\x01\xc5\xfe\xe9\xff\x31\x01\x86"
  "\xfe\xcc\x00\xbb\x00\x1b\x01\xab\xfe\x29\xff\xb3\x00\xa1\x01\x9b\xfe\x00\xff\xc7\xfe\xa8\x00\x98\x00\x8c\x00\x66\x01\x72\xfe\x22\xff\xf5\xfe\xaf\xff\x7d\x02\x9e"
  "\x00\xc4\xff\x51\xfd\xfb\xfe\x71\xff\x77\x00\xd6\x00\x1f\x00\xe5\xff\x89\x00\xbd\xf6\x33\xfe\xee\x01\x52\x02\x30\x00\x12\xff\x4c\x00\x5d\xff\x96\xff\x03\x00\x35"
  "\xff\x9d\x00\x1e\xff\x8e\x00\x55\x01\x4a\x01\x1d\x02\xa4\xff\x50\xff\xe2\xfd\x93\x00\xeb\x00\xde\xfe\xe4\x00\x4e\xfe\x87\x01\x16\xfb\x79\xfe\x30\xff\xd3\xfe\xdd"
  "\x01\x2c\xff\x3c\x00\x6d\xff\x34\x00\x7c\x00\x3d\xfe\xfe\xfc\x3e\xfe\x3c\xff\x20\xff\x48\xfe\xdc\xff\xf7\xff\xe3\x00\x79\x00\x4e\x00\xdc\xff\xc6\x00\xbf\x01\x28"
  "\x00\x68\xff\x87\xfc\xb5\x05\xbf\x04\x09\x02\x23\xff\x1d\x01\xba\xff\x3c\xff\xd7\x00\xac\x00\x21\xfe\xe1\xfd\x67\x00\xb1\xfd\x80\x00\x98\xfe\x9e\x00\x48\xfb\xdd"
  "\x00\x44\x00\x9a\xff\x54\xfd\x0f\x00\x82\x01\xd6\xff\x63\xff\x9a\x02\x51\x01\x9f\xfe\x31\x02\x80\x00\xd6\x01\x07\x01\x0d\x00\xee\x00\x4e\xff\x46\x00\x65\xfd\x71"
  "\x02\x80\x03\xd9\xfd\x74\xfd\xb3\x01\xa5\xff\xba\xff\xec\x00\x7d\x02\xcd\xfd\x5c\x00\xab\x00\x63\x01\x92\xfe\xa9\xff\x1a\x01\xd5\x01\xd7\xff\x67\x00\xc8\xff\xad"
  "\x01\xf6\xff\x70\xff\x84\x01\x2f\x01\xdb\xfe\x36\x00\xd4\x00\xe3\xfe\x94\x00\x96\xff\x98\x01\x60\xfe\x92\xff\x65\x01\x59\xfe\x9b\xff\x20\xff\xd3\x00\x3b\x02\x79"
  "\x00\x60\xff\xff\xff\x40\xfd\x9c\xff\xc8\x00\x6e\xff\xe6\xfe\x0b\x01\xfb\xff\xcf\x01\xc0\xff\xbd\x00\xa3\xfe\x55\xff\x33\xff\xed\xff\x84\x00\x48\xff\x47\x00\xe1"
  "\xfe\xda\xff\x06\x00\xbc\xff\xaa\xfe\x46\x00\x47\xff\x73\x01\x42\x00\xf3\x02\xc3\x00\xde\xfe\x69\xfd\x12\x00\xe4\x00\x0b\xff\x84\xff\xe2\x00\x44\xff\x5b\xff\x5f"
  "\xfe\x6c\xff\x98\xff\x4c\x00\xfe\x01\x8c\xff\x1b\x02\x2c\x00\x23\x00\xd3\xff\x46\x00\x8b\x00\x06\xff\x13\xff\x4e\xff\xb9\xfe\x49\x00\xb4\xff\xbc\xff\xad\xff\xc2"
  "\xfd\xdd\x01\x2f\xff\x5f\x00\xa7\x01\x74\x00\x0c\xff\xde\x00\xd0\xfa\xb5\xfe\xd4\xff\x4d\xff\x59\x00\x06\x00\x8e\x00\xbb\xff\x36\x02\xbb\xfe\x3d\x00\x82\x01\x27"
  "\x00\x07\xff\x9b\xff\x56\x00\x26\xfc\x0e\xfe\xbe\xff\x48\xfd\x99\xfd\xcb\x00\xe4\xff\xa4\x00\xd5\xff\x81\xff\x2f\x00\x49\x01\x37\xfe\x13\xff\xd8\x01\x10\xff\x33"
  "\xff\x73\x00\x60\x00\xd0\x00\x91\xfe\x12\x00\x16\x00\x60\xff\x6b\x01\x22\x01\x19\xff\x56\xfe\x0b\xff\x45\xfe\xcf\xff\x89\xfe\xa1\xfe\xe8\x01\xab\x00\x03\x01\x59"
  "\x03\x7b\xff\xd1\xff\xdf\x01\x22\xff\x5b\xff\x35\x00\x74\x02\xeb\xfe\x20\x00\xd5\x00\x25\x00\x44\x00\xe4\xfe\xca\xfe\x6a\x00\xf9\xff\x0a\x02\x95\xfe\xa4\xfe\x33"
  "\x01\xf4\x01\x61\xff\x4c\xff\x50\x00\x1c\x00\xd6\x00\x6b\x02\x2a\x00\x1f\x00\xe2\xfd\x42\x01\xea\xfe\x89\xfe\x86\x00\x86\xfc\xef\x00\xa4\xfe\x3b\x00\x9e\x01\x25"
  "\xfd\x13\xff\xb9\xfe\x62\x00\x4e\x00\x81\xff\x19\xff\x01\x00\xf2\x00\x89\xfe\xfa\xfe\x9e\x00\x89\xfe\x57\x01\xaf\x00\x75\xff\x0e\x00\x71\xff\x03\x01\x49\x01\x7e"
  "\xff\x3d\xfc\x31\xff\x01\x01\xce\xfe\xf4\x03\x3b\x00\x48\x00\x33\x00\x53\x00\xc3\xff\xe6\xfe\xe2\x00\x18\x01\x1c\x01\x2c\x01\x99\xfe\xb5\x00\x25\xfe\x26\xfe\x15"
  "\x00\x1f\x01\xec\xfe\xec\x01\x23\x02\x8e\xff\x7d\xfe\xf6\xff\x43\x00\x35\xff\xf2\xfc\xe8\x00\x64\x01\x92\xfe\xd6\x02\x36\xff\x4d\xff\xea\x00\xc0\xff\x52\x00\xff"
  "\x01\x2e\x01\xd7\xff\x97\x01\xf7\xfa\xa7\xfe\x0c\x01\x17\x00\xe3\xff\x5c\xff\x3e\xff\xb0\x00\xd4\x00\x20\x00\x31\x00\xbd\xff\x69\x01\x33\x00\x73\xff\x14\xff\x09"
  "\x00\xbc\xff\x90\x00\x9a\xff\x87\x00\x08\xff\x10\x00\x1e\x00\x54\x00\xd8\xfe\x59\x00\x88\x00\x24\x00\xd7\x00\xa8\x00\x98\x00\x7e\xff\xb1\xff\x89\x00\x3c\x01\xab"
  "\x00\xca\xf7\x56\xfe\x60\x02\x31\xff\x02\x00\x29\xfc\x50\x00\x0c\xff\x40\x00\x1a\x00\x05\x01\x43\x00\x32\x01\x2d\xfd\xe4\x01\x30\x01\x8c\xff\xb2\xfd\xe8\xfe\x5a"
  "\xff\x5e\x02\x82\x00\x2a\xfe\x6a\x01\xe0\x01\x13\x00\x39\xfe\x01\x02\x40\x00\x41\xff\xf8\xfe\x7c\x00\xa6\xff\x16\x00\x92\xff\xaf\x00\xf5\x00\x4b\xff\xf1\xff\xa7"
  "\xfe\x53\x00\x7f\xff\xc0\xff\xf2\xff\x12\x00\x3a\xff\xbe\xff\x97\xfe\x99\xfd\xaa\xff\x7b\x00\xc4\x05\x72\xff\x47\x00\x0b\xfe\x35\x01\x83\x00\xc5\xff\x4a\xff\xba"
  "\xff\xb0\x00\x4f\xff\x46\x01\xfd\x00\x97\xff\xae\xff\x55\x00\x6e\xfe\xd6\x00\x1e\x01\x4e\xfe\x72\x00\x31\x01\xca\x00\x0a\x00\x81\xff\xc9\xff\x12\xff\x94\xfd\x84"
  "\xff\x77\x00\x96\x01\xd6\x00\xaa\xfc\x88\xff\xf7\x00\x3e\x00\x0a\x01\xe2\xff\xb6\x00\x96\xfe\x3b\xfd\xcd\xff\xb7\xff\x13\xff\x76\x00\xca\xff\x99\xff\x9d\xff\xca"
  "\x00\xba\xfd\x0e\xff\x9c\xfe\x8e\xff\xba\xff\x8b\xfe\x14\x00\x57\x00\x84\xff\xfd\xff\x43\xff\x1e\x00\xd4\xff\x17\xff\xe3\xff\x2a\x01\xac\x00\x62\x00\x8e\xff\x0f"
  "\xfe\x29\x00\xb8\x00\x35\x01\x2c\xfe\xc4\xff\x59\xff\x69\xff\x26\x01\xae\xff\xb9\xff\xb3\x00\x5a\x00\xac\x00\x68\xff\x79\x00\xb4\xff\x52\x00\x56\xfe\xe6\xff\x28"
  "\x00\xca\x00\x36\xff\x19\x00\xea\xff\x79\x00\x39\x00\x20\xff\x29\x01\x31\x00\x10\x00\x1c\x00\xbe\xff\x97\x00\x97\xff\x12\xff\xea\xfe\x5a\xff\x62\xfd\x2c\xff\x0f"
  "\x00\xa9\xfd\x90\x03\x5f\xff\x54\xfd\xd3\xff\x28\x00\x8f\x00\x95\x01\xac\xfe\xb5\xff\x05\x00\xf8\xff\x86\x00\x03\x00\x4f\xff\x9a\xff\xf3\x00\x70\xff\x4a\x00\x0d"
  "\x00\x7d\x00\xef\x05\x8b\xff\x9b\xff\xd5\xfe\xf4\x00\x2e\xff\x9b\xff\x63\x00\xd1\x00\x1c\x03\x9d\xff\x85\xfe\xfc\xfe\x58\x01\xf1\x00\x51\x02\x8f\xff\x38\x01\xbc"
  "\xfe\x0f\xff\x7c\x01\xbf\xff\x24\xff\x87\xff\x55\xff\xee\xfe\xfb\xff\x09\xfe\xee\xff\x49\x01\xf7\xfd\x49\xfc\xa7\x02\x34\x01\xb8\x01\x60\xff\x00\x00\x49\xfe\xd5"
  "\x01\x86\xff\x09\xfc\xca\xfd\xfc\xff\x1a\x01\x99\xff\x45\x01\xdf\xfd\xc3\xfd\x48\xff\x82\x00\x7b\xff\x63\xff\x67\x01\x27\xff\x7b\xfe\x02\x01\xc2\x00\x84\xfe\x9a"
  "\xff\xe7\x01\x5c\x00\x5c\x00\xdc\xff\xab\x01\xe3\xfe\x28\x03\x07\xff\x94\x01\xce\xff\x5d\x02\xa0\xfd\x4e\xff\xe4\xfe\xec\xff\xc5\x01\xed\xff\x2a\x00\xe5\xfd\x8c"
  "\xfe\x1f\x00\x83\xff\xca\x04\x54\x01\x18\xff\xd5\xfe\x34\x05\x6a\x00\x3f\x00\x1c\x01\x98\xfb\x41\xfe\x57\x00\xfb\x00\x1c\x00\xd6\x02\x9a\x00\xf2\xfe\x90\xfe\x0b"
  "\xff\x09\xff\xd4\xff\xf2\x00\xed\xff\x24\x01\xaf\x00\x09\xfd\x78\x00\xf1\x00\xa8\xff\x1f\xff\x65\x03\xb3\xfe\xb3\x00\x88\xfe\xd6\xfe\xf2\xff\x4f\x01\x9d\xff\xe8"
  "\xff\x37\x00\xfe\xff\x45\x01\x84\x00\xa0\xff\x52\x00\x28\xff\x1e\xfe\xc6\xfe\xca\x02\x8c\xfe\x19\x01\x86\x00\xd5\xfe\x71\x02\x19\x01\xef\xff\xef\xff\x38\x01\x9e"
  "\xff\xd8\xff\x8a\xff\x84\xff\x97\x00\x1c\xfe\x46\x02\xec\x00\x39\xff\x7a\xfe\x0e\x00\xd3\x00\xaf\x00\xb8\xff\x78\xfe\x6a\x00\x8d\xfe\x74\x02\x4e\xff\xa4\xff\xb5"
  "\x01\xbd\x00\xec\xff\x05\x00\xba\xff\x4c\x00\x5c\x00\x60\xfe\x25\x01\x7f\x02\xf7\xff\xc7\xfe\xe9\xff\x90\xfe\xd7\x00\xbe\x00\x79\xfe\x4f\x00\x5f\x02\xad\x00\x67"
  "\xff\x96\xfd\xdb\xfe\x5b\xfd\x91\xff\xed\xff\x8d\xfe\x2b\x01\x68\x02\x10\xff\x95\xff\x91\x01\xd2\x05\x57\xff\xd0\x00\x19\x00\xc1\xff\x1a\x01\xa8\x00\xe8\xfd\x75"
  "\xff\xfd\x00\xc8\xff\x2e\x01\xc8\xff\x7d\x00\x14\xfe\x23\x00\xd8\xff\x32\x01\x2f\x00\x0e\x00\xbf\x00\x7b\xff\xb5\x00\xaa\xff\x9c\xff\xf2\xff\x7f\xff\x72\xff\x68"
  "\xff\x40\x00\x84\x00\x69\xff\xa4\xfd\x3c\xff\xcd\xfe\xac\x01\xda\xff\x28\xff\x0b\x00\x13\xfd\xac\x00\xba\x00\x2f\x00\x25\x00\x10\xff\x3c\x01\x1e\xfe\x4c\x02\xb4"
  "\xff\xba\xff\x96\xff\x7e\xfe\x86\xff\xab\xfd\xcf\xff\x93\x00\x86\xff\x13\xff\xf8\xfe\x6a\x00\x68\xff\xef\x00\xbd\x00\x7e\x00\x07\x02\x01\x01\xc0\x01\x44\x00\x47"
  "\x00\x58\x00\xd3\xfe\x45\xff\x45\x00\x74\x00\xff\x00\x74\xff\x14\x00\xe3\xff\x21\xff\x1d\x01\x8b\xff\x33\x00\x93\xff\x76\x00\x2f\x00\x86\x00\xf3\xff\x31\xff\x8c"
  "\xff\xb0\xff\x84\xff\x5c\x00\x70\xff\xe5\xff\x65\x00\x30\x00\x4e\xff\x0a\x00\x49\x00\x40\x00\x88\x00\xf0\xff\x20\x00\x93\x00\x98\xff\x7c\x00\xf4\xff\xb0\x00\x93"
  "\xfd\x1d\x01\xb6\x00\x22\x00\x18\x00\x59\x01\x90\x01\x3d\x00\x74\x00\x5e\x01\xf6\x00\x4b\xff\x12\x00\x7d\x02\x47\x02\x31\x01\x61\xfe\x9c\xfd\x0e\xff\x3a\x02\x3a"
  "\x01\x98\x00\x17\x00\x5b\xfc\x0c\x02\xe8\x01\x48\x00\x7f\x00\x81\x00\x84\x01\x4f\x01\x60\x02\xfc\x00\x14\x00\xa5\x00\x44\xff\x08\xff\x54\xfe\xa3\x01\xed\x00\x46"
  "\x00\x93\xff\xba\xff\x2b\xff\x5f\xff\x9a\x00\x12\x01\x16\x00\xf9\xff\xa2\x01\x79\x00\xb3\x00\x40\xfc\x4d\x01\x93\xfe\xf7\x01\xa8\xff\x00\x02\xaf\x00\x40\x02\xc5"
  "\x00\x5f\x00\xdd\xfe\x2e\x00\x98\x00\x99\x02\xd4\xfe\xb7\x00\x34\x00\x77\x00\x8a\x02\x04\x01\xde\x00\xf7\xfd\xee\xfe\x09\x01\xd7\x00\x5e\x00\x6d\x00\xa0\xff\x3b"
  "\x00\x25\xff\x9c\x00\x96\x00\xf9\xff\xbb\x00\x7c\xfe\x49\xff\x7e\x00\x21\x00\xe2\x00\x5d\x00\x1f\xfe\x99\xff\x56\x00\x3e\xff\xdf\xff\xfa\x00\x46\xff\x4e\xff\x31"
  "\x00\xe4\x00\xcb\xfe\x8e\xff\x46\xff\xb1\xff\xdf\xff\xe7\xff\x3f\x00\xe1\xff\x1a\xff\x24\xff\xb9\xff\xf1\xff\x6a\x00\x51\x00\x5a\x01\x23\x00\x73\x00\x4c\x00\xca"
  "\xff\xfc\xff\x58\xff\xde\xff\xd9\x00\xb0\x00\x01\x01\x2d\x02\xd4\xff\xaa\xfe\x59\xfe\x58\x00\xd7\xfd\x8a\xfe\xa2\xff\x37\x00\x5b\xff\x48\xfe\x01\x00\xea\xfe\x89"
  "\xff\x64\x01\x33\x00\x45\x03\x88\x00\xbb\xff\x09\x03\x8d\xff\x59\xfe\x75\xff\xd1\xfe\x90\x04\x35\x04\x12\x00\x6a\x01\x64\xff\xe4\x00\x2a\x00\x1b\x01\x5b\x00\x75"
  "\xff\x4d\xfd\x76\xfd\xba\xfe\x90\x05\x03\x00\xea\x00\xe7\x01\x30\x01\x7e\xfe\x13\x01\x16\x00\x04\x01\xbd\xff\xa5\x00\x4c\xff\x67\xfe\x14\x01\xc1\x00\x8b\x00\x4b"
  "\x01\xdd\x01\x51\x01\x87\x00\x40\xff\x4c\xfd\xda\x00\xde\xff\xf7\xfd\xee\x00\xd5\x00\x02\x00\xec\xfe\xc2\x00\x5d\xff\xf2\xfe\x52\xff\x10\x00\xed\xfe\x1f\xfe\x60"
  "\x01\xa1\x00\x29\x01\x31\xff\x7d\xff\xc4\xfd\x17\x00\xd5\xff\x43\xff\x52\x01\x13\x00\xb7\x01\x22\x00\x01\x01\x36\x00\xe2\x02\x0d\xff\x0e\x00\xaa\x00\x17\x01\xba"
  "\xff\x8c\xff\x1b\x00\xd7\x05\x5f\x00\xae\xfe\xa7\xff\x9b\xff\x07\xfe\xdb\xff\xf4\x00\xfd\xff\x6b\x01\x88\x00\x30\xfd\x31\x02\x1d\x00\x1c\xff\x64\xfe\xfd\xfe\xde"
  "\xff\xe5\xfd\x4f\xff\xe9\xff\x2a\xff\x58\xfe\x0b\x00\x46\xfd\x8e\xfd\x0a\xfb\xe3\xff\x30\x01\xc7\x00\xb1\xff\x64\x00\x39\xff\x46\xff\x76\x00\x5f\x01\xfb\xfe\x80"
  "\x00\x9e\xff\x66\xff\xe5\xff\x08\xfc\x58\xff\x99\xff\x84\x00\xba\x00\x5e\xff\x81\xff\x16\x01\x3a\x00\xb3\xff\x52\xff\xf6\x01\x08\x00\x6e\xff\x3a\x00\xf6\xff\xe3"
  "\xff\x11\x00\x68\xff\xe4\x00\xa3\x00\x97\x00\x8f\x01\x72\x00\x53\x00\xf9\x00\x13\x00\xd3\x00\xd3\x00\xa2\x01\x1b\x01\xbb\xff\xa9\xff\x76\xff\x76\x00\x9f\xff\xb8"
  "\xff\x83\xff\x99\x01\xa3\x00\x53\xff\x1c\x00\x77\x00\xdd\xfe\x56\x01\x3f\x00\x0b\x00\x7c\xfe\x0b\x01\x4f\x00\xd8\xfe\x54\x00\xd8\x00\x79\xfd\xba\xff\x6b\x00\xe6"
  "\xfe\x98\x00\x98\xff\xff\x03\xe4\x02\x3a\x04\x75\x00\x06\x00\x87\xfc\x66\x00\x1f\x00\x3b\xff\x42\x00\x83\xfe\x72\xff\x8f\xfe\xf2\xfe\x4a\x01\xc8\x00\x03\x01\xeb"
  "\xfd\x3d\xfd\x07\x02\x0b\x01\x05\x01\x69\x01\xdb\xff\x31\xff\xa6\xff\xe6\xfe\x40\xff\x82\x01\x0a\xff\x16\x00\xdc\xff\x87\xfe\x4d\xff\x7e\xff\xf5\x00\x82\xff\x54"
  "\xff\x2d\x02\x9f\x00\xc1\x00\xee\xff\x36\x02\xe8\x01\x84\x01\x4f\xfc\xd6\xff\x8d\x00\x57\xfd\xf7\xff\x26\x00\x6f\x00\xde\x00\x38\xff\xcd\x01\x93\x00\xe6\x01\x02"
  "\x01\xad\x00\x6c\x01\x77\x02\x36\x02\x9f\x02\xbb\xfd\x27\xfe\x5b\xff\x7a\x02\x2d\x00\xe9\x00\xa7\x04\x99\x03\x7b\xfe\x04\x01\x31\x00\x08\x00\x28\xfe\xa7\xff\x12"
  "\x00\xec\x00\x54\xfe\x3f\xff\x55\x01\x59\xfd\xf5\xfe\xc6\xff\x3f\xfd\x75\xfd\xd3\x00\xf9\xfc\x76\xfe\x2a\x00\xb8\xff\x1d\x00\x79\xff\xf6\x00\xe8\xff\x8a\xfd\xcf"
  "\x00\x56\x00\x8d\xfe\x8a\x00\x4a\x02\xc9\x01\xce\x00\x2c\xff\x79\x00\xe6\xfe\x5d\x01\xb3\x00\x93\xff\x8a\x02\x31\x00\x1e\x00\xbd\xfb\xce\x01\x17\x00\x36\x00\xe8"
  "\x00\xa5\xff\x9e\x00\xf8\xff\x08\x00\xb0\x00\x63\x00\x7b\xff\xcf\x01\x12\xfe\xe4\xfe\xf4\xff\x6d\xff\x53\xfa\xba\x00\x25\x04\x95\x00\x36\x01\xb9\x00\x97\xff\x48"
  "\x00\xbc\x01\xe4\x00\xb4\x03\x10\x00\x31\x01\xef\xfe\xd9\x00\xfd\xfe\x6f\xff\x37\x01\x65\xff\xa2\x00\x59\x00\xe0\xff\x93\x01\x12\xfe\x26\x02\x7e\xfe\x8c\xff\x60"
  "\xff\x78\xfe\xcf\xff\x67\x00\x58\x00\xe4\xff\x4f\xff\x99\xff\x55\xff\xc9\xff\xea\xff\x41\x00\x8f\xfe\xd9\xff\x1f\x00\xac\x00\x39\x00\x05\x01\x8c\x00\x17\x00\x47"
  "\xff\x89\x00\xd6\xff\x7c\x00\xd3\xff\xf2\xff\xde\x00\xe5\x00\x36\x00\x46\xff\x0e\x00\x19\x00\xce\xff\x59\x00\x3f\xfe\x6b\x01\x33\xff\xcd\x00\x4e\x01\x48\x00\x21"
  "\x01\xee\xfe\x97\xff\xbf\xff\x4d\x02\x8c\x00\x6b\x00\x14\xff\x19\x00\xb1\xff\x7d\x00\x7e\x00\x37\x00\xd4\xff\xe4\xff\xcd\xfe\x7f\x01\x36\x02\xaa\x00\x97\x00\x74"
  "\xff\x04\x00\xda\xff\x68\xff\x68\x00\x6b\xff\x6e\xff\x1f\x02\xe4\x00\xd5\xff\xac\x01\xdd\xfe\x39\xfc\xc6\xff\x3f\xff\xa9\x00\xbb\xff\x8f\xfe\x49\xff\x06\x01\x20"
  "\xff\xe2\xfa\x58\x00\x61\x00\x42\x00\x5b\x03\xbf\xff\x49\x01\x74\xfe\xe2\x01\x36\x00\x08\xff\xbe\xfe\x1c\x01\x8e\x00\x33\x00\xe6\xff\x04\xff\xd4\xff\xfb\xfe\x86"
  "\x00\x0a\x00\x52\x00\x4f\xff\xa2\x00\xac\xff\x39\x00\x17\x00\xbb\x00\xab\xff\xc3\xff\xd1\x00\x1b\xff\x75\xff\x88\xff\xa2\xff\x34\xff\x21\x01\x44\xff\xfe\xff\x5e"
  "\xff\x0c\x00\xab\x00\x17\x00\xcd\x00\x6d\x00\x99\x00\xbb\x00\x67\x02\xd4\xfd\xd7\x02\x09\x02\x17\x00\x99\xff\x55\x02\x3f\x01\x58\xfc\xb9\x06\x9d\xfe\xc6\x00\xac"
  "\x00\x0a\x01\x4c\xfc\x59\xff\xe1\xff\xb1\x00\x29\xff\x2a\x00\xf3\xff\x36\xff\xae\x00\x7d\x02\xfc\xff\xc7\x00\xee\xfe\xc0\x01\xab\xfe\xbe\xfd\xe9\xfc\x32\x00\x5c"
  "\x00\x50\x00\x13\xff\x89\xfe\x9b\x00\x5b\xfe\x64\xff\x17\xff\x9d\xfe\x6e\x00\xfd\xfd\x8d\xff\x0b\x00\x59\x00\x9a\xff\xe3\xff\x0a\x00\x23\x00\x8c\xff\xd0\xff\x31"
  "\x00\x31\x00\x1e\x01\xe3\x00\x62\xff\x91\x00\x59\xff\xc4\x00\xc7\xfe\x64\x01\xb1\xff\x96\x00\x06\x00\x08\x01\x23\x02\xa1\xff\x5e\xff\x6d\x00\xb0\x00\xc2\xff\xf1"
  "\xff\x36\xff\x0c\x00\xc3\xff\x51\x00\x14\x00\xc6\x00\x89\xff\x6f\x00\xa1\xff\x62\x00\xb7\xff\x83\x00\xa7\x01\x16\x01\x3a\x00\xbe\x01\x99\xff\xe4\xff\x01\x00\xc6"
  "\xfe\xc7\xff\xed\xff\x50\xff\x2c\x01\x38\xfe\xb7\x00\x77\xfe\xc4\x01\xe6\x01\x95\xff\x19\x02\xc1\xfd\xd7\x04\x77\x02\x30\xff\xa3\xff\x36\x00\xb8\x00\xab\xff\xc5"
  "\x00\x6c\xff\x76\x01\xa7\xfe\x4f\x00\x9e\x00\x21\x01\xab\xfd\x1f\x04\xa4\x00\x64\xfd\x54\x00\xc2\x01\xe4\xff\x61\xff\x43\x00\xea\x00\xcf\xfd\xa5\xff\x7d\xff\x4f"
  "\x02\x70\xfe\x65\x01\xa9\xfa\x07\xfe\xa1\x00\x99\x00\xa0\xf9\x95\xff\x0f\xff\x06\xff\xb6\xfd\x1a\x00\x15\x00\xd4\xff\x59\x02\xfa\x00\x7f\xff\x60\x00\xe5\x01\x1e"
  "\x01\x6c\x01\x3f\x00\x7b\x00\x86\xff\x04\xff\x21\xff\x74\xff\xbd\xff\x45\x02\x41\x01\x37\x02\x1a\x00\xea\x01\xbe\xfe\x67\x01\x7c\x00\xed\x01\x72\x00\x4d\x02\x5f"
  "\x00\xa7\x00\xbd\x00\x36\xff\xa4\xfe\xcd\xff\xaf\xfd\x92\x00\x05\x00\x28\x00\xa3\xfe\x81\xff\x86\x01\xf3\xfd\x54\x02\xdb\xfe\x43\x01\xae\xfb\x1f\x00\x2b\xff\xe6"
  "\xff\xb2\xfe\x20\x00\x48\x02\x9d\xff\xcc\xff\xe0\xfd\x7a\xfe\x08\x03\xee\x00\x76\x00\x34\xff\xce\xff\x87\xfe\x29\x00\xab\xfe\xb7\xfe\xfe\x01\x53\x00\x3c\xff\xa1"
  "\xfa\x4c\x02\x0f\x01\xf8\xff\x85\x00\xb2\xfe\xf6\xff\x9b\xfe\x1b\x00\xc7\xff\x89\xff\x32\x00\xe6\xff\xb6\x00\x6f\xff\x83\x00\x4c\xff\xf7\xff\x3d\x00\xdc\x00\xae"
  "\x02\x8a\x00\x7f\x00\x1a\x00\x0f\x00\x8e\xff\x71\x00\x00\x00\xa8\x00\x56\x02\x73\x00\xc1\x00\xe8\xfb\x29\x01\xfb\xff\xcd\x00\x8a\xff\x22\xfe\x0a\x00\x71\x00\x7b"
  "\xff\x91\x00\x00\x01\x9e\xff\x61\x00\x74\x00\x6f\x00\x8f\xff\xf9\x01\xd0\xff\xf5\xff\x3b\xff\x8d\xfe\x42\x00\x21\x00\x4e\x00\x10\xf6\x59\x00\xd0\xff\x90\x00\xd0"
  "\xff\xb4\xff\x7f\xff\x00\x01\x18\x00\x3a\x02\x4b\xff\x83\x00\x86\xff\x03\xfd\x65\x00\xc3\x00\x1d\xff\x42\x00\xf7\x00\x87\x01\xd4\xff\x08\xfe\x22\x00\xdf\xfe\xd4"
  "\xff\x4b\x00\x40\x01\x4a\x00\x87\xff\x31\xff\xe8\xfe\x9c\x00\x34\xff\xce\xff\x8c\xff\xf4\xff\x4b\x00\x97\xff\x99\x01\xb9\x01\xd9\xff\xc0\x01\xa2\x00\xa0\x00\xeb"
  "\x01\x79\xff\x23\x00\x13\x00\xbb\xfc\x1a\xff\x32\x01\xa1\xfb\xe4\x00\x5c\xfe\x68\x02\x58\xff\x36\x00\x20\x00\xdf\xff\x72\x00\x2f\xfe\x98\x01\x51\x01\x77\xfe\xdb"
  "\x00\x56\x01\x13\xff\x08\x02\x35\x02\x50\x03\xac\x00\x2e\xff\xb7\x00\x36\x00\x7a\xfe\xc4\x00\x56\x01\x9c\x05\x58\xff\xf4\xff\x92\xfb\xb9\xff\xba\xff\x0c\x02\x9d"
  "\xff\xf6\x00\x43\xff\x1a\xfe\x01\x02\x1e\xff\x12\x02\xa6\x00\xa9\x01\x9a\xfe\xd9\x00\x7d\xff\xa7\x00\x46\x00\xbf\xfe\x0a\x00\x88\xff\xc7\xfd\xf7\xff\x9a\x00\xdb"
  "\xff\x39\xff\xce\x01\x71\x00\xdb\xfe\x0f\xfd\xce\xff\x99\x00\x2c\x01\x75\x00\x3d\x01\xa1\x00\xa9\x00\x1c\xff\x33\xff\x75\xfc\x08\x01\x8d\x01\x43\x02\xa0\x01\x4b"
  "\xfe\xb3\xff\x3e\xff\xad\x00\x3f\x00\x75\xfc\xf4\xfe\x5d\x01\x06\x03\x1c\x00\xa4\xfd\x36\x01\x6e\x00\xec\xfe\x27\x00\x6c\xfe\xc7\x01\x7d\xff\x6e\x01\xeb\xfc\xed"
  "\xff\x01\xff\xae\xfe\x1b\x01\xa7\x00\x20\x00\x46\xff\xbd\xff\x72\x00\x57\xff\x7e\x01\x54\xff\x8f\xff\x31\x00\x4d\xff\x3e\xff\x18\x00\x4e\x03\x27\xff\x20\xff\xba"
  "\xfd\xf6\xff\xb0\x03\xab\xfe\x37\x01\xb6\xff\xb2\x01\xdd\xff\x9f\xfe\xee\x00\x43\x01\x26\x02\x40\x01\xc8\xff\xa5\x00\x52\x00\x00\x00\x09\x00\x00\x00\x03\x00\x00"
  "\x00\x31\x36\x36\x02\x00\x00\x00\x50\x00\x00\x00\x51\x00\x00\x00\x04\x00\x00\x00\x01\x00\x00\x00\x01\x00\x00\x00\x01\x00\x00\x00\x01\x00\x00\x00\x04\x00\x00\x00"
  "\x00\x00\x00\x00\x00\x00\x00\x00\x00\x00\x00\x00\x00\x00\x00\x00\x01\x00\x00\x00\x00\x00\x00\x00\x53\x00\x00\x00\x01\x00\x00\x00\x20\x00\x00\x00\x35\x2e\x73\x70"
  "\x6c\x69\x74\x5f\x79\x5f\x70\x61\x74\x68\x2e\x32\x2e\x63\x6f\x6e\x76\x31\x5f\x31\x31\x2e\x30\x2e\x62\x69\x61\x73\x00\x00\x00\x00\x01\x00\x00\x00\x20\x00\x00\x00"
  "\x00\x00\x02\x00\x00\x00\x0b\x00\x00\x00\xd7\x00\xe1\xff\x71\x00\x30\x00\x34\xff\x9f\x00\xc7\xff\x79\xfe\xad\x00\x79\x01\x72\xff\x0c\x00\x01\xff\x26\x00\x39\xff"
  "\x13\xfe\x5d\xff\x78\xff\xfd\xff\x9a\x00\x0b\x01\x55\x01\xc9\xfe\x1f\x00\x1f\x00\x23\xff\x69\x00\xc4\x00\xf2\xff\x78\xff\x7b\x00\x34\x01\x54\x00\x00\x00\x04\x00"
  "\x00\x00\x10\x00\x00\x00\x31\x36\x36\x5f\x4e\x4f\x54\x5f\x49\x4e\x5f\x47\x52\x41\x50\x48\x02\x00\x00\x00\x52\x00\x00\x00\x53\x00\x00\x00\x55\x00\x00\x00\x01\x00"
  "\x00\x00\x22\x00\x00\x00\x35\x2e\x73\x70\x6c\x69\x74\x5f\x79\x5f\x70\x61\x74\x68\x2e\x32\x2e\x63\x6f\x6e\x76\x32\x5f\x31\x33\x2e\x30\x2e\x77\x65\x69\x67\x68\x74"
  "\x00\x00\x00\x00\x04\x00\x00\x00\x03\x00\x00\x00\x01\x00\x00\x00\x01\x00\x00\x00\x20\x00\x00\x00\x00\x00\x02\x00\x00\x00\x0b\x00\x00\x00\x0e\x00\xc0\x04\x8c\xfb"
  "\xd7\xff\x88\x03\xd1\xff\x38\xfe\x94\xfe\x6b\x03\xe4\xff\x4c\xfe\xd0\xff\x90\xff\x76\xff\x91\xfe\x3d\x01\xdd\x04\xf7\x00\xc4\x00\x6e\x00\x65\xf7\xb1\x04\xc8\x00"
  "\x14\x00\xdf\x00\xff\xfe\x8a\x00\x7c\x03\x2f\x00\xa0\x00\x09\xff\x7f\xfd\xe5\xf5\xb6\xf7\x1e\xfe\x11\x09\x00\x06\x5d\x09\x68\xf6\x5f\xf8\x1f\x07\x29\xf7\x5b\xf8"
  "\xc1\xf6\x24\x00\x42\xf4\x88\xf6\x03\xf6\x2e\x05\x18\x01\x9b\x09\xda\x09\x55\xfd\x86\x03\x98\x09\x4d\xf7\xae\x08\x6f\xf7\x03\x0a\x04\x04\x40\xf7\x78\x09\xd8\xf8"
  "\x76\xf6\x2f\x00\x1a\x05\x40\xfb\xf6\xff\x00\x04\xa3\xff\x12\xff\xaf\xfe\x9f\x02\xc4\xff\xc3\xfe\xec\xff\x09\x09\xa6\xff\x03\xfe\x61\x00\x66\x04\xfc\xf5\x8c\x00"
  "\xa1\x00\x69\x00\xa9\x04\x09\x00\x30\x00\x51\x01\x17\xff\x9e\xff\x1a\x06\xdf\xff\xcd\x00\xfd\x06\x50\xfd\x56\x00\x00\x00\x09\x00\x00\x00\x03\x00\x00\x00\x31\x36"
  "\x37\x02\x00\x00\x00\x54\x00\x00\x00\x55\x00\x00\x00\x04\x00\x00\x00\x01\x00\x00\x00\x01\x00\x00\x00\x01\x00\x00\x00\x01\x00\x00\x00\x04\x00\x00\x00\x00\x00\x00"
  "\x00\x00\x00\x00\x00\x00\x00\x00\x00\x00\x00\x00\x00\x20\x00\x00\x00\x00\x00\x00\x00\x57\x00\x00\x00\x01\x00\x00\x00\x20\x00\x00\x00\x35\x2e\x73\x70\x6c\x69\x74"
  "\x5f\x79\x5f\x70\x61\x74\x68\x2e\x32\x2e\x63\x6f\x6e\x76\x32\x5f\x31\x33\x2e\x30\x2e\x62\x69\x61\x73\x00\x00\x00\x00\x01\x00\x00\x00\x20\x00\x00\x00\x00\x00\x02"
  "\x00\x00\x00\x0b\x00\x00\x00\xa9\xff\xfe\xff\xce\x00\x03\x00\xbe\xff\x2d\x00\x08\x00\x3a\x00\x16\x00\x35\xff\x4a\x00\x08\x00\xbe\xff\x08\x00\x5c\x00\xde\x00\xe0"
  "\xff\x20\x00\x2b\x00\x3f\x00\xa8\xff\x5b\x00\x7c\xff\x0f\x00\xf2\xff\x46\x00\x48\x00\x1f\x00\x1c\x00\xd0\xff\xf0\xff\x43\xff\x58\x00\x00\x00\x04\x00\x00\x00\x10"
  "\x00\x00\x00\x31\x36\x37\x5f\x4e\x4f\x54\x5f\x49\x4e\x5f\x47\x52\x41\x50\x48\x02\x00\x00\x00\x56\x00\x00\x00\x57\x00\x00\x00\x59\x00\x00\x00\x01\x00\x00\x00\x22"
  "\x00\x00\x00\x35\x2e\x73\x70\x6c\x69\x74\x5f\x79\x5f\x70\x61\x74\x68\x2e\x32\x2e\x63\x6f\x6e\x76\x33\x5f\x33\x31\x2e\x30\x2e\x77\x65\x69\x67\x68\x74\x00\x00\x00"
  "\x00\x04\x00\x00\x00\x01\x00\x00\x00\x03\x00\x00\x00\x01\x00\x00\x00\x20\x00\x00\x00\x00\x00\x02\x00\x00\x00\x0b\x00\x00\x00\x87\xff\xb5\xfc\x24\xfc\xbe\xff\xab"
  "\xfc\x26\x00\x99\xff\x54\xff\xf0\x01\xf4\xff\xcf\xfe\xeb\xff\x80\x00\xfa\xff\x06\xf7\x6b\xff\x36\x04\x9f\xff\x5d\x00\xbb\x00\x22\xff\xec\xfb\x60\x00\xf7\xff\x7a"
  "\xff\x86\xff\x1b\x00\xb8\x03\x2d\x00\xbe\xfd\x14\x00\xa0\xfd\x06\xf6\x4e\xf6\x6c\xfe\xdc\x08\x3f\xfa\xe9\xf6\x89\xf6\xa7\xf8\x7a\x07\x9a\x08\xbf\xf8\x54\xfb\xad"
  "\x08\x9f\x0b\x44\x02\x04\x0a\x25\x05\x01\xf6\x63\x09\xd2\xfe\x3a\xf7\x44\xfc\x84\x09\x44\xf7\xda\xf8\xe3\xfd\xeb\x09\x9a\x04\x7f\x08\xf7\xf6\x4f\xf5\xfc\x08\x92"
  "\xff\x6e\xfc\x44\xfb\xda\xff\x62\xfc\x31\x00\xed\x00\x7e\xfe\x11\x02\x4b\x00\x80\xfe\xb6\x07\xaa\x00\xe3\xff\x86\x01\x8a\xff\x74\x04\x2c\x00\xdb\x00\x66\xf6\x47"
  "\xff\xfe\xfb\xe0\x00\x2c\x00\x41\xfb\xc7\xf7\x21\x00\x16\x05\x3a\x00\x0b\x00\x85\x00\x72\xfd\x5a\x00\x00\x00\x09\x00\x00\x00\x03\x00\x00\x00\x31\x36\x38\x02\x00"
  "\x00\x00\x58\x00\x00\x00\x59\x00\x00\x00\x04\x00\x00\x00\x01\x00\x00\x00\x01\x00\x00\x00\x01\x00\x00\x00\x01\x00\x00\x00\x04\x00\x00\x00\x00\x00\x00\x00\x00\x00"
  "\x00\x00\x00\x00\x00\x00\x00\x00\x00\x00\x20\x00\x00\x00\x00\x00\x00\x00\x5b\x00\x00\x00\x01\x00\x00\x00\x20\x00\x00\x00\x35\x2e\x73\x70\x6c\x69\x74\x5f\x79\x5f"
  "\x70\x61\x74\x68\x2e\x32\x2e\x63\x6f\x6e\x76\x33\x5f\x33\x31\x2e\x30\x2e\x62\x69\x61\x73\x00\x00\x00\x00\x01\x00\x00\x00\x20\x00\x00\x00\x00\x00\x02\x00\x00\x00"
  "\x0b\x00\x00\x00\x0a\x00\xee\xff\x23\xfe\xe2\xff\x2d\x00\x21\x00\x1d\x00\xf6\x00\xd6\xff\x95\xff\xb6\xff\x1d\x00\xfb\xff\x2a\x00\x1a\x00\x4b\x00\xe8\xff\x1f\x00"
  "\x53\x00\x0e\x00\xd3\xff\xb6\xff\xdb\xff\xb8\xff\x06\x00\x05\x00\x37\x00\xe1\xff\x13\x00\x11\x00\x1b\x00\xa4\xff\x5c\x00\x00\x00\x04\x00\x00\x00\x10\x00\x00\x00"
  "\x31\x36\x38\x5f\x4e\x4f\x54\x5f\x49\x4e\x5f\x47\x52\x41\x50\x48\x02\x00\x00\x00\x5a\x00\x00\x00\x5b\x00\x00\x00\x5d\x00\x00\x00\x01\x00\x00\x00\x22\x00\x00\x00"
  "\x35\x2e\x73\x70\x6c\x69\x74\x5f\x79\x5f\x70\x61\x74\x68\x2e\x32\x2e\x63\x6f\x6e\x76\x34\x5f\x31\x31\x2e\x30\x2e\x77\x65\x69\x67\x68\x74\x00\x00\x00\x00\x04\x00"
  "\x00\x00\x01\x00\x00\x00\x01\x00\x00\x00\x20\x00\x00\x00\x70\x00\x00\x00\x00\x00\x02\x00\x00\x00\x0b\x00\x00\x00\x7d\x02\x80\xff\xf4\xfc\x91\xfe\xfc\xfe\xd0\xfd"
  "\x2f\x00\xf8\xfe\x36\xff\xe8\x03\x9c\x00\x32\x04\xc5\xfe\xe8\xff\xdf\xff\x20\xff\xd3\xff\xda\xfc\x9a\xff\x41\xff\x8c\x01\x85\xff\x4c\x00\x3b\x00\xe3\xfe\x88\xff"
  "\x44\x00\xd1\x00\xac\x00\xb5\xff\xbc\xff\xde\xff\x51\x00\x5e\xff\x08\x02\x6a\x00\x0a\x03\xe4\xfb\x07\x00\xbc\xfe\x8f\x02\x7b\x01\x06\x00\xf9\x00\x55\xff\x00\x01"
  "\x1a\xff\x92\xfd\x5a\x00\x0c\x00\x32\x00\xf4\x00\x92\xff\x6b\xff\xe2\x02\x5e\xff\x23\x00\x0c\xfd\x3b\x00\x09\xff\x7d\xfe\xa0\x01\xc9\x00\xa3\x00\xb5\xff\x07\xfe"
  "\xda\xfe\xcd\xff\x31\xff\x0d\x02\x68\xff\x8f\xff\xa8\xfe\xdb\xff\xe9\xfe\x93\xfe\x57\x00\x8e\xfe\xf3\xfe\x01\xff\x1f\xff\xf2\xff\x1c\x00\xad\x00\x53\xff\x06\x00"
  "\xec\xff\xaa\xff\x1b\xff\x8c\x01\x6c\x02\xeb\x01\xa7\xff\x50\x01\xad\x00\xe9\xfc\xbe\xff\x62\x00\x03\x00\x05\x00\x6e\xff\x9e\xff\x61\x00\x6d\x01\x78\x01\xbc\xff"
  "\x3b\x00\x3e\xff\x71\x00\x4f\xff\xbb\xfe\x1e\x00\xbc\x00\xe9\xff\xb3\xff\xd9\x01\x79\x03\x7f\x00\xcc\x01\xf2\xff\x6a\xff\x85\x00\x2c\x01\x8b\xfe\x8f\xfd\xbb\xff"
  "\x8c\xfe\x14\x00\x48\x00\x77\xff\x1d\x00\x0a\x00\x25\xfe\xbb\xfe\x4f\xff\x78\xfe\x33\x01\x2c\x01\x5a\x01\xba\xff\x24\xfe\xa7\x00\x66\xff\xa9\xff\xcf\xfe\xfb\xfd"
  "\x03\x01\x36\xfe\x99\xfe\x79\xfe\xd4\x00\xef\x01\x9f\xff\x6f\x00\x42\x01\x63\xfd\xc4\xff\x5e\xff\xe8\xff\xd8\xff\x78\x01\xcf\x02\xe8\xff\x37\x01\xae\x00\xb3\xfe"
  "\x3f\x00\x35\x00\x4c\xff\x97\x01\x48\x02\xa6\x00\xbd\xfe\xb4\xff\x01\x00\x65\x00\x72\x00\x5b\x00\x65\x00\xee\xfd\x2f\xff\x0d\x00\x19\xff\xa1\xff\x6f\x00\x6d\xff"
  "\x29\x00\x67\x00\xeb\xfe\x2f\xfe\xa3\x01\x58\xfd\xf4\xff\xa0\x00\x9b\xfe\x96\xfe\xc5\xff\xa2\xfe\xa1\xff\x89\x00\x21\x00\xd3\x00\x53\x01\xa2\x00\x44\x00\x12\x00"
  "\xf3\x01\x7c\x00\xbb\x00\x1a\x01\xfe\xff\x0e\xff\x1e\x00\xe6\xff\xb4\x00\x5d\x00\x27\x01\xc1\x01\x9f\xff\x1f\x01\x31\xff\x71\xff\x96\x00\x1c\xff\xe6\xfd\x4a\xff"
  "\x6c\xfe\x46\xfd\x9b\xfe\x64\xff\xde\xfe\x5a\xfe\x2c\x01\x6e\x01\xc6\x00\xe7\x00\x57\xfd\xb8\xff\x30\x01\x6f\x02\xb2\xfc\x69\xfc\xb6\x00\x38\x01\x91\x00\x8e\x00"
  "\x12\x02\x39\x01\x3b\x00\x90\x00\x14\x00\xc0\x01\x8d\xfd\x87\xff\x4b\x00\x80\xff\xab\x00\xf4\xfd\xa0\x01\x66\x03\xc0\x00\x22\x00\x91\x01\xfb\x01\x3b\x00\xf6\x00"
  "\x94\x00\x65\x01\x01\x01\xc1\xff\xc5\x00\xb3\xfe\xb7\x00\xfe\xfe\xd3\x00\x1a\xff\x60\x01\x01\xfa\x4a\x00\xc9\x00\xed\xfd\x92\x00\x04\x00\x00\x01\x40\x00\x6f\xfe"
  "\xa6\x02\x8d\xff\x98\x00\x83\x00\xb6\xff\x88\xfd\x9c\xfd\xb9\xfe\x66\xfe\x49\xfd\x03\x01\xe3\xfd\x14\x00\x3f\x01\x3d\xff\x3a\xfe\xc5\xfe\x1a\xfe\xa8\xff\xd7\xff"
  "\x99\xfe\xed\xff\x4d\xff\x5a\xfe\x9a\xfd\x3d\xff\x8a\x01\x53\xfe\x2b\xfd\x01\x02\x45\x00\x85\x01\xe0\x00\x14\x00\x4a\x00\x1c\xfe\x84\x00\x7e\xfd\x68\xff\x37\x00"
  "\x6a\xff\xfd\xfe\x36\x01\x3c\x00\xb8\x02\xf5\xfe\x00\xff\xc8\xfc\x2a\xff\x91\xff\x21\x03\x83\x00\x38\x00\xc9\xfe\xaf\xff\x3f\x06\xed\xff\xd4\xfe\x08\x02\x40\x04"
  "\x4c\xff\x48\xff\x1c\x02\xd4\xff\xf1\xff\xe1\x00\xa5\xfe\x64\xff\x08\x01\xa8\x01\x66\xfe\xef\x00\xf4\x00\xf5\xff\x2e\xff\xf6\xff\xd0\xfe\xa6\x00\x14\x00\x8a\x05"
  "\xdf\xfe\x39\x00\x9d\x01\x92\x01\xd1\x00\x8d\xff\x40\x00\xb6\x00\x9e\x01\x73\x01\xc2\xff\xea\xff\xc4\x00\xa4\xff\x6d\xfe\xcd\xff\x07\x00\x6e\xff\x80\x00\xf8\xff"
  "\x19\x00\xbd\x00\x79\x00\x3a\xff\x4f\xff\xa0\xff\x53\xff\xe1\xfe\x3a\x00\xc3\x00\x73\x00\x98\xff\x4b\xff\x3d\x01\xac\x00\x9c\x01\x5d\x00\x92\x01\xa2\xff\x8a\xfe"
  "\x39\xff\x5b\xff\x2c\xff\x0a\xff\x56\x00\x4a\xff\x21\x00\x22\x01\xc2\xff\xe6\xff\xe3\x00\x2f\x00\xae\x00\x61\x00\xd3\xfe\x00\x00\x05\xff\xee\xff\x4c\x02\x4f\x00"
  "\x8a\xff\xe9\xfe\xe7\xff\xa2\x00\xe7\x00\xc3\xff\x81\xfd\x85\xff\x63\x00\x87\xff\x89\x00\x3f\x02\xe7\xff\x3c\x00\x0d\xfe\xa0\x00\x3d\x00\x53\x00\x72\xff\xd4\xff"
  "\xb5\x00\x54\x00\x5a\x01\x98\x00\xa4\x00\x22\x01\xd9\xff\x63\xff\xa8\xff\xaf\xfe\x65\x01\xe7\x00\x9e\x00\x85\x01\x29\x00\xce\xff\x94\x00\x4a\xfd\xec\x00\x04\x00"
  "\xfd\x01\xd5\xff\xb1\x01\x94\xfb\x33\xff\x25\x02\x20\x00\xc8\xff\x31\x00\x7a\x00\x65\xff\x1b\xff\x8c\x00\xc8\x00\x32\x03\x70\x00\x4a\xff\xee\x00\xa9\xff\xdb\xff"
  "\x43\x00\xc8\x02\x44\xfe\x96\x00\x21\xff\x52\x02\xed\x00\x5b\x00\x6b\x00\x30\x00\x98\x00\x83\x00\x24\x00\x94\x02\x8d\x01\x39\x00\x91\x00\x59\x01\x57\xff\xe4\xff"
  "\x89\x00\xc4\xff\xe3\x00\x0d\xff\x75\x01\x5f\x00\xb3\xfd\x42\x01\x03\x00\x0f\x00\x36\x00\x69\x01\xf6\xfe\x02\xff\x17\x02\x22\x00\xc3\x01\x55\xff\x35\x00\xc5\xfe"
  "\xdb\x00\x3a\x00\x6e\xfe\x99\xff\xd7\x00\x01\x01\x8a\x00\x9b\xff\x98\xff\x45\x00\x1d\x01\x42\xff\x24\x00\xab\x02\xd7\x04\x8e\x00\xb1\x00\x1f\xff\x38\x01\x73\x01"
  "\x9b\x00\xb6\x00\x22\xff\xa8\x00\x63\xff\x09\xff\x5e\x00\x4e\x00\xd6\x00\xca\xff\xdf\xfe\x1e\xff\x7b\x04\xc5\x00\xb6\xff\x52\xfe\xc3\xfe\xd2\xff\x13\x01\x20\x01"
  "\xde\xff\x56\xfc\x24\xff\x4d\x02\x7d\x03\x0a\xff\x26\xfe\xfb\x00\x53\x00\xfa\xff\x6e\xfe\x2e\xfe\x2a\x05\x85\xfd\xca\xfe\xe7\xff\x52\xfe\xf1\xff\x50\xfb\x8a\xfe"
  "\x19\xfe\xf7\xfe\xbf\x00\x08\xfe\x5f\x00\x57\xff\x81\xff\x6b\x00\x73\x00\xde\x00\x38\xff\x12\x01\xae\xff\x86\x00\x2b\xff\x22\x01\x87\xff\x37\x01\x52\x02\x0c\xff"
  "\x69\x00\x29\xff\xbd\x01\x63\xff\xf7\x01\x9c\xff\x87\x00\xa0\x00\xec\x00\xdf\xfd\x1a\x00\x10\x00\x3a\x02\x44\x00\xdc\xff\x30\xff\xae\xff\x55\x01\x48\xfe\x53\x00"
  "\x7c\xff\x89\xff\x51\xff\xc4\xfe\xcb\x00\xae\x00\xfa\xff\x2d\xff\xe4\xfe\xbf\xfd\xc8\x00\x12\x01\x7d\xff\x94\xff\xe3\xfe\xfb\xff\x6b\x00\x36\x00\x98\x00\xef\xff"
  "\x53\xff\xd6\xff\x0f\x02\x2c\x00\x34\xff\x02\xfd\xb6\xff\x2f\x00\xb6\xff\x4c\xff\x21\x00\xe7\xfe\x92\xff\x98\xff\xd6\xff\xb7\xfd\x5a\xff\x0f\x00\x02\xff\x31\x01"
  "\xef\xff\xe3\xfe\xd0\x00\xe8\xff\xa2\xff\x20\x00\xc3\xff\x96\xff\xfe\xff\xcd\xff\x50\x00\x52\xfe\x86\xff\x4a\x00\x77\xff\x60\x01\x28\x00\x3a\x00\x43\x02\x8d\x00"
  "\x82\xff\x18\x01\x9d\x00\xe4\xff\x16\xff\x0c\x00\x29\xff\x82\xfe\x86\xff\x2f\x01\x73\x00\xbf\xfe\x82\x00\x00\x00\xeb\xfb\xf4\xff\xaf\xff\x88\xff\xb9\x00\x27\x01"
  "\x88\xff\xed\xfd\x53\xff\x0c\x00\xa5\x02\xb8\xfc\xae\x03\x86\xfe\x8b\xff\xcf\xff\x4a\xfe\xf9\xff\xe9\xff\x1a\xff\xbb\x00\x00\x01\x31\x00\x1a\x01\x5c\x00\xab\x00"
  "\xbd\xff\xfb\xff\x39\xfc\x60\xff\x8e\x00\xa3\x01\x71\x00\xd8\x00\x69\x00\xa7\xff\x8c\x00\xb5\xff\xe1\xff\x81\x01\xab\xff\x01\x00\x5b\xfd\xb6\xfc\x8d\xff\xca\x00"
  "\xcd\xff\x3b\x01\x56\xfd\x84\x02\xe0\xfe\x55\xff\xea\xfe\x87\xfe\xc3\xfd\x51\x01\xaf\xff\xe5\xfd\x42\xfd\xc7\xff\x26\xff\xb2\xfd\x65\xff\xdc\xff\xa9\xff\xe5\x01"
  "\x03\xff\xc1\x00\xd8\xfe\xb8\xff\x85\x00\xbd\x00\xaa\xff\xb1\xfe\x2e\x00\x07\xff\x1e\xff\x3a\x00\x3a\x00\xa6\xff\x80\xfc\x94\xfc\x33\xff\x99\xff\x15\x03\xd9\x00"
  "\x26\x03\x85\x02\x24\x00\x82\xfd\x81\x01\x69\xff\x3f\xff\x5a\x01\x6b\x00\x2c\x01\x55\x02\xda\x00\x71\xfe\xaa\xfe\x09\x03\x5a\x03\xbc\x00\x0c\x00\x14\xff\x99\xfe"
  "\xdb\xfc\x05\xff\x9f\xfe\xb5\xff\x83\xff\xcf\xfe\x94\x02\x84\xff\x8f\x01\x78\xff\x07\x01\x21\x01\x4e\xfd\x22\x02\x07\xfe\x35\x00\x90\xfd\xb9\xff\xb1\x03\x6a\xfe"
  "\x7a\xff\x15\xfe\x3c\x00\xfb\xff\x99\x00\x0a\xff\x29\x00\x38\x01\xce\xff\xe8\xff\x7d\x01\x35\x04\x37\xff\x56\x00\x4a\x03\x80\xfe\x4a\xfe\xe8\xfe\x4b\xfe\xbc\xff"
  "\x52\xff\x48\x01\x6d\x00\xa0\xff\xfa\x00\x0d\x00\xba\x02\x33\x03\x81\x02\xe3\x02\xf1\xff\xa8\x02\x25\x02\x3a\xff\xbc\x00\xbb\x02\x03\x00\x55\x00\xc0\xff\xbc\xfd"
  "\xc8\x00\x48\x00\x9f\x02\xbc\x01\xa2\x03\x0d\x00\xa8\xfd\xa1\x00\xdc\x02\xa3\xfa\x6e\xfd\x07\x02\x00\xfe\xad\x02\x86\xfe\xe2\x01\xee\x00\x64\x02\xda\xfd\x6b\x00"
  "\x5f\xfe\xd4\xfe\xfd\xfb\x2a\x00\xbf\xfd\x3e\x01\x13\x02\xfe\x02\xe1\xff\xc4\xfd\xcf\x00\x3a\x00\x81\xff\x7c\xfe\x50\xff\xb1\x00\x5a\xfe\x7a\xff\xe1\x00\xc8\x01"
  "\xe2\xff\xa6\x00\xd0\xff\xe7\x00\x64\xff\x5c\xff\x4b\xff\x2a\x01\xd8\xff\xbf\xfe\xdc\xff\x0b\xff\x4e\x00\x85\xff\x34\x02\x36\x00\xee\xff\xce\xff\x1d\x00\xac\xff"
  "\x24\x00\xef\xfe\x88\x00\xd9\xff\x0e\x01\x27\x01\x4e\xff\x81\xfc\x01\x00\x58\xfc\x70\xfd\xc6\xfe\x84\xfe\x43\x00\x9f\x01\x16\x00\x8e\x01\x4e\x00\xf7\x00\x0f\x01"
  "\x8f\x01\x86\xff\xf9\xff\xc6\xfd\x86\xff\x23\x00\x01\x02\x98\xfe\x5f\xfe\x7c\x00\x94\xfd\x0f\xff\xba\x02\x17\x00\x90\xff\x42\x01\x8f\xff\xf4\xff\xc0\x00\xfe\xfd"
  "\x52\x01\x73\x01\xe4\xff\xf2\x01\x64\x00\xd8\x02\x55\x00\xfb\xfe\x2c\xff\xe1\x00\xaa\xfe\xfe\xfe\x9d\x00\x87\xff\xf8\xff\x6c\x00\x6e\x01\xe8\xff\xd9\xff\xdd\xfd"
  "\xe6\xfc\x7f\x00\xbc\x00\xda\x00\x41\x00\x82\xff\xe2\x01\x8e\x00\x3f\x02\x06\x00\xb3\xfe\xfd\xff\x10\x00\x56\xff\x0b\x01\x78\x01\x34\xfe\x6e\x00\x4a\x02\xf5\x01"
  "\xe3\xff\xb2\xfe\x4e\x00\x20\x00\x68\xff\x3e\x00\x97\x00\x77\x01\x6c\xff\xf7\x00\x64\xfe\x68\xfc\x77\x00\xc4\x00\xc9\xff\x6c\x01\xfd\xff\xfb\xfd\x48\xff\xd8\x00"
  "\x65\x03\x29\x01\x3c\x02\x4c\x00\x97\x00\x87\x02\x3e\xff\xb2\x01\x0c\x00\x02\xff\xd0\xfe\xea\x01\x2d\x00\x11\x00\x85\x02\xb5\x01\x3e\xfe\x92\x00\xa8\x00\xaa\xff"
  "\xa3\x00\xb6\xfe\x9c\x01\x1b\x00\xf8\xff\x2c\x01\x22\x00\x76\x00\x92\xfb\x38\x01\xbf\xff\x6c\x00\xc2\x03\x2c\x02\x4d\xff\xdd\xff\x4f\xff\xd5\xff\xb3\xff\xb7\xff"
  "\x99\x01\xc3\xfe\xf2\x01\x8f\x01\x72\x01\xc0\x01\x3f\x00\x17\x02\x7f\xff\x70\x01\xff\x00\xaa\xfe\x2d\x01\x43\xff\xcb\x00\xa5\x01\x00\x01\xef\xfe\xe8\x00\xeb\x02"
  "\xfe\xfe\xf1\xfd\xf6\xff\xcc\x00\x6a\x00\x6f\x00\x00\x02\xdc\xff\x65\x00\x93\xfe\x45\x00\x5b\x01\x5d\xfe\xb3\xfc\xed\xff\x5c\x00\xbc\x01\x2d\x00\xf1\x00\xe3\x00"
  "\x6b\x00\xa4\xff\xde\x00\xaf\xfd\x5c\x00\x73\x00\x93\xfc\xe1\x02\x69\xff\x4e\x00\x0b\xff\x82\xff\x3d\x03\xc5\xff\x2f\xff\x95\x01\xf9\x01\x86\x03\xbc\x00\x74\x00"
  "\x2f\x03\x8e\x00\x96\x00\x9c\x00\xf4\x00\xbd\x03\x36\x02\x84\xff\x7f\x02\x5a\x02\xc3\x01\x2a\x01\xec\xfd\x50\x00\x9d\x00\x63\x01\xe8\xfd\xa7\x00\x93\x01\x2a\xff"
  "\x86\x00\x33\x02\xb1\x02\x9a\xff\x57\x01\xb9\xfe\xbf\x00\x44\x01\x00\xff\xe9\x01\x26\xfe\xc9\xfc\x32\xff\x36\x01\x68\x00\xfe\xfc\x53\x02\x6d\x01\x9a\x00\xaa\x01"
  "\xe7\x00\xc5\xff\xa5\xff\x4c\x01\xfa\xff\x37\xff\xc7\xff\xd8\x01\x8f\xff\xa4\x01\x4e\x02\x56\x01\x7e\xfe\x63\xff\x68\x01\x17\xff\xee\xfe\x57\x00\xbd\xfd\xfd\xfe"
  "\xb5\x01\x70\x01\x68\x01\xee\x00\x08\x01\xda\x01\xb5\x00\xc3\x01\x8d\xfe\x30\x00\xf6\x01\x52\x01\x1c\x02\x85\x02\x92\x00\x42\x00\x92\x02\x92\x00\xd7\x00\x79\x01"
  "\xcc\x01\x5f\x00\x4d\x01\x40\xfc\xd1\x00\x76\x01\x78\x01\xa6\x00\x23\x02\xb6\xfe\xef\xfe\xcd\x01\x32\x02\x54\x02\x38\x01\x63\x02\x14\x00\x03\x00\xb7\x01\x5c\xff"
  "\xbb\xf7\x95\x00\x7b\x03\xf0\x01\x9d\x00\xa6\x01\x69\x00\x7a\x00\xde\xff\x64\x00\x53\x00\x61\x01\xd8\xfe\x9c\xff\x13\xfe\xcb\xfe\xf5\xff\xc3\x01\x05\x02\xd9\xff"
  "\x4e\x02\x2f\x00\xf0\xff\x64\x00\x27\x00\x41\x00\x4b\x01\x5b\xff\x29\xff\x20\x00\x56\xff\x92\xff\x22\x00\x39\xff\xac\xff\x3d\x00\xae\xff\x09\x00\x54\x00\xfd\xff"
  "\xce\xff\x09\x01\x21\xfd\xf0\x01\xf2\xfe\xdd\xfd\xb2\xff\x88\xfe\xd6\xfe\x47\xfe\x17\x00\x01\x00\x4d\xff\xb4\xff\xce\xff\x94\x00\x05\x01\xff\xfe\x7a\xff\xab\xfe"
  "\x4e\xff\x8d\x00\x8c\x00\xab\xff\x2d\x00\x49\xff\x91\xff\xc5\xfe\x3f\x01\xf3\xff\xe2\xfe\x07\x00\xdc\xfe\x19\x00\x85\x00\x3d\x00\x83\x02\xcd\x00\xc6\x00\x99\xff"
  "\xcd\x00\x47\x00\x34\x01\x3c\x00\x1e\x00\x68\xfe\xe1\xfe\x0b\x00\x5f\x00\xf6\xfd\x49\x00\xc9\xff\x15\x00\x5b\xff\xac\xfe\xdb\xfe\xa6\xff\x8f\xff\x46\xff\x1f\xff"
  "\xb3\xff\x64\x00\xe8\xff\x22\x00\x70\xfe\x5c\x00\x02\x00\x53\xfc\x82\xff\x19\x00\x12\x00\xfa\xff\xd4\xff\xa4\xfe\x8a\xfc\x97\xff\xfd\x01\xfe\xff\x92\xfe\x52\x00"
  "\x22\x00\xc3\xff\x6c\x01\xb8\xfe\x8f\x01\x7b\x01\x2c\x00\x17\xff\xf7\xfe\x54\x00\x27\xff\xd4\xff\xf5\xfe\xb2\xff\x42\x00\x58\xff\xf9\x00\x71\xfc\x5c\x00\x08\x01"
  "\xb0\xfe\xc4\xff\x65\xff\x16\x00\xc2\xfe\x3e\x01\xd8\xff\xf0\xff\x7c\x00\x77\xff\xbd\xfe\xb3\x00\x5c\xff\xab\xff\x48\x00\xa6\x00\x74\xff\x4c\x00\x1a\x00\xac\x00"
  "\x9a\x01\xe9\xff\xc0\x00\x48\x00\x11\xff\x96\x00\x73\xff\xe1\xfe\x7d\x00\x5e\x01\xfe\x00\x4b\x01\xf7\xfd\xf8\x00\xda\xff\x1a\x01\xb8\x00\xd4\xfe\xcd\xff\x42\xff"
  "\xc1\xff\xa8\xff\xc5\xff\xf8\x00\xfa\x00\x89\x00\xa7\xff\x48\xff\x4c\x00\xbe\xff\x28\x04\xf5\xff\x41\x00\xa3\x04\x7e\x00\x2b\x00\x6b\x00\x49\xff\x69\xff\x5c\x01"
  "\x99\x00\x60\x00\xef\xfe\x3e\x00\x45\x00\x3f\x01\xc1\xfe\x7e\x01\xd5\xfc\x44\xfe\x80\xff\x02\x00\x6a\x01\x20\x00\x85\x00\xa4\x00\x39\xff\x12\x00\xb7\x01\x6c\x01"
  "\xf7\xfb\x98\xff\xab\xfe\x7d\xfd\x7a\xfe\x08\x02\x53\x00\xe9\xff\x1f\x00\xad\xff\x99\xfe\x35\xff\x8e\xff\x10\xfe\xcc\xff\x26\x01\x03\x00\x0e\xff\x24\x00\x8f\xff"
  "\x6e\xff\x1f\xff\xa7\xff\x8f\x00\x08\x00\x6b\xff\x4c\x00\x66\x00\x64\x00\xfe\x05\xb2\x00\x15\xff\x0e\xff\x1d\x00\xd0\xfe\x1c\xff\x7e\xff\x80\xff\x76\x00\xac\x00"
  "\xb0\xff\x2d\x00\xf8\xff\x40\x00\xb4\x00\x9e\xff\x9d\x04\x0b\xfc\x07\x00\xfd\xff\x82\x01\x13\xf9\x1c\x01\x0f\x01\x36\x00\xd9\xff\x7a\x00\x18\x00\xc2\xff\xf9\xfe"
  "\xca\x00\x7b\x03\x70\xff\x82\x00\xfd\xfe\x89\xff\xcf\xff\xeb\x01\x01\x02\xfd\x00\xb1\xff\x1d\xff\x5a\x00\xf4\xff\xc2\xff\x78\x00\x17\x00\xc5\xff\x7f\xff\xc2\x00"
  "\x66\x00\xc2\x00\x74\x00\x25\xff\xc8\xff\xa6\xff\x42\x00\x3c\xfe\x70\x00\xd4\xff\xe1\xff\xc4\x01\x9d\x00\x39\x00\x32\xff\x62\x00\x75\xff\xa3\x00\x9f\xff\x2d\xfe"
  "\xd6\x01\x40\xff\xc2\xff\x76\x00\x1f\xfe\x3c\x02\x23\x00\xc3\xff\x6d\x03\xef\xff\xde\xff\xcf\x00\x35\xff\x2d\x00\xbe\xff\x16\x00\x43\x05\x54\x01\xef\xff\x7e\x00"
  "\x5d\x00\x80\x00\x3c\xff\x0c\x00\xf1\xff\x23\x00\xda\xff\x57\x00\x72\xff\xf6\x01\x3c\xfe\x1a\x01\x4d\x00\x5c\xff\x0c\x01\x99\xff\xe4\x01\x71\xfe\x53\x00\xa5\x00"
  "\xf5\xfe\x3d\xff\x5b\x02\x8b\xff\xa3\xfd\x74\x00\xd2\x00\x34\xfe\x00\x00\x98\x00\x9b\xff\x25\xff\xfc\xff\xa9\xff\x9e\xfe\xb2\x01\x90\xff\xf2\xff\x8d\xff\xaf\xff"
  "\xa3\xff\x00\x00\x21\x01\x71\xff\x83\xff\xa5\x01\x2d\xff\xb1\x00\xc6\xfe\xe9\xfd\xb7\xff\x13\x00\x5c\x00\x20\x02\x6b\x02\xc2\x00\x32\xff\x0f\x00\x60\x00\x63\x00"
  "\x46\xff\x99\xfe\x66\xfd\x0a\x00\xb2\xff\x3b\x00\x0f\x00\x40\xff\xe5\xff\x1f\x02\xc6\x00\x58\xff\xa7\xff\xc9\xff\x28\xff\xa8\x00\x04\xff\xed\xff\xa0\xff\x1b\x01"
  "\x19\x00\x47\x03\x44\xfe\x13\x00\x2f\x00\x87\x02\x24\x00\xa2\xff\x71\x00\x18\x00\x24\xff\x9e\xfe\x57\xff\xb5\x00\x21\x02\x42\x01\x78\x00\xbc\xff\x10\xff\xc4\x00"
  "\x37\x00\xaf\x00\xdc\x00\x5a\x01\x8f\x00\xad\xfe\x03\xff\x14\x00\x13\x00\xf0\xff\xa0\xff\xed\xff\x18\x02\x42\x03\xdf\xfe\x21\x01\xb2\x00\xd4\xfe\x92\xfe\x2e\x00"
  "\x99\xfe\x90\xff\x7a\x01\xaa\xfe\x25\x00\x3d\x02\x40\xff\x01\x00\x66\xff\xaf\xff\x72\xfe\x89\xfe\x0e\x01\x0a\x01\x17\x01\x57\x02\x70\xff\xb0\xff\xfc\xff\xe8\x00"
  "\xe3\xfe\xe5\xff\x65\x01\x50\x01\xb1\xff\x10\x00\x01\xff\xb2\xfe\xb1\xff\x6a\x02\x75\x00\xd5\xfd\x23\x00\x58\x03\x74\xfd\x8b\xff\xe0\xff\xff\xfe\x09\x02\x50\x00"
  "\x54\x01\xe3\xff\x7a\x00\x79\x01\xff\x02\x8a\xfe\xdf\xff\x3d\xfd\xcf\xff\x8a\x00\x15\x01\xe7\xff\x3a\xfe\x17\x01\x07\x00\xbc\x01\x55\x03\xaf\xff\x04\xfe\x07\x02"
  "\x42\xff\x9b\xfe\xf1\xfe\xe8\xfe\x5e\xff\x19\xff\x8f\x03\x8f\x00\xd3\x00\xb6\xfe\xdb\xfe\xc2\xfe\xd7\xfe\x7f\xfe\xef\xff\x15\x00\xd7\xfe\xe2\x01\xa4\x00\xc0\x00"
  "\x7f\x00\xd8\xfe\xc6\xff\x79\xfe\xf0\x01\x89\xff\x0a\x00\x60\x03\x7e\xff\x36\x01\x68\x00\xbc\xfe\xe6\xff\xb5\xff\x48\xff\x32\xff\x31\xfe\xf6\xfd\xc0\xfe\xdd\xff"
  "\xe5\x00\x05\x00\x6d\xff\xc7\xfe\xf3\xfe\x78\xfe\xb0\xfd\x8d\x00\x64\x00\x7d\x00\xf2\x00\x49\x00\x2b\x01\x39\x00\xb8\x00\x9a\x02\x0f\x01\x3e\x02\xa8\x01\xa0\x00"
  "\xf1\x01\xa4\x00\x18\xff\x23\xff\x33\x00\x02\x02\x0b\x00\x60\xf8\x4b\x00\xa5\x00\x97\x00\xd5\xff\x15\x01\xcb\x00\xc2\x00\x76\xff\xb2\x00\x8b\xfc\xbe\x00\x36\x01"
  "\x8e\xff\x13\x00\xd2\x00\xfb\xff\x33\xff\x6a\x02\x87\x01\x5f\x01\x0a\x01\x93\x00\x1c\x01\xa3\x00\xde\xff\xfc\xff\x31\x00\x31\x00\x61\x00\x7f\x00\x0d\x00\xed\xfe"
  "\xbe\xfe\x88\x00\x33\xff\x38\x01\x67\x00\x57\xfd\x36\x00\x29\xfe\xee\xfe\x8c\xff\xdf\x02\xff\x00\x57\x01\x87\x00\x91\xff\x49\xff\x82\x00\x31\xff\xb1\x00\x4e\xff"
  "\x52\x00\xd8\x00\x0f\x01\x5b\x01\xb1\xff\xdc\x00\x79\x01\x83\x00\x29\x00\xa2\x00\xec\xff\x67\x00\x39\xff\xbb\x00\xec\x00\x4f\xff\xe3\xfd\x6a\xfe\x6b\xfc\x71\xfe"
  "\xf2\xff\x25\xff\xe7\xff\x1b\xff\x66\x00\xaf\xff\x1d\x01\x5a\x00\x4f\x01\xc7\xff\xe7\xff\xd9\xff\x5b\xff\xce\xff\x96\x01\x39\xff\xe1\xfc\x04\x00\x0f\xfe\xde\x00"
  "\x86\xff\x57\x00\x86\x00\x66\x00\xac\x00\xe9\x01\xa2\x02\xd5\xff\xf2\x00\xb4\x00\xa1\x00\xce\x00\x1e\x01\x3b\x00\x1f\x00\x34\x00\xc3\xff\x4e\x01\xab\x00\x4f\x00"
  "\x78\xff\x10\x01\xfc\xff\xd8\xfe\xed\x03\x4c\xff\xa6\x00\x4e\xfd\x1b\x01\x9f\xff\x41\x01\xbc\x01\xc6\xff\x82\xfe\xd0\xff\x00\x01\x5d\xfe\x1b\xfe\x5a\xfe\x5e\xff"
  "\x8b\xff\x51\x01\x78\xff\x7d\xff\x4b\xff\x03\x03\x35\x02\x00\xff\x8c\xfe\xae\x01\xe4\xff\x20\x02\x38\x01\x74\x00\x6b\x00\xca\xff\xb3\x00\xb7\xff\x8c\xff\xfc\xfd"
  "\xef\xfd\x94\xff\x2c\x00\x50\xfe\x40\x01\x91\x01\xb2\x00\xa0\x00\xc2\x00\x03\x01\x1e\xff\x9f\xff\xcf\xff\xa4\xfd\xc3\x01\x25\x00\xa6\x00\x9b\x01\xc8\xff\xfa\x01"
  "\x64\x02\x5e\x00\x13\x00\xf9\xff\x6d\x00\x0d\x02\xa9\x01\x1d\x00\x82\x00\x0e\x00\xd1\x01\xd3\xff\x2a\xfe\x61\x01\x51\xff\x25\x00\x0c\xff\x39\x00\xeb\x00\x86\x01"
  "\x80\xfc\x66\xfd\xb9\xff\x16\x00\x75\x00\x43\x01\x99\x00\x7d\x01\xd2\x00\x4c\x00\xb0\xff\xfb\xff\x8c\xff\xbb\xff\x8a\xfe\xf7\xfc\xff\xff\x7d\xfd\x80\x01\x42\x03"
  "\x2a\x02\xc4\xfb\x19\x00\x00\x00\x35\x01\x0b\x02\x16\x00\x0d\xff\xf0\xfd\x20\x02\x0a\xff\xca\xff\x6e\x00\x87\x00\x8e\x00\x2f\x00\x52\xff\x0b\x01\x56\x01\x5c\xfe"
  "\x18\x01\x38\xfe\x5e\x00\x01\xfe\xc6\xff\x71\x02\x00\xfd\x04\x03\x53\x02\xda\x00\xb7\x00\x9f\xfe\x6d\xff\x1f\x01\x7a\xff\x1e\x00\x8b\xfe\x63\xff\xdf\x00\xfa\x00"
  "\x49\xfd\xe0\x01\x73\x02\x47\xff\x45\xff\xe6\x00\xb2\x00\x15\xff\x4d\x00\x17\x00\xb4\xfe\x1c\xfd\xc6\x02\x28\x00\xdc\x00\x90\xfe\xec\xfe\xb5\xfe\x4d\x00\x00\x01"
  "\xba\xfe\x71\xff\x76\x00\x2a\x00\x90\xff\x1c\x02\x67\xff\x75\x01\x32\xff\x55\xff\xf0\xff\x45\x00\xb8\xfe\x0e\xff\xd7\xfd\xa0\x00\xe2\xff\xc2\xff\xf5\xff\x79\xff"
  "\x51\xff\xbc\x00\xc5\xfe\x5c\xff\x2c\xfd\xa3\x01\xc1\xfe\xaa\x00\x29\x00\x38\xff\xb5\x00\x64\xff\xc3\xff\x78\xff\x2c\x00\xf3\xfc\x03\x01\xc0\xff\x54\x01\x84\xff"
  "\x66\xff\x3a\xff\xf0\xff\x0a\x00\x4e\x00\x04\x01\x51\x01\x87\xfe\x8d\x01\x6a\xfe\x74\x01\xe9\x00\xe9\x00\x52\xfe\x70\x00\xc1\x00\xa6\xff\x7a\xff\x72\x00\x3c\x00"
  "\x0b\x00\x6a\x00\x6c\xfd\xaf\xff\xb8\xfe\xce\x01\x39\x00\xfa\xff\x6b\x01\xbf\xff\x97\x00\x58\xff\xc4\xff\xb1\xff\x6c\x02\x53\x00\x93\xff\xd6\x01\x43\x00\x07\x01"
  "\x96\x00\xf5\xfe\x03\x01\xb0\x00\xe6\x00\x08\x01\x56\x01\xeb\xff\x95\x00\x6b\x02\x52\xff\xda\x00\x87\xff\x44\xfe\xc7\xff\x37\x00\x34\x00\xa6\x01\x0d\x00\x1e\x00"
  "\x3c\x00\xce\xff\x01\x02\xca\xff\xc8\xfc\xff\x00\x03\xfe\xef\xfe\xf3\x00\xe6\xff\x98\xff\x6d\x00\x08\x01\xa6\xff\xa5\xfd\xff\xfe\x54\x00\x95\x01\x89\x00\x8d\x00"
  "\x41\x00\x7b\x00\xd2\x02\x0a\x00\x89\xff\xdf\xfd\x02\x01\xa8\x00\xe5\xff\x64\x00\x12\x01\x33\x00\xfb\xfe\xc4\xff\x43\x00\x1f\xff\x19\x00\xb6\xff\x62\x00\x6c\x01"
  "\xa3\xff\xac\xff\x65\x00\x58\xfe\x46\x01\xa6\x01\x3f\xff\x76\x01\xb3\x00\xb5\x00\xb4\x00\x50\xff\xb2\xff\xea\xfa\xd9\xff\x79\xfe\xf2\xff\xc6\xff\x02\xfe\x69\xff"
  "\x2c\x01\xb8\x02\x77\x03\x36\xfe\x22\x00\x11\xff\xa9\xff\x49\x00\x2a\xff\x2c\x01\x3e\xfd\x18\xff\x49\x01\xc2\xff\x2d\x00\xb4\xfe\x1d\x01\x06\x00\x21\x00\x28\x00"
  "\x24\x01\x00\xff\x10\x00\xc7\xff\x2b\x00\x24\x01\xad\x01\x48\xff\x86\x02\x83\xff\x8e\xff\xec\xfd\x55\x01\xef\xff\xf8\xfe\x36\x00\x5c\x01\x16\x00\x98\x01\x0d\xff"
  "\xd3\x02\x21\x03\x61\x00\x48\x01\x72\xff\xf1\x01\x2c\x01\x3d\xff\x32\x01\xfa\xff\xb3\xff\xa5\x00\xc3\xfe\x4b\x00\xfa\xff\x78\x00\x36\xff\x13\x00\x53\xff\x33\x01"
  "\x80\x00\xeb\xfe\x9e\xfe\x3e\x00\x0e\x00\xee\xff\xdd\x00\xf6\xfe\x1f\xff\xd2\xfe\x7b\xff\xa0\xff\x9e\xff\x73\xff\x63\x00\x23\x02\xa7\xff\xb6\xff\xcd\xfe\xfa\xff"
  "\x44\xff\x5c\x00\x8b\x00\x56\xff\x6c\x01\x8f\xff\x35\xfe\xc6\x00\x98\xfe\xa6\x00\xe6\x00\x90\xfe\x63\x00\xa2\xff\x4a\x01\xfb\x00\xea\xfc\x8c\xfd\xe9\x00\xe2\xfd"
  "\x10\xff\xcd\x00\x9f\xff\x9e\xff\x15\xfe\xcf\xfe\x8e\xff\xc0\x00\x7e\x00\x0e\x00\xa5\x00\x48\xff\x15\x00\x93\xfe\xf9\xff\xde\xff\xc7\x01\x36\x00\x92\x01\x50\x00"
  "\xf2\x00\xe5\xfe\x90\xff\xdf\x00\x93\xfc\xf4\xff\xb1\xff\x08\xfe\xf0\xfe\xfd\xff\x0b\xff\x0c\xff\xa2\xff\x11\x01\x56\x00\x0d\xff\x86\x00\x0d\xfb\x5b\xff\x89\xff"
  "\xb3\xff\x19\xff\xa7\x00\xc3\xff\xbc\xff\x94\xff\xe6\xff\x61\x00\x0a\xff\x5d\x00\xdd\xff\x21\x00\x3c\xff\xfd\xfe\xbf\x00\x4d\xff\xf4\xfd\xb2\xff\xb1\xff\x4b\x00"
  "\xe1\x01\xf1\x00\x52\x00\x9d\xff\x9e\x00\xec\x03\xa4\xfd\xa8\xfe\x7f\xff\x35\x00\x99\xff\x0e\xfd\x69\xff\xff\xff\xbd\x00\x72\x00\x47\xff\x78\x00\x1b\x00\xf8\xff"
  "\xc2\xfc\xa8\x01\x5b\xff\x9a\x00\xec\xff\xd6\x01\xf0\x00\x71\xff\xf2\xff\x19\xff\xfc\xff\xe6\xff\x27\x00\xc6\xff\xbf\x00\x96\xff\xe0\xfd\x7e\x03\x8e\x02\x78\xff"
  "\x92\xff\x72\xff\x09\xfd\x2a\x00\x17\x00\x22\x00\xd9\xff\xab\x01\x30\x00\xc4\xff\xc9\x02\x3f\xfe\x9a\x00\x02\x00\x47\x00\xfa\xff\xdd\xff\x39\x00\x56\x00\x99\x01"
  "\xad\xff\x97\x01\xaa\x00\x35\x00\xfe\x00\xc7\x00\xa8\xfd\x3a\x01\x22\x03\xcf\xfe\xe1\x00\xc7\xff\xff\x02\x77\xfe\xe2\x01\x85\x00\x3a\x00\xc7\x00\x24\x01\x2c\x02"
  "\x5b\xff\xeb\xfe\xe1\xff\xf8\xff\x19\x00\x2c\x01\x08\x01\x08\x01\x96\x01\x47\xff\x1c\xfe\x69\x01\x37\x00\xa3\x00\xa2\xfe\xe5\x00\xdc\xff\x85\x00\x97\x00\xec\xfe"
  "\x6e\x00\xb2\xfe\xc1\x00\x01\x02\xbf\x00\x69\xff\x17\x01\xd7\x02\x37\x03\x0a\x00\xf8\xfd\xca\xff\x89\xff\x84\x01\xa1\x01\x00\xff\x4c\xff\xc5\x01\xfd\x00\xba\xff"
  "\x04\x01\xa5\x00\x2e\xff\x94\x02\x95\x00\xa2\x00\xf7\x00\x3f\x01\x1d\x01\x85\x00\xbc\x00\x6f\x02\x87\x00\xbc\x00\x3d\x01\xa2\xfe\x46\x01\xa1\xff\x43\x00\x5c\xfe"
  "\x83\x01\xaf\x01\xcc\x00\xef\x00\x14\x01\x86\xff\xa7\x01\x03\x00\x07\x02\xdc\x02\x72\x00\xb9\xfd\x3c\x00\x22\x00\x3f\x01\x4a\x02\x53\x00\xd6\x01\x3c\xfe\x78\x00"
  "\x15\x00\x78\x00\xf2\x00\x4c\x01\xc3\xff\x42\x00\x64\x01\x7f\x00\x5f\x00\xbf\x00\x4e\x00\xe5\xfe\x95\xfe\x3b\x00\x0d\xff\xfa\x03\xab\xff\x4c\xfe\xd9\xfe\xaa\xfc"
  "\x2a\x00\xbd\x00\x3a\xfc\xb0\xff\x37\x00\x51\x03\x17\x00\x59\xff\x8a\xfd\xea\xff\xba\x03\xc1\xfd\x04\x01\xaf\x01\x18\x00\xff\x01\xd3\xff\xc3\xfd\xbb\xff\xc7\x00"
  "\x8f\xff\x12\x00\xdc\xfe\x8e\xfe\xcb\x00\x27\x00\xa5\xfe\x89\xff\xd2\x00\x83\xfe\x3f\xff\x01\x00\x03\x00\x32\xfd\x56\x01\x4c\xff\x41\x00\x21\x00\x90\x01\xd6\xfe"
  "\x33\xfd\x8b\x00\xeb\xff\x52\xff\xcb\x00\x63\x00\xc2\xff\xf7\xff\x19\xff\x25\x00\x59\xff\xa0\xff\x17\x00\x34\xff\xd7\xff\xd2\x01\xfb\xff\x9d\xfe\x5d\xff\x36\x00"
  "\x9f\x00\xda\xff\x4c\xfe\x62\x00\x30\xff\x0b\xff\x11\x00\xa9\xfe\x39\x00\x87\xff\x40\x00\xe0\x00\x02\x00\xf5\xfe\xdb\x00\x0b\x00\xa0\xff\x66\xff\xd2\xfd\x6e\xfe"
  "\x2c\xff\xac\x03\x75\xff\x84\x00\x91\x01\xe7\xfd\x68\x02\xb4\xff\x05\x00\x99\xff\x42\x01\xe4\x01\x05\xff\xc6\xff\x81\xfc\x57\xff\x38\xff\x46\xff\x3c\x00\xd0\xff"
  "\x78\xff\x32\x00\x51\xff\x12\x00\x8d\xfe\x52\xff\x7d\xff\xb8\x02\xde\xfe\xa7\x00\x0e\x01\xad\x00\x6b\x00\x7b\x00\x52\x01\x20\xff\x8f\x01\xc3\xfe\x16\xff\x94\xff"
  "\xb7\xff\xe8\xfd\x1f\x03\x90\x00\xd7\xff\xb3\x02\x5b\xff\x6f\xff\x73\xff\x10\x01\x65\x03\xf2\x01\x25\x00\xbf\x00\x2a\x00\xbd\x00\xc1\xff\xfc\x00\x8c\x01\x96\x01"
  "\xfe\xfc\x84\xfe\x19\xff\x77\x01\xa3\xff\xad\x01\xad\xff\x4e\x01\x5b\xfe\xce\x00\x4a\x00\x73\x01\xeb\x00\x4f\xfe\x18\xfe\xd2\x00\x2c\x00\x84\x00\x28\x02\xea\xff"
  "\x04\x00\x3c\x01\xf2\x02\x31\x00\xe3\x01\xfe\xff\x32\xfd\xd7\x00\x18\x00\x36\x01\x92\x01\x0f\xff\xff\x01\x30\x02\xba\xff\x40\x00\xb3\xff\xd2\xfe\x1b\x02\x01\xff"
  "\xe8\x00\x05\x01\x62\x02\x66\xff\xf6\x01\x85\xff\x96\xff\x4e\x01\x57\x01\x8c\xff\xed\xff\x4c\x02\xc9\xff\x6a\x00\x49\x01\x75\xfe\xdc\xff\x23\x02\x35\x01\x2c\xff"
  "\x2c\xff\xa1\x00\xff\xfe\x3f\x01\x84\xff\x2e\x01\x61\x00\xaa\x00\x1c\x02\x45\x00\xa5\x01\xfb\x01\xce\x00\x32\x01\x01\x00\xfd\xff\x82\x00\x3b\x00\xc7\xfe\xfa\xff"
  "\x8e\xfe\xfb\xfe\x4b\xff\xfb\xfd\x50\x01\x29\xfe\x42\x02\xa2\x00\xc6\x00\xd0\xff\x3b\x00\xb6\xff\xf6\xfe\x25\x00\xcb\x00\xeb\xfe\x92\xfe\xdb\xff\x3b\x00\xe3\xfe"
  "\xfc\x00\x7a\x01\xce\x01\xbb\xfe\x52\xff\x92\x00\x4c\x00\x13\x00\x16\x00\xca\x01\x9f\x01\x15\x00\x49\xff\x98\xfe\xea\xfe\x03\xfe\x4c\xfe\x56\x04\x88\xff\x0f\x00"
  "\x1a\x00\x70\x00\xdb\xfe\x8f\x00\xc4\xfe\xcb\xfd\x1d\x00\xd2\xfe\xa8\xfe\xf4\x00\xde\x00\xf9\xfe\x37\xff\xd7\xff\xda\xfe\x18\xfe\xa8\xff\xc2\x00\xee\xfc\x3d\xff"
  "\x51\xfe\x93\x00\x61\xff\x82\x01\x22\x00\xed\x00\x8c\xfe\x0b\xfe\x96\xff\xe4\x00\x39\x01\xb4\x00\x04\x00\x31\x03\xec\xfc\xed\xff\x90\x01\x97\x00\x01\xff\x37\x01"
  "\x5e\x00\x69\xff\x92\x01\x94\x00\xff\xfe\xbf\x00\x29\x00\x6c\xfe\x49\xff\xc0\xff\x40\xff\xf7\x00\xf1\xfe\xd4\xff\x57\x00\xb0\x01\xa4\xff\x6e\x01\x19\x00\x0b\x00"
  "\x27\xff\xf5\xfd\xba\x02\xb0\x01\xd3\x00\xd4\xff\x3f\x00\xa2\xff\x87\x00\xaa\xff\x25\xff\x81\xfe\xd9\xff\xa8\xff\x4a\x01\x7c\xff\xab\xfd\x56\xfd\x45\xff\xcf\xff"
  "\xef\xff\x1e\xff\xe2\xff\x9d\x00\x46\x01\xd7\xfe\x8f\xfd\xb1\x00\x57\x00\x31\xff\x66\x01\xc7\xfe\x5f\x00\x82\x00\x0c\xff\x13\xff\x85\xfe\xf0\x00\x53\x01\x6e\x00"
  "\xa5\x01\x7d\x01\xa9\xfc\x22\x03\x98\x01\x0d\xfe\xdb\x00\xc3\x00\x65\xff\x36\x01\x07\x02\xd2\x00\xa4\x01\x31\x00\x6e\xff\xae\x00\x9e\x00\xd5\xfe\xe9\xff\x0e\x00"
  "\x93\x00\xf1\x00\x47\xff\xe3\x00\x4f\x01\x43\x01\x0d\x01\xbf\xff\x0b\x01\x97\xff\xaf\xfe\x8e\xff\x9b\x00\x11\x00\xef\xfe\x42\x00\x1a\x01\x5f\x00\x26\x02\xd6\xfd"
  "\x85\x02\x22\xff\xd8\x00\x16\xff\xe8\xff\xd2\xfe\xce\xfc\xa7\xff\x2a\x01\x90\x00\x8f\x01\x4b\x00\x2a\xff\x7d\x01\x86\xfd\x18\xfd\xa3\xfd\x66\x00\x31\xfe\x9a\xff"
  "\x6a\xff\x27\x00\x92\x00\x10\xff\xa3\xfe\xba\xff\x75\x00\xa1\x01\x7b\xff\xe1\xff\xfb\x00\xbb\xff\xe2\xff\x00\x00\x63\x00\x05\x00\x45\x02\x8d\x01\x54\xfd\x3c\x00"
  "\x3f\xff\x3b\x01\xa4\xff\x51\x04\x0d\x00\x2a\x02\x9b\x01\xeb\xff\x85\x00\x14\x00\x3f\x00\x40\xff\x87\x00\x4b\x00\x2c\x00\xb6\xff\x8b\x00\xa4\xfc\x3c\x00\x49\x00"
  "\x9c\xfd\x5e\x00\x6d\xff\xed\x01\x71\xff\xd0\x02\x77\xff\xfa\x02\x94\x00\x6c\x00\x7c\x00\x4f\x00\xb1\x00\xc3\xff\x4d\x02\xe0\x01\xe6\xff\x03\x00\x91\x00\x7f\xff"
  "\x62\x00\x16\x00\x9e\xff\x3c\x01\xc8\xff\x3d\xfe\x01\x01\x51\x02\x99\xff\xdd\xfc\xb9\xff\xf0\xff\x73\xff\x2e\xfd\x23\x00\xea\x00\x2d\x00\xab\xff\x49\x00\xd6\x00"
  "\xe3\xff\xa0\x00\xba\x00\x53\xff\xfc\xfe\x86\x00\x08\x01\x47\xfd\x10\x00\x43\x00\xae\xfe\x9f\x03\xbd\xff\x2f\xff\xa6\xff\x45\x01\xb1\x00\xcd\xfe\x34\xff\x94\xff"
  "\x76\xff\x41\xff\x48\xfe\x2a\x00\xca\xff\xa9\xff\xed\xfd\x5c\x00\x12\x01\x6b\x00\x80\x00\xe8\xff\xa9\x02\xd3\xff\x0f\x00\x9b\x00\x6d\xff\xe1\x00\xdd\x00\x42\x03"
  "\x86\x00\x89\x02\xd3\xff\x3e\x00\x9b\x00\x7c\xff\x5c\xff\x3d\x00\xe7\x00\xca\xff\xb5\x00\x12\x00\xa8\x00\x06\x02\x81\xff\xa7\x00\x24\x02\x4e\x01\xe0\xfc\x7e\x01"
  "\xf3\x01\x1e\x00\xb7\x00\x84\xff\xdf\xfe\x9e\x00\x55\x01\x64\x02\xdc\xfe\xf4\x00\xe4\xfd\xb7\xff\xdc\xff\x6e\xff\x81\xfe\x9d\xfe\xa5\x00\x3f\xff\x16\x00\xa8\x00"
  "\xe1\xfe\x5f\x01\x99\x00\x86\x00\x66\xfe\x05\x02\xbe\xfe\xe8\x03\x2d\xff\x20\xfe\xf3\x01\xd8\x01\xf4\x00\x98\x00\xe9\xfe\x7c\xff\x98\xff\x0a\x01\x71\xff\x62\xff"
  "\x1f\x01\xe7\x00\x07\xff\x01\x01\x3b\x01\x36\xff\x1e\x01\x01\x00\xd4\x01\x37\xff\x09\x01\xfe\xfe\x0f\x01\xb4\xfe\x71\x00\x84\x00\x42\xff\x41\x00\xd8\x00\xba\x00"
  "\xc1\xfe\xd7\xff\xe6\xff\x5b\x00\xcf\x00\xb8\xfd\x4e\xfe\x29\xfe\x3d\x01\xbb\x00\xd3\xff\x76\x00\x13\xff\x62\x00\x7d\x01\x58\x00\x95\x01\x3e\x00\x2d\x01\x3d\xfd"
  "\xdb\x01\x66\x01\x91\x01\xdb\xfe\x3c\x02\x90\xfd\x6c\xff\x36\x00\xa0\xfe\x53\x00\xbf\x00\x9e\xff\x52\xfd\x5c\x00\x13\x01\x0b\x00\xb7\xfe\x20\xff\x9e\x00\x9f\xff"
  "\x77\xff\xf8\xfe\x04\x02\xd2\xff\x3f\xff\x46\xfe\x7e\xfd\xae\x00\x8e\xfe\x7a\xfd\x32\xff\x16\x01\xa9\xff\x10\xff\x94\xfe\x16\x00\xb2\xff\xb9\x00\xf4\xff\x62\xff"
  "\xbc\x00\xd7\xfe\xcf\xfe\x81\x00\xac\x00\x5b\x01\x30\xfe\x30\xff\xbd\xfe\x64\xfe\x8e\xff\x0e\x00\x33\x00\x4a\xff\x4a\x00\x6a\x00\xeb\xff\x5f\x01\x54\xfe\x73\x01"
  "\xce\xff\x57\xff\xff\xff\x57\xfc\x32\xff\xdc\x00\x1c\xff\xea\xff\x00\x00\x1a\x00\xb5\xfe\xa4\xfc\x1c\xff\xf4\xfe\x21\xff\xbd\xfe\x77\xff\x9e\xff\xdc\xfe\xb6\xfe"
  "\x17\xfe\xda\xfe\x49\x02\xa9\xff\x28\x01\x2b\xff\xcc\xfe\xfd\x00\x2b\xfe\x8e\x00\xa1\xff\xe9\xff\x63\x00\xdb\xff\x24\xff\x72\xff\x0b\x01\xc0\xfe\xe4\x00\xa1\x01"
  "\xf7\xfe\x2d\x00\x07\x02\x41\xfd\xfd\x00\x82\xfe\x3d\xff\xef\xff\xf3\xfe\x6e\xfe\x81\xfe\x89\xfd\xef\x02\x66\xff\x6e\xfe\x03\xff\xd1\xfd\xa8\x00\x7b\x00\x83\xff"
  "\xa5\xff\x7a\xfe\xb6\xfd\x15\xfe\x93\xfd\xae\x01\xe2\x00\x30\xfe\xc2\xff\xb3\xfd\x9a\xff\xbc\xff\x0c\x00\x42\xff\x60\xff\x52\x00\x69\x00\x2f\x00\xc0\x01\x76\xfe"
  "\x76\xff\xfe\xfe\x1d\x00\xac\xfb\x12\x00\xfd\xff\x91\x00\xee\x00\x96\xff\x7a\x01\x57\x00\x34\x00\xc6\xfe\x13\x01\xb6\x00\x36\xff\xa5\xfe\x81\x00\x2f\x03\x82\xfe"
  "\x0f\xff\x14\xff\x13\x00\xb4\xfe\xef\xff\x6d\xff\xde\xff\x8f\x00\xfb\xff\x26\x00\xd5\xff\x86\xff\x97\x00\xe9\x00\x25\x00\xa0\xfd\xc2\xff\x48\x00\xc4\xff\x83\x00"
  "\x32\xff\xb1\x00\x9d\xff\xe2\x01\xf1\xff\x0d\x01\x1d\x02\xd8\xff\x90\xff\x66\x00\x49\x00\xa4\xff\xce\xfe\x3a\xfe\x79\x00\x05\x00\x29\x00\x15\x00\xbd\x01\x21\x01"
  "\xd5\xfe\x03\x01\xce\xff\x79\x00\x4a\xfe\xf8\xfd\xd1\xfe\x3d\x00\xed\xff\x38\xff\xf9\xfd\x7c\x00\x2e\x00\x3a\xff\xf0\xff\x6e\x00\x74\xfe\x36\x00\x88\xff\x50\x00"
  "\x4d\x00\xd5\xfe\x36\x02\xae\xff\xa6\xff\x86\xff\xda\x00\x36\x00\xe4\xfe\x30\x01\x7a\xff\xd7\x00\xcd\x00\xf3\xff\x1a\x00\xdc\xfe\xe4\xff\xb0\xff\x30\xff\xb0\x01"
  "\x76\xff\x6b\x00\xf5\xfe\x13\xfe\x88\x03\x07\x01\xaf\xff\x8a\xff\x33\x00\xfe\x00\x92\x02\xc2\x00\xc2\x00\x18\x01\x11\xff\xf9\x00\x6c\x00\xdb\xff\xc8\xfe\x8e\xff"
  "\x65\xfe\x41\x00\xd4\x00\x9b\xff\xdd\x00\xf4\x00\x64\xfc\x3b\x01\x4d\x00\xa3\xfd\x9f\x01\x9e\x00\xbf\x01\x3d\x00\xaa\xfe\x58\x00\x01\x00\x50\xff\x54\xff\x0b\xfe"
  "\x07\x01\x05\xfd\x36\x00\x56\xff\x07\x00\x55\x02\x59\x00\x2e\x00\x90\x00\xbc\xfb\x7a\x00\xc5\xff\xae\x01\x3f\x00\xae\x00\x8d\x02\x8b\x00\xb2\xff\x45\x01\x6e\xfe"
  "\x32\x00\x98\xff\x09\xff\x84\x00\x3f\x02\x7b\xff\x15\xfe\x20\xff\x54\xfe\x38\x00\x93\x00\x91\x00\x1c\x01\x00\xfe\x29\xff\x25\x00\xf6\xfe\xa5\xff\xfd\xff\x7c\x00"
  "\x4d\x00\xef\xfe\x04\xff\x5b\xfe\x68\x01\x46\xfd\x27\x01\x87\x00\x5a\xfe\x8b\xfe\x21\x00\xf9\xfe\x73\xff\x15\x01\x8a\xff\x32\x01\xa1\xff\x06\x00\xae\xff\xce\xff"
  "\x8d\x01\x65\x00\xd0\x00\x10\x01\xce\x00\x2a\x00\xc5\xff\x19\x00\x28\x01\xde\xff\x61\xff\x46\x01\xb6\xfe\x1b\x01\xd4\xfe\xae\xff\x9b\xfe\xca\xfd\x5e\x00\x00\x00"
  "\x09\x00\x00\x00\x03\x00\x00\x00\x31\x36\x39\x02\x00\x00\x00\x5c\x00\x00\x00\x5d\x00\x00\x00\x04\x00\x00\x00\x01\x00\x00\x00\x01\x00\x00\x00\x01\x00\x00\x00\x01"
  "\x00\x00\x00\x04\x00\x00\x00\x00\x00\x00\x00\x00\x00\x00\x00\x00\x00\x00\x00\x00\x00\x00\x00\x01\x00\x00\x00\x00\x00\x00\x00\x5f\x00\x00\x00\x01\x00\x00\x00\x20"
  "\x00\x00\x00\x35\x2e\x73\x70\x6c\x69\x74\x5f\x79\x5f\x70\x61\x74\x68\x2e\x32\x2e\x63\x6f\x6e\x76\x34\x5f\x31\x31\x2e\x30\x2e\x62\x69\x61\x73\x00\x00\x00\x00\x01"
  "\x00\x00\x00\x70\x00\x00\x00\x00\x00\x02\x00\x00\x00\x0a\x00\x00\x00\xe4\xfe\x1c\x01\xc6\x00\xe3\x00\x66\x01\x67\xff\x6f\x00\x5c\x00\x2c\xfe\x4f\xff\x9d\x00\x71"
  "\xff\x13\x02\xb9\x00\xab\x01\x23\x00\xb9\x01\xb5\x00\x1b\x01\x9b\x00\xd4\xff\x71\x00\xcc\xfe\x70\x00\x65\xff\x0b\xff\xfe\x00\x07\x01\x8a\x00\x00\xff\xc6\x00\x9b"
  "\xff\x75\x00\xc5\x00\x7b\xfe\x00\x00\x45\x00\x3a\x01\x0e\xff\x79\x00\x1f\x01\x7d\xff\xfe\xff\x3d\x00\x5a\x00\xd8\x00\xa1\xff\xc3\xff\xcf\xff\x4f\xff\xcc\xff\x7d"
  "\xff\x01\x00\x82\x02\x58\xff\xa1\x01\xbe\x00\xe6\xff\x76\x00\x66\x00\x4b\x00\xee\x01\x68\xfe\xb1\x01\xf4\xff\xb8\xff\x8a\x01\x03\x01\x19\x01\x6e\x00\x81\x00\x70"
  "\x00\x64\xff\xdf\xff\x2f\x00\xa2\x01\xea\x00\x6d\x01\x70\x00\x59\x01\x35\x00\xcf\xff\x77\x00\x3f\x00\xda\x00\x7d\x00\x46\x00\xd9\x00\x41\x01\xc9\x00\xa8\xfe\x6b"
  "\xff\x85\x00\xd9\xfe\xa3\xff\x84\x01\x44\xff\x9f\x00\xe8\xff\x11\x01\x6e\x00\xb6\x00\x5c\x00\xb2\xff\xb1\xfe\x0a\x01\xe3\xfe\x08\x01\xa3\x00\xd4\x00\xca\xff\x3a"
  "\x00\x60\x00\x00\x00\x04\x00\x00\x00\x10\x00\x00\x00\x31\x36\x39\x5f\x4e\x4f\x54\x5f\x49\x4e\x5f\x47\x52\x41\x50\x48\x02\x00\x00\x00\x5e\x00\x00\x00\x5f\x00\x00"
  "\x00\x61\x00\x00\x00\x0a\x00\x00\x00\x03\x00\x00\x00\x31\x37\x30\x02\x00\x00\x00\x60\x00\x00\x00\x4e\x00\x00\x00\x62\x00\x00\x00\x01\x00\x00\x00\x03\x00\x00\x00"
  "\x32\x34\x33\x00\x00\x00\x00\x03\x00\x00\x00\x01\x00\x00\x00\x01\x00\x00\x00\x01\x00\x00\x00\x00\x00\x02\x00\x00\x00\x0a\x00\x00\x00\x10\x00\x63\x00\x00\x00\x15"
  "\x00\x00\x00\x03\x00\x00\x00\x31\x37\x33\x02\x00\x00\x00\x61\x00\x00\x00\x62\x00\x00\x00\x64\x00\x00\x00\x01\x00\x00\x00\x22\x00\x00\x00\x35\x2e\x73\x70\x6c\x69"
  "\x74\x5f\x79\x5f\x70\x61\x74\x68\x2e\x33\x2e\x63\x6f\x6e\x76\x31\x5f\x31\x31\x2e\x30\x2e\x77\x65\x69\x67\x68\x74\x00\x00\x00\x00\x04\x00\x00\x00\x01\x00\x00\x00"
  "\x01\x00\x00\x00\x70\x00\x00\x00\x20\x00\x00\x00\x00\x00\x02\x00\x00\x00\x0a\x00\x00\x00\xe0\xff\xcc\xff\xc4\xff\x14\x00\x72\xff\xfd\xff\xc2\xff\xc1\xff\xaf\xff"
  "\xe6\xff\x1e\x02\xde\xff\xdf\xff\xb2\xff\xbb\xff\x00\x00\xc2\xff\xe0\xff\x0f\x00\xec\xff\xc4\xff\xdb\xff\x21\x00\xc2\xff\xfd\xff\xf5\xff\x81\xff\xe6\xff\x93\xff"
  "\x33\x01\x09\x00\x52\x00\x6b\x00\xf1\xfe\x63\x00\x3f\xff\x0f\xff\x15\x01\xfa\xfe\xd8\xff\xf6\x01\x04\x00\xaa\xff\x4b\xff\x5a\xfe\xca\xff\x4e\x00\xaf\x00\x2e\x00"
  "\x07\x00\xef\xff\x5e\x00\x0e\xfe\xe4\xfe\xe0\x00\x63\x00\x5b\xff\x11\x00\xeb\xff\xe3\xff\x07\x00\x38\x00\xbe\xff\x16\x00\xaf\x00\xfe\x01\x87\xff\xe5\x01\xad\x00"
  "\x05\x00\xe4\x00\xc2\xff\xb5\xfe\xff\xff\x6d\x00\x7e\xff\xb2\xff\xce\xff\xa8\xff\xe6\xff\x77\xff\xd3\xfe\xa7\xff\xd4\xff\x66\x02\x75\x00\xd3\xff\x18\x00\x53\xff"
  "\x35\x00\xcb\x00\x22\x00\xc0\xff\x85\x00\x69\xff\xab\xff\x24\x01\xf1\xff\x01\x00\x0d\x00\x0e\x00\x7d\x00\x25\xff\xf8\xff\xda\xfe\xc7\x00\xc9\xff\xbe\x00\x46\x00"
  "\x35\xff\x63\x00\xed\xff\xcf\x00\x7c\x00\xc5\xff\xad\xff\xcc\xff\x29\x01\x27\x00\xc6\x01\xd2\xff\x2e\x00\x36\x00\xbe\xff\xe3\xff\xc9\xff\x4e\x00\xcc\xff\x47\x02"
  "\x5b\x00\x9b\x00\xab\xff\x5a\x01\x1d\x01\xdd\xff\x89\xff\x19\x00\xbf\x02\xea\xfe\xb8\xff\x99\x00\x58\xfe\xfe\xff\xff\xff\x00\x00\x24\x00\xf5\xff\x5f\xff\x3b\x00"
  "\x66\x00\x0a\x00\x3e\x00\x00\x00\xd5\xff\x87\x00\xf1\xff\x1c\x00\x6c\xff\xe4\x00\x71\x00\x24\xff\xd0\xff\xf6\xff\xfb\xff\xcf\xff\xd8\xff\x61\x00\x05\x00\x48\x00"
  "\x51\x00\xa5\x00\x88\xff\x11\x00\x64\xff\xff\xff\x96\x00\x2d\x00\xba\xff\x23\xff\x8c\x00\xf6\xff\xd8\xff\xb2\xff\x25\x00\x54\x00\x89\xff\x1b\x00\x11\x00\xfe\xff"
  "\xbd\xff\x07\xff\x22\x00\x23\x00\xd9\xff\x36\x00\x1a\x00\x3d\x00\x5c\x00\xb5\x00\xde\xff\x46\x00\xa9\xff\x87\xff\x0d\x00\xc4\xff\xdf\xff\x2b\x00\x09\x00\x07\x00"
  "\x3f\x00\x35\x00\x85\x00\xe6\xff\x9a\x00\xf3\xff\x88\xff\xc8\xff\x38\x00\xd6\xff\x47\x00\x5f\x00\x0d\x00\x78\xff\x4d\x00\x96\x00\x9d\x00\x41\xff\x46\x00\x27\x01"
  "\x59\x00\xc5\xff\x03\x00\x3e\x00\x4a\x00\x57\x00\xe3\xff\x1d\xff\xd0\xff\x57\x00\x9c\xff\x3e\x00\xf3\xff\x6f\x00\xa8\xff\xc9\xff\x18\x00\x3f\x00\xe2\xff\x79\x00"
  "\xee\x00\x41\xff\x47\xff\x81\xff\x1f\x01\xb1\x00\x4b\x00\xd0\x00\x11\x00\xc0\x01\x08\x00\xc1\xff\xbf\xff\x40\x00\xbf\xff\x6a\x00\x11\x00\x6e\xff\x89\x01\xea\xff"
  "\x02\x00\x57\x00\x99\xff\x14\x00\x7b\x00\x82\xff\x13\x00\x84\x00\xfc\x00\xae\xff\x27\xff\x49\xff\x60\xfe\xb1\xff\x0f\xff\xf2\x00\xc8\x00\xe4\x01\x91\x00\x08\x00"
  "\x80\xff\xd5\xff\xd9\xff\x07\x00\x4b\x00\x12\x00\x06\x00\xda\xff\x04\x00\x5b\xff\xb5\xff\x05\x00\x50\x00\x21\x00\x7c\x00\xec\xff\xa4\xff\x13\x00\x7a\xff\x19\x00"
  "\x3a\x00\x1a\x00\xfd\xff\x39\x00\x45\x00\x30\x00\x01\x00\x02\x00\xfe\xff\x0f\x00\x1b\x00\xb5\xff\x89\x00\x13\xfd\x05\x00\x28\xff\xbc\x00\xf9\x00\xd0\xff\x78\x00"
  "\x5b\x00\x26\xff\xeb\xff\x7f\xff\xb1\xff\x7b\x00\x70\x00\xff\xff\x9e\x00\x99\xff\x2d\x00\x13\x00\xbf\xff\xaa\xff\x58\x00\x4f\x00\x78\x00\xfb\xff\x0a\x00\x71\xff"
  "\x01\x00\xfb\xff\xa6\xff\x95\xff\x19\x00\x6b\xff\x09\x00\xf5\xff\x0f\xff\xd2\xff\x57\x00\x10\x00\x14\x00\x2b\x00\x55\x00\xc6\xff\x26\x00\x4a\x00\xa7\xff\x5b\x00"
  "\xa9\xff\xee\xff\x07\x00\x2e\x00\x13\x00\x09\x00\x4b\x00\x3e\x00\x34\x00\xf2\xff\xdf\xff\x6b\x00\x95\x00\x31\x00\xfc\xfe\xa1\xff\x8e\xff\xc1\xff\x9a\xff\x29\x00"
  "\x9e\x00\xd2\xff\x6c\xff\xed\xff\xd5\xff\x79\x00\x0d\x00\x34\xff\x3a\xff\x3d\x00\xc1\x00\x72\x00\x46\x00\x37\x01\x5b\x00\x84\x00\xa0\xff\xa0\x00\x7a\x00\xd1\x00"
  "\xeb\xff\x34\xfe\x82\x00\x2f\x00\xb8\xfe\xb2\xff\x0f\x00\x32\x00\x41\x02\x67\xff\x69\xfe\x45\xff\xec\x00\x00\xff\xed\xff\xc9\xff\x0b\x00\x5a\x00\xb2\xfe\x40\x00"
  "\xf5\xfe\xdd\xff\x69\xff\x4c\x00\xe7\xfe\x5e\x00\x45\x00\x83\x01\x34\xfe\x2a\x01\x18\xfd\xac\xff\x51\x00\xb7\xff\x11\x01\xec\xff\x6d\x00\x65\x00\x90\xff\xbe\xff"
  "\xd2\x00\xdd\xff\x1e\x00\xf5\xfe\xd0\xff\xc2\x00\xcd\x01\x17\x00\xaf\xff\x79\x00\x02\x00\xdf\x01\x35\x00\x60\xff\x20\x00\x14\x00\x9c\x00\x1e\xff\x4d\x00\xbc\xff"
  "\xb4\xff\xa9\xff\x72\x00\x41\x00\xc3\xff\x1c\x01\x8f\x00\xa6\xff\x60\x00\xad\xff\x7e\x01\x6c\x01\x9f\xff\xfb\xff\xd9\xff\x20\x00\xbd\xfe\x8b\x00\xae\xff\x4e\x00"
  "\xe9\xff\xd7\xfe\x88\xff\xf1\xff\x29\x00\x3c\x00\x02\x00\xd5\xff\x08\x00\xb0\xff\x98\xff\x5a\x00\x17\x00\xad\xff\xad\xff\x42\x00\x13\x00\x2c\x00\x34\xff\x5a\x00"
  "\x9d\xff\x7f\x00\x5b\x00\x50\xff\xb2\xff\x14\xff\xf7\xff\xb6\xff\x19\x00\x61\x02\xcb\xff\x11\xfd\xe2\x00\x87\xff\xee\xff\x75\xff\x14\xff\x2c\x01\x86\x00\x7f\x02"
  "\x0d\x01\xc2\xff\xcd\xff\xa0\xff\x0f\xff\xb8\xfe\xaa\x00\xa3\xff\x04\x00\xa2\xff\x35\xfe\x28\x00\x0a\x00\xae\xff\x59\x00\xd3\xff\x6e\x00\xc9\xff\xdf\xfc\xe0\xff"
  "\xe2\xff\xe8\xff\x4a\x00\x74\x00\xdc\xff\xb0\x00\x8b\x01\xe9\xff\x5c\xff\x50\x00\x7d\xff\x97\x00\x09\x00\x8e\x00\xe8\x00\xad\xfe\x57\x00\xdd\xfe\xa3\x00\x2e\x02"
  "\xb9\xff\x15\x00\x6a\x00\xd4\xff\x89\x00\x1e\x00\xe1\xff\x6b\x00\x01\x01\x75\x02\xed\xff\x6a\x00\xa5\xff\x33\x00\xbd\xff\xa0\x00\x8a\x00\xf4\xff\xc0\xff\x33\x00"
  "\x68\xff\xcc\xff\xfc\xff\xef\xff\x2a\x01\x26\x00\xdc\xff\xe4\xff\x98\x00\x8f\xff\x82\xff\xa0\xff\x0e\x00\x0b\x00\x60\xff\x45\x00\x29\x00\xe9\xff\x8c\x00\x8d\x00"
  "\x0c\x00\xf8\xff\xe6\xff\x4d\xff\x57\x00\xff\xff\x27\x00\x01\x00\x11\x00\x6d\x00\xb7\x00\x18\x00\x3f\xff\xf0\xff\x53\xff\xf4\xff\x7a\x00\xa4\x00\xdf\xff\xff\xff"
  "\x0f\x00\xd2\xff\xdf\xff\x83\xff\x42\x00\x92\xff\x1e\x00\xb3\xff\xd4\xff\xef\xff\x11\x00\x12\x01\x25\x00\xe2\xff\x10\x00\x25\x00\x09\xff\x64\x00\x72\xfe\x4e\x00"
  "\x65\xfe\xb6\x00\xe9\xff\xba\xff\xde\xff\xec\xff\x13\x02\x1f\x00\x4e\x00\xfc\xfe\x63\xff\x0b\x00\x96\xff\x99\xff\x50\x00\x9a\x00\x0f\x00\xa1\x01\x79\xff\x3a\x00"
  "\x02\x00\xf9\xfe\x75\x01\x68\x00\x01\x00\xd9\xff\xdd\xff\x09\x00\x74\xfd\x50\x00\xef\xff\x18\x00\x33\x00\xcc\x00\x9a\x00\xf6\xff\x2a\x00\x24\x00\x02\x00\x08\x00"
  "\x41\x00\xf6\xff\x89\x00\x2e\x00\x36\x00\xec\xff\x06\x00\xfa\xff\xfa\xff\xfd\xff\xb5\xff\x0d\x00\x1f\x00\x0f\x00\x0a\x00\x33\x01\x94\xff\x62\x00\x9c\xff\xbf\xff"
  "\xac\x00\x29\x00\xe2\xff\x72\x00\x32\x00\x05\x01\x98\xfe\xd6\xff\x9b\xff\x47\x00\x3c\x00\x09\x00\xab\xff\xd5\xfe\xb2\xfe\x7e\x00\x00\x00\x45\xff\xc2\xff\x12\x00"
  "\xff\xff\x93\x00\x0f\xff\xd9\xff\x4e\x00\xeb\xff\x0d\x00\x4f\xff\xe7\xff\x71\xff\xcf\xff\x08\x00\x7d\x00\x4d\x00\x7f\xff\x78\xff\xb8\x01\x23\x00\xe2\xff\x4b\xff"
  "\x49\xff\xf6\xfe\xf0\x01\x91\xff\xa0\xff\x70\xfc\x39\x01\xe4\xff\xda\xff\x37\xff\x14\x00\x04\x00\x17\x00\x5e\x00\x44\x00\xd4\xff\xeb\xfe\x74\xfd\xdf\x01\xa7\xff"
  "\xf5\xfe\x25\x00\xf3\xff\x52\xff\x61\xff\xac\xff\xe4\xff\xb3\xff\x13\x00\x9c\x00\x36\xff\xc5\xff\x47\xff\xe9\xff\x69\x00\xd4\xff\x13\xff\x53\x00\xe0\xff\xd2\xff"
  "\x87\x00\x75\x00\xa8\xff\x17\x00\xc6\xff\x8f\xff\x5b\x00\xe7\xff\x1d\x00\x00\xff\x52\x00\x87\x00\x4b\x00\xcf\xff\x19\x00\x22\xff\x5b\xff\xfd\xff\xe1\xff\x09\x00"
  "\x56\x00\xb3\x00\xca\xff\xc3\xff\xf8\xff\x0b\x00\x19\xff\x0c\x00\x1c\x00\xc4\x01\x41\x00\x02\x00\x90\x00\x98\x00\x68\xff\x69\xff\xf7\xff\xb0\xfe\x71\x00\xef\xff"
  "\x7e\xff\x5f\x00\xd3\xff\x9c\xff\xac\xff\xfa\xff\xf1\xff\x33\x00\x7b\xff\x66\xff\x71\x00\xf7\xff\x6f\xff\xcd\xff\x5b\xff\xdb\xff\xc9\x00\xe0\xff\xaf\xff\xc3\xff"
  "\x88\xff\xe5\x00\x0c\x02\xd2\xff\x16\x00\x46\x00\xb6\xff\xe3\xff\x1c\x00\xa9\xff\x12\x00\xe1\xfe\xf5\x00\x45\xff\x37\x00\x13\x00\x76\xff\xb6\x00\x0f\x00\x19\x02"
  "\xd9\xff\xb5\xfe\x0e\x00\x9e\xff\x04\x00\xb7\xff\xd2\xff\x0b\xff\x81\x00\x27\x00\x3a\xff\x48\x00\x28\xff\xec\x01\x88\xff\x35\x00\x32\x00\xeb\x00\xeb\xff\xb6\xff"
  "\x7c\xff\x20\x00\xb0\x00\x11\x00\x5e\xff\xef\x00\xf0\xfe\x29\x00\xbf\xfe\x52\x00\x89\xff\x14\x00\xc6\x00\xee\x00\xbc\x00\x2a\x00\x97\xfe\x6b\x00\xb8\xff\x01\x01"
  "\x35\xff\x4f\xff\x4a\xff\xca\xff\xa5\x00\xfd\xff\x9f\xff\x7f\x00\xfd\xff\x91\x01\xcd\xff\x5f\x01\x19\x00\x8f\xff\x6f\xff\x4a\x00\xe5\xff\x7a\xff\x2c\x01\xf3\xff"
  "\x10\x00\x0b\x00\xce\xff\x54\x00\x15\x00\x58\x00\x14\x00\x17\x00\xf4\xff\x31\x00\xae\xff\xd4\xff\x89\x00\xb1\xff\xab\x00\xc6\xff\xd2\x00\xe9\xfe\x5b\x00\x0a\x00"
  "\xe2\x00\xb7\xff\x5a\xff\x85\xff\x0d\x00\x15\x01\x05\x00\x8c\x00\xa7\xff\x56\x00\xaf\xff\xcc\x00\x8a\xff\x24\x01\x40\xfe\xc5\xff\xee\xff\x29\xff\x55\x00\xae\xff"
  "\x45\x00\x38\xff\xc4\xfe\x58\x00\x4f\x00\xa8\xff\xac\xff\x2f\x01\x50\xff\x2a\x00\x8c\xff\x07\x02\x97\xfd\x43\xff\xc6\xfd\x97\xff\x18\x00\xb4\x00\xdc\xfe\x6c\x00"
  "\x18\x00\xac\xff\x1b\x00\xa6\xff\xc3\xff\x8c\xff\x08\x00\xd6\xff\xe5\xfd\xa8\xff\xf7\xff\x05\x00\x37\x00\x5f\x00\x32\x00\x25\x00\x35\x00\x45\x00\x07\x00\x28\x00"
  "\x6d\xff\xff\xff\x0d\xfc\x07\x00\xf7\xff\x69\x00\x01\x00\x2f\x00\xc6\xff\x1b\x00\xd6\xff\x36\xff\x75\x00\xb6\xff\x04\x00\x22\x02\x46\x00\x63\x00\xbf\xff\x0b\x00"
  "\xc7\x00\x15\x01\x8c\xff\x5e\x00\xa7\xfe\x28\xfe\x9a\x00\x11\x00\xd9\x00\x03\x00\xdd\xff\xcc\xff\x75\x01\x68\x00\x62\x00\x16\x00\x21\x00\x48\xff\xc4\xff\xab\xff"
  "\x74\xff\x13\x00\xb5\xff\x93\x00\xe0\x00\x78\x00\x5c\x00\x71\x00\x05\xff\x1e\x00\x57\x00\x93\xff\x58\x00\x61\x00\x51\x00\xcc\xff\xbb\xff\x55\x00\x09\x00\x57\x00"
  "\x16\xff\x9a\xff\xb0\xfe\xd2\xff\x71\xff\xdc\x00\xb4\xff\xe9\xff\xbd\xff\x3b\xff\xd6\xff\x91\xff\x0b\x00\x21\xff\x70\x00\xfb\xff\x8d\x00\x75\xff\x20\x00\x9e\x00"
  "\xa3\xff\xa2\xff\x5f\xff\xa2\xff\x9e\xff\x3d\xfe\x57\x00\xf0\xff\xa2\xff\x93\x00\x3e\xff\x89\x00\xa8\xff\x98\xff\x7d\x00\x56\x00\xd2\x00\xe8\xff\xc3\xff\x0c\xff"
  "\xf2\x00\x86\xff\xda\xfe\x43\x01\x1b\x00\x70\xff\x2f\x00\xa9\xff\x6d\xff\x02\x00\x0d\x00\x7e\x00\xd7\xff\x03\xff\x76\xff\x1c\x00\x5b\xfe\xa6\x00\xc5\x00\xd6\x00"
  "\x12\xfd\x47\xff\xec\x00\xf9\xff\x7c\x00\xa7\x00\xc9\xff\x58\x00\x1c\x00\xec\xff\x6b\x00\x89\x00\x22\x00\xb8\xff\x59\x00\x71\x00\x7c\x00\x95\xff\x02\xff\xa6\xff"
  "\x29\x00\xdd\xff\xd2\xff\x0e\x00\xca\xff\x46\x00\xdc\xff\x11\x00\x18\x00\xbf\x00\xdb\xfd\x28\x00\xa5\x00\x06\x00\x8d\x00\xce\xff\x99\xff\x08\x00\xeb\x00\xf6\xff"
  "\x52\x00\x38\xff\x09\x00\x56\x00\x3c\x00\xbc\xff\xe7\xff\x89\xff\xb2\x00\x20\x00\x26\x00\x5c\x01\x45\xff\x79\xff\x67\x01\x69\xff\x0b\x00\x3d\x00\x08\x00\x06\x00"
  "\x02\xff\xa8\xff\x93\x00\xcd\xff\x60\x00\x3c\xff\xa5\xff\xe5\xff\x8b\xff\xce\xff\xa7\xff\xe6\xff\xa4\xff\x39\x00\x39\x00\xe2\xff\x03\x00\x77\x00\xfa\xff\xf6\xff"
  "\xab\xff\xf4\xff\x26\x00\xa1\xfe\x52\x00\x62\x00\x78\xff\xe2\xff\xb5\x00\x00\x00\xc9\xff\xb5\x00\x7b\x01\x0d\x00\x3f\x00\x1d\x00\x78\xfe\xa0\x00\xdd\x00\x37\x00"
  "\x4f\xff\x23\x00\xbf\x00\x3f\x00\x3a\x00\x91\xff\x40\xff\x37\x00\xc8\xff\xff\xff\x7f\x00\x7e\x00\x11\x00\x3e\x00\x8b\xff\x20\x00\xc9\xff\x2e\x00\xe9\x00\xf7\xfe"
  "\x21\x00\xad\xff\x38\x00\x34\x00\x0f\x01\x4e\xff\xec\xff\x0e\x00\x59\x02\x17\xff\x6f\x00\x16\x00\x84\xff\x4a\x00\x88\xff\x43\x00\x9a\xff\x9d\x00\x27\x00\xf9\xff"
  "\x00\x00\x92\x00\x05\x00\xd3\xff\x5a\x00\xef\xff\x36\x00\x47\xff\x6f\xff\xa6\xff\xdc\xff\x20\x01\x88\xff\xc0\xff\xba\xfe\xa8\xff\xb0\xff\x83\xff\xba\xff\x88\xff"
  "\x7b\x00\xcd\xff\x47\xff\x0b\x00\x37\x01\x1d\x01\x32\x00\xad\xff\x03\x00\xef\xff\x89\xff\x0c\x00\xc5\x00\x33\x00\x61\xff\xc6\xff\x23\x00\xb9\x00\xf9\xff\x73\x00"
  "\xa8\x00\xde\xff\x5b\x00\x22\x00\x1d\x00\x20\x00\xf1\xff\x70\x00\x74\x01\x90\xff\xe3\xff\x97\xff\x0f\x01\x4b\xff\x8c\x01\xf8\xff\x0d\xff\xf9\xff\xcb\x00\xfe\xff"
  "\x8c\xff\x10\xff\xf6\xff\x48\x00\xfb\xff\x55\x00\x69\x00\xfb\xff\xbe\xff\x4c\x00\xc0\xff\x24\xfe\xdd\xff\xfc\xff\x41\x00\x3b\x00\x25\x00\xa1\xff\x0c\x00\x0c\xff"
  "\xe7\x00\xd8\xfe\xd2\x00\xba\xff\x0a\x00\x60\xff\x44\x01\xb0\xff\x4d\x00\x8c\x00\x9d\xfe\x3a\x00\x27\xff\xfb\xff\x4c\xff\x71\x00\x23\x00\x79\x00\x6a\x00\x09\x00"
  "\xe8\xff\xe7\xff\x56\xff\x91\xff\x1b\x00\xfb\x00\x00\xff\xb8\xff\xb8\xff\x32\x00\x17\x00\x4b\x00\x53\xff\x7d\xff\xdf\x00\xf6\xff\x7c\x00\xd7\xff\x4b\x00\x28\x00"
  "\x3c\xff\xa0\x00\xc7\xfd\x43\x00\xef\xff\x26\x03\x94\xff\xdf\xff\x15\x00\xea\x00\xc5\xff\xbc\xff\x18\x00\x69\xff\xac\x00\x93\xff\x35\xff\xc0\x01\xb5\xfd\x9b\xfd"
  "\x6f\xfd\x7f\xfe\x15\x00\x03\x01\xd5\x00\x72\xfe\x69\x00\x3c\x00\x50\xff\xae\xff\x6c\xff\xe9\xff\x3e\x01\xbb\x01\xee\xff\x68\xff\x12\x01\xd8\xff\x16\x00\x14\x00"
  "\xfc\xff\x54\xff\x37\xff\x42\xff\xc9\xff\x50\x00\xa0\xfe\x85\xff\x6d\x00\x52\xff\xd9\xff\x26\xff\x6d\x00\x88\xff\x6d\xff\x1c\x00\x01\x00\x84\x01\xef\x00\xeb\xfd"
  "\x42\x00\x76\xff\x49\x00\x2f\x02\x7e\x01\x79\xff\x9d\xff\x8a\xff\x28\x00\xbe\x00\xa7\xff\x0e\x01\x65\x01\x9a\xff\xd1\xff\x88\x01\x86\xff\xb5\xff\x60\x00\x43\x00"
  "\x87\x00\x3c\xff\x74\x00\x00\xfe\xf3\xff\x6f\x00\xf6\xff\x4d\x00\x3d\x00\xf6\xfe\x04\x00\x16\x00\xec\xff\x6d\xff\xbf\x00\xdf\xff\x05\x00\x58\x00\xe4\xff\x4f\x00"
  "\x96\xff\x2c\x00\x8e\xff\x35\x00\x3d\x00\x55\x00\x0f\x00\x94\xff\xdb\xff\x9c\xff\x1f\x00\x32\x00\x73\x00\x49\x00\x2c\x00\xc2\x00\xb0\xff\x3a\xfe\x0e\x00\x5a\x00"
  "\x3f\xff\xd6\xff\x63\x00\x76\xff\xab\xff\x67\x00\x2b\xff\x56\x00\xa0\xff\xdb\xff\x5a\x00\x9d\xff\xa8\xff\xb9\xff\xea\xff\xc7\xff\x03\x00\x16\x00\xa6\xff\x48\x00"
  "\x77\x02\xa4\x00\xf6\xff\x58\xff\x5a\xfe\x87\xfe\x45\xff\xc7\xfe\xb9\x00\x0e\xff\xfa\xff\x8c\xfe\xe1\xff\xa8\x00\x35\x00\xb4\x00\x36\x00\xac\x00\xf2\xff\x59\x01"
  "\x52\xff\xe2\xff\x3d\x00\x4f\x00\xf3\x00\x18\xff\xca\xfe\x02\x00\xa8\xff\x39\xff\x5e\x00\xf5\xff\x65\x00\x32\x00\xa5\xff\xab\xff\xf8\x00\xd7\xff\xa5\x00\x36\x00"
  "\x13\x00\xf3\xff\xfc\xff\x0b\x00\xaa\xff\x22\x00\xe8\xff\x0e\x00\xc3\x00\x72\xff\x26\x00\xd6\xff\xba\x00\xea\xff\x09\x00\xe7\xff\x39\x00\x58\x00\xfa\xff\xe1\xff"
  "\x06\x00\xff\xff\xcb\xff\xf6\xff\xa3\x00\x0b\x00\xca\xff\xf0\xfe\x83\x00\xc9\xff\xb5\xff\x7f\x00\x3d\x00\x63\x01\x1a\x00\x92\xff\xd1\xff\x5a\x00\x63\xff\x99\x00"
  "\x54\x00\xb1\xff\xf4\xff\xfb\xff\x0f\x00\x92\x00\x4e\x00\xed\xff\x6c\x00\x76\xff\xac\x00\xf9\xff\x67\x00\xd4\xff\x47\xff\xd0\x00\x09\x00\xea\xff\xc5\xfd\x41\x00"
  "\xce\xff\x60\x01\x95\xff\xa8\x00\xc2\xff\x65\x00\x00\x00\xc5\xff\xb0\xff\x52\x00\x4e\x00\xe2\xff\x92\x00\xfa\xff\x35\x00\x29\x00\x44\x01\x2c\x00\x88\xff\xd3\xff"
  "\xc2\xff\xfa\x00\x23\xff\x0d\x00\x3a\x00\x45\x00\xf5\xff\x38\x00\x34\xff\xf1\xff\xa7\xff\x73\x00\xbd\xff\xb0\x00\x6e\xff\x77\x00\x5e\xfe\x2e\x00\xb1\xff\x9b\xff"
  "\xf7\xff\x60\x00\x17\x00\x84\xff\xb4\x00\xc6\xff\x24\x00\x51\x00\x6d\xfe\xec\xff\x4f\x00\xa7\xff\x82\xff\x90\xff\xf0\xff\x4f\x00\x17\x00\xbc\xff\xaa\xff\xb9\xff"
  "\xc8\xff\x8c\x00\xa5\x00\x73\x00\xbb\xfe\x3a\x00\xd2\xff\x49\xff\xeb\xff\x96\x00\x67\x00\x5a\x00\x25\x00\x96\xff\x01\x00\x88\x01\x57\xff\x87\x01\x6e\x01\xc4\xff"
  "\x2a\xff\xd7\xff\xdb\x00\x3b\x00\xe5\x00\x09\x00\x05\x00\x4a\x02\x12\x00\xd9\x00\x24\xff\x4a\x00\x19\x00\xd9\xff\x90\x00\x22\x00\x08\xff\x13\x00\xa5\x00\x02\x01"
  "\x5f\xff\x02\x00\xba\xff\x5e\x00\x82\xff\x23\x00\x94\xff\x00\x00\x86\xff\xa1\x00\xc5\x00\x2a\x00\x37\xff\xda\xff\x70\xff\x95\xff\x7c\x00\x0c\x00\xf9\x01\x3e\x00"
  "\xdb\xff\x7d\xff\xc0\xff\x31\xff\x28\x00\xc2\xff\xe2\xff\x85\xfe\x83\xff\x59\xff\xa1\x00\x75\x01\x11\x00\xa5\x00\xf8\xff\x90\x01\x27\x00\xe6\xfe\xcf\x00\x34\xff"
  "\xee\xff\xf2\xff\x10\x00\x5b\x02\xbc\x00\x04\xff\xfc\xff\xc8\xff\x92\xff\x12\xff\x74\xff\xef\xff\xf4\xff\x1d\x00\x08\x00\xa3\xff\x3f\x00\xa3\x00\x40\x00\xe5\xff"
  "\x10\x00\xdd\xfe\x50\x01\x13\x00\x32\x01\xca\xff\x3a\x00\xf9\xff\xfd\xff\x1d\xff\x02\x00\xa4\xff\x7e\x00\xf8\xff\x44\x00\xca\xff\xe5\x00\xa9\x01\xcd\xff\xbf\x00"
  "\x9a\xff\x27\x00\xa5\xff\x3b\xff\x9f\x00\x30\xfe\x49\xff\x44\x00\x1e\x00\xc2\xff\x0f\x01\xb1\xff\xe6\xff\x8b\x00\xae\xff\x9c\xff\xd9\xff\x13\x00\xb3\xff\x04\x01"
  "\x03\x01\xfb\x00\xdc\xfe\x85\x00\x77\x01\xec\xfe\x91\x00\xe8\xff\x60\x00\xea\xff\xf8\x01\x00\x00\x3c\x00\xbb\xfe\xdb\xfe\x2b\x00\x51\x00\x81\xff\x0a\x00\x2e\x00"
  "\x76\x00\x77\x00\xb7\xff\xf2\xff\x40\xff\xea\xff\x30\x01\x8f\x00\xc5\xff\x79\x00\x07\x00\x9d\xff\x0c\x00\x7e\x00\x84\x00\x08\x00\xb3\xff\x64\x00\x44\x00\x7a\xff"
  "\xe5\x00\x3f\x00\xe5\xff\x21\x00\xf5\xff\xb5\xff\xa1\xff\x48\x00\xfd\xff\xdc\xff\x2b\x00\x46\x00\x0f\x00\x26\x00\xe6\xff\xad\x02\x6f\x00\xcc\x00\x96\xff\x42\xff"
  "\xd0\xff\xbc\xff\xf2\xff\x0b\x00\x0f\x00\xe0\xff\x0d\x00\x4f\x00\x9b\x00\xf2\x01\x5d\x00\xde\xff\x80\x00\xb0\x00\x01\x00\x49\x00\x1d\xff\xc3\xff\x5e\x05\x4f\x00"
  "\x97\x00\x3c\x00\x26\x00\x63\x00\x2d\x00\xf4\xff\x1a\xff\xfa\xff\x61\x00\xa9\xff\xa9\xff\x3d\xff\x76\xff\xf3\xff\xdb\xff\x94\xff\xfb\xfd\xe7\xff\x1b\x02\xef\xff"
  "\xdc\xff\x18\x00\x0a\x00\xe8\x00\x5c\x00\xf3\xff\xe9\x00\x28\x00\x24\xff\xfc\xfe\x25\x00\x57\x00\x08\x00\xed\xff\x49\x00\x21\x00\x2d\x00\xa8\x00\x11\x00\x27\x00"
  "\xf4\xfd\x81\xfe\x1a\xff\x58\xff\x40\x00\x54\xff\x0f\x00\xa1\xff\xb8\xff\x90\xff\xc4\xff\xe3\xff\xdc\xff\xca\xff\xcb\x00\xcc\xff\x3e\xff\x62\x00\x95\xff\x14\x00"
  "\xda\xff\x79\x00\xa2\xfe\x20\x00\x2f\x00\x2f\x00\x13\x00\xd9\xff\xe3\xff\x98\xff\xb2\xff\x01\x00\x5c\x00\xbf\xff\xad\xff\x14\x01\x15\x00\xf8\xfe\xe4\xff\xd8\xff"
  "\x05\x02\xf2\x00\x02\x00\x26\x00\x75\x01\x73\x00\x14\xff\x01\x00\x89\xff\xc0\xff\x0c\x00\xf6\xff\x0a\x00\x53\x00\x52\xff\xfc\xff\x89\xff\xae\xff\xfa\xff\x42\x00"
  "\x9c\xff\xea\xff\x68\x00\x59\x00\xf3\xff\x88\xff\x30\x00\xd3\x00\x7f\xff\xaf\x00\x63\x00\x69\x00\x77\x00\x73\x00\xf5\xff\xea\xff\xcc\x00\xb1\xff\x67\xff\x8f\xff"
  "\x35\x00\xd2\xfe\x34\xff\x30\x04\xe8\x00\x35\x00\x06\x01\x1d\xfe\x7e\x00\xd8\xff\xee\x00\xc9\xfe\x48\x00\x00\x00\x33\x00\x99\xff\xce\xff\x85\xff\x54\x00\x9f\x01"
  "\xc2\xff\xba\xff\x04\x00\x1a\x00\x4a\x00\x91\x00\xc6\xff\xd8\xff\xdf\x00\xc4\xff\xd2\xff\xd6\xff\x40\x00\x28\x00\x43\x00\x91\xff\x50\x00\xd6\xff\xb6\xff\x05\x00"
  "\x19\x00\xd4\xff\xd3\xff\x20\x00\xf4\xff\x1d\x00\x8c\xff\xc4\xff\xb8\xfe\xba\xff\x77\xff\x0e\x01\xf5\xfd\xe6\xff\xd2\xff\x47\x00\xa3\x00\x5e\x00\xd9\xff\x49\xff"
  "\x2d\x00\xca\xff\x36\x01\x89\xff\xc5\xff\xf3\xff\x17\xff\x5e\xff\x95\x00\xd3\x00\xe7\xff\x56\x00\x9a\x00\xa8\xff\xe4\xfe\x1c\xfe\x19\x00\x29\x00\x82\x01\x08\x00"
  "\xfe\xff\x11\x00\xdb\xff\x13\xff\x9e\xff\x9a\xff\xe7\xff\x53\x00\x0c\x01\xb6\x00\xc5\xff\xed\x01\xc0\x00\xf1\xfe\x9d\xfe\x7a\x00\x7f\xff\xc6\x00\x8c\xff\xcb\x00"
  "\x94\xff\x58\x00\x53\xff\x7c\x00\xb3\x02\xab\xff\x94\x00\x9f\xff\xee\xff\x1b\x00\x98\x00\x6b\x00\xb1\xff\x09\x00\xda\xff\xbe\xff\xa7\xff\xa7\xff\xcf\xff\x6a\xff"
  "\x12\x00\x37\xff\x58\x00\x7c\x00\x6d\xfe\x4c\x01\x1a\xff\xae\x00\x45\x00\xdd\xff\xf1\xff\x25\x00\xd9\x00\xed\xfd\x38\x00\x46\x00\x08\x00\xbe\xfe\x94\xff\x38\xff"
  "\xd1\xff\x32\x03\xae\xff\x63\x00\x3e\xff\xc9\x00\x16\x00\x6b\x00\xbc\xff\x6d\xff\xe0\x02\xcb\xff\xe9\x00\x84\x00\x50\x00\x52\x00\xc0\xff\xfc\xff\x6c\xff\x11\x00"
  "\x5f\xff\x81\x00\xcf\xff\xda\xff\x18\xff\x60\x00\x5d\x00\xaf\x00\xcd\xfe\x51\x01\x5e\x00\x1b\xfd\xe1\xff\x90\xff\x85\xff\x59\xff\x3f\x00\x0e\x00\xef\xff\x22\x00"
  "\x29\xff\x8f\x00\xfd\x01\x37\x00\x87\xff\xe4\x00\xdc\xff\x52\x01\x4c\x00\xea\xfe\x88\x00\xeb\xff\x03\x00\xe2\xff\x42\x00\xbb\xff\x48\xfe\x7c\xff\xbd\xff\x5f\xfe"
  "\x54\xfe\xc5\xff\x2f\xff\x53\x02\x90\xff\x0e\x00\xdb\xff\x4a\x01\x41\x00\xcf\xff\x7e\xff\xd8\x00\xb8\xff\xf5\xff\x70\x00\x0f\x00\x9c\x00\xaa\x00\x58\x00\xad\xff"
  "\xb9\x00\xc1\xff\x52\x00\x70\x00\x6d\xff\xe5\x00\x23\x00\xd4\xff\x8e\x00\x57\x00\xa1\xff\x3b\x00\x0d\x00\x2f\x01\xdd\xff\x38\x01\x1f\x00\x15\x00\xba\xff\xe2\xff"
  "\x01\x00\x4a\xfe\xed\xff\x92\xff\xba\xff\x30\xff\x6e\xff\x57\xff\x6c\x00\xce\xfe\x73\x00\x7e\x00\xb8\xff\xa7\x00\xd9\x00\x6b\x00\x14\xff\x27\xfd\x6a\x00\x1e\x00"
  "\xf9\xfd\x44\x00\x5e\x00\x37\x00\x84\x00\x68\xfd\xb4\x00\xf2\xfe\xc3\xff\xfb\xff\x3e\xfe\x97\x00\xf5\xff\x3d\x02\xa1\xfe\x0a\x00\x68\x00\x3a\xff\x14\x00\x8b\xff"
  "\x5a\x00\xa0\xff\xe6\xff\xe1\xff\x9e\xfe\x99\x00\x05\x01\xdf\xff\x67\xff\xdb\xff\x26\x00\x46\x00\x5a\x00\x9d\xff\xd0\x01\x05\x00\xb6\xff\xe2\xff\x74\x00\xb7\xff"
  "\x30\x00\x4f\x00\x42\x00\x93\x00\x45\x00\x8f\xff\x1e\x00\x3d\x00\xc1\xff\xfc\xff\xb6\x01\xcc\xff\x45\x00\x49\xfe\x04\x00\xbb\xff\x50\xff\xee\x00\x69\xff\x7d\x00"
  "\x7b\xfe\x30\xfe\xe5\x00\x30\x00\x39\x00\xb3\xff\xde\xff\x62\xff\xa2\x02\x41\x00\xe9\xfe\xdb\x01\x7a\x00\xee\xff\x65\x00\xa0\xff\xb8\xff\xfa\xff\xcf\xff\x0f\x01"
  "\x66\x01\x73\xfd\x39\x00\xed\xff\x09\x00\xe3\xff\x7f\xff\xc4\x00\x1f\x00\x35\x00\x24\x01\x82\x00\x4e\xff\xe3\xff\xb1\xff\x91\x00\x96\x02\xc3\xff\x51\xff\x98\xff"
  "\x40\xff\x03\xff\x2f\x00\x58\xff\x12\x00\xe2\xff\x24\x00\xd7\xff\x20\x00\x06\x00\x5f\x00\x03\xff\x11\x00\x84\x00\x3f\x00\x5d\x00\x7f\xfe\xe4\xff\x1c\x00\xb8\xff"
  "\x33\x00\xfd\x01\x0b\xff\xc2\xff\x8b\xfe\xc9\xff\x42\x00\xe3\xff\x89\xff\x54\xff\x8b\xfe\x95\xff\xcf\xff\x6b\x00\xda\xff\x65\x00\x77\xff\xe8\xff\xe5\xff\x1d\x00"
  "\x78\x00\xcc\x00\x82\xff\x21\xff\xe2\x00\xa0\xff\x99\xff\x60\x00\x27\xff\x09\xff\x92\xff\x70\xff\x36\x00\x7e\x00\xf9\xfe\xa2\xff\x97\x00\x6c\xff\x4d\x00\xf7\xfe"
  "\x73\x00\xd7\x00\xea\xff\x10\x00\x0e\x01\x68\x00\x23\xff\xfc\xfe\xcf\xff\x28\xff\x76\xff\x4c\xff\x6e\xff\xe8\x02\xd1\xfe\x8b\xff\x0a\x00\x38\x00\x02\x00\xa7\x00"
  "\x96\x00\x48\x01\xd7\xff\x34\xff\xca\x00\x69\x00\x45\xff\x1f\x00\x6d\xff\x71\x00\xff\xfe\x58\xff\xf1\xff\x16\x01\x14\x00\x44\xfe\x6d\x00\xfd\xff\x7a\xfe\x2d\x00"
  "\x5f\x00\x37\xff\xc3\xff\xff\xff\x19\x00\xcc\xff\x08\x00\x20\x00\xa0\xff\x9e\xff\x5f\x00\xbd\xff\xf5\xff\x25\x00\x0c\x00\xea\xff\x4e\x00\xac\xfe\x6b\xff\x74\x00"
  "\x07\x00\x0f\x00\xfc\xff\xd3\xff\xd3\xff\x0f\x00\xa9\xff\x7a\xff\x38\x00\x57\x00\x1b\xff\x3e\x00\xf5\xff\xb9\xff\x96\xff\x7a\x00\x42\x00\x08\x00\xff\xff\x02\x01"
  "\x00\x00\xbc\xff\xfd\xff\xe3\xff\xbc\x01\xa7\x00\xb8\xff\x17\x00\x53\xfe\xf7\x00\x37\x00\xb8\xff\x63\x00\x5e\x00\xde\x00\xb6\xff\xec\xff\x2d\xff\x80\xff\xd9\xff"
  "\xea\xff\xf3\xff\xdf\xff\x43\x00\x9a\xff\x83\x00\xdd\xfe\x6c\x00\x64\x00\x82\x00\xe0\xfe\xeb\xff\x5f\x00\x07\x00\x28\x00\x68\xff\x18\x01\x8d\xff\xa2\x00\x23\x00"
  "\xd0\x00\x63\x00\xbc\x00\x2b\x01\xcc\xff\xe3\x00\x36\xff\x56\x00\x7e\xff\x00\x01\x6a\x00\x28\x00\x07\x00\x9f\x00\x61\x00\xa3\x00\xdf\xff\xdd\xff\x3d\xff\x05\x00"
  "\x30\x01\x3b\x02\x3c\x00\x11\x00\x46\x00\x9d\xff\x3c\x00\x73\x01\xe9\xfe\x38\x00\x90\xff\x39\x00\xa4\xfe\xa0\x00\xd3\xfe\x7a\x00\xf2\x00\xe2\xff\x80\x00\xf9\xff"
  "\x1c\x00\xcd\xff\xd3\xff\x91\xff\xcd\xff\x12\x00\xaf\xff\x75\x00\x63\x03\x5c\x00\x03\x00\x35\x00\xa6\x00\xda\xff\x54\x00\x90\x00\x56\xff\xc4\x00\xd4\xff\xe4\xff"
  "\x6c\xff\xb5\x00\x83\x00\x10\x00\xa0\xff\x9d\x00\x47\x00\x0b\x00\xad\xff\x02\x00\x24\x00\xe5\xff\x67\xff\x63\x00\xf0\xff\x1b\x00\xad\xff\x85\xff\x7e\x00\x4a\x00"
  "\xeb\xff\x18\x00\x4d\x00\x58\x00\xae\xff\x0c\xff\x22\x01\xd4\xff\x5a\xff\x2d\x00\x38\x00\x2c\x00\xcf\xff\xc9\xff\x48\xfd\x58\x00\xfd\xfe\xc0\x00\x0c\x00\xae\xfe"
  "\x7a\x00\x35\x01\x07\x00\x5a\x00\xfe\xfe\x6e\x01\xc2\x00\x4e\x00\x40\x00\xc6\x00\xdd\xff\xaa\x00\x00\x00\x78\xfe\x2a\xff\x1e\x00\xfe\x01\x6f\x01\x50\x00\x12\xff"
  "\x2a\x01\x9e\x00\x1c\x01\x18\x00\xf4\xfe\xb7\xff\x3c\x00\xc4\xff\x02\xff\xad\xfe\xc8\x00\xb0\xff\x6e\x01\x55\xfe\xc6\x00\x51\x00\x82\x01\x0f\xff\x63\x01\x16\x00"
  "\x2f\xff\x43\x00\xe5\xfc\xfc\xfe\x6d\xff\x95\xff\xf6\x01\xeb\xff\x66\xff\xdc\x00\x08\x00\xac\x00\x33\x01\x78\x00\x80\x01\x2d\x00\x44\x00\xf6\xfe\x87\xff\x17\x00"
  "\x50\xff\x01\x01\x79\xff\x62\xfe\xb1\xff\x80\x02\x55\x00\x5e\x00\x86\xfe\x43\x00\x90\xff\x3f\xff\x98\xff\x2d\xfe\xab\xff\x3b\xfe\x1b\x00\x45\x00\xec\x00\xaa\x00"
  "\x4d\x00\xed\x00\xb9\xff\xa2\xff\xf2\xfe\x56\xff\xce\xff\xe2\xff\x1a\xff\x0e\x01\xf2\xff\xb5\x00\xd4\x00\x37\x00\x29\x00\x85\x00\x66\x00\x12\xfe\x51\x00\xb7\xff"
  "\x9c\x00\x21\x00\xba\xff\x80\x00\x61\xff\x9c\x02\xcf\x00\xad\xff\x17\x00\x35\x00\x8f\xfe\x3a\x00\xf9\xff\xb7\xff\xc8\xff\xac\x01\xf6\xff\xcb\xff\xb4\x00\x3d\x00"
  "\x2e\x01\x84\xfd\x6c\x00\xc4\xfe\xe8\xfe\x25\x00\x64\x01\x02\x00\xb9\x00\x2c\x00\x17\x00\x57\x00\x0e\x00\x11\xff\x89\xff\x6a\xff\x0f\xfd\x32\x00\xb3\xff\x4a\x00"
  "\x67\x00\x7c\x00\x29\xff\x0a\xff\xca\xfe\x87\xff\x96\x00\x20\xfe\x0f\x00\xd5\xff\xf5\xff\xa2\xfe\x4f\xff\x30\x00\xe5\xfe\x35\x00\xab\xff\x33\x00\x52\xff\x29\xfe"
  "\x7f\x00\x0e\x00\xe3\xff\x36\x00\x34\x00\x82\x00\x43\x00\xd1\xff\x96\xff\x2f\x00\x70\x00\x28\x00\xcb\x00\x7d\xff\x9c\x00\x03\x00\xdf\xfe\xbc\x00\x3e\xff\xd3\xff"
  "\xac\xff\x0f\x00\xf1\xff\x35\x00\x0e\xff\xb9\xff\xb6\xff\xaf\xff\x20\xff\xb5\xff\x8f\xff\x57\x00\xd5\xff\xb8\xff\xfe\xff\xd9\xff\xe4\xff\xd8\xff\x39\x00\x1a\x00"
  "\xd2\xff\x0f\x00\x1c\x00\xab\xff\xb1\xff\x4e\x00\x97\x00\x64\xff\x38\x00\xff\xfe\x6a\x00\x5b\xff\xa4\xff\xaf\xff\x0d\x00\xe5\xff\xae\xfe\x62\xff\x09\x00\x7c\xff"
  "\x5f\x00\xc3\x00\xcc\xff\x48\x00\xad\xff\x58\x00\x45\x00\xb9\xff\xe6\xfe\x78\xff\xc2\xff\x14\x00\x55\x00\x8b\x00\xc6\xff\x83\x00\xbe\xff\x59\x00\x46\xff\xba\xff"
  "\x5c\x00\x43\x00\x76\xff\xd3\x01\x52\x01\xc9\x01\xca\xff\xc2\xff\x62\xff\x82\x00\x94\xff\x89\x00\xdd\xff\xd7\xff\xe9\x00\xa3\xff\x1f\x00\x04\x00\xe8\xff\xd5\xff"
  "\x99\x00\x23\x00\x1a\xff\x2b\x00\xcd\x00\x93\xff\xbc\xff\xf8\xff\x1a\x00\xdf\xff\x3b\xfe\x55\x00\xf5\xff\x09\x00\x68\x00\x38\x02\xa3\xff\x95\xff\xfb\xff\x00\x00"
  "\xd3\xff\x20\x01\xb2\xff\x1b\x00\xb7\xff\xa0\xff\x83\xff\x64\x00\x64\x00\x24\x00\x30\x00\xc7\xff\xa2\x00\xba\xff\x86\x02\xe9\xff\xe0\xff\x74\xff\x7a\xff\x49\x00"
  "\x3c\x00\x22\x00\x96\xff\x1a\x01\xb7\xfe\xf8\x00\x63\x00\xc3\x00\x20\xff\x50\x00\xcc\xff\xf0\xff\x4e\xff\x13\x00\x03\x00\x7d\xff\x6b\xff\xfb\xff\xd8\xfe\xd8\xff"
  "\x5f\x00\xbe\xff\xe2\xff\xaf\xff\xa8\xff\xaf\x00\x4a\x01\x0a\x00\xf5\xff\xef\xff\xde\xff\x10\x00\x32\x00\x3f\x00\xdc\x00\x3c\x00\xd8\xfe\xf7\xff\x10\xff\x10\x00"
  "\xc7\xff\x44\x00\x15\x00\x17\x00\xee\xfe\x0e\x00\x01\x00\xdd\xff\xce\xff\xc2\xff\xf5\xff\x6c\x00\x03\x01\x0d\x00\xf3\xff\xdc\xff\xb0\xff\xcd\xff\x9c\xff\xf6\xff"
  "\xf8\xff\x0b\x00\xa3\xff\x3a\x00\xed\xff\x87\x00\xcd\xff\xb4\x00\x91\xff\x93\x00\x75\xff\x0e\x00\xfe\xff\x99\xff\x0a\x00\x32\x00\x10\x00\xca\xff\x0e\x00\xe8\xff"
  "\xb7\xff\x31\x00\x2f\x00\x02\x00\x12\x00\x41\x00\x0b\x00\x21\x00\xd3\xff\xec\xff\xed\xff\x39\x00\x15\x00\x07\x00\x6a\x00\x3d\x00\x45\x00\xfc\xff\xc4\xff\xcf\x00"
  "\x4a\x00\x0b\x00\xd6\xff\x6e\x00\xb3\xff\x2b\x00\x03\x00\x15\x00\xfa\xff\xec\x00\x78\x00\x77\xff\x3f\x00\x3f\x00\x72\xff\xc6\xff\x45\x00\x7b\xff\xd3\x00\x0e\x00"
  "\x87\xfe\x6b\xff\x53\x01\xc6\xff\x61\xff\x37\x00\xff\x00\x3d\x01\x56\x00\xa4\x00\xb8\x00\x58\x00\x4c\xff\x52\x00\x3a\x00\x94\x00\x1a\x00\x04\x00\xa2\xff\x93\xff"
  "\xb8\xff\x6a\x00\xe0\xff\x81\x02\x5d\x01\xb7\xff\xb1\xff\xfd\xff\x42\xff\x0f\x00\x9b\xff\x6b\xfd\x46\x00\xe2\x00\x16\x00\x11\x01\x7b\xff\x36\xff\xf9\xff\xad\x00"
  "\x39\x00\x1c\xff\x0f\x01\x12\x00\x93\xff\xfb\xff\x5b\x00\x21\xff\x11\x00\x51\x00\xce\xff\x2e\x00\xd3\xfe\xb1\xff\x25\x00\xc5\xff\x20\x00\xb3\xfe\x2f\x00\xda\xff"
  "\x28\xff\x46\xff\x05\x00\xe4\xff\x36\x00\xba\xff\x45\x00\xc1\xff\xb5\xff\x6e\xff\x3a\x00\x7b\xff\x9c\xff\x6c\xff\xeb\x00\x01\xfd\x31\x00\x30\xff\x39\x00\xac\xff"
  "\x5e\x01\xb5\xff\xb3\xfd\x8f\x00\xd8\xff\xca\x01\xdf\xff\xd4\xff\x07\x00\x0b\x00\x09\x01\x4a\x00\xbc\xff\x43\x00\x75\xfe\xec\xfd\x76\xfe\xbe\xfe\xd8\xff\xab\xfd"
  "\x83\x00\x96\x01\x47\x00\x69\xfd\x32\x00\x55\x02\x6a\xff\x26\x00\xbf\x00\xc6\xff\xd0\xff\xdf\xff\x50\x00\xe5\xff\xdc\xff\xa2\xff\xc9\xff\xe1\xff\x41\x00\x4c\x00"
  "\xd4\xff\xae\xff\xff\xff\xe4\xff\x28\x00\x24\x00\xc6\xff\x59\x00\xe2\xff\x8f\xff\x3b\x00\x62\x00\xcb\xff\xc1\xff\x53\x00\x03\x00\x59\x00\xb3\xff\xb5\xff\x25\x01"
  "\xbb\xff\xb4\xff\x94\x00\x4c\x00\x82\x00\x71\x00\xf7\xff\x2b\x00\xb1\xff\x99\xff\x55\xff\x7d\x00\x81\xff\xbd\xff\xf3\xff\xab\xff\xab\x00\x1c\x00\xae\xff\x55\x00"
  "\x29\x00\x7b\xff\xe8\x00\x0a\x00\xed\xff\x96\xff\x50\x00\xa7\xff\x57\x00\x94\xff\xd3\xff\xb8\x00\x5e\x00\x70\xff\x63\x00\x86\xfe\x75\x00\x7d\x00\xf5\xff\xea\xfe"
  "\x0f\x01\xa0\xff\xcd\xff\x1f\x00\x63\xff\xc3\xfe\x1d\x00\xee\xff\x61\x00\xb9\xff\xa5\xff\x0f\x00\xb0\x00\xba\x00\x22\x01\xc6\xff\xf0\xff\xd5\xff\xfb\xff\x1b\xff"
  "\xf7\xfc\x9c\xff\xaa\x00\x6a\xfe\x89\xff\x3f\xff\x2d\x00\xad\x00\xdd\xfe\x6d\x00\xd4\xff\x26\x00\xde\xff\x00\x00\xb0\xff\xf0\xff\xc6\xff\x3d\x00\x7d\x00\x96\xff"
  "\xac\xff\x4a\x00\x39\x00\xd9\xff\xc1\xff\x85\xff\x70\x00\x8a\x00\x80\x00\xbf\xff\x63\xff\x7e\xff\xfe\xfd\x64\x00\xc9\xff\xde\x00\x9f\xfd\xe7\xfe\x11\xff\x3f\x01"
  "\xf9\xfd\xd2\xff\x8b\xff\xd6\xff\x1d\xff\xdb\xff\xfe\xff\x35\xff\x02\x00\x6d\xff\xe0\x00\xee\xff\xde\xfe\xd4\xff\xa5\xff\x6f\xff\x36\x00\x12\x00\x9d\xff\x97\x00"
  "\x94\x00\xf0\xff\x6d\xff\x61\xfe\xf1\xff\xce\xff\x8e\x01\xf0\x00\xe4\xff\xfb\xff\x7d\xff\xb6\xfe\x83\xff\x8b\x00\xe5\xff\x5c\xfe\x26\xff\x10\x01\x75\xff\x25\x00"
  "\xff\xff\x59\x00\x18\x00\x63\xff\x3f\xff\x52\x00\x3e\x00\xe9\xff\xd2\xff\xc8\xff\x29\x00\x4e\x00\x51\x00\xd6\xff\xe6\xff\x44\x00\x09\xfe\xad\xff\xd5\xff\xa4\x00"
  "\x1c\x00\x72\x00\x00\x00\xc4\xfe\x10\x00\x64\xff\x1d\x00\x47\x00\x7e\x00\xa7\xff\x3d\x00\x35\x00\x6c\xff\xcb\xfd\x2d\x00\xd7\xff\xb0\xff\x51\x00\xc3\xff\x4d\x00"
  "\x7f\x00\xea\xff\x87\x00\x07\x00\x78\x00\x41\x00\xb9\xff\x6f\xff\x66\x00\x0c\x00\x26\x00\x95\x01\x0f\x00\x1e\x00\x89\xff\x87\x00\x27\x00\xbf\x00\x0c\x00\x9f\xff"
  "\x4f\x00\x60\xff\x1c\x00\x83\xfd\x00\x01\xad\xfe\xb0\x00\xf0\xff\xd3\xff\xb1\xff\x16\x00\x08\xfd\x1c\x02\x95\x00\x36\x00\x8c\xff\xda\xfe\x33\xff\x3a\x02\x1b\x00"
  "\x44\x00\xbf\xff\x6a\xff\x19\x00\xc6\xff\x33\x00\x15\x00\xbf\xff\x5a\x00\x2d\x00\x24\x00\x2b\x00\x91\x00\x63\xff\xc9\xfe\x7e\x00\x37\x01\xdb\xfe\x27\x00\x40\xff"
  "\xa9\xff\x65\xff\xf7\xff\x0e\x00\xf8\xff\x4d\xff\xbb\xff\xb8\xff\x3e\x00\x5f\xfe\xfb\xff\x05\xff\x01\x00\x93\x00\x71\xff\xae\xff\x12\x00\x7c\xff\x20\xff\x9f\x00"
  "\xce\xff\x46\x00\x5a\x00\xca\xff\xde\xff\x67\x00\x28\x00\x64\xff\x19\x00\x03\x00\x19\x00\x90\xff\xbd\xff\x51\x02\xe2\xff\xfb\xff\x04\x01\xba\xff\x17\x00\x56\x00"
  "\x24\x00\xaf\x01\xd5\xff\xc4\x00\xda\xff\x45\x00\x2e\x01\xc2\xff\xda\xff\x17\xff\x21\x01\x73\x01\x7d\x00\x58\x00\xe6\xff\x0e\x00\x89\x00\x39\x01\x04\x00\x29\x00"
  "\xe1\xff\xfb\xfe\x5e\xff\xd6\xff\x36\x00\x92\xff\x2a\x00\xab\xff\x19\x01\xf3\xff\xfd\xfe\xcf\xff\xdb\xff\x63\xff\xea\xff\x1d\x00\x13\x00\xfd\xff\xf5\xff\xe2\xff"
  "\xab\xfe\xe3\xff\xef\xff\x44\xff\xfc\x00\xe3\x00\x15\x00\x8a\x00\x2e\xff\xb9\xff\x3c\x00\x4c\x00\xfb\xff\xd6\xff\x66\x00\x2f\x00\x2e\x00\xd6\xff\x08\x00\x1e\x00"
  "\xcc\x00\xd7\xff\x5d\x00\xd7\xff\x18\x00\xe1\xff\x1b\x00\xc0\xff\x07\x00\x7a\xff\xea\xff\xf6\xff\xa4\x03\x09\x01\x32\x01\x65\x00\x00\x00\x09\x00\x00\x00\x03\x00"
  "\x00\x00\x31\x37\x34\x02\x00\x00\x00\x63\x00\x00\x00\x64\x00\x00\x00\x04\x00\x00\x00\x01\x00\x00\x00\x01\x00\x00\x00\x01\x00\x00\x00\x01\x00\x00\x00\x04\x00\x00"
  "\x00\x00\x00\x00\x00\x00\x00\x00\x00\x00\x00\x00\x00\x00\x00\x00\x00\x01\x00\x00\x00\x00\x00\x00\x00\x66\x00\x00\x00\x01\x00\x00\x00\x20\x00\x00\x00\x35\x2e\x73"
  "\x70\x6c\x69\x74\x5f\x79\x5f\x70\x61\x74\x68\x2e\x33\x2e\x63\x6f\x6e\x76\x31\x5f\x31\x31\x2e\x30\x2e\x62\x69\x61\x73\x00\x00\x00\x00\x01\x00\x00\x00\x20\x00\x00"
  "\x00\x00\x00\x02\x00\x00\x00\x0a\x00\x00\x00\xe1\xff\x31\x00\x5b\x00\x14\x00\x84\xff\xb4\xff\xaa\xff\x06\x00\x58\x00\x59\xff\x71\x00\x1d\x00\xe4\xff\xa4\x00\x85"
  "\xff\x18\x00\x7d\xff\xd8\xff\x51\x00\xd9\xff\xb8\xff\x2d\x00\xfe\xff\x83\x00\x6a\x00\xaa\xff\x60\xff\x43\x00\xd0\xff\x59\x00\x32\x00\xef\xff\x67\x00\x00\x00\x04"
  "\x00\x00\x00\x10\x00\x00\x00\x31\x37\x34\x5f\x4e\x4f\x54\x5f\x49\x4e\x5f\x47\x52\x41\x50\x48\x02\x00\x00\x00\x65\x00\x00\x00\x66\x00\x00\x00\x68\x00\x00\x00\x01"
  "\x00\x00\x00\x22\x00\x00\x00\x35\x2e\x73\x70\x6c\x69\x74\x5f\x79\x5f\x70\x61\x74\x68\x2e\x33\x2e\x63\x6f\x6e\x76\x32\x5f\x31\x33\x2e\x30\x2e\x77\x65\x69\x67\x68"
  "\x74\x00\x00\x00\x00\x04\x00\x00\x00\x03\x00\x00\x00\x01\x00\x00\x00\x01\x00\x00\x00\x20\x00\x00\x00\x00\x00\x02\x00\x00\x00\x0a\x00\x00\x00\xd0\xff\x03\x00\x4f"
  "\x00\xfd\xff\x11\xff\x34\x02\x06\x00\x87\xff\xd7\xff\x1f\x01\xbf\x01\x12\x00\x4f\xff\x4b\x01\x11\x00\x12\x00\xdf\xff\x0d\x00\x79\x00\x24\x02\xec\xff\x04\x00\x0f"
  "\x00\x02\x00\xeb\xff\x12\x04\x0b\x00\xee\xff\x90\xfc\xe7\xff\x3f\x00\x0e\x00\x4b\xfb\xdd\xfa\x91\xfa\x3a\xfb\x1a\xfb\x90\x00\x8b\x04\x1f\xfb\xe5\x04\xb7\x03\x66"
  "\x02\xcd\x04\xab\xfc\x13\x02\xa7\x04\x52\xfa\xfd\xfa\x5f\xfb\x48\xfb\xd9\x01\xf8\x04\x3b\xfb\x06\xfb\xef\x03\xa3\x04\x57\xff\x29\x05\x29\x05\xbb\x04\x1a\x05\x33"
  "\xfb\x50\xfa\x1e\x00\x2d\x00\x60\x00\x03\x00\xf1\xfe\x4c\x02\x07\x00\xd4\xfe\xfa\xff\x71\x01\xcc\x01\x1e\x00\x14\x04\x6f\x01\xf9\xff\xff\xff\xeb\xff\x14\x00\x48"
  "\x00\xc5\x02\x04\x00\xf6\xff\x1e\x00\xfa\xff\xee\xff\xb0\xfc\x0d\x00\xf4\xff\x0a\x00\x32\x00\x23\x00\x16\x00\x69\x00\x00\x00\x09\x00\x00\x00\x03\x00\x00\x00\x31"
  "\x37\x35\x02\x00\x00\x00\x67\x00\x00\x00\x68\x00\x00\x00\x04\x00\x00\x00\x01\x00\x00\x00\x01\x00\x00\x00\x01\x00\x00\x00\x01\x00\x00\x00\x04\x00\x00\x00\x01\x00"
  "\x00\x00\x00\x00\x00\x00\x01\x00\x00\x00\x00\x00\x00\x00\x20\x00\x00\x00\x00\x00\x00\x00\x6a\x00\x00\x00\x01\x00\x00\x00\x20\x00\x00\x00\x35\x2e\x73\x70\x6c\x69"
  "\x74\x5f\x79\x5f\x70\x61\x74\x68\x2e\x33\x2e\x63\x6f\x6e\x76\x32\x5f\x31\x33\x2e\x30\x2e\x62\x69\x61\x73\x00\x00\x00\x00\x01\x00\x00\x00\x20\x00\x00\x00\x00\x00"
  "\x02\x00\x00\x00\x0a\x00\x00\x00\xd9\xff\xdb\xff\x85\xff\xf9\xff\x54\x00\xcb\xff\xdf\xff\x08\x00\x14\x00\x7e\x00\x44\xff\x02\x00\xd2\xff\x1c\x00\xa4\xff\xf1\xff"
  "\x51\x00\x10\x00\xce\xff\x12\x00\xc6\xff\xf5\xff\xff\xff\x3e\x00\x2f\x00\xf1\xff\x7e\xff\x33\x00\x09\x00\x07\x00\x16\x00\x11\x00\x6b\x00\x00\x00\x04\x00\x00\x00"
  "\x10\x00\x00\x00\x31\x37\x35\x5f\x4e\x4f\x54\x5f\x49\x4e\x5f\x47\x52\x41\x50\x48\x02\x00\x00\x00\x69\x00\x00\x00\x6a\x00\x00\x00\x6c\x00\x00\x00\x01\x00\x00\x00"
  "\x22\x00\x00\x00\x35\x2e\x73\x70\x6c\x69\x74\x5f\x79\x5f\x70\x61\x74\x68\x2e\x33\x2e\x63\x6f\x6e\x76\x33\x5f\x33\x31\x2e\x30\x2e\x77\x65\x69\x67\x68\x74\x00\x00"
  "\x00\x00\x04\x00\x00\x00\x01\x00\x00\x00\x03\x00\x00\x00\x01\x00\x00\x00\x20\x00\x00\x00\x00\x00\x02\x00\x00\x00\x0a\x00\x00\x00\x1f\x00\x16\x00\x14\x00\xf9\xff"
  "\x8f\xfe\x16\x02\x0f\x00\x0a\xfc\xfe\xff\xfb\x00\x41\xfe\x24\x00\x25\xff\x70\x01\xdf\xff\xf4\xff\x0a\x00\xfd\xff\xed\xff\x98\xfd\x06\x00\xfb\xff\x08\x00\x04\x00"
  "\x04\x00\x61\xff\x02\x00\x19\x00\xfd\xff\x47\xff\xb7\x04\x32\x04\x6d\xfb\xe6\xfa\x80\xfa\x42\xfb\x49\xfd\xb0\x00\x89\xfb\xa7\x02\xd6\x04\xe3\x03\x86\xfd\xc1\x04"
  "\xca\xfa\xe6\x01\x5b\xfb\x65\xfb\x00\x05\x72\xfb\xeb\xfb\x4c\xfe\xf5\x04\xb6\x04\x12\xfb\xcf\x03\x9b\x04\xb8\xfa\xd9\x02\xda\xfa\xc5\x05\xfc\xfe\xb5\x00\x78\xfc"
  "\x47\x00\x23\x00\x3f\x00\xee\xff\xfd\x03\x23\x02\x17\x00\xaa\x01\xe3\xff\x96\x00\x49\xfe\x61\x00\x47\xff\x47\x01\xea\xff\x1d\x03\xe3\xff\x06\x00\x89\xfd\x8f\xfd"
  "\x17\x00\x0a\x00\xff\xff\x01\x00\x04\x00\x86\xff\xe2\xfb\x0c\x00\x08\x00\xc6\x04\xe9\xff\x07\x00\x6d\x00\x00\x00\x09\x00\x00\x00\x03\x00\x00\x00\x31\x37\x36\x02"
  "\x00\x00\x00\x6b\x00\x00\x00\x6c\x00\x00\x00\x04\x00\x00\x00\x01\x00\x00\x00\x01\x00\x00\x00\x01\x00\x00\x00\x01\x00\x00\x00\x04\x00\x00\x00\x00\x00\x00\x00\x01"
  "\x00\x00\x00\x00\x00\x00\x00\x01\x00\x00\x00\x20\x00\x00\x00\x00\x00\x00\x00\x6e\x00\x00\x00\x01\x00\x00\x00\x20\x00\x00\x00\x35\x2e\x73\x70\x6c\x69\x74\x5f\x79"
  "\x5f\x70\x61\x74\x68\x2e\x33\x2e\x63\x6f\x6e\x76\x33\x5f\x33\x31\x2e\x30\x2e\x62\x69\x61\x73\x00\x00\x00\x00\x01\x00\x00\x00\x20\x00\x00\x00\x00\x00\x02\x00\x00"
  "\x00\x0a\x00\x00\x00\x4c\x00\x3b\x00\x62\x00\x04\x00\x0c\x00\x88\xff\xf9\xff\x15\x00\x05\x00\xc9\x00\x2f\x00\xe4\xff\xe0\xff\x4c\x00\x43\x00\x12\x00\x3f\x00\x08"
  "\x00\x62\xff\x1b\x00\xcb\xff\xf9\xff\xfc\xff\xf2\xff\xfc\xff\x10\x00\xee\xff\xd8\xff\x12\x00\x13\x00\x98\xff\x17\x00\x6f\x00\x00\x00\x04\x00\x00\x00\x10\x00\x00"
  "\x00\x31\x37\x36\x5f\x4e\x4f\x54\x5f\x49\x4e\x5f\x47\x52\x41\x50\x48\x02\x00\x00\x00\x6d\x00\x00\x00\x6e\x00\x00\x00\x70\x00\x00\x00\x01\x00\x00\x00\x22\x00\x00"
  "\x00\x35\x2e\x73\x70\x6c\x69\x74\x5f\x79\x5f\x70\x61\x74\x68\x2e\x33\x2e\x63\x6f\x6e\x76\x34\x5f\x31\x31\x2e\x30\x2e\x77\x65\x69\x67\x68\x74\x00\x00\x00\x00\x04"
  "\x00\x00\x00\x01\x00\x00\x00\x01\x00\x00\x00\x20\x00\x00\x00\x70\x00\x00\x00\x00\x00\x02\x00\x00\x00\x0a\x00\x00\x00\x30\xff\x03\x00\x7b\xff\x77\x00\xec\xff\xe5"
  "\x00\x1b\x00\x6d\xff\xf9\xff\x13\x00\xdc\xff\xf4\xff\x07\x00\x2d\x00\xd9\x00\x8e\xff\xc9\x00\x88\x00\x0b\xff\x3a\x00\xe6\xff\xea\xff\x67\xff\x6b\xff\x00\x01\x46"
  "\xff\xb3\x00\xc5\x01\x38\x00\xd0\xfe\x84\xff\x4b\x00\x29\x01\xbd\x00\xf5\xfe\x19\x00\xbb\xff\xc0\xff\xa1\xff\x20\xff\x76\xff\x7b\x00\x06\x00\x1e\x01\x4c\x00\x99"
  "\x00\x1d\xff\xda\xff\x00\xff\x4a\x00\xb8\xff\x34\xff\xec\xff\xa1\xff\x43\xfe\xc3\x00\x6c\x00\x55\x00\x55\xff\xf0\xfe\x85\xff\x33\xff\x83\xfe\x3e\x01\xb1\xfd\x2f"
  "\xff\xc9\xff\xcc\x00\xa8\x00\xce\xff\xa6\x00\x0d\xff\x3c\xfe\x72\xff\xbe\xff\xbc\xff\xc3\x00\x0e\x00\x19\x00\xa5\x00\xb6\x01\x98\x00\x0a\x01\xa5\x00\x74\x00\x96"
  "\x00\x64\x00\x5e\xff\x29\x01\xa8\xff\x36\xff\xa5\xff\x50\xff\xc2\xff\x2a\x00\x28\x00\x73\x00\x41\x00\x2c\x00\x11\x00\x9b\x00\xc4\xff\x0a\x01\x97\x00\x59\xff\xad"
  "\x00\x22\x00\x8b\xfe\x47\x00\x77\x00\xc5\x00\x66\x00\x5d\x01\x6d\x00\x99\xff\x37\x00\x7f\xff\xad\xfe\x54\x00\x6e\xff\x79\x01\xa0\x00\x03\x01\x1c\xff\x06\xff\xb7"
  "\xff\xe8\xff\x5a\x00\x09\x00\xad\xfe\x58\xff\xe2\xff\x5f\x00\x46\x00\xcf\x00\x80\x00\x55\x00\xf6\x00\x84\xff\xc3\x00\xf7\xff\xbc\x00\x9b\xfe\x36\x00\x40\x00\x0c"
  "\xff\x11\x00\xa7\x00\x01\xff\xe1\x00\x08\xff\x23\x00\xee\xff\xbe\xff\x45\x00\xfa\xff\x57\x00\xa8\x00\xbd\xff\xfe\xff\x78\xfe\x9a\x00\xd5\xff\xb1\x00\xf0\xff\xb9"
  "\xff\xe0\xff\xc9\xff\x54\x00\xc8\xff\xee\xff\xa7\x00\x0e\xff\x9f\xff\x0b\x00\x17\x00\x3c\x00\x37\x00\xc3\xff\xbf\xfe\x44\x00\x34\x00\x66\x00\x80\xff\xd1\xff\xcd"
  "\xff\xf9\xff\x00\x00\x85\x00\x6a\xff\xbb\xff\x82\xff\xa4\x00\xf7\xfe\x16\x00\xb3\xff\x81\xff\x01\x00\x52\x00\x89\xff\x79\xff\xda\xff\x2e\x00\xf4\xfe\x5c\xfe\x6d"
  "\x00\xdc\xff\x51\x00\x56\x01\x09\xff\x1e\x01\xae\xff\xdd\xfe\x0e\x01\xba\x00\xf4\xff\xce\xff\xae\xff\x53\xff\xb6\xff\x6f\x00\x8e\x00\x4d\xff\x8e\xff\x0f\x00\xfc"
  "\xff\xb4\xff\x62\x00\xc1\xff\xbf\x00\x0d\x01\xfc\xff\xa9\xff\x6a\x00\xef\x01\xbd\xff\x1f\x00\x04\x01\x79\x00\x32\x00\xcb\xff\x6e\x00\xe0\xff\x94\x00\x70\xff\x9f"
  "\x00\x59\xff\xde\xff\x8e\x01\x28\x00\xa4\x00\x8b\xfe\x1a\xff\x53\x00\x3a\x00\x56\x01\x4d\x00\xcb\xff\xfd\x00\xb1\xff\xe4\xff\x2e\x00\xf4\xff\x17\x00\xbe\xff\xba"
  "\xff\xdb\x00\xb4\x00\x8a\xff\xcd\xff\xaf\x01\x6d\x00\x9b\xff\x5f\x01\x00\x00\x7b\xff\xcc\xff\xad\xff\x9a\x01\xb3\x00\x9e\xff\x1f\x00\x66\xff\x21\xff\xdf\xff\x9a"
  "\x00\xb9\x00\xc7\x00\xaf\xff\xdc\xff\xdd\xff\xd9\xff\x4a\xff\x7a\x00\xdd\x00\x9b\xff\x8b\xff\xdf\xff\x36\x02\x41\x00\xcd\x00\x87\x00\xad\xff\xe9\xff\xe3\xff\x9c"
  "\x00\xc2\x00\xce\xfe\x1f\x00\x72\xff\x70\xff\x39\x00\x1c\x00\x82\xff\xdb\xff\xdd\xfe\xcf\xff\xdc\xff\xb8\xff\x20\x00\x12\x00\x66\xff\xae\xff\xf6\xff\x59\x00\xa7"
  "\xff\x20\xfe\x42\xff\x9b\xff\xb4\xff\xd3\xff\xe0\x00\x68\xff\xb6\x00\x4d\x00\x87\xff\x4f\xff\xc9\x00\xec\xfe\x1d\x00\x19\x01\xbb\xff\x2d\x00\x87\xff\x9a\xff\x71"
  "\x00\x47\xff\x11\x00\x14\x01\xa3\x00\xcb\xff\x13\x00\x00\x00\x5f\xfe\x3f\xff\xbc\xff\xeb\xff\x01\x00\x4f\xff\x9e\x00\x3b\x00\x30\x00\xb1\xff\x63\x00\xf9\xfe\x70"
  "\x00\x79\xfe\xf0\xff\x21\x00\xce\xff\xe3\x00\xdf\xff\x49\x01\xb8\xff\x55\x00\xe0\xff\x30\x01\x13\x00\xba\xff\x96\xff\xf7\xff\x9e\xff\xde\xff\x1b\x00\x9f\x00\xc9"
  "\xff\xbf\x00\x16\x00\x66\xff\x27\xfe\xe7\xff\xcd\x00\x51\x00\x4a\x00\x0c\x00\x0f\x00\xa0\xff\x47\x00\x40\x00\x8e\xff\x3a\xff\x27\x00\xd9\x00\xd5\xff\xb8\x00\x59"
  "\x00\x1d\xff\xd6\xff\x49\xff\xb4\xff\xfe\xff\xfd\x00\xf5\xff\x57\x00\x3a\x00\x91\xff\x4d\x00\x11\x00\x10\x00\xf9\xfe\xf8\xff\x7c\xff\xd6\xff\x03\x00\xee\xff\x03"
  "\xff\xc7\xff\xf4\xff\xe5\xff\x46\xfe\x0f\x00\xd5\xff\x9d\xff\x4f\x00\x08\x01\x69\xff\xd5\xff\x1b\x00\x3e\x00\x54\x00\x5c\x00\x20\x00\xb1\x00\xcf\xff\x59\x00\xee"
  "\xff\x77\xff\x27\xff\xe3\xff\xbe\xff\x28\x00\x25\x00\xda\xff\x21\x00\x02\x00\xd2\xff\x3c\x00\xc9\xff\x52\x00\xf0\xff\xce\xff\x38\x00\x00\x00\xdc\xff\x36\x00\xfa"
  "\xff\x7b\x00\xa4\x00\x83\x00\x03\x00\x2e\x00\x69\xfe\x9d\xff\x0a\x00\x86\xff\xe6\xff\x6e\x00\xb5\xff\x5c\x00\x11\x00\x09\x00\xe8\xff\x11\x00\x05\x00\xf0\xff\x04"
  "\x00\xe8\xff\x69\xff\xef\xff\xc5\xff\xfc\xff\x5b\x00\x19\x00\xbf\xff\xcf\xff\xb3\x02\x8e\xff\xdb\xff\x1d\x00\xed\xff\x05\x00\xe1\xff\x1c\x00\x13\x00\x23\x00\xe3"
  "\xff\x31\x00\x31\x00\x1b\x00\xce\xff\xf0\xff\x24\x00\xf5\xff\x0e\x00\x8d\xfe\xdd\xff\x1b\x00\xc0\xff\x63\x00\x89\x00\xe6\x03\x90\x00\xe4\xff\x41\x00\x22\x00\x50"
  "\x00\xd2\xff\xf8\xff\x2e\x00\x4e\x00\xbc\xff\x6b\x00\xcc\xfe\x60\x00\x27\x00\x5c\xfe\x82\x00\x23\x00\x77\x00\xd6\xff\xda\xff\x1d\x00\xfc\xff\x16\x00\xe1\xff\x2e"
  "\x00\xdf\xff\xe3\xff\x0e\x00\xa5\xff\x7c\x00\x82\x00\x12\x00\xb3\x00\x07\x00\xfd\xff\x1e\x00\xc7\xff\x01\x00\x24\x00\xef\xff\x50\x00\xe0\x00\x49\x00\xb6\x00\x65"
  "\x00\xe0\xff\x1d\x01\x3a\x00\x33\x00\x9b\x00\xce\xff\x1e\x00\x8d\x00\xcc\xff\xc7\xff\xa7\x00\x9a\x00\xde\x00\x18\x01\x65\x00\x49\x00\xb5\x00\xfe\xff\x53\x01\xfa"
  "\xff\xf0\x00\xd8\xff\x26\x00\xa3\xff\x0b\x00\x46\x01\xad\xff\x12\x00\x44\xff\xbd\xff\x96\x00\xbe\x00\xa5\xff\x14\x01\xbe\xfe\x99\xff\x3f\x00\xdd\xff\x0d\xff\xfd"
  "\xff\x96\xff\x91\x00\x6d\x00\x19\x00\xa0\xff\x60\x00\x7e\x01\xba\xff\x85\xff\x55\x00\x13\x00\x5d\x00\xf7\xff\x26\xff\x09\x01\x8a\xff\x0d\x01\x07\x00\x57\x00\x6f"
  "\x00\xf1\xff\x31\x00\xec\x00\xa4\xff\x8d\x00\x5e\x00\x2d\x00\xcf\xff\x5a\xff\xad\x00\x7d\x00\x47\x00\x08\x00\xaa\xff\x04\x00\x18\x00\x38\x00\xa7\x01\x76\x00\x45"
  "\x00\xbe\xff\x37\x00\xa9\xff\xa3\xff\x05\x00\xd0\x00\x36\x01\x37\xff\xf3\xfe\x1a\x00\x81\xff\x2c\x00\x4a\x01\x0e\x00\x44\x00\x19\x00\x15\x01\x22\xff\xdf\xff\x8c"
  "\x00\xf7\xff\xe2\xfe\xbb\x00\x47\x00\xd8\x00\x5f\x00\xd6\x00\x1e\x01\xaf\x00\x4d\x00\xea\xff\x4a\xff\xe2\xff\xd0\xff\xe5\x00\x0d\xff\x47\x00\x09\x00\xd3\x01\x6f"
  "\xff\xcd\xff\x3c\x00\xb0\xff\x5e\x00\x87\x00\xbe\xff\x6a\xff\x64\xff\x64\x00\x0d\x01\xce\xff\x68\x00\x20\xff\x68\x01\xbe\xff\x44\x00\xd6\xff\x9f\xfe\x10\xff\xed"
  "\xff\xca\xff\x01\x00\xe8\xff\x0a\x00\x24\xff\xd5\x00\x94\xff\x0e\xff\xaa\xff\xbe\x00\x88\xff\xe2\x00\xdb\x00\x2c\xff\x27\xfe\xfa\xff\xc7\xff\x64\x00\x03\x00\x32"
  "\x00\x64\x00\x02\x00\xf2\xff\x82\xff\xcc\xfd\xa8\x00\x7b\x00\x57\x00\x56\x00\x46\x00\xfa\xfe\x02\x00\x78\x00\x02\x00\x87\xff\xda\xff\x66\xff\x04\x00\xd2\xfe\x0c"
  "\x00\xf1\x01\x7b\x00\xd3\xff\xb4\x00\x76\xff\xe1\xff\x4b\xff\x26\xff\xcb\xff\xe8\xfe\x10\x00\x91\xff\xc0\xff\xaa\xff\xba\xff\xf2\xff\x2f\x00\xbf\x00\x94\x00\x6c"
  "\x01\x10\x00\xad\xff\x0c\x00\x06\xff\xc8\xff\xd0\xff\x8a\xff\x6e\xfe\x6a\xff\x01\x00\x0e\x00\x3f\x00\xb4\xff\x4d\xff\x09\xff\x01\x00\xf0\x00\xf4\xff\x27\x00\x06"
  "\x00\x19\x00\xb9\xff\x0a\x00\xd1\xff\x01\x00\xcd\x01\xf5\xff\x6f\x00\x8a\xff\x6f\x00\x60\x00\x06\x00\x0c\x00\x7c\xff\xf4\xff\x7c\x00\x87\x00\x9a\xff\xd8\xff\x8b"
  "\xff\x62\xfe\x45\x04\x38\x00\x7e\xff\xdd\xff\x5d\xff\xd5\xff\xc8\xff\x2a\x00\x9b\xff\xe5\xff\x80\x00\x51\x00\x47\x00\x30\x00\xf8\xff\x65\x00\xd1\xfe\xcd\xff\xdd"
  "\xff\xef\xff\x32\x00\x34\x00\x90\xff\xe2\xff\x89\x01\xc0\xff\xf5\xff\xcd\xfe\xb6\xff\xb0\x00\xb7\x00\xc9\xff\xc0\xff\xf4\xff\xaf\xff\xf6\xff\xae\xff\xbc\xff\xb7"
  "\x00\xf9\xff\xcf\xff\xd8\xff\x05\x00\x3f\x00\x8e\x00\xb9\xff\xc5\xff\x71\xff\xde\xff\x3a\xff\x3d\x00\xec\xff\x5c\x00\x09\x00\x30\x00\xf5\xff\x0f\x00\x29\x00\xfc"
  "\xff\xfc\xff\xe5\xff\x02\xff\xdd\xff\x00\x00\x34\xfe\xab\xff\xfb\xfe\x71\xff\xdc\x00\xc0\x00\x61\x00\xba\xff\x00\x00\x87\xff\x52\x00\x3f\x00\x40\x00\x08\x00\xba"
  "\xff\x55\x00\xdc\xff\xb0\xff\xff\xff\x2c\x00\xba\xff\xe7\xff\x54\x00\x01\x00\xd1\x00\xad\x00\xb5\xfe\xf9\xff\xd5\xff\x68\x00\xb6\xff\x05\x00\x24\x00\x4d\xff\xa8"
  "\xff\x73\xff\xdd\xff\x1c\x00\x73\x00\x10\x00\x73\xff\xe8\x00\x8b\x00\x52\x00\x0b\x00\x7d\xff\x2d\x00\x85\xff\x0d\x00\x8f\x00\xbc\x00\xb3\x00\x5f\x01\xa2\x00\x69"
  "\x00\xf9\x00\x58\x00\x03\xff\x80\xff\x96\xff\x75\xff\x4e\x00\xe6\xff\x97\xfe\xc6\xff\x36\x00\x21\xff\x40\x00\x58\xfe\x40\x00\xad\xff\xf3\xff\x0d\x01\xc8\x00\x55"
  "\x00\x77\xff\xd1\x00\xff\xff\x06\xff\x91\xfe\x6e\xff\x76\x00\x00\x00\x89\x00\x23\x00\xeb\xff\xa1\x00\x1b\x00\xd0\x00\x10\x01\x15\x00\xac\xff\x54\xff\x61\x00\xba"
  "\x00\xae\x00\x21\x00\x23\xff\x98\x00\x71\x01\x4b\xff\x59\x00\xf5\xff\x29\x00\x77\xff\x44\x00\xf1\xff\x2c\x00\x1b\xfe\x36\x00\xcc\x00\x74\x00\x06\x00\x19\x00\xdc"
  "\xff\x23\x00\xaa\x00\x18\x00\x94\xff\x19\x00\x7a\x00\xc0\xff\x7d\x00\x5e\xff\x2f\x00\xe1\xff\x9e\xff\x2d\x02\xd7\xff\x07\x00\x9b\xff\x90\xff\x5e\xff\x08\x00\x2b"
  "\x00\x89\xff\x1a\x00\xc9\xff\x43\xff\x25\x00\xfb\x00\xef\xff\x06\x00\xc6\x00\x77\xff\xa6\x00\x83\xff\x57\x00\xe2\xfe\xcf\xff\x3d\x00\x3f\xff\x17\xff\x28\x00\x55"
  "\xff\xed\x00\x17\x00\xa0\xfe\xb4\xff\xd6\xff\xb4\x00\xc1\x00\x47\x00\x26\x00\x17\x00\xdf\xff\xbb\xff\xea\xff\xcd\xff\x90\xfe\x9b\xff\x0e\x01\x4b\x00\xac\x00\x63"
  "\x00\xd4\x00\x4a\x00\xd6\xff\x27\x00\x8d\x00\xb2\x00\xd4\x00\x5d\x00\x8f\x00\x55\x00\xb2\x00\x0c\x00\x4b\x00\x9f\x00\x36\x00\x30\x00\xb0\x00\xa0\xff\xf7\xff\x7f"
  "\x00\x51\x00\x01\xff\xb2\x01\xed\xff\x28\xff\x42\xff\xb6\xff\xee\x00\x38\x00\xcd\xff\x18\xff\xfc\xff\x47\xff\x4c\xff\x65\x00\xad\x00\xc6\xfe\xdf\xff\x5b\xff\xea"
  "\xff\xbf\xff\x1e\x00\x15\x00\x95\x00\x6b\xff\x06\xff\x9a\xff\xff\xfe\xa8\xff\x33\x00\x1c\xff\xfb\x00\x53\xff\x1d\x01\x52\x00\x8b\xff\x8e\xff\xa8\xff\x71\xff\xec"
  "\xff\x91\x00\x27\x00\xb8\x00\xea\xff\x51\x01\x9f\xff\x5a\xff\x40\x00\x10\x00\xb0\xfe\x2d\xff\x6b\xff\x7f\x00\x48\xfe\xd8\xff\x82\xff\x62\xff\xb4\xff\xe8\x00\x7e"
  "\x00\x47\xff\x45\x00\x56\xff\x4d\x01\xf7\xff\xbd\xff\xc5\xff\x0c\x00\x96\xff\x27\x00\xcd\x00\x7a\x00\x5f\x00\x95\x00\x7e\xff\xad\x00\xb1\xff\x82\xff\xce\x00\x6e"
  "\x00\xeb\x00\x66\x00\xfc\xfe\xd5\xff\xf9\x00\x24\x00\x77\x01\x1e\xff\xd7\x00\xee\x00\x07\xff\x9f\xfe\x89\xff\x0f\x01\x76\xff\x56\x00\x66\xff\x9f\x00\x9a\x00\xa7"
  "\x00\x9f\x00\x65\x00\x4f\x01\x2e\x00\x5f\x00\xd4\xff\x4c\x00\xfd\xfe\x0b\x01\x4f\x00\xbd\xfe\x69\xff\xb1\x00\xc5\x00\xd4\xff\x9a\x00\x9d\x01\x0b\xff\x29\xff\x3e"
  "\x00\xa1\xff\x3f\xff\x91\xff\xd9\xff\xd3\xff\x3f\x00\x5f\xff\xe6\xff\x1f\x00\x3b\x00\x76\xff\x87\xff\x36\x00\x3d\xff\xca\xff\xa5\xff\x08\xff\x51\xff\xe4\xff\x8d"
  "\xff\xce\xfe\x09\x00\x63\xff\x31\x00\x6a\xff\x34\xff\x65\x00\x56\xff\xf1\xff\xe7\xff\xff\x00\x5c\x00\x25\xff\xb2\xff\xa5\xff\x5d\x00\xcd\x00\xd8\x00\x89\x01\xfa"
  "\x00\x78\xff\xf5\xff\x5f\xff\x3d\xff\x44\x00\x2d\xff\x9b\xfe\xf3\x00\xce\x00\xfd\x00\xda\x00\xfc\x00\xe5\x00\xf8\x00\x51\x00\x1b\x00\xc2\x00\x6a\x00\x14\x00\x82"
  "\x00\xb4\xff\xfd\x00\x27\xff\xb2\xfe\xd8\x00\xc5\x01\xd6\x00\x4e\xff\x1c\x00\x4e\x00\xda\x00\xd0\xff\x0e\x00\x22\x01\x4c\x00\xfd\xff\x15\xff\x7c\xff\xbb\xfe\x82"
  "\x00\xc3\xff\x6b\x02\x11\x00\xe6\x00\xe5\xfe\x02\x00\x25\xff\x03\xff\xb9\x00\x9c\x00\x2f\x00\x72\x00\xc0\xff\x51\x00\x5d\x00\xb8\x00\x9c\x00\xba\xff\x8e\x00\xeb"
  "\xff\xb6\xff\x52\x00\x4b\x00\xd0\x00\x1f\x00\xe7\xff\xb2\x00\x55\x00\xa2\x00\x40\xff\x7c\x00\x07\x00\x87\x01\x74\x00\x5b\xff\xc7\xff\x02\x00\xac\xff\x29\x00\x0c"
  "\x00\x53\x00\xab\xff\x74\x00\x2f\x00\x7e\x00\xeb\xff\xfd\xff\x09\x01\x7f\x00\xc2\xff\x06\x00\x19\x00\xae\x00\x7f\x00\x67\x00\x73\x00\xde\xff\x93\x01\x4a\xff\x13"
  "\xff\xac\x00\x72\xff\x0d\x00\x98\x00\x41\x01\xd4\xff\x25\x01\xc6\xff\x20\x00\x09\x00\xc7\xff\x7d\x00\x73\xff\x28\x00\xf2\xff\x98\x00\xb9\xff\x81\xff\xd7\xff\x6e"
  "\x00\xfb\xff\xfb\xff\x04\x00\x22\x00\x18\x00\x42\x00\xaf\xff\xcc\xff\xcc\xff\x05\x00\x68\xff\x36\x00\xff\xff\xfc\xff\x25\x00\xb7\xff\x08\x00\x5f\x00\xfc\xff\x1d"
  "\x00\xfb\xff\x1f\xff\xee\xff\x40\x00\x22\x00\xc6\xff\x66\x00\x4a\x00\x9e\x00\x1e\x00\xed\xff\x10\x00\xe1\xff\x4e\xff\x3b\x00\xe3\xff\x00\x00\xf7\xff\xe2\x00\x15"
  "\x00\x08\x00\xf3\xff\x3c\x00\x22\x00\xae\xff\xa8\x03\xfe\xff\x8a\xff\xf3\xff\xf1\xff\x20\x00\xc5\xff\x20\x00\x59\x00\xff\xff\xf3\xff\x05\x00\xff\xff\xf2\xff\x28"
  "\x00\xd3\xff\xc7\xff\xde\xff\x20\x00\xab\xfe\x13\x00\x77\xff\x28\x00\x33\x00\x96\xff\x70\x03\x95\x00\xf8\xff\x51\x00\x0b\x00\xb8\x00\x3a\x00\x02\x00\x80\x00\x08"
  "\x00\xd3\xff\xfa\xff\xc2\xfe\x0a\x00\x93\xff\x16\xfe\x96\xff\x06\x00\x6a\x00\x9d\x00\x10\x00\x05\x00\x80\x00\x0c\x00\x12\x00\x08\x01\xb6\xff\x10\x00\x17\x00\x94"
  "\x00\x35\x00\xbb\x00\x5e\x00\x37\x00\xca\x00\x10\x00\x96\xff\xed\xff\x21\xff\x51\x00\xf0\x00\x9a\x00\x9d\x00\xcd\xfe\x70\x00\xc2\xff\x45\xfe\xeb\xff\x8d\x00\xb0"
  "\xff\xae\xff\xf3\x00\x4f\xff\x5b\xff\xb6\x00\x27\xff\xd9\xff\xf0\x00\x14\x00\x8f\x01\x9d\xff\x66\xff\x6a\xff\xe2\xff\x88\xff\x8e\x00\xa9\xff\x44\x01\x34\xff\x3b"
  "\x00\x29\xfe\x42\xff\x73\x00\xe5\xfe\x1c\x00\x7c\xff\x90\x01\xf2\x01\xcc\xff\xcd\xff\x79\xfe\xfc\xff\xb9\xfe\xbd\x00\x5e\x00\x47\x00\x6b\x01\x34\x00\x7c\x01\xae"
  "\xff\x9d\x00\xc1\x00\xb1\xff\xab\xfe\x1e\x01\xdc\x00\x94\xfe\x4a\xfe\x6c\x00\x30\xff\xc1\xff\x47\xff\x45\xfe\x2d\xfe\x63\xff\xba\xff\x09\x01\xf9\xfe\x20\x00\x52"
  "\xff\x18\x00\xe2\x00\x28\x00\xba\x01\x28\x00\x7d\xff\xad\xfe\x12\xff\xa3\xfe\x83\x00\x6a\xff\x03\xff\x75\xfe\x1c\x00\xa8\xff\x14\x00\x7a\xfe\x3a\x00\x33\x01\xf0"
  "\xff\xc3\xfe\x6c\x02\x5a\x01\xd6\x01\x41\xff\xb6\xff\x98\xff\x37\xff\x72\x00\x68\xff\xb1\xfe\xd1\x00\x29\x00\x8a\xfe\xc7\xfe\x2c\xff\x6e\xff\x14\x00\x0e\x00\x92"
  "\xfe\xb2\x00\x3e\xff\xc4\xff\x88\xff\x2a\x00\xcc\xff\x80\xff\x7f\x00\x02\x00\x1d\x00\x09\x00\x35\x01\x28\x00\x37\xff\x26\x00\xa8\xff\xbb\xff\xa0\x00\xcf\xff\x01"
  "\xff\xcc\xff\x97\x00\x7a\x00\xf2\xff\x51\x00\x39\xff\xbe\xff\xb2\xff\xcd\xff\xe5\xff\xa7\x01\xa6\xff\xd5\xfe\xd0\x00\x1c\x00\x2f\x00\x41\xff\x73\xff\x30\x01\xea"
  "\xff\x1e\xff\xfb\xff\x54\x00\xbf\xff\x3f\x00\x3f\x01\xd0\xff\x0c\x00\xc6\xff\x93\x00\x57\xff\x42\x00\xe4\x00\x8a\xff\x65\xff\xa0\xff\xe9\x00\x31\x00\x70\xff\x21"
  "\x00\x6b\x00\x4a\x00\x07\x01\xdb\xff\xd5\xff\xd4\x00\xd9\xff\xd1\xff\xf2\xff\xdd\xff\x28\xfe\xd9\xff\xad\xff\x57\x01\x70\x00\x2b\x00\x5f\x00\x1c\x00\x5b\x00\x90"
  "\x00\xbe\xff\xb4\xff\x04\xff\x2d\x00\x91\xff\xee\xff\xb9\xff\x0a\x00\xcc\xff\x08\x00\x46\xff\xfc\xff\x5c\x00\x27\xfe\x61\xfe\x26\xff\x9b\xff\x49\x00\x9c\x00\x83"
  "\x00\x64\xff\x50\xff\x3f\x00\x00\xff\x90\xff\x7c\x00\xe1\xff\x0a\x00\x5b\x00\xb5\xff\x01\x00\xda\xff\x84\xff\xae\xff\xf6\xff\xa1\xff\x81\x01\x4b\x00\x59\xfe\xdf"
  "\xff\x61\x00\xce\xff\xc3\xff\x89\x00\xd8\x01\x86\xfe\x78\x00\x38\x00\x82\xff\xf3\xff\xfb\xff\x5b\x00\xee\x00\x26\x01\x1f\x00\x44\x00\x98\xff\xa0\x00\x11\x00\xd3"
  "\xff\x5b\xff\xa9\x00\x5c\xff\x9c\xff\x01\x00\xbe\xff\xe8\xff\x41\x00\xba\x00\x88\x00\x7b\xff\x84\xff\x6d\xff\x09\xff\xaf\xff\x26\xff\x4a\x00\xca\x00\x5c\x00\xf2"
  "\xff\x4e\x01\xec\xff\x2d\x00\x4b\x00\x7b\xff\xe1\xff\xc9\x00\x10\xff\x84\xfe\x5b\xff\x91\x00\x08\x00\x77\x00\xca\xff\x9f\xff\x63\xff\x0c\x00\xb0\x00\x33\x00\xf0"
  "\xff\xc8\xff\x00\x00\x0a\x00\xd6\xfe\x2e\x00\xf6\xff\xc1\x00\x33\x00\xc3\xff\x7a\x00\x66\x00\x03\x00\xb6\xff\x53\x00\xda\xff\x22\x00\xd7\xff\x29\x01\xca\xff\x02"
  "\x01\x12\x00\x1a\x00\x92\x00\x9a\x00\x58\x00\x6c\x00\x4d\x00\xa2\x00\x01\x00\x30\x00\xee\xff\xd4\xff\x26\xff\x91\xff\x10\x00\xc1\x00\x6b\x00\x5f\xff\x60\xff\x11"
  "\x00\x9a\x00\xe8\xfe\xc0\xfe\xe7\xff\xa6\x00\xdd\xff\xb0\xfe\x97\xff\xea\xff\x70\x00\x9a\xff\x22\x00\x3f\x00\x45\x00\xfb\xff\x17\x00\x86\x02\x61\x00\x13\xff\x29"
  "\x00\xee\xff\xbc\xff\xff\x00\x97\x00\x47\xff\xea\xfe\xe6\xff\xc5\xff\x45\xff\x79\xff\xdd\xfe\xa3\xff\x3b\xff\xb4\xff\x8a\xff\x07\x00\x86\x00\x2e\x00\x9c\x00\x35"
  "\x00\x33\x00\x05\x00\xcb\xff\xd3\xff\x7a\x00\xea\xff\x33\x01\xd1\xff\xa0\xff\xa4\x00\x85\xff\xed\xfe\x2c\x00\x45\xfe\x0e\x01\x45\x00\x2d\x00\x74\xff\xaf\xff\x02"
  "\x00\x41\x00\xd9\xff\xdd\xff\xaf\xff\xf4\xff\x35\x00\xd8\xff\xc7\xff\x8c\xff\x4e\x00\x0e\x00\xee\xff\x08\xff\x75\x00\x04\x00\x39\x00\x0e\x00\x81\x00\xff\x00\xed"
  "\xff\xe0\x00\x92\x00\x25\x00\xd7\x00\x07\x00\xa9\x00\xfe\xfd\x00\x00\x17\x00\x92\xff\xfe\xff\xaf\xff\x98\xff\x74\xff\xe1\xff\xf0\xff\x90\x00\x8e\xff\x5b\x00\x31"
  "\xff\xf3\xff\x7c\xff\xd4\xff\x04\x01\x0a\xff\xf8\x00\x08\x00\xa6\x00\x95\x01\x29\x00\x9e\xff\x0b\x00\x4a\xff\xda\xff\x13\x00\x1c\x00\xf2\xff\x03\x00\xb3\xfe\x9c"
  "\xff\xfa\xff\x00\x00\xa7\xfe\x4e\x00\x45\x00\x0d\xff\x9a\xff\x3e\x00\x9e\x02\x2a\x00\x1b\x01\x99\x00\x44\x00\x04\x01\x4f\xff\xc6\xfe\x0e\xff\xe2\xff\x47\x00\x73"
  "\xff\x34\x00\xbd\xff\x58\x00\xe7\xff\x72\x00\x9b\x01\x56\x01\x90\xff\xf5\xff\xb1\xff\xd0\xff\x8a\xff\xfb\xfe\xdd\xff\xba\x00\x86\xff\x4d\x01\x2d\x00\x5f\xff\x01"
  "\x00\x15\x00\x01\x00\x8f\xff\x45\x01\xc0\xff\xd6\xfe\xde\x00\xd4\x00\xeb\xff\x60\x00\x8f\xff\x5c\x01\xa0\xff\xca\x00\x47\x00\xfc\xff\xdc\x00\x1e\x01\xb9\xff\x63"
  "\x00\x2b\x00\xca\xfe\xd1\xff\x2d\xff\xf8\xfe\x0e\x00\xb2\xff\xc2\x00\x95\x00\x57\x00\x7e\x00\x88\xff\xc1\xfe\xc7\xfe\x33\x00\x0a\x00\x4a\x00\xe3\x00\xce\x00\x3f"
  "\x00\x82\x00\xcf\xff\xb2\xff\x9a\x00\x91\x00\x89\xff\xd2\xff\x58\x00\xe7\xff\x87\xff\x02\x00\xd0\xff\xfd\xff\x0a\xff\xc8\xff\x99\xff\xd4\x00\x42\xff\x58\x00\x29"
  "\x01\x5f\xff\x98\x00\xa8\xff\xbd\xff\x7b\xff\x34\x00\x7e\x00\x5f\x00\x20\xff\xb3\xff\xe6\xff\xd1\xff\x5d\xff\xc8\xff\x86\xff\x90\xff\xd3\xff\x56\xfe\x71\xfe\x92"
  "\x00\x4b\x01\xfa\xfe\x50\x00\xe1\xff\xf8\xfd\x5d\x00\x0d\x00\xc5\xff\x3b\x01\x02\x00\xc5\x00\x6b\x00\xa0\x01\x10\x00\x5f\xff\x39\x00\x23\xff\xca\xff\xd5\xff\x1e"
  "\x01\x46\x00\x30\x00\xe2\xff\xd4\xff\x60\x00\x15\x00\x7c\xff\xa5\x00\xc4\xfe\x09\xff\x54\x00\x3e\x00\x13\x00\xaa\x00\x57\x00\xb8\xff\xd4\xff\xed\xff\x8b\x00\x87"
  "\x00\x01\x00\xec\xff\x80\xff\xd4\xff\xcc\xff\x92\xfe\x6a\x00\x22\x00\x93\x00\xc2\x01\x01\xff\x04\x00\x96\xff\xe6\x00\x4d\x00\x75\xfe\xdb\xff\x80\xff\x14\x00\x62"
  "\x00\x88\xff\xa3\x00\xfb\x00\x6e\x00\x83\xff\x8a\xff\x4b\x00\x3a\xff\x77\x00\xd8\xfe\xaa\xff\xcb\xff\xf6\xff\x22\x01\xf1\xff\x25\x00\xa4\x00\x83\x00\x2e\x01\xa2"
  "\x00\xa9\x00\x16\x00\xd6\xff\x0a\xff\x07\x00\xae\x00\x33\x00\x67\xff\xca\xff\x01\x00\x77\xff\xbb\xfe\x10\x00\xb2\x00\x21\xff\x18\x00\xcb\xff\x83\xff\x04\x00\xfa"
  "\xff\x89\xff\x07\x00\x06\x00\x5c\x00\x34\x00\x96\xff\x2b\xff\x8d\x00\xe5\xff\x67\x00\xcd\xff\x3c\xff\x02\x01\xa4\xff\x17\xff\x09\x00\x2e\xff\xcb\x00\x79\xff\xa0"
  "\xfe\xc3\xff\x0d\x00\xc6\x00\x59\x00\xbe\xff\xae\x00\xd1\xff\xd8\xff\x6b\xff\x72\x01\x65\x00\x3d\x00\x23\xff\x1a\x00\x3c\x00\xee\xff\x66\xff\xd7\xff\x24\x00\x2b"
  "\x00\xf5\xff\x63\xff\x0d\x00\xea\xff\x22\x00\x62\xff\x94\xff\x49\x01\xe6\xff\x29\x00\x80\xff\x64\x00\xc2\x01\xee\xff\x09\xff\x38\x00\x42\x00\xcf\xff\x0e\x00\x0e"
  "\x00\x2d\x00\xb2\x00\x77\xff\xc2\x00\xac\xff\xb9\xff\xd8\xff\x25\xff\xe9\xff\xcc\xff\xa3\xff\x99\xff\x52\x00\x0d\x00\x1d\x00\x05\x00\x3e\x00\xf4\xfd\x1a\x00\xfb"
  "\xff\xc2\xff\x7a\x00\x78\x00\x41\x00\xfc\xff\x08\x00\x80\x00\x7d\x00\x15\x00\xf0\xff\x91\xff\x14\x01\xe4\xff\x7d\xfd\x24\xfe\xec\xff\x7f\x00\x8b\xff\x0f\x01\xae"
  "\xff\x86\x00\xd6\xfe\x18\x00\xdf\xff\xdc\xff\xd6\xfe\x8e\xff\x73\xff\x88\x00\x22\x00\xe8\xff\x3d\x00\xd9\xff\xac\xff\x20\x00\x17\x00\x9d\xff\xe8\xff\xa1\x00\x50"
  "\x00\x08\x00\xfa\x00\xf7\xff\xd3\xfe\xf2\x00\x8d\x00\x49\x01\xbe\xff\x50\x00\xbd\xff\xf2\xff\x7d\xff\x64\x00\x2a\x00\x13\x00\x42\x00\x3d\xff\x8a\xff\x6e\x00\x25"
  "\x00\xa2\x00\x39\xfe\xff\xff\x1a\xff\x12\xff\x32\x00\x6c\xff\xf0\xff\xb2\xff\xe8\x00\x5b\x00\x1a\x00\xcf\x00\xce\xff\xb6\x00\xdf\xff\x22\x00\x01\x00\x1e\x00\x4b"
  "\xff\x5d\xfe\x1e\x00\xaa\xfe\x2d\x00\x56\xff\x66\x00\x7c\x00\xc0\xfe\xf4\x00\xc0\xff\xf5\xff\x0b\x00\xde\xff\xa2\x00\xd8\x00\x01\x00\x53\x00\x4c\x00\x16\x00\xd2"
  "\xff\xb1\xff\x2c\x00\x39\x00\xfd\xff\x9e\x00\xb4\x00\xbe\x00\x8a\x00\xdc\xff\x34\x00\x2a\x00\x49\x00\x54\xff\x1f\x00\x4b\xff\x35\x00\x06\x00\x8d\x00\x08\x00\xbd"
  "\xff\x4a\x00\xbb\xff\x82\x00\xe7\xff\x5c\x00\xcb\x00\x7c\xff\xbc\x00\xbb\x00\x66\xff\x6d\x00\x04\x02\xd1\xff\xe1\xff\xa0\x00\x52\x00\x1d\x01\x00\x00\x10\x00\xb0"
  "\xff\x2b\x00\x78\x00\xec\x00\xf1\xff\xe7\xff\x94\x00\x1a\x00\xdf\xff\xd0\xff\x5d\x00\xa3\xff\x1b\x01\xe1\xff\x88\x01\xf1\xfe\x22\x00\xf1\xff\xd4\xff\xf8\xff\xf6"
  "\xfe\xfb\xff\x87\xff\x99\xff\x39\x00\x91\x00\xf4\xfd\x7e\xff\xab\x00\xe3\xff\x0f\x00\xba\xff\xb9\x00\x5a\xff\x1f\x00\xd7\xff\x62\x01\xd4\xfe\x73\x00\x2e\xff\x10"
  "\x00\x2d\x00\x28\x00\xcc\x00\xbf\xff\xc2\x00\xde\xff\xf8\xff\xe8\x00\x2c\x00\xb2\xfe\xd7\xff\xd7\x00\xbf\x00\xb4\xfe\xa7\xff\x2e\x00\x6d\x00\x57\xfe\xdb\xff\x4d"
  "\xff\xad\xff\xc7\xff\x54\x00\x5b\x00\x4e\x00\xdd\xff\x86\xff\x03\x01\xeb\xff\x92\xff\xc2\xff\xb7\xff\xe0\x00\x16\x00\x50\x00\x99\xff\xc9\xff\x4a\x00\x32\x00\x86"
  "\xff\x7b\xff\xe2\xff\xc6\xff\x61\x00\x02\x00\x0b\x00\x2b\x01\xc7\xff\xbc\xff\xa3\xff\xd4\x00\x39\x00\x08\x00\xff\xff\xe0\xff\x51\x00\x5d\x00\xae\xff\x19\x00\x3c"
  "\x02\x8c\x01\xee\xff\x05\x00\x7e\x00\x61\xff\x79\x00\x31\x00\x84\xfe\xec\xff\xd4\x00\xf0\xff\xc9\x00\x50\x00\xcb\x00\x84\xff\xd1\xff\x3e\xff\x1c\x00\xa5\x00\x13"
  "\x00\x6b\xff\x0b\x00\x64\x00\x77\xff\x28\x00\xfb\xff\x2f\x01\xbf\xff\x3f\xff\x7f\x01\xf8\xfe\xe8\xff\x05\x00\xa7\xff\x13\x00\x66\x00\xf7\x00\x6b\x00\x0e\x00\xf1"
  "\xff\x7c\xff\x08\x00\xe5\xff\x14\x00\x3b\x00\x6c\x00\xf2\xff\xfd\xff\x63\x00\x40\x00\x01\x00\xad\xff\x84\x00\xc3\xff\x60\x02\x45\xfe\xf4\x03\x45\x00\xd0\xff\xa0"
  "\xff\xfb\xff\x6d\x00\xfa\xff\xed\xff\x84\x00\x80\x00\x00\xff\x8b\xff\xf0\xff\x79\x00\x7a\x00\xbf\xfe\x91\xff\x12\x00\xf5\xff\x19\x00\x2f\xff\xfb\xfe\x19\x00\x59"
  "\xff\x52\x00\x3e\x00\xe7\xff\x60\x00\x57\x00\x9f\xff\x48\xff\x95\xff\x98\xff\x5f\x00\x49\x00\x3b\x00\x52\x01\x38\x00\xc3\xff\x35\x00\xd1\xff\xc4\xff\x22\x00\xaf"
  "\xff\x33\x00\x16\x00\xe1\xff\x0d\x00\x90\xff\x3b\x00\xd2\xff\xd4\xff\x28\x00\x08\x00\x9c\xff\x85\x00\x37\x00\x6f\x00\x69\x00\xf6\xff\xd8\x00\x13\x00\x97\xff\x5b"
  "\x00\xc5\xff\xae\xff\x17\x00\x97\xff\xd2\x00\x28\x00\xeb\xff\x62\xff\x1b\x00\x84\xff\x73\xff\x44\x00\xb8\x00\x42\xff\x09\x00\xce\xff\x02\xff\x5a\x02\x1c\x00\xf9"
  "\xff\x56\x00\x4a\x00\xb9\xff\x27\x01\x8a\x00\xf8\xfe\xfd\x00\x1f\x01\x53\x01\xb4\x00\x76\xff\xa1\x00\x05\x02\x13\x00\x6b\xff\x7d\x00\x08\x00\x60\x00\x8e\xff\x0d"
  "\xff\xc5\xfe\x2c\x01\x56\xff\x86\xff\x91\xff\xcb\x02\xdd\xff\xde\x00\x9e\x00\xd6\xff\xb4\xff\xed\x00\xdd\xfe\xa3\xff\xad\x00\xa5\x00\x95\x00\xc8\x00\x9a\xff\xa6"
  "\xfe\x98\xff\x25\x00\x09\x00\x87\xff\x90\x00\x8f\xff\xb3\xff\x69\xff\x09\x00\xd9\x00\x69\x00\x8b\x00\x78\x00\xd2\xfd\xd8\x00\xde\x00\x6f\x00\x76\xff\x89\x00\x4c"
  "\xff\x3e\x00\xc2\x00\x48\x00\x1b\x01\x6b\xff\x5c\x00\x7e\xff\xd2\xff\x28\xfe\x4b\x00\x0b\x00\x10\xff\x03\xff\xb8\x00\x8e\x01\x31\x00\x7a\xff\x6a\x00\xda\xff\xd9"
  "\xff\x45\xff\xb3\xfe\x9d\xff\x67\xfd\x59\xfd\x9f\xff\x56\x00\x75\xfd\xed\x00\xd4\xff\x6e\xff\x0a\x00\x25\x01\xbf\x00\xc5\x00\xc6\x00\x5e\xfe\x7d\xff\xe8\xff\x27"
  "\xff\x6b\x00\x5a\x00\x37\x01\x4c\x00\x10\x00\x4c\x00\xc9\x00\x92\xff\x21\x00\x6f\xff\x3a\xff\x89\x00\x6b\xff\x7e\x00\x3f\x02\xdc\xff\x72\x00\x69\x00\x3b\x00\x72"
  "\xff\xa7\xff\x20\xff\x29\x00\x4a\x00\x26\x00\x5f\xff\x91\xff\x82\x00\xfe\xff\x2e\x00\x7f\x00\xc7\x00\x84\x00\x3f\x00\xab\x00\xb5\xff\x5a\xfe\xfd\xff\xe8\xff\xc8"
  "\xff\x2c\x01\x6b\x00\x7e\x00\x59\x00\xed\xff\x02\xff\xf9\xff\x0e\x00\xf1\xfe\x74\x00\x1c\x00\xcb\xff\x53\x00\x53\xff\x55\x00\x14\x01\x6f\x01\xe7\xff\x66\xff\x23"
  "\x00\x67\x00\xf0\xfd\xa5\x00\xf5\xff\x80\xff\xb9\xff\xb1\xff\x97\x00\x41\x00\x7e\xff\x5c\xff\xe8\xff\x1f\x00\x8d\xff\xba\xff\xe5\xff\x7a\x00\x1e\x00\xfa\xff\xd8"
  "\xff\x43\x00\x0b\xff\x7d\xff\x58\xff\x40\x00\x6d\xff\x66\x00\x6c\xff\x40\x00\x2b\x00\x1e\x00\xcd\x00\x8d\xff\x80\xff\x65\x00\x44\xff\x12\x00\x33\x00\xd8\xff\xab"
  "\xff\x56\x00\x45\xff\x53\xff\x93\x00\xfe\x00\x45\x00\x7c\x00\xa8\x00\x05\x00\xa1\x00\xd1\x00\x12\x00\xd9\xff\xfa\xff\xd7\xff\xc9\xff\x37\x00\xf5\xff\x78\xff\xaa"
  "\x00\xd0\xff\x25\xff\x88\xff\xab\xff\xd7\x00\x4e\x00\x9b\xff\x35\x00\x99\x00\xfb\xff\x49\x00\xce\xff\xd1\xfe\x72\x00\x25\x00\x8b\x00\xfe\x00\x34\x00\x68\x00\xaa"
  "\xff\xdf\xff\x1d\x01\xb5\x00\xb4\xff\x12\x00\x60\x01\x70\x00\x74\x00\xcd\xfe\x78\xff\x19\x00\xed\xff\x7f\xff\xdd\xfe\x7f\xff\x27\x00\x06\x00\x64\x00\x50\x00\x91"
  "\x00\x0a\xff\x12\xff\x5a\x00\x3a\x00\xef\x00\x93\xff\xe8\xff\xf6\xff\x3e\xff\x4c\x00\x69\x00\xf3\xff\xc7\x00\x04\xff\x14\xff\xef\xfe\xfe\x00\xf6\x00\xd8\xff\x6c"
  "\xff\x6f\xff\x5e\x00\xee\x00\x7a\xff\xcc\x00\x2a\x00\xd5\x00\xc7\xff\xd8\xff\x7d\xff\x95\x00\x03\x00\x00\x00\x7d\x00\x86\x00\x2d\x00\x82\x00\x2d\x01\x4f\x00\xc4"
  "\x00\x74\x00\x03\x00\x98\x00\xbc\xff\x53\xff\x78\xff\xd7\xff\x3e\x00\x7c\x00\x81\xff\x39\x00\x38\x00\xb9\x00\x68\xff\x23\x00\x6f\x00\xbf\x00\x96\xff\x4f\xff\xf0"
  "\x00\xca\xff\x29\xff\xe5\x00\x5a\x00\xa2\x00\x9f\x00\xd5\xff\x41\x00\xe6\x00\x3b\x00\x20\x00\x09\x00\xd7\xff\x9d\xff\x0a\x00\xf5\xff\x04\x00\x6c\xfe\xeb\xff\xb8"
  "\xff\xd7\xfe\x27\xff\xdc\xff\x78\x00\x7f\xfe\x40\x00\xbc\xfe\x91\xff\xa2\xff\x86\x02\x0b\x00\xdc\xff\x99\xff\xad\xff\xf2\xff\x9c\xff\xcf\x00\x21\xff\x1a\x00\x1c"
  "\x00\xac\xff\x9f\x00\x13\x01\xa5\xfe\x08\xff\x10\xff\x26\x00\xcd\xff\xd1\xff\xe2\xff\xe4\xff\x2e\x00\x00\x00\x17\x01\x16\x00\xda\xff\x8c\xff\xfa\xff\x3d\x00\xac"
  "\xfe\x64\x00\x11\x00\xff\xff\xfd\xff\x32\x00\x0f\x00\xc4\xff\xe6\xff\x92\x00\x9e\xff\xd7\xff\xe0\xff\x85\x00\x11\x00\x37\x00\xd7\xff\xc2\xfe\x3e\x00\xef\xfe\xa0"
  "\x00\x88\x00\x22\x00\x8d\xff\xf3\xff\x05\x00\x04\x01\x87\xff\x17\x00\x26\x00\x92\xff\x5a\xff\x19\xff\x1a\x00\x9a\xfe\xc9\xff\x56\xff\x5d\x00\xc3\x00\x31\x00\x2e"
  "\x00\x74\x00\xfd\xff\xc2\xff\x4c\x00\x6d\xff\x0b\x00\x2a\x00\x7f\xff\xbb\xff\xc3\xff\x27\x00\x00\x00\x62\x00\x12\x00\xd7\x00\xd7\xff\xa8\x00\x39\x00\xe8\x00\x8a"
  "\xff\xfe\xff\xc5\x00\x5e\x00\x31\xff\x61\x00\x79\x00\x91\x00\x12\xff\x50\x01\xc5\x00\x95\xff\x74\x00\x34\x00\x85\xff\xfa\xff\xd2\x00\x16\xff\x2f\x00\x23\x00\xcb"
  "\xff\xc2\xff\xc7\xff\xfd\x00\x17\x01\xcc\xff\x10\xff\x66\x00\x7e\x01\x22\x00\x36\x00\x1b\x00\xa8\xff\x74\xff\xd1\x00\x8d\x00\x7c\xff\x06\xfe\x2a\xff\x7f\xff\xe3"
  "\x00\x41\x00\xbe\x00\x39\xff\x9b\xff\x39\xff\xa3\xff\x2a\x00\xf7\x00\xdf\xff\xed\xff\xe5\xff\x7a\xff\x02\xff\x7b\x00\x57\x00\xd9\xff\x88\x00\xa5\xff\xc6\xff\x0e"
  "\x00\xd7\xff\xbf\x01\x26\x00\xa6\xff\x84\xff\x71\xff\x76\x00\x60\x01\xaa\x00\xe4\x00\xcb\xff\x15\x00\x20\xff\x85\x00\x3b\x01\x47\x00\x21\x00\x5a\xff\x23\x00\x16"
  "\xff\xb6\x00\xb6\xff\x37\x00\x3c\x00\x62\x00\x41\x00\xf1\xff\x90\xff\x00\xff\xad\x00\x3e\x01\xbe\x00\x37\x00\x14\x00\x32\xff\xa9\xff\x35\x00\x15\x00\x71\xff\x08"
  "\x00\x9c\xff\xb3\x00\xc7\xff\x7c\x00\xab\x00\xb2\xff\x4e\x00\x79\x00\xc7\x00\x4b\x00\x1e\xff\x4d\x00\x18\x00\xd1\xff\xb0\xff\xb9\xff\xf6\xff\x61\xfe\xd9\x00\x0f"
  "\x00\xc6\xff\xbe\xff\xe5\xff\xd9\xff\xcd\xff\x45\x00\x98\xff\x7c\xff\x21\x00\x39\xfe\x77\x00\xe3\xff\x2b\x04\x40\x00\x5c\x00\xc0\xff\xe3\xff\x14\x00\xca\xff\x36"
  "\xff\x9b\xff\xf7\xfd\x71\x00\x32\x00\x94\x00\xdb\xff\x61\x00\x0d\x00\xd7\xff\x6b\x00\xac\xff\xfa\x00\xe1\xff\x0f\x00\xf8\xff\x27\x00\xe4\x00\xe0\xff\xb8\xff\x38"
  "\x00\x12\x00\xfd\x01\x25\x00\x3c\x00\xea\x00\x45\x00\xd9\xff\x0a\x00\x15\xff\xfb\x00\x77\x00\x16\x00\xf1\xff\x3f\x00\x78\xff\x4f\xff\xef\xff\x1b\x00\xda\xfe\x4d"
  "\x00\xd9\xff\xe8\xff\xf3\xff\xe9\xff\x58\x00\x40\xff\x00\x00\xeb\xff\x12\x00\x5a\x00\xba\xff\x92\xff\x1b\x00\xd4\xff\x0a\x00\xb2\xff\x00\x00\xfd\xff\x04\x00\x2d"
  "\x00\xdd\xff\x1a\x00\x6d\xff\xd3\xff\xfe\xff\x4b\xff\x77\x00\x10\x00\x98\x01\xe5\xff\xdd\xff\x5d\xff\xf4\xff\x1e\x00\x81\x00\x0a\x00\xfd\xff\x09\x00\x65\xff\x23"
  "\x00\x63\xfe\xa6\xff\x16\x00\xd8\x00\xe1\xff\x64\xff\x90\x00\x61\xff\x72\xff\xad\xff\xaa\xff\xf5\xff\x73\xfe\x1a\x00\x0e\x00\x4f\xff\xbe\xff\x41\xff\xba\xff\xbd"
  "\xff\x40\x00\x75\xff\x86\xff\x9c\xff\xd8\xff\xd3\xff\x8e\xfe\x39\x00\x57\x00\x39\xff\xa5\xff\x44\x00\x2b\x00\x47\xff\xd5\xff\x16\x00\xd8\xff\xfb\x00\xa5\xff\xab"
  "\x00\xdc\xff\x7e\x00\x00\x01\x1e\x00\x93\xff\x5a\xff\xc1\xff\x8c\xff\x27\x00\x49\x00\xdd\xff\xd5\xfe\xfd\xff\xb3\xff\x75\x00\xa0\xff\xf8\xff\x8c\xff\xcb\xff\xcb"
  "\xff\x78\xff\x79\x00\xed\x00\xde\x00\xd1\x00\x7a\xff\x49\x00\xfd\xfe\x76\x00\xf2\xff\xdf\xff\xcb\xff\xf7\xfe\xf2\x01\x61\x00\x21\x00\x22\x01\x5d\x00\x1e\x00\xd2"
  "\xff\xf7\xff\x38\x00\x9a\xff\xb8\xff\x15\x00\xf8\xff\xbd\xff\x20\x00\x64\x00\x44\x00\x1a\xff\x37\x00\xc4\x00\x07\x00\x94\x00\xcd\x00\xd2\x00\xe3\xff\xc6\xff\x1c"
  "\x00\x6e\xff\xe5\xff\xb3\xff\x64\xff\xd0\xfe\xae\x00\x5f\x00\xb2\xff\xc2\xff\x87\x01\xa5\xff\xc6\xff\xf9\xff\xf2\xfd\x2d\x01\x5d\x00\x27\xff\xe8\xff\xd1\xff\x59"
  "\xff\xa3\xff\x09\xfe\xf6\x01\x5c\x00\x2e\x00\x06\x00\xde\xff\xf6\xff\x78\x00\x5f\x00\x82\xff\xf8\xff\xe6\xfe\x78\x00\x5a\xff\xfc\xff\x34\x01\x7a\xff\xa5\xff\x90"
  "\x00\x63\xff\x7e\xff\x59\x00\x5c\x01\x17\x00\x63\xff\xc1\xff\xb8\xff\x3e\x00\x5a\x00\x88\x00\xb0\xff\x9d\xff\x31\x00\x6a\x00\x13\x00\xf3\xff\x9c\xff\x49\x00\xc0"
  "\xff\xf9\xff\xc6\xff\xb4\x00\x20\x00\x0a\x00\xe4\xff\xa5\xfe\x09\xff\xe0\xff\x3c\x00\x50\x00\xe0\xff\x6c\xff\x61\x01\x2f\x00\x43\x00\x57\x00\xa9\x00\xf7\xff\xe9"
  "\x01\xf6\xff\xb8\xff\xa9\xff\x51\x00\x88\x00\x28\x00\x94\xff\xad\xff\xcf\xff\xd4\xff\x0b\x00\x85\xff\x28\x00\xfe\x01\xcb\xff\x29\xff\x38\x00\x24\xff\x14\x00\xeb"
  "\xff\x0e\x00\xf9\xff\xdf\xfe\x9a\x00\x68\x00\xc8\x00\xce\xff\x8a\xff\xc2\xff\x01\x01\x1d\x00\x43\xff\xfa\xff\xed\xff\xfd\xfe\x42\x00\xd0\xff\xab\xff\xeb\x00\x2d"
  "\x00\xc2\xff\xe8\xff\xde\xff\x03\x00\xfc\xfe\xd2\xff\xa9\x01\x52\x00\x76\x00\x8e\xff\x07\x00\xee\xfe\xbe\xff\x86\x01\x83\x00\xde\xff\xa4\xff\x44\xff\xc4\x00\x01"
  "\x00\x21\xff\x5e\x00\x78\xff\x55\x00\xc2\xff\xd4\xff\x03\x00\x15\x00\x7d\xfe\xa2\xfd\xe5\xff\x79\x00\x40\xff\xc2\xff\x63\x00\x8d\x01\x9a\xff\x47\xfe\x69\xff\x1f"
  "\x00\xf8\xff\xce\x00\x28\x01\xde\xfe\x51\x00\x70\x00\x34\x00\x36\x00\xd1\xff\xa0\xff\x97\x00\xb1\xff\x64\xff\x5c\xff\xb7\xff\xeb\xff\xef\xff\x08\x00\xb7\xff\x19"
  "\x00\xdb\xff\x5e\xff\x48\x00\x78\xff\x4a\xff\xad\x01\xb6\x00\x52\x00\xac\x00\x69\x00\x3a\x00\x5b\x00\x9b\xff\xd5\xff\xc0\xff\x37\x00\x21\x00\x2d\x00\x2c\x00\xce"
  "\xff\x20\x00\x50\x01\xf5\xff\xee\xff\xd1\xff\x14\xff\xbc\xff\xd6\xfe\x63\x00\x74\x00\x5e\x00\x19\x00\xe9\xff\x14\x01\x18\x00\x46\x00\x6c\x00\x19\x00\xeb\xff\x88"
  "\x00\xdc\xff\x78\x00\xdf\xff\x3a\xff\xce\xfe\xc4\x00\x02\xff\x73\xff\x1c\x00\x9a\xff\xb0\x00\xdf\xff\x87\x00\xe6\xff\xd0\xff\x26\x00\x96\xff\xaf\xff\x71\x00\x00"
  "\x00\x09\x00\x00\x00\x03\x00\x00\x00\x31\x37\x37\x02\x00\x00\x00\x6f\x00\x00\x00\x70\x00\x00\x00\x04\x00\x00\x00\x01\x00\x00\x00\x01\x00\x00\x00\x01\x00\x00\x00"
  "\x01\x00\x00\x00\x04\x00\x00\x00\x00\x00\x00\x00\x00\x00\x00\x00\x00\x00\x00\x00\x00\x00\x00\x00\x01\x00\x00\x00\x00\x00\x00\x00\x72\x00\x00\x00\x01\x00\x00\x00"
  "\x20\x00\x00\x00\x35\x2e\x73\x70\x6c\x69\x74\x5f\x79\x5f\x70\x61\x74\x68\x2e\x33\x2e\x63\x6f\x6e\x76\x34\x5f\x31\x31\x2e\x30\x2e\x62\x69\x61\x73\x00\x00\x00\x00"
  "\x01\x00\x00\x00\x70\x00\x00\x00\x00\x00\x02\x00\x00\x00\x09\x00\x00\x00\xe0\xff\x6c\xff\x59\xff\xe3\xff\xf9\xff\x24\x00\x2b\x00\x9d\xff\x13\x00\xe6\xff\x26\x00"
  "\xb8\xff\x9a\xff\xd1\xff\x00\x00\x89\x00\xc1\xff\xfe\xff\xf9\xff\xa2\xff\x2d\x00\xf7\xff\xfd\xff\x0d\x00\xa7\x00\xaa\xff\x0d\x00\x3d\xff\x51\x00\xcc\xff\x1b\x00"
  "\xd1\xff\x53\x00\x89\x00\xf3\xff\x89\xff\x83\xff\xa7\xff\x1b\x00\x80\xff\xfd\xff\xec\x00\x50\x00\xc6\xff\x6e\xff\xc6\xff\x2d\x00\x08\x00\xd7\xff\x73\x00\xe8\xff"
  "\x0c\x00\x19\x00\xd5\xff\x21\xff\x3c\xff\x1d\x00\x50\x00\xc1\xff\xe3\xff\x2e\x00\x2e\x00\xda\xff\xf8\xff\xc0\xff\xcf\xff\x4d\xff\x65\x00\x1a\x00\xf7\xff\x21\x00"
  "\x88\xff\x10\x00\x94\xff\x4a\xff\xe2\xff\x24\x00\x05\x00\x15\x00\x46\x00\x8b\x00\x68\x00\x87\x00\x80\x00\xf8\xff\xfa\xff\x20\x00\xc4\xff\xe3\xff\x6d\x00\xb5\xff"
  "\xb8\xff\xef\xff\x22\x00\x9b\x00\x16\x00\x4d\x00\x41\x00\xcc\xff\xc0\xff\x62\x00\xbc\xff\x7b\x00\x2a\x00\x66\x00\x17\x00\xbe\xff\x46\xff\x15\x00\x25\x00\x37\x00"
  "\x5f\x00\x73\x00\x00\x00\x04\x00\x00\x00\x10\x00\x00\x00\x31\x37\x37\x5f\x4e\x4f\x54\x5f\x49\x4e\x5f\x47\x52\x41\x50\x48\x02\x00\x00\x00\x71\x00\x00\x00\x72\x00"
  "\x00\x00\x74\x00\x00\x00\x0a\x00\x00\x00\x03\x00\x00\x00\x31\x37\x38\x02\x00\x00\x00\x73\x00\x00\x00\x61\x00\x00\x00\x75\x00\x00\x00\x14\x00\x00\x00\x03\x00\x00"
  "\x00\x31\x38\x33\x01\x00\x00\x00\x74\x00\x00\x00\x01\x00\x00\x00\xff\xff\xff\xff\x00\x00\x00\x00\xff\xff\xff\x7f\x00\x00\x00\x00\xff\xff\xff\x7f\x76\x00\x00\x00"
  "\x14\x00\x00\x00\x03\x00\x00\x00\x31\x38\x38\x01\x00\x00\x00\x75\x00\x00\x00\x00\x00\x00\x00\xff\xff\xff\x7f\x01\x00\x00\x00\xff\xff\xff\xff\x00\x00\x00\x00\xff"
  "\xff\xff\x7f\x77\x00\x00\x00\x01\x00\x00\x00\x03\x00\x00\x00\x32\x34\x34\x00\x00\x00\x00\x03\x00\x00\x00\x01\x00\x00\x00\x01\x00\x00\x00\x01\x00\x00\x00\x00\x00"
  "\x02\x00\x00\x00\x09\x00\x00\x00\x0a\x00\x78\x00\x00\x00\x15\x00\x00\x00\x03\x00\x00\x00\x31\x39\x31\x02\x00\x00\x00\x74\x00\x00\x00\x77\x00\x00\x00\x79\x00\x00"
  "\x00\x01\x00\x00\x00\x22\x00\x00\x00\x35\x2e\x73\x70\x6c\x69\x74\x5f\x79\x5f\x70\x61\x74\x68\x2e\x34\x2e\x63\x6f\x6e\x76\x31\x5f\x31\x31\x2e\x30\x2e\x77\x65\x69"
  "\x67\x68\x74\x00\x00\x00\x00\x04\x00\x00\x00\x01\x00\x00\x00\x01\x00\x00\x00\x70\x00\x00\x00\x20\x00\x00\x00\x00\x00\x02\x00\x00\x00\x09\x00\x00\x00\xf0\xff\x22"
  "\x00\xc5\xff\x01\x00\x4a\x00\x0e\x00\xcd\xff\xce\xff\x2e\x00\xcb\xff\x0d\x00\x17\x00\xf8\xff\x06\x00\xaf\xff\x35\x00\x03\x00\xab\xff\xf5\xff\xab\xff\x1c\x00\xf4"
  "\xff\xd6\xff\x02\x00\xf1\xff\x04\x00\x48\x00\xd7\xff\xd0\xff\xd4\xff\xe5\xff\x33\x00\x19\x00\xf7\xff\xf8\xff\x8e\x00\x61\x00\x76\xff\xc9\xff\x7f\xff\xae\xff\x0e"
  "\x00\x60\x00\xfc\x00\x77\x00\x43\xff\xde\x00\x5c\x00\xc2\xff\x5b\xff\x07\x00\x27\x00\x39\x00\x2a\x00\x39\x00\x74\x00\xcd\xff\x07\x00\x4c\xff\x24\x00\xeb\xff\x5c"
  "\x00\x0e\x00\xef\xff\xb3\xff\xdb\x00\x29\x00\x20\x00\xa2\x00\x0b\x00\xfe\xff\x59\x00\x70\x00\x45\x00\x35\x01\x83\x00\x0b\x00\x66\xff\x16\x00\x9f\x00\x99\xff\x2c"
  "\x00\xf7\xff\x8e\xff\xbc\xfe\xdd\xff\x68\xff\x90\x00\x48\x00\xf4\xff\x87\xff\xb1\xff\xcb\x00\xda\xff\x79\x00\xeb\x00\xdd\x00\x06\x00\xdc\xff\x2b\x00\xe7\xff\xed"
  "\xff\xe0\xff\x01\x00\x74\x00\xe6\xff\x36\x00\xbb\xff\xf6\x00\xb8\x00\x5a\x00\xd8\x00\x8f\x00\x30\x00\xd2\xff\xf6\xff\x38\x00\xfc\xff\xdd\xff\x0d\x00\xe6\xff\x98"
  "\xff\x99\x00\xe2\xff\x55\x00\x4e\x00\xde\xff\x2c\x00\x1b\x00\x6b\x00\x66\xff\xd6\xff\xf1\xff\x8f\x00\xb3\xff\x33\x00\xf0\xff\x51\x00\xb5\xff\x3f\xff\xea\xff\x34"
  "\x00\x2f\x00\x60\xff\xfc\xff\xf1\xff\xbe\xff\xb7\x00\x02\x00\x15\x00\x12\x00\x44\x00\xbe\xff\xf1\xff\xe0\xff\x6e\x00\xdb\xff\xbf\xff\x78\xff\x04\x00\xe8\xff\x1b"
  "\x00\xdf\xff\x00\x00\x14\x00\xbc\xff\xa2\xff\x0c\x00\x72\x00\xed\xff\x3e\x00\x15\x00\xc7\xff\xad\xff\x25\x00\x35\x00\x06\x00\xd6\xff\x11\x00\xf9\xff\x07\x00\xea"
  "\xff\xcf\xff\x08\x00\x19\x00\x04\x00\x49\xff\x1a\x00\xe4\x00\x0a\x00\x0a\x00\xe1\xff\x95\xff\x22\x00\xd7\xff\x10\x00\xf8\xff\x57\x00\xec\x00\x20\x00\xa4\xff\xd9"
  "\xff\x15\x00\x1b\x00\xf1\xfe\xa4\xff\x60\xff\xe0\xff\xdf\xff\x4d\x00\xde\xff\xf8\xff\x0b\x00\xe6\xff\x0a\x00\x09\x00\x03\x00\x13\x00\xdb\xfe\xeb\xff\xe4\xfe\x66"
  "\x00\x59\x00\x8e\xff\x11\x00\x68\x00\x75\x00\xec\xff\x68\x00\x0d\x00\x78\xff\x8f\x00\x33\x00\x9f\x00\x5d\xff\x7e\xff\xb8\xff\x0a\x00\xbc\x00\x4a\x00\x44\x00\xe8"
  "\xff\x28\x00\x2d\x00\x34\xff\xfc\xff\xe9\xff\x71\xff\x03\x00\xc3\xff\x7a\xff\x7a\xfe\x3f\x00\x89\xff\x88\xff\x72\x00\x0b\x00\x7f\xff\xbe\xff\x08\x00\x46\x00\x06"
  "\x00\xa0\xff\xf2\xff\x24\x00\x7f\xff\xb5\xff\xea\xff\xd8\xff\xf1\xff\x24\x00\x1d\x00\x2c\x00\x36\x00\x0d\x00\x79\xff\xbf\x00\x0a\x00\xff\xff\x01\x00\xf7\xff\xfd"
  "\xff\x8b\xff\xf1\xff\x1f\x00\x6c\x00\x02\x00\x4c\x00\x3b\x00\xf1\xff\x56\x00\x10\x00\xf5\xff\x9f\x00\xf5\xff\x66\xff\x2d\x00\xa8\x00\xe5\xff\x27\x00\xf7\xff\xea"
  "\xff\x03\x00\xda\xff\xfc\xff\x73\xff\xd9\xff\xd8\xff\xf4\xff\xe8\xff\x34\x00\x08\x00\x14\x00\x21\x00\xff\xff\x3d\x00\x02\x00\x0b\x00\x8e\x00\xde\xff\x2d\x00\xd1"
  "\xff\x24\x00\x3b\x00\xeb\xff\xf4\xff\xae\xff\xf7\xff\xbc\xff\xee\xff\xfc\xff\x30\x00\x32\x00\xf5\xff\x64\xff\x30\x00\xf1\xff\xf0\xff\x07\x00\x14\x00\xfa\xff\x20"
  "\x00\x4c\x00\x17\x00\xc9\xff\x07\x00\xea\xff\x19\x00\xb4\xff\xe1\xff\xe3\xff\x42\x00\x65\x00\x30\x00\x24\x00\xcc\xff\x10\x00\x0d\x00\x55\xff\x1c\x00\xfe\xff\x2a"
  "\x00\x15\xff\x87\xff\x9f\xff\xa0\x00\x38\x00\xa2\xff\x78\x00\xf6\xff\x48\x00\x5e\x00\xdc\xff\x0d\x00\x9a\x00\xf3\xff\xb7\xff\xf5\xff\xb3\xff\xe3\xff\xb2\xff\xd8"
  "\xff\x9a\xff\xcd\x00\xda\xff\x06\x00\xba\xff\xf9\xff\xfe\xff\xa3\xff\x24\x00\xec\xff\x08\x00\x9a\xff\x02\x00\x05\x00\x0f\x00\x62\x00\xff\xff\x13\x00\x07\x00\xe4"
  "\xff\xf0\xff\x86\x00\xdf\xff\xef\xff\xed\xff\xd1\xff\x0c\x00\xed\xff\x06\x00\xf9\xff\x08\x00\xc0\xff\xd4\xff\xec\xff\x81\x00\x00\x00\xf6\xff\x7a\xff\x36\x00\x63"
  "\xff\x8f\xff\x28\x00\x3f\x00\x19\x00\x1d\x00\xd9\xff\xf4\x00\xb0\xff\x4a\xff\xe1\xff\x9d\x00\x1e\x00\x20\x00\x32\x00\xcc\xff\xc2\xff\x4e\xff\x24\x00\xac\x00\xc8"
  "\xff\xd5\xfe\xf7\xff\x8e\xfe\xb1\xff\xe8\x00\x57\x00\x07\x00\xf0\xff\xb9\xff\xb2\xff\x0b\x00\x9e\xff\xf9\xff\x01\x00\x02\x00\xc6\xff\x8a\x00\xed\xff\x03\x00\x14"
  "\x00\x17\x00\xff\xff\x16\x00\xbe\xff\xb3\xfd\xf9\xff\x4f\xff\x01\x00\x02\x00\xf8\xff\xd3\xff\x06\x00\xd9\xff\xd4\xff\x01\x00\xc9\xff\xef\xff\xb7\xff\x6e\x00\x1d"
  "\x00\x82\xff\xf2\xff\x95\xff\x4f\xff\x9d\xff\xba\x00\xbf\xff\x9e\x00\x2e\x00\x06\x00\xd8\xff\x11\x00\x0f\x00\x01\x00\x5c\x00\x50\x00\xf5\xff\x5c\x00\xb6\xff\x21"
  "\x00\x77\x00\xb1\xff\xe4\xff\xc9\xff\xf7\xff\x5f\xff\xa9\xff\x08\x00\xcd\xff\x0b\x00\x00\x00\xf0\xff\x43\x01\x1a\x00\x3d\x00\xc6\x00\x8d\xff\x2b\x00\x43\x00\xaf"
  "\x00\xe6\xff\xb3\xfe\xe3\xff\x1f\x00\xcd\xff\x58\xff\x94\xff\x9e\x00\x1a\x00\xb8\xff\x3b\x00\xe7\xff\x9b\x00\x67\xff\xee\xff\x29\x00\xea\xff\xfb\xff\xeb\xff\x6e"
  "\xff\xc7\x00\xce\xff\xe4\xff\xbb\xff\xbb\xff\xf0\xff\x07\x00\x68\x00\xe1\xff\x85\xff\x2a\x00\x05\x00\xd5\xff\xe8\xff\xf9\xff\x81\x00\x1a\x00\x35\x00\x22\x00\x35"
  "\x00\x35\x00\x61\x00\xcf\xff\xdc\xff\xde\xff\xb9\xff\x09\x00\x0a\x00\xfb\xff\xe5\xff\x04\x00\xe8\xff\xae\xff\x73\xff\xd7\xff\xda\xff\xf5\xff\x27\x00\x79\x00\x1e"
  "\x00\x09\x00\x7a\x00\x38\x00\xe8\xff\xb4\x00\x4b\x00\x0a\x00\x93\xff\xd2\xff\xa9\x00\xc9\xff\x22\x00\xd0\xff\x76\xff\x50\xff\xf3\xff\xd8\xff\x29\x00\xff\xff\xbf"
  "\xff\xd4\xff\xe8\xff\x83\x00\x19\x00\xc0\x00\xda\xff\xcd\xff\x09\x00\x45\x00\xfb\xff\x87\x00\x16\x00\x72\x00\xca\xff\xdc\xff\xe2\xff\xb5\x00\x42\x00\x13\x00\xcd"
  "\xff\x65\xff\xf9\xff\xc0\xff\xe7\xff\xc4\xff\x3f\x00\x59\x00\xe8\xff\xbc\xff\xbc\xff\x24\x00\x0b\x00\xc4\x00\xfc\xff\xfe\xff\xac\x00\x6c\x00\x0a\x00\x1f\x00\x06"
  "\x00\xfb\xff\x2c\x00\x1a\x00\xba\x00\xe7\xff\x10\x00\xfe\xff\xd3\xff\x90\x00\x06\x00\xe9\xff\x76\xff\xf6\xff\x16\x00\xcd\xff\xfc\xff\xca\xff\xe3\xff\x35\x01\xf8"
  "\xff\xc8\xff\xd4\xff\xf5\xff\xed\xff\xeb\xff\x5f\x00\x1b\x00\xf8\xff\xf7\xff\x74\x00\x17\x00\x65\x00\x76\x00\xe2\xff\x6d\xff\x8d\x00\xec\xff\xed\xff\x03\x00\x47"
  "\x00\xfd\xff\x1e\x00\xfd\xff\xaf\xff\x22\x00\xe1\xff\xe5\xff\x51\x00\x18\x00\x14\x00\xe6\xff\x05\x00\x0e\x00\xd7\xff\x0a\x00\x07\x00\xff\xff\x1a\xff\x0a\x00\xdd"
  "\xff\x66\x00\x96\x00\xce\xff\xb3\x00\xa4\xff\x1b\x00\xa8\x01\xef\xff\x72\x00\x95\xff\x23\x00\x98\xff\x86\x00\x0c\x00\x36\x00\x48\x00\xaa\xff\x09\x00\xe0\xff\x85"
  "\xff\x93\xff\xbc\xff\xa4\x00\xfb\xff\xa4\xff\x28\x00\x0a\x00\x10\x00\x55\x00\xfd\xfd\x0a\x00\x07\x00\x88\xff\x62\x00\x1b\x00\x82\xff\x21\x00\xe8\xff\xb5\xff\xd8"
  "\xff\xd5\xff\x0b\x00\xff\xff\xc7\xff\xee\xff\xde\xff\xed\xff\x08\x00\x0a\x00\x0f\x00\x2c\x00\x2a\x00\xf6\xff\xdc\xff\x1f\x00\x03\x00\x26\x00\xf3\xff\xe5\xff\xf8"
  "\xff\xdd\xff\x1c\xff\xfd\xff\x09\x00\x54\x00\x76\xfe\x06\x00\x6b\x00\x1f\x00\xf0\xff\xf5\xff\xca\xff\x74\x00\x0f\x00\x27\x00\xda\xff\xb1\xff\x0f\x00\x7c\xff\xf6"
  "\xff\x8c\x00\xf4\xff\x60\x00\x4f\x00\x1e\x00\xbd\xff\x1e\x00\xe7\xff\xca\xff\x62\x00\x34\x00\xe8\xff\x4e\x00\xc4\xff\x9c\x00\x2b\x00\x27\x00\x3f\x00\xf9\xff\x11"
  "\x00\x25\x00\x17\x00\x22\x00\x44\x00\xc7\xff\xec\xff\xc7\xff\x53\x00\x03\x00\xfc\xff\x10\x00\x1b\x00\xfc\xff\xca\xff\x92\xff\x4b\x00\xf5\xff\x19\x00\xdb\xff\x47"
  "\xff\xdd\xff\xc6\xff\xd7\xff\x91\xfe\xd0\xff\xf5\xff\xfd\xff\x3f\x00\x33\x00\x2b\x00\xee\xff\x23\x00\xe4\xff\xf8\xff\xe9\xff\x6e\x00\x35\x00\x0c\x00\xf2\xff\x6f"
  "\x00\x2a\x00\xf2\xff\xf9\xff\xd1\xff\xad\x00\xf1\xff\xcd\xff\x47\xff\xfe\xff\xcf\x00\x1b\x00\xf4\xff\xdc\xff\xaf\xff\x27\x00\x01\x00\x2e\x00\x1e\x00\x14\x00\x4f"
  "\x00\xc8\xff\x11\x00\xe2\xff\xf5\xff\x05\x00\x9d\xff\x26\x00\x0e\x00\x29\x00\x43\x00\x2f\x00\x39\x00\x93\xff\x4c\xff\xf8\xff\x5e\x00\xe9\xff\x7f\xff\x2d\x00\xd6"
  "\xff\x30\x00\xc7\xff\x10\x00\xff\xff\xf9\xff\x81\xff\x1a\x00\xf9\xff\x2b\x00\x22\x00\x08\x00\x51\xff\xd8\xff\xeb\xff\x20\x00\x52\x00\xef\xff\x2e\x01\xa9\xff\x22"
  "\x00\xcc\xff\xfd\xff\x2f\x00\xf5\xff\xd4\x00\xcc\xff\xc7\xff\x59\x00\xfa\xff\xf3\xff\x68\x00\x0a\x00\xc4\xff\xca\xff\x05\x00\xfa\xff\x48\x00\xdb\xff\x20\x00\xcd"
  "\xff\xef\xff\xe4\xff\xfc\xff\xc7\xff\x80\x00\xfe\xff\x5c\x00\xea\xff\x5d\x00\x0e\x00\x20\x00\xfb\xff\x6e\x00\x61\x00\xa6\xff\x46\x00\x07\x00\x19\x00\x20\x00\xd1"
  "\xff\x76\x00\x09\x00\xec\xff\x04\x00\xfd\xff\xe3\xff\x86\xff\xf8\xff\x69\x00\x46\x00\xeb\xff\xea\xff\x78\x00\x14\x00\xa4\xff\x18\x00\x61\x00\x38\x00\x1b\x00\x1a"
  "\x00\xf1\xff\xc2\xff\x15\x00\xed\xff\x31\x00\x43\x00\x87\x00\xd4\xff\x55\x00\x16\x00\x44\x00\x6f\x00\x03\x00\xb2\x00\xee\xff\x53\x00\xe3\xff\x17\x00\x0c\x00\xf3"
  "\xff\xa3\x00\x10\x00\x69\x00\xf1\xff\x06\x00\x20\x00\xe6\xff\x1c\x00\x9c\xff\x6b\x00\x25\x00\x49\x01\x3b\x00\xf6\xff\x88\x01\x47\x00\xe6\xff\xbc\xff\x07\x00\xd6"
  "\xff\xe9\xff\xff\xff\xea\xff\x15\x00\x04\x00\x32\x00\x19\x00\xac\x00\xe3\xff\x05\x00\x24\x00\xea\xff\x2d\x00\xd5\xff\xfe\xff\xfc\xff\xfe\xff\xbe\xfe\xef\xff\xd4"
  "\xff\x6e\x00\x55\x01\xfb\xff\xf2\xff\xd8\xff\xff\xff\x1a\x00\xe5\x00\x9d\xff\x59\x00\xfa\xff\x2e\x00\x0a\x00\x03\x00\xf7\xff\x82\xff\xf2\xff\x19\x00\xd4\xff\x05"
  "\x00\xcf\xff\x65\x00\x16\x00\x01\x00\xe8\xff\x12\x00\xea\xff\xe9\xff\xd1\xff\x12\x00\xed\xff\x36\x00\x44\x00\xf0\xff\x93\x00\xea\xff\xf4\xff\xf9\xff\x1d\x00\x26"
  "\x00\xc7\xff\x91\xff\x34\x00\xfb\xff\x36\x00\xf5\xff\xed\xff\x7b\xff\x18\x00\x6c\xff\x7d\xff\xe2\xff\xef\xff\xa1\x00\x2f\xff\xe0\x00\x1f\x00\xe8\xff\x54\x00\x0b"
  "\xfe\xf4\xff\x51\x00\x05\x00\xe2\xff\xba\xff\x0c\x00\x7c\x00\xc9\xff\xec\xff\x56\x00\x1e\x00\x11\x00\xc0\xff\xd4\xff\x14\x00\xe4\xff\x6d\x00\x74\xff\x7e\xff\x8f"
  "\x00\xf7\xff\x9b\xff\xe2\xff\x14\x00\xd3\xff\x41\x00\xd6\xff\x19\x00\x95\xff\xfd\xff\xe8\xff\x3b\x00\x03\x00\x2f\x00\x06\x00\x83\xff\x0e\x00\x0e\x00\x08\x00\xcc"
  "\xff\xd3\xff\x12\x00\xc6\xff\x18\x00\xea\xff\x15\x00\x03\x00\x64\xff\xe3\xff\x01\x00\xec\xff\xfd\xff\x17\x00\x04\x00\x19\x00\xad\xff\xed\xff\x96\xff\x22\x00\x08"
  "\x00\x20\x00\x27\x00\xe7\xff\x00\x00\xdd\xff\xea\xff\x14\x00\x27\x00\x35\xff\x45\xff\x8a\x00\x78\x00\xd9\xff\xb0\xff\x9a\x01\x04\x00\x88\xff\xfa\xff\x06\x00\x39"
  "\x00\xbc\x01\xab\xff\x8a\xff\x74\x00\x48\x00\x53\xff\x28\x00\x7a\xff\xb7\xff\x35\x00\x95\xff\x06\x00\x19\x00\xaa\xff\xac\xff\x24\x00\xba\xff\xc5\xfe\xe9\xff\x8f"
  "\xff\x63\xff\x57\x00\x1a\xff\x32\x00\x80\xff\x4f\x00\x02\x02\xcf\xff\xc4\x00\xec\xff\x15\x00\x3c\x00\x39\xfe\x41\x00\xae\x00\x20\x00\xd1\xff\xc2\x00\xa9\xff\xb7"
  "\xff\x6d\x00\xf8\xff\x84\x00\x0a\x00\x48\xff\x50\x00\x72\x00\xbd\xff\x5a\x00\xdd\xfe\xfe\xff\x64\x00\xee\xfe\x6a\x00\xf8\xff\xe1\xff\x10\x00\x33\x00\xf4\xff\xd4"
  "\xff\x1c\x00\xf8\xff\xf6\xff\xd2\xff\xcf\xff\x15\x00\x09\x00\xdd\xff\xdb\xff\x18\x00\x05\x00\xf6\xff\x1c\x00\xe8\xff\xf9\xff\x0e\x00\xf5\xff\x07\x00\x56\x00\xf8"
  "\xff\x18\x00\xde\xff\x1a\x00\xeb\xff\x31\x00\xb8\xff\xd8\xff\x1f\x00\xb0\xff\x10\x00\x02\x00\xb7\xff\x16\x00\x86\xff\x21\x00\x7a\xff\xba\xff\x01\x00\x0d\x00\xf4"
  "\x00\x0b\x00\x25\x00\x1b\x00\x48\x00\x1e\x00\x0e\x00\xf7\xff\x0a\x00\xba\xff\xfd\xff\xf5\xff\xf2\xff\x0b\x00\xcd\xff\xf7\xff\x09\x00\xa7\x00\x28\x00\xb9\x00\x0f"
  "\x00\xc5\xff\xc7\xff\x85\xff\x30\x01\xfc\xff\xcc\xff\xc6\x00\x09\x00\x38\x00\x04\x00\x7e\x00\xf4\xff\xe9\xff\x7f\xff\x3d\x00\x1d\x00\xf9\xff\xc0\xff\x26\x00\x8f"
  "\xff\xc2\xff\x1b\x00\x3b\x00\x03\x00\x03\x00\xbe\xff\x26\x00\x74\x00\x31\xff\x2e\x00\xe4\xff\xd7\xff\x50\x00\xeb\xff\xcf\xff\xa4\x00\x47\x00\xf6\xff\x2f\x00\x35"
  "\x00\x13\x00\xdb\xff\x00\x00\x01\x00\x80\xff\x0e\x00\xdb\xff\x11\x00\x07\x00\xb7\xff\xdf\xff\xed\xff\xbb\xff\x29\xff\x2b\x00\xfe\xff\x54\x00\x2f\x00\x0a\x00\xf0"
  "\xff\x06\x00\xeb\xff\x05\x00\x3e\x00\xe9\xff\x02\x00\x03\x00\x07\x00\x09\xff\xc2\xff\x8b\xff\xcc\xff\xe4\xff\x40\x00\x7c\x01\xa8\x00\x8f\x00\x6b\xff\xe1\xff\x1b"
  "\x00\x17\x00\xc3\xff\xd5\xff\x66\x00\x68\x00\x03\x00\x95\xff\x25\x00\xda\x00\x2f\x00\xc1\x01\x5f\xff\x19\x00\x28\x00\x21\x00\x2a\x00\xdf\xff\xed\xff\xcc\xff\xc5"
  "\xff\x3d\x00\x0a\x00\xc1\xff\x22\x00\x99\xff\xc9\xff\x08\x00\x50\x00\x80\xff\xfa\xff\x35\x00\x29\x00\x97\x00\xb7\xff\x36\x00\x14\x00\x2c\x00\x0e\x00\xdc\xff\xed"
  "\xff\x97\x00\x33\x00\x8a\xff\xe7\xff\x7f\xff\x9b\xff\xce\xff\x5c\x00\x44\x00\x0f\x00\xf5\xfe\xfe\xff\x0b\x00\xa5\x00\x52\x00\x47\xff\x5a\x00\xb2\xff\xae\xff\xe0"
  "\xff\x06\x00\xe6\xff\xf7\xff\x84\x00\xd5\xff\x89\xff\x56\x00\xf3\xff\xa7\xff\xf9\xff\x22\x00\x08\x00\xf7\xff\x89\xff\x8e\x00\x50\x00\x01\x00\x99\x00\x19\x00\xf6"
  "\xff\x35\x00\xe6\xff\xfb\xff\x65\x00\x4c\x00\x7e\x00\xf9\xff\x46\x00\xa2\xff\x80\x00\xde\xff\xdd\xff\x8e\xff\x61\xff\xfb\xff\x25\x00\xbd\xff\x7a\xff\xdb\xff\x12"
  "\x00\x1d\x00\x03\x01\x29\x00\x14\x00\x78\x00\x27\x00\xd9\xff\xec\xff\x30\x00\x1e\x00\xdc\x00\x49\x00\x14\x00\x8a\x00\xd1\xff\x42\x00\xbc\xff\x3a\x00\xee\xff\x44"
  "\x00\x36\x00\x48\x00\x5a\xff\x16\x00\x20\x00\x0c\x00\x0f\xff\xec\xff\x0a\x00\x8a\xff\x21\x00\x41\x00\x62\xff\xeb\xff\xff\xff\x4d\x00\xfd\xff\xb2\xff\x0e\x00\xa3"
  "\x00\x1e\x00\x2c\x00\x14\x00\x65\xfe\x02\x00\xf2\xff\x47\x00\xfb\xff\x01\x00\x0f\x00\x02\x00\x1f\x00\x12\x00\xe6\xff\xfd\xff\xf9\xff\x15\x00\xf2\xff\x0d\x00\x17"
  "\x00\x07\x00\xc4\xff\xfd\xff\x04\x00\x04\x00\x05\x00\xf4\xff\x00\x00\x00\x00\xea\xff\xe5\xff\x04\x00\xa4\xff\x2b\x00\xe6\xff\x14\x00\x10\x00\x0b\x00\x04\x00\x87"
  "\xff\xef\xff\x24\x00\x08\x00\x28\x00\x1a\x00\x17\x00\x0f\x00\xc1\xff\xed\xff\xd0\xff\xe2\xff\x0b\x00\x01\x00\xe3\xff\xeb\xff\x0e\x00\x09\x00\xfb\xff\xf8\xff\x11"
  "\x00\xd6\xff\x10\x00\x0f\x00\x61\x00\xa7\xff\xde\xff\x75\xff\xc4\xff\xff\xff\x0a\x00\x24\x00\x7f\x00\x68\x00\x4d\x00\xcd\xff\x27\x00\xf8\xff\x1c\x00\x7b\xff\x4f"
  "\x00\x58\x00\xc1\xff\x8a\xff\xea\xff\xcc\xff\xb9\xff\xf4\xff\xf6\xff\x3c\x00\xce\xff\xdd\xff\x16\x00\x95\x00\x1d\x00\xa6\x00\xe1\xff\x9e\xff\xa3\xff\x3b\x00\xef"
  "\xff\x26\x00\x06\x00\x50\x00\x90\x00\x19\xff\xdf\x00\xf3\xff\xa3\x00\xaa\xff\xe6\xff\xa6\xff\xbf\xff\xfe\xff\x6c\x00\x1a\x00\xc9\xff\x03\x00\x63\x00\xad\xff\xfe"
  "\xff\x14\x00\xf4\xff\xcb\xff\xcd\xff\x64\xff\xa0\x00\x15\x00\x84\xff\x19\x00\x4a\x00\xba\xff\xd8\xff\x70\x00\x16\x00\xd0\x00\xa4\x00\xea\xff\xcf\xff\x41\x00\xdd"
  "\xff\xee\xff\x3c\x00\xff\xff\x6f\x00\xd3\x00\x68\xff\x8e\xff\x05\x01\xf9\xff\xec\xff\x11\x00\x09\x00\xab\xff\x34\x00\xee\xff\x3e\x00\x56\xff\x7e\xff\x27\x00\xc2"
  "\x00\x16\x00\x51\xff\x17\x00\xf1\xff\xa9\xff\x0a\x00\x2f\x00\x71\x00\x71\xff\x4f\x00\xfc\xff\x64\x00\x41\x00\x1c\x00\xdf\xff\xf3\xff\x03\x00\xf6\x00\x1c\x00\xec"
  "\xff\xcb\xff\x9d\x00\x12\xff\xdf\xff\xd7\xff\x07\x00\xe6\xff\xb0\xff\xbd\xff\xdc\xff\x1d\x00\xb5\xff\x2d\x00\xeb\xff\xce\xff\xac\xff\x59\x00\xc0\xff\x48\x00\x77"
  "\xff\xec\xff\xb6\xff\x81\x00\xff\xff\x4e\xff\xe9\xff\x06\x00\xc2\xff\x33\x00\x32\x00\x7e\xff\xd0\xff\x07\x00\xbc\xff\xf4\xff\x4b\xff\x30\x00\x10\x00\x4b\xff\xd4"
  "\xff\xd8\xff\x16\x00\x0f\x00\x3b\x00\x22\x00\xc4\xff\x38\xff\x24\x00\x8b\xff\x9d\xff\x1a\x00\x46\x00\x26\x00\xca\xff\x67\x00\x2a\x00\xcd\xff\xec\xff\x71\x00\x29"
  "\x00\xe3\xff\xe7\xff\xf7\x00\xda\xff\xea\xff\x16\x00\xea\xff\xc6\xff\x76\x00\xe1\xff\xd8\xff\xb6\xff\xf5\xff\x14\x00\x0a\x00\xd2\xff\xd3\xff\x17\x00\x48\x00\x5e"
  "\xff\x35\x00\xb9\xff\xfe\xff\xcf\xff\x2b\x00\xa8\xff\xff\xff\x02\x00\x44\x00\xcf\xff\xbe\xff\xf4\xff\x8d\xff\xb9\xff\x24\x00\x00\x00\xa7\xff\x00\x00\x80\xff\xde"
  "\xff\x57\x00\xb2\xff\x3c\x00\x22\x00\x5f\x00\x1b\x00\x21\x00\x43\xff\x1b\x00\x4d\x00\x92\x00\xcb\xff\x47\x00\xe8\xfd\xf7\xff\xcf\xff\xe2\xff\xb4\xff\xe0\xff\xee"
  "\xff\xc2\xff\x04\x00\xbe\xff\xc1\xff\xe0\xff\x08\x00\x1c\xff\x1e\x00\x01\x00\xfe\xff\xed\xff\xc6\xff\x99\xff\xf3\xff\x26\xff\x6f\x00\xfa\xff\xc8\xff\x02\x00\x28"
  "\x00\xdb\xff\xc3\xff\xe0\xff\xb4\xff\xed\xff\x0b\x00\x13\x00\x45\x00\xde\xff\xaa\xff\x48\x01\x58\xff\xf1\xff\xf6\xff\x99\xff\xc9\xff\x60\x00\x29\x00\x70\xff\x24"
  "\x00\x01\x00\x08\x00\xf5\xff\xa7\xff\x55\x00\xf5\xff\x2d\x00\x28\x00\x71\x00\xb1\xff\x31\xff\x35\x00\x8f\xff\x38\x00\x1f\x00\xd1\xff\x54\xff\x32\x00\x46\x00\x67"
  "\xff\xa6\xff\xff\xff\xe5\xff\x30\x00\x01\x00\xd8\x00\x3e\x00\xc4\xff\x09\x01\x65\x00\xf8\xff\xb6\xff\x1a\x00\x55\x00\x1f\x00\x18\x00\x4b\x00\x6c\x01\xc5\xff\xe0"
  "\xff\x48\xff\xf7\xff\xd3\xff\x70\x00\xd6\xff\xf8\xff\xbf\xff\xe7\xff\x99\xff\x09\x00\x57\x00\xc1\xff\x85\x00\xba\xff\xf4\xff\xa7\xff\x6e\x00\x21\x00\x3e\x00\x19"
  "\x00\xbd\xff\xed\xff\xc5\xff\xe5\xff\xde\xff\xe8\xff\x38\x00\x09\x00\xbb\xff\x06\x00\x04\x00\x0f\x00\x5c\x00\x39\x00\x08\x00\x35\x00\xd2\xff\x14\x00\xdc\xff\xc7"
  "\xff\x93\xff\x30\x00\x04\x00\x9c\xff\x33\x00\xc9\xff\xf2\xff\xfb\xff\x38\xff\x39\x00\x23\x00\x3f\x00\xd8\xff\x15\x00\x0d\x00\x02\x00\x62\xff\x13\x00\x0d\x00\x06"
  "\x00\x0d\x00\x44\x00\x0c\x00\xfc\xff\x28\x00\x06\x00\xd0\xff\x78\x00\x74\x00\xb8\xff\x89\xff\xce\xff\x6b\xff\xf2\xff\x22\x00\xa1\xff\x4a\x00\x26\x00\xf8\xff\x18"
  "\x00\x3e\x00\xda\xff\x3f\x00\x39\x00\xbf\xff\xdd\xff\xc7\xff\xa8\xff\xfd\xff\x82\x00\x96\x00\x0b\x00\x97\xff\x68\x00\x06\x00\xf4\xff\x37\x00\xba\xff\xed\xff\x3a"
  "\x00\x23\x00\x8b\xff\x26\x00\x38\x00\x0a\x00\xe6\xff\x69\x00\x9d\xfe\x3a\x00\xf2\xff\xd9\xff\xea\x00\x49\x00\xdb\xff\x1b\x00\x87\xff\x00\x00\xea\xff\x19\x00\x8e"
  "\xff\x23\x00\xef\xff\xfd\xff\x1e\x00\x2d\x00\xdd\xff\x34\x00\x07\x00\x0d\x00\xf7\xff\x20\x00\xd7\xff\xcc\xff\x81\x00\x51\x00\xcb\xff\x40\x00\x25\x00\x0c\x00\x81"
  "\xff\x7b\x00\xad\xff\x48\x00\xb7\xff\xda\xff\xb2\xff\x43\xff\x59\xff\x29\x00\xd4\xff\x35\x00\xbc\xff\x38\x00\x17\x00\x06\x00\x9b\xff\xd0\xff\x35\x00\xb6\xff\xfc"
  "\xff\x4e\x00\x21\x00\x33\x00\x6b\xff\x8b\x00\x08\x00\x2c\x00\xfc\xff\x23\x00\xb4\xff\x6b\x00\xb7\x00\x3a\x00\x65\x00\xd1\xff\x10\x00\xe3\xff\x8f\xff\xfc\xff\xe9"
  "\xff\xfe\xfe\x0f\x00\x02\x00\x4d\x00\x25\x00\x2c\x00\xb6\xff\xee\xff\x37\x00\xcc\xfe\x20\x00\xd3\xff\x9d\x00\x47\x00\xd1\xff\xfa\xfe\x69\x00\x33\x00\x37\x00\x27"
  "\x00\x3c\x00\x19\x00\x73\x00\x19\x00\x13\x00\xec\xff\xdb\xff\xf1\xff\x37\xff\xe8\xff\x04\x00\x53\x00\xf2\xff\x57\xff\xff\xff\x88\xff\xf7\xff\x40\x00\x65\x00\x1a"
  "\x00\x5a\x00\xeb\xff\xf0\xff\x20\x00\x46\x00\x25\x00\xa2\xff\x10\x00\xfd\xff\x30\xff\x7f\x00\x82\x01\x37\x00\x11\x00\x1e\x00\xba\xff\xc1\xff\x1f\x00\xb2\xff\x1e"
  "\x00\x44\x00\x1b\x00\x0d\x00\xf7\xff\x99\xff\x2f\x00\x20\x00\x02\x00\x11\x00\x78\x00\xee\xff\x1b\x00\x98\x00\x74\x00\x64\xff\xf5\xff\x09\x00\x5d\x00\x7b\xff\x0c"
  "\x00\x03\x00\xae\xfe\xe2\xff\x13\x00\xe5\xff\xfc\xff\x2f\x00\x32\x00\x55\x00\x6e\x00\x55\x00\x03\x00\xdf\xff\xfb\xff\x20\x00\x0d\xff\xc1\xff\x95\x00\xad\x00\xf6"
  "\xff\xe5\xff\x79\x00\x79\x00\x08\x01\xd0\xff\xff\xff\x04\x00\x69\x02\x09\x00\x0e\x00\x25\x00\xaa\xff\x1a\x00\x2c\x00\x97\xff\xc4\xff\xdc\xff\x60\xff\x15\x00\xb9"
  "\xff\x1e\x00\xc0\xff\xfc\xff\xa7\xff\x55\xff\x79\x00\x55\x00\xd4\xff\x2c\x00\x8c\x00\x48\x00\xbe\xff\x2a\x00\x31\x00\xe8\xff\xe7\xff\x15\x00\x16\x00\x44\x00\xf2"
  "\xff\xe8\xff\x1c\x00\x0c\x00\x6e\x00\x12\x00\x17\x00\xf0\xff\x3b\x00\x64\xff\x03\x00\xdc\xff\x8b\xff\x18\x00\x7d\x00\x9a\x01\x38\xff\x86\xff\xcb\xff\xdc\xff\x3d"
  "\x00\xc1\xff\x77\xff\x2b\x00\xa6\xff\x16\x00\x99\x00\xdf\xff\x28\x01\x1e\x00\x84\xff\x2e\x00\x72\x00\x7c\xff\xf0\xff\x16\x00\xa8\x00\xef\xff\x44\xff\x0a\x00\xfc"
  "\xff\x33\x00\x9c\xff\xdc\xff\x55\x00\x6e\xff\x33\x00\xfa\xff\x4f\x00\xa5\x00\xa4\xff\xd3\xff\xd8\x00\x76\x00\x1b\x00\x4f\x00\xf9\xff\x51\xff\x62\x00\xda\xff\xf4"
  "\xff\x31\x00\xda\xff\xbd\xff\xe9\xff\xb8\xff\xf4\xff\xae\xff\x16\x00\x8f\x00\x0e\x00\xbc\xff\x0c\x00\x53\xff\xe0\xff\xdf\x00\x80\xff\xb8\x00\x3a\x00\x5f\x00\xcd"
  "\x00\xe0\xff\x6d\xff\x0c\x00\x37\x00\xc0\xff\xbd\xff\xfd\xff\xce\xff\x1c\x00\x70\xff\x4f\x00\xfb\xff\x94\xff\x78\xff\x37\x00\xf4\xff\x84\x00\xbd\x00\x55\x00\x7b"
  "\xff\x24\xff\x74\x00\xc8\xff\x97\x00\xdd\xff\xfe\xff\x32\x00\xf9\xff\x3a\x00\xf5\xff\x2a\x00\x31\x00\xf5\xff\xf4\xff\x0b\x00\x18\x00\x05\x00\xe4\xff\xe0\xff\xe5"
  "\xff\xf0\xff\xe1\xff\xfc\xff\xfb\xff\xbc\xff\xf1\xff\x37\x00\x0b\x00\x16\x00\xd3\xff\x37\x00\x03\x00\x90\xff\xf5\xfd\x2d\x00\x52\xfe\xe6\xff\x7a\xff\xfa\xff\xfb"
  "\xff\x7e\xff\x9b\xff\x27\x00\xea\xff\xc6\xff\x53\x00\xe4\xff\x66\x00\xc8\xff\x17\x00\x2f\x00\xe7\xff\x13\x00\x43\x00\xf7\xff\xe3\xff\xa1\x00\x35\x00\xec\xff\xfc"
  "\xff\x87\xff\x83\xff\x35\x00\x2f\x00\x8d\x00\xf2\x00\x22\x00\x09\x00\x18\x00\xef\xff\x0e\x00\xb5\xff\xef\xff\xef\xff\xdc\xff\xe8\xff\x12\x00\xb1\x00\xe8\xff\xdb"
  "\xff\xe0\xff\x33\x00\x28\x00\x16\x00\xf7\xff\x40\x00\x09\x00\x05\x00\x09\x00\x3e\x00\xfd\xff\xfa\xff\xfe\xff\x20\x00\xfb\xff\x24\x00\xb0\xff\xee\xff\xf1\xff\x07"
  "\x00\xfe\xff\xf2\xff\x55\x00\x40\xff\x28\x00\x48\x00\xf2\xff\x97\xff\x11\x00\xf9\xff\x0f\x00\x0b\x00\x0f\x00\xc6\xff\x11\x00\x22\x00\xfc\xff\xae\xff\x29\x00\x14"
  "\x00\x25\x00\x16\x00\xff\xff\x09\x00\xf8\xff\xf8\xff\xf9\xff\xf4\xff\xc4\xff\x05\x00\x11\x00\x1a\x00\xd9\xff\x44\x00\x0c\x00\x83\x00\x63\x00\x31\x00\x06\x00\x69"
  "\x00\x10\x00\xf9\xff\x39\x00\xc6\xff\xd1\xff\x80\x00\x01\x00\xf7\xff\x3a\x00\x75\xff\x04\x00\x8a\x01\xb5\xff\x19\x00\x4c\xfe\xac\xff\x30\x00\xe4\xff\x1b\x00\xfd"
  "\xff\x49\xff\x4b\x00\xbc\xfe\x29\x00\x47\x00\x67\x00\x9d\xff\xac\xff\x5c\xfe\x08\xff\x34\x00\x7d\xff\x4b\x00\x6c\x00\x97\x00\x52\xff\xc0\xff\x73\xff\xae\xff\xfd"
  "\xff\xcb\xff\x28\x00\x83\x00\x8f\xff\xec\xff\x01\x00\xa8\xff\x4c\x00\xa9\x00\x4e\xff\x02\x00\x8f\xff\x5d\x00\x28\x00\xe8\xfe\x0a\x00\x13\x00\xec\xff\x43\x00\xd4"
  "\xff\x57\xff\x8f\xff\x2e\xff\x65\x00\x0a\x00\x80\x00\x52\xff\xf8\xff\x03\x00\xce\xff\x1b\x01\xf8\xff\x10\x00\xe9\xff\x35\x00\x57\x00\x5e\xfe\x86\xff\x21\x00\x1f"
  "\x00\x15\x00\x2e\x00\x01\x00\x3c\x00\x18\x00\x32\x00\xe1\xff\xbd\xff\xda\xff\x07\x00\x22\x00\xb8\xff\x4c\x00\xb5\xff\xf3\xff\xd7\xff\x04\x00\x1c\x00\x18\x00\xa4"
  "\x00\xde\xff\xe8\xff\x10\x00\xcc\xff\x7f\xff\xde\xff\x4a\xff\xfa\xff\x0b\x00\x1b\x00\xff\xff\x2e\x00\x65\x00\x3c\x00\xb6\xff\x5d\x00\x79\xff\x69\xff\x20\x00\x31"
  "\x00\x36\x00\xb4\xff\xfb\xff\xf4\xff\x46\x00\xfb\xff\x43\x00\x1d\x00\x1b\x00\x07\x00\xdb\xff\xfc\xff\xf8\xff\xa9\xff\x50\x00\x0f\x00\xef\xff\xee\xff\xfd\xff\xd3"
  "\xff\x04\x00\x04\x00\x27\x00\xf2\xff\x0b\x00\x1a\x00\x18\x00\xc1\xff\xd2\xff\x62\x00\x28\x00\x72\x00\xdc\xff\xe1\xff\xd6\xff\x26\x00\xc9\xfe\x25\x00\xc9\x00\x97"
  "\xff\xc3\xff\xcd\xff\x78\xff\x86\xff\xe5\x00\x76\x00\x3e\x00\x6f\x00\x31\x00\xc4\xff\x0a\x00\xf6\xff\x09\x00\x24\x00\xff\xff\xf6\xff\x15\x02\xa5\xff\xf0\xfe\x46"
  "\xff\x6b\x00\xda\xff\x9d\xff\x13\x00\xca\xff\x12\x00\x23\x00\xc6\xff\xf9\xff\x15\x00\xac\xff\x19\x00\x1c\x00\xd8\xff\xf0\xff\xe4\xff\x0c\x00\xe2\xff\x75\xff\xec"
  "\xff\x26\x00\x54\x00\x12\x00\xf1\xfd\x35\x00\xe7\xff\x78\x00\x7f\x00\xff\xff\x21\x00\xf1\xff\xcb\xff\x8d\xff\x3c\x00\x29\x00\x26\x00\xfd\xff\xd2\xff\x30\x00\xd8"
  "\xff\xce\xff\x4d\x00\x20\x00\xf7\xff\x65\x00\xb9\xff\xc4\xff\x47\x00\x0c\x00\xf4\xff\x35\x00\x19\x00\x73\x00\x82\xff\x70\x00\xfd\xff\x08\x00\xf8\xff\xb4\xff\xe9"
  "\xff\xdc\xff\xf5\xff\x00\x00\xeb\xff\x5b\x00\xc8\xff\xd4\xff\xcd\x00\xb9\xff\xa9\xff\x0d\x00\x19\x00\xe5\xff\xb0\xff\x08\x00\x8f\xff\x33\x00\x2c\x00\x32\x00\xf1"
  "\xff\xcf\xff\x18\x00\x02\x00\xd2\xff\xcc\xff\x70\x00\xa3\x00\xe7\xff\x2e\x00\x52\x00\x19\x00\x00\x00\xc7\xff\xb9\xff\x29\x00\xb8\xff\x95\x00\xca\xff\x67\xff\x00"
  "\x00\x99\xff\xda\xfe\x0d\x00\xe3\xff\x28\x00\xf3\xff\x2b\x00\xe0\xff\xff\xfe\x1b\x00\x61\x00\x27\x00\x15\x00\x56\x00\x89\x00\x0b\x00\x08\x00\x57\x00\xa1\xff\xed"
  "\xff\x58\x00\x3a\x00\x8a\xff\xba\xff\x06\x00\x13\x00\xe8\xff\x69\x00\xfc\xff\xdc\xff\x2a\xff\xe9\xff\x44\x00\x5e\x01\xd3\xff\x63\x00\x70\x00\x43\x00\x58\x00\xea"
  "\x00\x77\x00\x5d\x00\xa2\x00\x7c\xff\x01\x00\xfd\xff\x79\x00\x3f\x00\x1b\x00\xbf\xff\xd0\xff\x10\x00\x9b\x00\xef\xff\x26\x00\xd0\xff\xef\xff\xd8\xff\xe8\xff\x25"
  "\x00\xf0\xff\x99\xff\xfe\xff\xa9\xfd\xf5\xff\x0d\x00\xe8\xff\xd7\xff\x0d\x00\xe9\xff\xf3\xff\x02\x00\xf1\xff\x0c\x00\x02\x00\x02\x00\x13\x00\xe9\xff\xfb\xff\xff"
  "\xff\xf9\xff\x3d\x00\xf0\xff\x00\x00\x12\x00\xe6\xff\x01\x00\xfa\xff\x0b\x00\x1e\xff\x01\x00\x0d\x00\xaf\xff\x84\xff\xef\xff\xcd\xff\x06\x00\x1d\x00\xe7\xff\xcf"
  "\xff\x09\x00\xd6\xff\x2b\x00\x39\x00\xf1\xff\xf9\xff\x20\x00\x3e\x00\x25\x00\x10\x00\xfa\xff\xd4\xff\x65\x01\x03\x00\x27\x01\xfc\xff\xb4\xff\x22\x00\x15\x00\xf0"
  "\xff\xd3\xff\xf9\xff\x19\x00\xed\xff\xe6\xff\xdc\xff\xb0\xff\xe7\xff\xcd\xff\x1e\x00\x45\x00\x71\x00\x2b\x00\x4f\x00\xf7\xff\x50\xff\x57\x00\x77\x00\x25\x00\x8c"
  "\xff\xde\xff\x03\x00\xb0\xff\x1b\x00\x1c\x00\xff\xff\x07\x00\x03\x00\xed\xff\x01\x00\xf8\xff\xf7\xff\x14\x00\x98\x00\x0b\x00\x61\x00\xfe\xff\xda\xff\xc0\xff\x05"
  "\x00\xd5\xff\xd5\xff\xea\xff\xfb\xfe\x63\x00\x52\x00\xfd\xff\x85\x00\xd0\xff\xb4\xff\x31\x00\xff\xff\xf5\xff\xeb\xff\x0f\x00\x6a\xff\x04\x00\x05\x00\xc1\xff\x05"
  "\x00\xe6\xff\xbd\xff\x4c\x00\xf2\xff\xee\xff\x96\xff\x45\x00\xe6\xfe\xfa\x00\x08\x00\xb9\xff\xf7\xff\x0f\x00\x12\x00\x1e\x00\xdb\x00\x0a\x00\x2d\x00\xfc\xff\x81"
  "\x00\x2e\x00\x2f\x00\x1f\x00\xb5\xff\xe9\xff\xf7\xff\x97\xff\x0b\x00\x11\x00\x8a\x00\x2e\x00\xf4\xff\x8e\xff\x11\x00\x1a\x00\xf4\xff\x35\x00\x57\x00\xe6\xff\x72"
  "\x00\xb3\x00\x25\x00\x3c\x00\x10\x00\x4b\x00\x09\x00\x12\x00\x9d\x00\xf1\xff\x9f\xfe\x62\x00\xa0\x00\x28\x00\x37\x00\x0c\x00\x04\x00\x04\x00\x08\x00\x01\x00\xd7"
  "\xff\x2a\x00\x70\xff\x2a\x00\xd7\xff\x48\x00\x21\x00\x05\x00\x38\x00\xd8\xff\x2f\x00\x1c\x00\x77\x00\x1e\x00\x3a\x00\x04\x00\x3a\x00\xfc\xff\x02\x00\xbf\xff\x18"
  "\x00\xbe\xff\x17\x00\xf3\xff\xdc\xff\xf8\xff\xfb\xff\xef\xff\xea\xff\x06\x00\x2a\x00\x15\x00\x2d\x00\xff\xff\x48\x00\x09\x00\x0a\x00\xcd\xff\xc7\xff\x02\x00\xf1"
  "\xff\xe3\xff\xdb\xff\xe2\xff\x2d\x00\xca\xff\xeb\xff\x43\xff\xbb\xff\xd9\xff\xc5\xff\x65\x00\x67\xff\xb1\xff\x9d\xff\x04\x00\x70\x00\xf9\xff\x9e\xff\x01\xff\x03"
  "\x01\xb5\xff\x60\x00\x0e\xff\xe4\xff\x35\x00\x86\xff\x15\x00\xc8\x00\xe4\x00\x34\x00\x7e\x00\x22\x00\xcf\xff\x03\x00\x1f\x00\x5b\xff\x72\x00\x3f\x00\x01\x00\x34"
  "\x00\xe8\xff\x0f\x00\xbb\xff\x48\x00\x55\xff\x0a\x00\x46\x00\xd0\xff\xcc\xff\xf1\xff\xe8\xff\xd5\xff\x19\x00\x9b\x00\x31\x00\xdc\xff\x19\x00\xc2\xff\x03\x00\xff"
  "\xff\x0f\x00\x3f\x00\xef\xff\xd6\xff\x2c\xff\xfe\xff\x52\x00\xbc\xff\xf4\xff\x4b\x00\xa5\x00\x0b\x00\x88\x00\xfe\xff\xf2\xff\xbc\x00\x0c\x00\x65\xfe\x48\x00\x7e"
  "\x00\x1f\x00\xbf\xff\xba\xff\x0a\x00\xfc\xff\x3b\x00\x47\x00\xb6\xff\xe6\xff\x3a\xff\xea\xff\xbe\xff\x5a\x00\x3c\x00\x0d\x00\x1e\x00\x30\x00\x47\x00\xf3\xff\x4c"
  "\x00\x09\x00\xd3\xff\xb4\x00\xfc\xff\xf8\xff\x1e\x00\x79\x00\x8f\xff\xa7\x00\x9a\x00\xd8\xff\x9f\x00\xeb\xff\x51\x00\x4e\x00\xaa\x00\x64\x00\xf6\xff\x1b\x00\x33"
  "\x00\xe2\xff\xd6\xff\xe1\xff\x67\xff\x6f\xff\x44\x00\x83\xff\xdc\xff\x0c\x00\x48\x00\xac\xff\x31\x00\x5b\x00\xf5\xff\xf2\xff\x49\x00\xd4\xff\x14\x00\x82\x00\xdd"
  "\xff\x50\x00\xb5\xff\xee\xff\x16\x00\xc9\xff\x45\x00\x33\x00\x24\x00\x58\x00\x98\xff\xea\xff\x06\x00\xe6\xff\x4b\x00\x1e\x00\x0b\x00\xeb\xff\x05\x00\x1c\x00\x16"
  "\x00\x26\x00\x32\xff\xcb\xff\x23\x00\x75\x00\x84\x00\x2e\x00\x12\x00\xdb\xff\xe7\xff\xce\xff\xf3\xff\x43\x00\x8d\x00\xe4\xff\xf9\xff\x15\x00\x00\x00\x0f\x00\xf4"
  "\xff\xe0\xff\xcb\xff\x9e\xff\xc3\xff\xdf\xff\xa0\xff\xf7\xff\x07\x00\x06\x00\x4e\x00\xe5\xff\x08\x00\x21\x00\xd9\xff\x01\x00\xa8\xff\xb1\xff\xfd\xff\x10\x00\xf1"
  "\xff\x12\x00\x18\x00\x9a\xff\x6e\x00\xc8\x00\xb7\xff\xa5\xff\x6b\x00\x0c\x00\xf1\xff\x62\x00\x95\x00\x02\xff\xdd\xff\xee\xff\x79\x00\xed\xff\x7b\x00\xec\xff\x07"
  "\x00\xbf\xff\xe8\xff\xf7\xff\xeb\xff\xbc\xfd\x96\xff\x3b\x01\x97\x00\x08\x00\x04\x00\x48\x00\xe3\xff\x31\x00\x5b\x00\x20\x00\xc0\xff\xc1\xff\xf3\xff\xc3\xff\x12"
  "\x00\x01\x01\x9c\x00\x0f\x00\x94\xff\xa0\x00\x5a\x00\xda\xff\xb1\xff\xdd\xff\x21\x00\x71\xff\x0f\x00\x23\x00\x5a\x00\xaf\xff\xfa\xff\x99\xff\x17\x00\xfb\xff\x2a"
  "\x00\x2b\x00\xd7\xff\x29\x00\xb6\xff\xa4\x00\x39\x00\xdd\xff\x23\x00\xc7\xff\xea\xff\xe8\xff\x26\x00\x45\x00\xea\xff\xfb\xff\xcd\xff\x65\x00\x8a\x00\xfb\xff\x50"
  "\x00\x0c\x00\x32\x00\x19\x00\xed\xff\xed\xff\x38\xff\xe7\xff\xe1\xff\xfa\xff\x0d\x00\xeb\xff\x23\x00\xc9\xff\x00\x00\x08\x00\x9c\xff\xb7\xff\x19\x00\xa9\xff\x43"
  "\x00\x53\x00\xd1\xff\xee\xff\x1f\xff\xe5\xff\x6f\x00\x1b\x00\x3d\x00\x0c\x00\xf0\xff\xd6\xff\x71\xff\x00\x00\x26\x00\xf7\xff\xfa\xff\x32\x00\xdc\xff\xcc\xff\xed"
  "\xff\x50\x00\xbf\xff\xfc\xff\x99\xff\x97\xff\xe0\xff\x18\x00\x0c\x00\xc0\xff\xf1\xff\x37\x00\x8f\xff\xb9\xff\x62\x00\x00\x00\xc3\xff\x82\xff\xf0\xff\xd4\xff\x25"
  "\x00\xce\xff\x48\x00\x60\x00\x58\xff\x42\x00\xa8\xff\x51\x00\x12\x00\x26\x00\xc6\xff\x04\x00\xf7\xff\xd2\xff\xe6\xff\x28\x00\x8d\xff\xbe\xff\xc3\xff\xe2\xff\x28"
  "\x00\x19\x00\x0b\x00\x00\x00\x8b\x00\x9a\xff\x14\x00\xe8\xff\x88\xff\x07\x00\xdd\x00\xf6\xff\xd2\xff\x1c\xff\xf7\xff\xe7\xff\x05\x00\x20\x00\xda\xff\x17\x00\x07"
  "\x00\x0b\x00\x44\xff\xed\xff\x1b\x00\xdf\xff\xa6\xff\xcd\xff\xd2\x00\x7f\x00\x17\x00\xf4\xff\xae\xff\x2a\x00\x16\x00\xea\xff\xfa\xff\x06\x00\xc6\xff\xf0\xff\x84"
  "\xff\x13\x00\xf8\xff\x11\x00\xd1\xff\x11\x00\xfd\xff\xfd\xff\x28\x00\xdc\xff\xc1\xff\x15\x00\x0d\x00\x14\x00\x05\x00\xf4\xff\xff\xff\xde\xff\x50\x00\xfc\xff\x13"
  "\x00\x6e\xff\x98\xff\x05\x00\x1d\x00\x1b\x00\xdd\xff\x7f\xff\x3b\x00\x35\x00\xf0\xff\x0a\x00\x4a\x00\xd2\xff\x63\xff\xfc\xff\x08\x00\x43\x00\x00\x00\xf4\xff\x43"
  "\x00\xf3\xff\x35\x00\xf9\xff\xf5\xff\xfa\xff\xc8\xff\x2e\x00\xf4\xff\x31\x00\x15\x00\x26\x00\xb5\xff\x8a\xff\x16\x00\x7e\x00\x2f\x00\x52\x00\x15\x01\x12\x00\xed"
  "\xff\x04\x00\x07\x00\xc3\xff\xad\xff\xb1\xff\x35\x00\xb1\xff\xa0\xff\xd0\xff\x8f\xff\x72\xff\xda\xff\xe3\xff\xb8\xff\x1e\x00\xfd\xff\xd0\xff\x44\x00\xb0\x00\x40"
  "\x00\x11\x00\x3b\x00\x15\x00\xda\xff\x46\x00\x2b\x00\x2d\x00\xbd\xff\xfb\xff\xc3\xff\x25\x00\xff\xff\xf4\xff\xa3\xff\xe8\xff\xfc\xff\x1d\x00\xfa\xff\x3e\x00\x2d"
  "\x00\xda\xff\x0a\x00\x06\x00\xaf\xff\x51\x00\xe9\xff\x27\x00\x13\x01\xeb\xff\x21\x00\xed\x01\xae\xff\x00\x00\x07\x00\xfc\xff\x22\x00\xe7\xff\xe9\xff\xf7\xff\x96"
  "\xff\x3c\x00\xc6\xff\x93\x00\xf6\x00\x03\x00\xd2\xff\x27\x00\xfa\xff\x6a\xff\x7f\xff\xc9\xff\x59\x00\x48\xff\x0c\x00\x2e\x00\x4e\x00\xc5\xff\x1e\x00\xa8\xff\xca"
  "\xff\xec\xff\x40\xff\x5f\x00\xf7\xff\x69\x00\xd1\xff\x19\x00\x53\xff\x08\x00\x4d\x00\x08\x00\x5f\x00\x3a\x00\x68\x00\x1f\x00\xba\x00\x0c\x00\x10\x00\x05\x00\x07"
  "\x00\x76\xff\x0b\x00\xf5\xff\xc8\xff\xc3\xff\xfb\xff\xcf\xff\x66\x00\x95\x00\x87\xff\xfa\xfe\x06\x00\xef\xff\x1f\x00\x38\x00\x12\x00\x2a\x00\xff\xff\xf1\xff\x0e"
  "\x00\xb9\xff\x92\x00\x7a\x00\x00\x00\x09\x00\x00\x00\x03\x00\x00\x00\x31\x39\x32\x02\x00\x00\x00\x78\x00\x00\x00\x79\x00\x00\x00\x04\x00\x00\x00\x01\x00\x00\x00"
  "\x01\x00\x00\x00\x01\x00\x00\x00\x01\x00\x00\x00\x04\x00\x00\x00\x00\x00\x00\x00\x00\x00\x00\x00\x00\x00\x00\x00\x00\x00\x00\x00\x01\x00\x00\x00\x00\x00\x00\x00"
  "\x7b\x00\x00\x00\x01\x00\x00\x00\x20\x00\x00\x00\x35\x2e\x73\x70\x6c\x69\x74\x5f\x79\x5f\x70\x61\x74\x68\x2e\x34\x2e\x63\x6f\x6e\x76\x31\x5f\x31\x31\x2e\x30\x2e"
  "\x62\x69\x61\x73\x00\x00\x00\x00\x01\x00\x00\x00\x20\x00\x00\x00\x00\x00\x02\x00\x00\x00\x09\x00\x00\x00\x18\x00\x05\x00\x04\x00\x11\x00\xdb\xff\x26\x00\x38\x00"
  "\xfd\xff\xdd\xff\xf1\xff\xef\xff\xeb\xff\xfc\xff\xfb\xff\x24\x00\xf7\xff\x23\x00\xe5\xff\x18\x00\xf3\xff\xf8\xff\xdc\xff\xea\xff\x0d\x00\xef\xff\xfe\xff\x16\x00"
  "\x4d\x00\xd7\xff\xfc\xff\xe6\xff\x20\x00\x7c\x00\x00\x00\x04\x00\x00\x00\x10\x00\x00\x00\x31\x39\x32\x5f\x4e\x4f\x54\x5f\x49\x4e\x5f\x47\x52\x41\x50\x48\x02\x00"
  "\x00\x00\x7a\x00\x00\x00\x7b\x00\x00\x00\x7d\x00\x00\x00\x01\x00\x00\x00\x22\x00\x00\x00\x35\x2e\x73\x70\x6c\x69\x74\x5f\x79\x5f\x70\x61\x74\x68\x2e\x34\x2e\x63"
  "\x6f\x6e\x76\x32\x5f\x31\x33\x2e\x30\x2e\x77\x65\x69\x67\x68\x74\x00\x00\x00\x00\x04\x00\x00\x00\x03\x00\x00\x00\x01\x00\x00\x00\x01\x00\x00\x00\x20\x00\x00\x00"
  "\x00\x00\x02\x00\x00\x00\x09\x00\x00\x00\x01\x00\xbc\xfe\x21\x00\xfa\xff\xd1\xfe\xee\xff\x00\x00\x1f\x00\x06\x00\xc1\xff\xec\xff\x03\x00\x03\x00\xdb\xff\xa1\x02"
  "\xfb\xff\xfc\xff\x11\x02\x5d\xff\xcf\xff\xe0\xff\x01\x00\xfc\xff\xe9\xff\xfa\xff\xfe\xff\x59\xfd\xce\xfe\xed\x02\x00\x00\x87\x00\xe3\xfe\x93\x02\x61\xfe\x2d\xfe"
  "\x4e\xfd\x5e\xfe\x70\x02\x6f\x02\x13\xfd\xfc\x01\x90\xfd\xb6\x02\x9e\xfe\x7a\x02\x97\xfd\xfb\xfe\x9a\x02\x96\x02\x81\xfe\x65\xfd\x9c\x02\x45\xfd\xa0\x02\x71\xfd"
  "\x8b\xfe\x61\xfd\x62\xfd\x12\x00\xd3\xfe\xeb\xff\x7c\x02\x0c\x02\x6d\xfe\xfa\xff\xeb\xfe\xf4\x01\x06\x00\x0d\xff\xe8\xff\xfc\xff\x19\x00\xf9\xff\xe6\xff\x28\x00"
  "\x6d\x02\x08\x00\xf0\xff\xdc\xff\xf2\xff\xfa\xff\xcd\xff\x35\xff\x01\x00\xde\xff\xf2\xff\xf5\xff\x43\x02\x08\x00\x15\x00\x03\x00\x1c\xff\x02\x00\x28\x00\x53\x00"
  "\x20\xff\x7e\x00\x00\x00\x09\x00\x00\x00\x03\x00\x00\x00\x31\x39\x33\x02\x00\x00\x00\x7c\x00\x00\x00\x7d\x00\x00\x00\x04\x00\x00\x00\x01\x00\x00\x00\x01\x00\x00"
  "\x00\x01\x00\x00\x00\x01\x00\x00\x00\x04\x00\x00\x00\x00\x00\x00\x00\x00\x00\x00\x00\x00\x00\x00\x00\x00\x00\x00\x00\x20\x00\x00\x00\x00\x00\x00\x00\x7f\x00\x00"
  "\x00\x01\x00\x00\x00\x20\x00\x00\x00\x35\x2e\x73\x70\x6c\x69\x74\x5f\x79\x5f\x70\x61\x74\x68\x2e\x34\x2e\x63\x6f\x6e\x76\x32\x5f\x31\x33\x2e\x30\x2e\x62\x69\x61"
  "\x73\x00\x00\x00\x00\x01\x00\x00\x00\x20\x00\x00\x00\x00\x00\x02\x00\x00\x00\x09\x00\x00\x00\x0f\x00\x06\x00\x0a\x00\xfb\xff\xfe\xff\x25\x00\x30\x00\x08\x00\xf8"
  "\xff\x0c\x00\x02\x00\xf9\xff\xfc\xff\xff\xff\x1a\x00\xfb\xff\x20\x00\x00\x00\xf9\xff\xf7\xff\x02\x00\xe5\xff\x10\x00\x0f\x00\x10\x00\xfd\xff\xf1\xff\xe9\xff\xe5"
  "\xff\x04\x00\xea\xff\xd9\xff\x80\x00\x00\x00\x04\x00\x00\x00\x10\x00\x00\x00\x31\x39\x33\x5f\x4e\x4f\x54\x5f\x49\x4e\x5f\x47\x52\x41\x50\x48\x02\x00\x00\x00\x7e"
  "\x00\x00\x00\x7f\x00\x00\x00\x81\x00\x00\x00\x01\x00\x00\x00\x22\x00\x00\x00\x35\x2e\x73\x70\x6c\x69\x74\x5f\x79\x5f\x70\x61\x74\x68\x2e\x34\x2e\x63\x6f\x6e\x76"
  "\x33\x5f\x33\x31\x2e\x30\x2e\x77\x65\x69\x67\x68\x74\x00\x00\x00\x00\x04\x00\x00\x00\x01\x00\x00\x00\x03\x00\x00\x00\x01\x00\x00\x00\x20\x00\x00\x00\x00\x00\x02"
  "\x00\x00\x00\x09\x00\x00\x00\x02\x00\xd1\xfe\xfd\xff\xb0\x02\xeb\xfe\x0a\x00\x04\x00\xdb\xff\xfd\xff\x2a\x00\x51\xfd\xe9\xff\x02\x00\x03\x00\xcf\xff\x14\x00\x05"
  "\x00\x40\xff\xb3\xfd\x05\x00\xfc\xff\x05\x00\x03\x00\x5a\x00\x97\x02\xf9\xff\xf3\xff\xd2\xfe\x04\x00\x29\x00\xfe\x00\x25\x01\x8f\x02\x65\xfe\x2f\xfd\xfb\xff\x4a"
  "\xfe\x68\x02\x6a\x02\xe9\x02\x0c\xfe\x6d\x02\xeb\xff\xdf\x02\x77\x02\x9c\xfd\x18\xfd\x68\xfd\x6c\xfd\x92\xfd\xe9\x00\x9d\x02\x2f\x01\xa0\x02\x8c\x02\xb8\x02\xb9"
  "\xff\x9c\x02\x9e\x02\x13\xff\x13\xfd\x8d\xfd\xbb\x01\x71\x01\xf1\xff\xe1\xfe\xca\xff\xff\xff\x30\xff\x20\x00\x04\x00\xdf\xff\xfd\xff\x1a\x00\x15\x00\xf5\xff\xfe"
  "\xff\xf1\xff\xd0\xff\xf4\xff\xfd\xff\xff\xfe\x53\x01\x0c\x00\xa1\xfd\x0e\x00\xe8\xff\x56\x00\x01\x00\xf9\xff\xfd\xff\xea\xfe\xff\xff\xff\xff\xc5\x00\xee\x00\x82"
  "\x00\x00\x00\x09\x00\x00\x00\x03\x00\x00\x00\x31\x39\x34\x02\x00\x00\x00\x80\x00\x00\x00\x81\x00\x00\x00\x04\x00\x00\x00\x01\x00\x00\x00\x01\x00\x00\x00\x01\x00"
  "\x00\x00\x01\x00\x00\x00\x04\x00\x00\x00\x00\x00\x00\x00\x00\x00\x00\x00\x00\x00\x00\x00\x00\x00\x00\x00\x20\x00\x00\x00\x00\x00\x00\x00\x83\x00\x00\x00\x01\x00"
  "\x00\x00\x20\x00\x00\x00\x35\x2e\x73\x70\x6c\x69\x74\x5f\x79\x5f\x70\x61\x74\x68\x2e\x34\x2e\x63\x6f\x6e\x76\x33\x5f\x33\x31\x2e\x30\x2e\x62\x69\x61\x73\x00\x00"
  "\x00\x00\x01\x00\x00\x00\x20\x00\x00\x00\x00\x00\x02\x00\x00\x00\x09\x00\x00\x00\x0a\x00\xf6\xff\xfe\xff\x03\x00\x11\x00\x1f\x00\x2c\x00\x0d\x00\xe8\xff\x0b\x00"
  "\xf0\xff\xfd\xff\xfc\xff\x05\x00\xf0\xff\x02\x00\xe2\xff\x05\x00\xd0\xff\xf9\xff\xf7\xff\xec\xff\x0c\x00\x0d\x00\x14\x00\xfb\xff\xf8\xff\xf5\xff\x11\x00\xf7\xff"
  "\xf0\xff\xdc\xff\x84\x00\x00\x00\x04\x00\x00\x00\x10\x00\x00\x00\x31\x39\x34\x5f\x4e\x4f\x54\x5f\x49\x4e\x5f\x47\x52\x41\x50\x48\x02\x00\x00\x00\x82\x00\x00\x00"
  "\x83\x00\x00\x00\x85\x00\x00\x00\x01\x00\x00\x00\x22\x00\x00\x00\x35\x2e\x73\x70\x6c\x69\x74\x5f\x79\x5f\x70\x61\x74\x68\x2e\x34\x2e\x63\x6f\x6e\x76\x34\x5f\x31"
  "\x31\x2e\x30\x2e\x77\x65\x69\x67\x68\x74\x00\x00\x00\x00\x04\x00\x00\x00\x01\x00\x00\x00\x01\x00\x00\x00\x20\x00\x00\x00\x70\x00\x00\x00\x00\x00\x02\x00\x00\x00"
  "\x09\x00\x00\x00\xe9\xff\x75\x00\x4a\x00\xa0\xff\xd5\xff\x1d\x00\x3e\x00\xfe\xff\xcb\x00\x15\x00\xea\xff\x6c\xff\x82\x00\x37\x00\x6a\xff\xc7\xff\xb2\xff\xd8\xff"
  "\xc5\xff\xb4\xff\xd9\xff\xe7\xff\x19\x00\xf0\xff\xe4\xff\x14\x00\xaf\x00\xcc\xff\xd0\xff\x4b\x00\xf9\xff\xb8\xff\x53\xff\x18\x00\xe2\xff\x44\x00\xe0\xff\x3b\x00"
  "\xce\xff\xd2\xff\xf0\xff\x15\x00\xf6\xff\xd7\xff\xd3\xff\x8d\xff\x30\xff\x36\x00\xbb\xff\xa7\xff\x13\x00\xd8\xff\x68\x00\x21\x00\x65\xff\x81\xff\x18\x00\x0e\x00"
  "\x07\x00\x43\x00\x4a\x00\x5d\x00\x18\x00\xe3\xff\xb1\xff\x85\xff\xe8\xff\xed\xff\x2f\x00\x5c\x00\x96\xff\x18\x00\x2e\x00\xbc\xfe\x83\x00\xdd\xff\xdd\xff\x93\xff"
  "\x2d\x00\x2d\x00\xa9\xff\xe2\xff\x03\x00\xf9\xff\xbe\xff\x9a\xff\x32\x00\xd8\xff\xbb\xff\xbb\xff\xe0\xff\x21\x00\x62\x00\xa0\x00\xfe\xff\x27\x00\x23\x00\xa3\xff"
  "\x1d\x00\x33\x00\x18\x00\x0b\x00\x61\xff\xc8\xff\x1e\x00\xfa\xff\x9d\xff\x44\x00\xc5\xff\xef\xff\xff\xff\x93\xff\x53\x00\x03\x00\x04\x00\xd3\xff\x52\x00\x04\x00"
  "\xff\xff\x22\x00\x5c\xff\xe1\xff\x33\x00\x2b\x00\xf5\xff\x1d\x00\x65\x00\x5f\xff\x12\x00\x2b\x00\xf6\xff\x13\x00\xcd\x00\xa9\xff\x1a\x00\x7d\x00\x2c\x00\xde\xff"
  "\xfc\xff\x19\x00\x46\x00\xe0\xff\xe9\xff\x75\x00\x18\x00\x0c\x00\x62\xff\x7a\x00\x5e\x00\xcf\xff\xd1\xff\x96\xff\x72\x00\xfb\xff\xc9\xff\xb8\xff\xe4\xff\xf5\xff"
  "\xcf\xff\x94\x01\x48\x00\x1e\x00\x46\x00\x49\x00\xec\xff\x58\x00\x69\x00\x48\x00\x5d\x00\xaa\xff\xd4\xff\x10\x00\x11\x00\xd0\xff\x78\xff\xd2\xff\x5e\x00\xf2\xff"
  "\xf8\xff\x1f\x00\x27\x00\xf9\xff\x13\x00\x46\x00\x53\xff\x80\xff\xe7\xff\x4c\x00\xb0\x00\xc4\xff\xec\xff\x9b\x00\x78\x00\xd8\xff\x02\x00\x0d\x00\x56\x01\x75\x00"
  "\x25\x00\x09\x00\xc4\x00\xaf\xff\xcb\xff\x02\x00\x24\x00\xdf\xff\x92\xff\x50\x00\x26\x00\x8b\x00\x15\x00\x0f\x00\x29\x00\x60\xff\x01\x00\xa0\x00\xd1\xff\x94\x00"
  "\xc1\xff\xcb\xff\xf0\xff\xf4\xff\xef\xff\x6b\x00\x47\x00\xdb\xff\x2c\xff\xdf\xff\x5f\xff\x05\x00\xc4\xff\x6f\xff\xde\xff\x5d\x00\xb9\xff\x8d\xff\xe3\xff\x18\x00"
  "\xe4\xff\x3b\x00\xd0\xff\xe5\xff\x21\x00\xa0\xff\x09\x00\xc8\xff\x07\x00\x14\x00\xdd\xff\xfb\xff\x34\x00\x1c\x00\x0b\x00\x02\x00\xf1\xff\x7d\x00\x25\x00\xab\xff"
  "\x35\x00\xef\xfe\x01\x00\x6b\xff\xe3\xff\xd2\x00\x75\x00\x01\x00\xa0\xff\xcc\xff\x64\x00\x47\x00\x3a\x00\x88\xff\x4e\x00\x01\x00\x43\x00\x1a\x00\x11\x00\xb1\x00"
  "\x1a\x00\xc8\xff\xfc\xff\x36\x00\xfb\xff\x0b\x00\x0d\x00\x4f\x00\xb5\xff\xd0\xff\x63\x00\x4c\x00\xfc\xff\x96\xff\xed\xff\x2b\x00\xdd\xff\x2b\x00\x75\xff\x4c\x00"
  "\xfb\xff\xe2\xff\xd4\xff\xcb\xff\x17\x00\xe1\xff\x36\x00\xa1\xff\xac\xff\xfd\xff\x03\x00\x1f\x00\xbe\xff\x15\x00\xff\xff\x47\x00\x95\x00\xed\xff\xef\xff\xce\xff"
  "\xfb\xff\x16\x00\x1d\x00\x4c\x00\xdf\xff\xf6\xff\x0c\x00\xfa\xff\xfd\xff\x04\x00\x1c\x00\x50\xff\x37\x00\xe9\xff\xfb\xff\x2d\x00\x58\x00\x32\x00\xbf\xff\x45\x00"
  "\x1c\x00\xf9\xff\xfe\xff\x09\x00\xfb\xff\x56\x00\x82\xff\xc9\xff\x06\x00\xce\xff\xe1\xff\x00\x00\xf6\x00\xe1\xff\xdd\xff\x35\xff\xc9\xff\xfa\xff\x77\x00\xf8\xff"
  "\xdb\xff\xad\xff\x10\x00\x42\x00\x36\x00\xf9\xff\x13\x00\x0a\x00\xe1\xff\xfd\xfe\x16\x00\xeb\xff\x03\x00\xcc\xff\x3b\x00\xfd\xfe\x2b\x00\xb0\xff\x80\xff\xf5\xff"
  "\xe4\xff\xcc\xff\x46\x00\xfc\xff\xf7\xfe\xbe\xff\x2a\x00\xfd\xff\x19\x00\x49\x00\xd5\xff\x3d\x00\x19\x00\x11\x00\x32\x00\x40\x00\xd5\xff\xa0\xff\x1d\x00\x18\x00"
  "\x1e\x00\xfb\xff\xa9\xff\xa7\x00\xaf\xff\x1e\x00\xb4\xff\x05\x00\xe9\xff\x37\x00\xc8\xff\x78\x00\x04\x00\x1a\x00\xca\xff\xee\xff\xf1\xff\x8b\x00\x10\x00\x0a\x00"
  "\xf5\xff\xf5\xff\x55\x00\x11\x00\x9f\xff\x9c\xff\xf4\xff\x4b\x00\xbe\xff\xf3\xff\xe3\xff\x02\x00\x17\x00\x4b\x00\xd6\xff\xf7\xff\xf6\xff\x0b\x00\xf7\xff\x08\x00"
  "\x0a\x00\x2a\x00\x99\xff\xeb\xff\x5b\xff\xd3\xff\xf8\xff\x10\x00\xf6\xff\x4f\x00\xba\xff\x90\x00\x9a\x00\x30\x00\xc1\xff\x3d\x00\x4a\x00\x8b\x00\xb7\xff\x8a\x00"
  "\x44\x00\x1d\x00\x19\x00\x5e\x00\x1d\x00\x9f\x00\xf8\xff\x45\x00\xe9\xff\x88\x00\x0d\x00\x54\x00\x74\xff\xfa\xff\x12\x00\xc9\xff\x15\x00\x39\x00\x25\x00\xbe\xff"
  "\xe5\xff\x2e\x00\x37\x00\x15\x00\xc7\xff\x8c\x00\x91\x00\x70\x00\x19\x00\xda\xff\x1c\x00\xf8\xff\x4f\x00\x14\x00\x9f\xff\x41\x00\x90\xff\x0e\x00\x31\x00\x2f\x00"
  "\xef\xff\xb9\xff\x90\xff\x9a\xff\x98\xff\x55\x00\x89\x00\x0f\x00\x6b\xff\xd7\x00\xbe\x00\x88\x00\x19\xff\x23\x00\xaf\xff\x91\x00\xdb\x00\x4a\x00\x23\x00\x0e\x00"
  "\x59\x00\xf8\xfe\xfb\xff\xe1\xff\x6f\xff\xde\xff\x32\x00\xd7\xff\x05\x00\x70\x00\x17\x00\x51\x00\x45\x00\x3b\x00\xf7\xff\x47\x00\xeb\x00\xa0\x00\x59\x00\x0d\x00"
  "\xdc\xff\x53\xff\x48\x00\xb4\xff\x47\xff\x73\x00\x9a\x00\xc6\xff\x3c\x00\x1f\x00\x20\x00\x63\x00\x84\x00\xc8\xff\x81\xff\x11\x00\x4a\x00\xbe\xff\x15\x00\x2b\x00"
  "\x3f\x00\x70\x00\xd9\xff\x17\x01\x9b\x00\x3e\x00\xbb\x00\x7e\x00\x3d\x00\x80\x00\xa2\xff\x42\x00\x4c\x00\x8a\x00\x72\x00\x9a\x00\x17\x00\xc5\xff\xa2\x00\x72\x00"
  "\xd3\xff\x10\x00\x1f\x00\x8d\xff\x91\xff\xf5\xff\x54\x00\xd8\xff\x2f\x00\x5d\x00\x24\x00\xca\xff\x0e\x00\x9f\xff\xa9\x00\x2c\x00\x99\xff\x0b\x00\x72\x00\x24\x00"
  "\x1d\x00\xf5\xff\xcd\xff\xb9\xff\xca\x00\x87\x00\xc0\xff\x7a\x00\x7c\xff\x4c\x00\xc6\x00\x7a\x00\xf0\x00\xfa\xff\x7f\xff\x2d\x00\x86\xff\x75\x00\xd3\xff\x16\x00"
  "\xf7\xff\x47\x00\x70\x00\x6e\xff\x9f\x00\x79\x00\x13\xff\x12\x00\x7a\x00\x5d\x00\x3a\x00\x1c\x00\x16\x00\x44\x00\x70\x00\x6e\xff\x94\xff\xed\xff\x49\x00\x34\x00"
  "\x5f\x00\x8a\x00\x62\x00\xc6\xfe\x0c\x00\xc1\xff\x1b\x00\x13\x00\x47\x00\xf7\xff\x28\x00\x81\xff\xb6\xff\x6a\x00\x29\x00\x6e\xff\xb9\xff\xd6\xff\x43\x01\x39\x00"
  "\xf7\xff\x72\x00\x36\x00\x71\x00\x78\x00\x54\xff\xec\xff\x90\x00\xa2\x00\x50\xff\x08\x00\x09\x00\x85\x00\x63\x00\x55\x00\x3d\x00\x04\x00\x80\xff\x75\xff\x23\x00"
  "\x1e\x00\x20\x00\x63\x00\x06\x00\x45\x00\x01\x00\xe2\xff\x29\x00\x30\x00\x55\x00\x9d\xff\xe5\xff\x06\x00\x60\x00\xb7\x00\x42\x00\x33\x00\xa9\xff\xd3\xff\xfd\xff"
  "\x13\x00\x5e\x00\x34\x00\x50\x00\x6f\xff\x92\x00\x09\x00\xc0\xff\x10\x00\x0f\xff\x1b\x00\xff\xff\x1a\x00\x6e\x00\x49\x00\xb7\xff\xfb\xff\x42\x00\x1d\x00\x0f\x00"
  "\x19\x00\xd8\xff\x94\xff\xc8\xff\xfa\xff\x41\x00\x7d\x00\x1a\x00\x63\x00\xf4\xff\xfe\xff\xdb\xff\x9f\x00\x39\x00\xa6\xff\x23\x00\xef\xff\xe2\xff\x56\xff\xa3\x00"
  "\x35\xff\xfd\xff\xe9\xff\x01\x00\x70\x00\xb6\xff\x4b\x00\xa7\xff\xba\xff\x8e\xff\xfc\xff\x57\x00\x22\x00\xd3\xff\xcc\xff\x50\x00\xe0\xff\xdc\xff\x3a\x00\x8b\x00"
  "\xd1\xff\x87\xff\xd4\xff\xcb\xff\xd7\xff\x8a\xff\x2b\x00\x6c\x00\xf7\xff\x00\x00\xb3\x00\xbe\xff\xe7\xff\xd2\xff\x13\x00\x01\x00\xda\xff\x90\xff\xd8\xff\x25\x00"
  "\x64\x00\xe5\xff\x07\x00\xe8\xff\x8e\x00\x23\x00\xe5\xff\xfd\xff\xd5\xff\xd6\xff\xa9\xff\xf3\xff\xd2\xff\x26\x00\x43\xff\xc3\xff\xc2\xff\x14\x00\xc9\x00\xc7\xff"
  "\x03\x00\x39\x00\x54\x00\x8a\x00\xd8\xff\xff\xff\xfc\xff\xe7\xff\xdc\xff\x55\x00\xf1\xff\x11\x00\x67\x00\xb4\xff\xdc\xff\x2e\x00\x62\x00\x56\xff\x3a\x00\x01\x00"
  "\x5a\x00\x2b\x00\x02\x00\x32\x00\x15\x00\x7a\x00\xef\xff\xe6\xff\x19\x00\xcc\xff\x5d\x00\xed\xff\x01\xff\xed\xff\x1b\x01\xbe\xff\x00\x00\x64\x00\x85\xff\x4d\x00"
  "\x18\x00\xb3\xff\xd9\xff\x1b\x00\x71\x00\x63\x00\x04\x00\xba\xff\x22\x00\xed\xff\xc7\xff\x6c\x00\xc5\xff\xc3\xff\xcc\xff\x22\x00\xf2\xff\xf6\xff\xdf\xff\xb6\xff"
  "\x3c\x00\xff\xff\x84\xff\xf6\xff\x74\x00\x08\x00\xc9\xff\xc8\x00\xf0\xff\xa2\xff\x07\x00\xa3\xff\x17\x00\x57\x00\x92\xff\x0d\x00\xcd\xff\x08\x00\xe0\xff\x56\xff"
  "\xcf\xff\x71\x00\x75\x00\x6c\x00\x10\x00\xaf\x00\xfa\xff\x05\x00\xa8\xff\xed\xff\x0c\xff\x1a\x00\xbb\xff\x1a\x00\xe1\xff\xcf\xff\xd1\xff\x8e\x00\x0b\x00\x6c\x00"
  "\xb4\xff\x68\xff\x20\x00\xc5\xff\xa8\x00\x46\x00\x46\x00\xf3\xff\xdc\xff\x86\xff\x67\xff\xf4\xff\xf5\xff\xfd\xfe\x7d\x00\xe2\xff\xa0\xff\x5b\xff\x7b\x00\xd0\xff"
  "\x18\xff\x83\xff\x80\x00\xd6\xff\x47\xff\x54\xff\x4c\x00\xd0\xff\x1c\x00\x3b\x00\x04\x00\xf6\xff\x34\x00\x81\xff\xb1\xff\x3e\x00\x3a\xff\x5c\x00\x47\x00\x06\x00"
  "\x73\x00\xa5\xff\xe6\xff\xa7\xff\x7a\xff\x42\x00\x30\xff\x39\x00\xdb\xfe\x18\x00\x13\xff\x88\xff\xcc\xff\xc3\xff\x80\x00\x45\xff\x75\xff\xf9\xfe\x7a\xff\xc5\xff"
  "\x2a\xff\x8e\x00\x58\x00\x73\x00\x47\x00\x61\x00\x3e\x00\xe3\x00\xe3\xff\x67\xff\x6f\x00\x2f\x00\xed\xff\x72\xff\x4a\x00\xe2\xff\x05\x00\x0b\x00\x89\xff\x56\x00"
  "\x98\x00\x78\xff\xdb\x00\x57\x00\x1e\x00\xe4\xff\x47\x00\x4f\x00\x7d\xff\x43\xff\x19\x00\x13\x00\x78\xff\x2a\xff\xe5\xff\x68\xff\x1f\x00\x21\x00\x85\x00\xc0\xff"
  "\xca\xff\xc1\xff\xdb\xff\x53\x00\x10\x00\xa2\xff\x0a\x00\x58\x00\x3c\x00\x98\xff\x27\x00\x58\x00\x41\xff\x0c\x00\x6a\x00\x06\x00\x51\x00\x23\x00\x3d\x00\x27\x00"
  "\x0a\x00\xac\xff\x11\xff\x4a\x00\xa0\xff\x3b\x00\x47\x00\x16\xff\x41\x00\xd9\xff\x1f\x00\xe5\xff\x4b\xff\xff\xff\x49\x00\x39\x00\x09\x00\xe1\xff\xfa\xff\xff\xff"
  "\x1b\x00\x23\x00\xab\xff\xee\xff\xf4\xff\x14\x00\x73\xff\x22\x00\x36\x00\x9c\xff\x0b\x00\x4d\x00\x08\x00\x55\x00\x28\x00\x3b\x00\xdc\x00\xe4\xff\xe5\xff\x14\x00"
  "\x9d\x00\x49\x00\x6c\x00\x34\x00\x95\xff\x03\x00\x23\x00\xd2\xff\xb6\x00\xf6\xff\xb6\xff\x6b\x00\xcc\x00\x12\x00\xfc\xff\x07\x00\x14\x00\x93\xff\xba\xff\x58\x00"
  "\x9a\xff\x2a\x00\x11\x00\x77\x00\x0f\x00\x52\xff\xc1\xff\xbf\xff\x1f\x00\x18\x00\xe3\xff\x3b\x00\xd5\xff\x6c\x00\x5d\x00\x14\x00\xe6\xff\x5e\xff\xea\xff\x10\x00"
  "\x9b\xff\xaf\xff\x53\x00\x35\x00\x97\x00\x7b\xff\x2b\x00\x03\x00\xd3\xff\x4e\xff\xf7\xff\x4e\x00\x02\x00\x82\xff\xd4\xff\x50\x00\x83\x00\x8c\xff\xcd\xff\xf9\xff"
  "\x45\x00\x79\xff\x13\x00\xdc\xff\x8b\xff\xf7\xff\xfd\xff\x25\x00\x1e\x00\x78\xff\x9a\xff\x4f\x00\x0c\x00\x74\x00\xea\xff\x18\x00\xba\xff\x4c\x00\xcf\xff\x0a\x00"
  "\x12\x00\x1c\x00\x74\xff\x50\x00\x53\xff\x0d\x00\xdb\xff\xd6\xff\x6f\x00\x0d\x00\x1e\x00\x0d\x00\xd5\xff\x42\xff\x0f\x00\xe8\xff\x12\x00\x46\x00\xb1\x00\xf5\xfe"
  "\x8f\xff\x43\x00\x6f\x00\xf7\xff\x01\x00\xb8\x00\xb5\xff\xfe\xff\x38\x00\x1c\x00\x23\x00\x07\x00\x4b\x00\x6f\xff\x18\x00\xa6\xff\xc5\xff\x01\x00\x04\x00\xe6\xff"
  "\x32\x00\xbc\xfe\xac\x00\x54\x00\x00\x00\x23\x00\x9e\xff\xa7\xff\x38\x00\xfe\xff\xf0\xff\x0d\x00\x27\x00\x9c\x00\x13\x00\x12\x00\xf4\xff\x6c\x00\x39\x00\x2f\x00"
  "\x05\x00\x45\xff\x52\x00\xc4\xff\x06\x00\xc6\xff\x04\x00\xb4\xff\xca\xff\xcc\xff\x5b\x00\xb4\xff\x17\x00\x88\x00\x3b\x00\x1e\x00\xf6\xff\x16\x00\x85\x00\x92\xff"
  "\x0d\x00\xbc\xff\x0f\x00\x89\xff\x48\x00\xfd\xff\x41\x00\xf9\xff\x15\x00\xbd\xff\xd5\xff\xf2\xff\x41\x00\x18\x00\xf7\xff\xfc\xff\xc3\xff\xd7\xff\xa6\xff\xd5\xff"
  "\x0a\x00\xe1\x00\x1e\x00\x04\x00\x8c\x00\x1c\x00\x11\x00\x2c\x00\x37\x00\x26\x00\x3d\x00\xf1\xff\xd8\xff\xcf\x00\xee\xff\xbb\x00\x19\x00\x09\x00\x56\xff\xca\xff"
  "\x00\x00\xeb\xff\x0a\x00\xf0\xff\x0b\x00\xf1\xff\xeb\xff\x06\x00\x0f\x00\x58\xff\x74\x00\x5a\x00\x01\x00\x17\x00\x7b\x00\x04\x00\xb4\xff\x4d\xff\x0b\x00\xdc\xff"
  "\xee\xff\x14\x00\xfd\xff\xda\xff\x50\x00\x0d\x00\xf0\xff\x2a\x00\xed\xff\xe5\xff\xd3\xff\x21\x00\x0b\x00\xe7\xff\x1c\x00\xe0\xff\x0d\x00\xbd\xff\x0d\x00\xe8\xff"
  "\x38\xff\x30\x00\xef\xff\xfe\xff\x34\x00\x79\x00\x27\x00\xf8\xff\x1a\x00\xb5\xff\xa0\x00\xe9\x00\x03\x00\x90\xff\x48\x00\x55\xff\x3e\x00\xaf\xff\x2d\x00\xbf\xff"
  "\x4b\x00\xb7\xff\x6f\x00\x4e\x00\x63\x00\x36\x00\xa5\xff\x04\x00\xef\xff\x36\x00\x09\x00\xf2\xff\xa4\xff\x03\x00\x01\x00\xd8\x00\x0a\x00\x09\x00\x21\x00\x9e\xff"
  "\x16\x00\xff\xff\x14\x00\x1f\x00\xc4\xff\xf0\xff\x22\x00\xad\xff\xfb\xff\xf5\xff\xa4\xff\x14\x00\xff\xff\xec\xff\xf3\xff\x33\x00\x08\x00\x1e\x00\xdd\xff\xc5\xff"
  "\x1b\x00\x4f\x00\xbd\xff\x2c\x00\xf3\xff\x7e\xff\x8c\x00\xd3\x00\x27\xff\xb3\xff\xff\xff\xef\xff\x45\x00\x67\x00\x26\x00\x19\x00\xb1\xff\xda\xff\x03\x00\x09\x00"
  "\x0a\x00\xc9\xff\xb9\xff\xec\xff\x02\x00\x5c\x00\x94\xff\x34\x00\xc3\xff\xbc\xff\xb9\xff\xed\xff\x0f\x00\x02\x00\xb1\xff\x98\x00\x03\x00\x92\x00\x25\x00\x31\x00"
  "\x0d\x00\x08\x00\xfb\xff\xfa\xff\x16\x00\xdd\xff\x53\xff\x07\x00\x54\x00\x47\x00\x88\xff\x22\x00\xe0\x00\x1b\x00\x00\x00\xe9\xff\x1a\x00\x82\xff\x34\x00\x30\x00"
  "\x27\x00\x95\xff\x1e\x00\x34\xff\x1e\x00\x26\x00\x31\x00\x9c\xff\x2b\x00\xe0\xff\x61\x00\xbe\x00\xe7\xff\x20\x00\x2c\x00\x95\xff\xc1\xff\xe8\xff\xec\xff\x7f\x00"
  "\xe7\xff\xfe\xff\x2d\x00\xb8\xff\x8e\x00\xef\xff\xfa\xff\x95\xff\x34\x00\x02\x00\x41\x00\x26\x00\x35\x00\xaa\xff\x20\x00\xe0\xff\x09\x00\x78\x00\x03\x00\x35\x00"
  "\xe7\xfe\xff\xff\x00\x00\x36\x00\xdd\xff\x24\x00\x2e\x00\xfa\xff\x0b\x00\xba\xff\xa0\xff\xdd\xff\xab\xff\x00\x00\x3d\x00\x42\xff\x55\x00\x0f\x00\xd9\xff\xe5\xff"
  "\x42\x00\x38\x00\x21\x00\x1e\x00\x0a\x00\x17\x00\xce\xff\x0c\x00\x80\xff\x4a\x00\x11\x00\xc2\xff\xc6\xff\x2d\x00\xa7\xff\x46\xff\x60\x00\x28\x00\xb7\xff\xad\xff"
  "\x16\x00\xb5\xff\x7e\x00\xca\xff\x9f\x00\xb4\xff\x16\x00\x47\x00\x8f\x00\x07\x00\xce\xff\x29\x00\xed\xff\xe2\xff\xed\xff\x18\x00\x3d\xff\x1b\x00\xcc\xff\x87\x00"
  "\xaa\xff\xef\xff\x34\x00\x05\x00\x19\x00\xb4\xff\xca\xff\x9f\xff\xb0\xff\x59\x00\xd3\xff\xb9\xff\xad\xff\xda\xff\xee\xff\xc5\xff\x00\x00\x28\xff\x2f\x00\xa5\xff"
  "\xc8\xff\x36\x00\xcf\xff\x99\xff\x9a\x00\x50\x00\xd0\xff\x12\x00\xdb\xff\xf5\xff\x43\x00\x66\xff\xc7\xff\xec\xff\x8b\x00\x94\xff\xa4\x00\x70\xff\x39\x00\xb8\xff"
  "\x6c\x00\x20\x00\x00\x00\x16\x00\xa4\xff\xc7\xff\x92\xff\x1e\x00\x52\x00\x44\xff\xf7\xff\xbb\xff\xeb\xff\xfb\xff\x2c\xff\x03\x00\x2f\x00\xdb\x00\xad\xff\x8b\xff"
  "\xd0\xff\x1b\x00\x01\x00\x16\x00\xd2\xff\x0f\x00\xa2\xff\x17\x00\xfe\xff\xfc\xff\x18\x00\x0e\xff\x79\x00\x27\x00\x43\x00\x0f\x00\x97\xff\x21\x00\x0c\x00\xeb\xff"
  "\xb2\xff\x05\x00\x23\x00\x03\x00\x18\x00\x5f\x00\xb5\xff\x23\x00\xd7\xff\x12\x00\xdb\xff\xef\xff\x4e\x00\x07\x00\xf3\xff\x02\x00\x1f\x00\xb6\xff\x57\xff\xd5\xff"
  "\xa6\xff\xf6\xff\xc3\xff\x31\x00\x22\x00\x3f\x00\x4d\x00\x08\x00\xe7\xff\x88\x00\xf7\xff\xd1\xff\x04\x00\xe3\xff\xe8\xff\x14\x00\x49\xff\xd0\xff\xda\xff\xbb\xff"
  "\x48\x00\x8b\xff\x05\x00\x17\x00\x90\x00\xfa\xff\xba\xff\xc8\xff\xd9\xff\xd8\xff\xa2\xff\xe4\x00\x1f\x00\xc9\xff\x25\x00\x0f\x00\xb0\xff\xad\xff\xb0\xff\x2a\x00"
  "\x1b\xff\x93\xff\xc9\xff\x09\x00\x1e\x00\xc3\xff\x7c\x00\xff\xff\x73\x00\xf3\xff\xea\xff\xce\xff\xcc\xff\xfd\xff\xf7\xff\xb4\x00\xc7\xff\x07\xff\xfe\xff\xea\xff"
  "\x8b\x00\x0f\x00\x0c\x00\xc0\xff\xeb\xff\x3c\x00\x64\xff\xab\xff\xbe\xff\x36\x00\x0a\x00\xe9\xff\x2b\x00\x40\xff\x0e\x00\xc3\xff\x30\x00\xb6\xff\x1d\x00\xe9\xff"
  "\xc6\xff\x78\x00\x30\x00\xdc\xff\xc9\xff\x38\x00\x19\x00\x19\x00\xe6\xff\x97\x00\xff\xff\x1f\x00\x76\x00\xf8\x00\xff\xff\x43\x00\x81\xff\xd8\xff\x98\x00\x48\x00"
  "\xe7\xff\xaa\xff\x7b\xff\xf7\xff\x80\xff\xe4\xff\x3e\x00\x1c\x00\xaf\xff\xef\xff\x0b\x00\x4d\x00\xfc\xff\x1c\x00\x0c\x00\xc6\xff\x97\xff\xea\xff\x95\xff\xcc\xff"
  "\xf6\xff\xd1\xff\xaa\xff\xbc\xff\xc3\xff\xff\xff\x95\x00\x1a\x00\x0a\x00\x40\xff\x79\x00\x16\x00\xc9\xff\xfc\xff\x24\x00\x3a\x00\xa2\xff\xd6\xff\x0e\x00\xa0\xff"
  "\x0b\x00\x55\x00\x04\x00\xfc\xff\x25\x00\x64\x00\x1b\x00\x76\x00\x3f\x00\x08\x00\x26\x00\x77\x00\x31\x00\x0a\x00\x21\x00\x78\x00\xe9\xff\x3b\x00\x75\xff\x12\x00"
  "\x8f\xff\x19\x00\xaf\xff\x59\x00\x92\x00\x14\x00\x09\x00\x34\x00\xd8\xff\x96\xff\xf6\xff\x5a\x00\xc0\x00\x44\x00\xd5\xff\x00\x00\xad\xff\x70\x00\xdc\xff\x3e\x00"
  "\xeb\xff\xf7\xff\xd0\x00\x0a\x00\xf9\xff\xf9\xff\xe0\xff\xbe\xff\x0b\x00\x24\x00\x1e\x00\xd7\xff\xdf\xff\x49\x00\x47\x00\x3e\x00\x5c\x00\x3f\x00\x43\x00\xdc\xff"
  "\x99\x00\xa4\xff\x0d\x00\xf8\xff\xe7\xff\x46\x00\x3e\x00\x13\x00\x14\x00\x0d\x00\x2b\x00\x95\x00\x44\xff\x6c\x00\x18\x00\x00\x00\xbc\xff\x33\x00\xbb\xff\x18\x00"
  "\xe8\xff\x6b\x00\xfc\xff\x4c\x00\x5f\x00\xd8\xff\xbb\x00\xd1\xff\x14\x00\x9c\x00\x1e\x00\xc5\xff\x84\xff\xba\xff\x3c\x00\xb8\xff\x05\x00\x52\x00\x03\x00\x49\x00"
  "\x69\x00\x12\x00\x17\x00\xc5\xff\x71\x00\xa8\x00\x03\x00\xb1\xff\xee\xff\xda\xff\x22\x00\xdc\xff\x02\x00\xc4\xff\xd6\x00\xfd\xff\x18\x00\xcf\xff\x37\x00\x02\x00"
  "\xa9\xff\x83\xff\xf5\xff\xf8\xff\xab\xff\x08\x00\xbe\xff\xbc\xff\x9e\xff\x08\x00\xdf\xff\xb6\xff\xe1\xff\xbe\xff\xff\xff\x5d\x00\x11\x00\x11\x00\x56\x00\x77\xff"
  "\xb6\xff\x86\xff\xbe\xff\xf1\xff\xae\xff\x5f\xff\x0a\x00\x85\xff\xd4\xff\x7d\x00\xf6\xff\x26\x00\x26\x00\x29\x00\x47\x00\xdf\xff\x7b\x00\xe7\xff\x16\x00\x0a\x00"
  "\x33\x00\xba\xff\xe5\xff\x0f\x00\x47\x00\x33\x00\xf0\xff\xce\xff\x83\x00\x15\x00\x4a\x00\x25\x00\x0e\xff\xb4\xff\x2b\x00\xf6\xff\x3d\x00\x9f\xff\xc4\xff\xdc\xff"
  "\xf6\xff\x82\x00\x4a\x00\x0d\x00\xe2\xff\x17\x00\xb7\xff\xdd\xff\x25\x00\xe7\xff\x16\x00\xdc\xff\xb7\xff\x18\x00\x90\xff\x1c\x00\x54\x00\x4b\x00\x07\x00\xd6\xff"
  "\x0e\x00\x03\x00\xfd\xff\xe1\xff\xd8\xff\x1a\x00\xdf\xff\x1b\x00\x13\x00\xe2\xff\x3b\x00\xf8\xff\x8d\xff\xe4\xff\x25\x00\xbb\xff\xef\xff\x7b\x00\x1b\x00\x51\x00"
  "\x7f\x00\xb8\xff\xe9\xff\x1f\x00\xc7\xff\xc8\xff\xef\xff\x0c\x00\xda\xff\x5d\xff\xe7\xff\x18\x00\xe9\xff\xe9\xfe\x19\x00\x12\x00\x50\x00\xaf\xff\x01\x00\xf4\xff"
  "\x14\x00\xc7\xff\xb6\xff\xfc\xff\x4a\x00\x17\x00\x11\x00\xc9\xff\x45\xff\x2c\x00\xd2\x00\xdd\xff\xdd\xff\xac\x00\x5c\x00\xe7\xff\x0a\xff\xf0\xff\x0f\x00\xf1\xff"
  "\x30\x00\xbc\xff\xaf\xff\xe3\xff\xfd\xff\xf2\xff\x35\x00\xce\xff\xf6\xff\xef\xff\x2b\x00\xef\xff\x20\x00\xfe\xff\xd0\xff\x16\x00\x35\x00\xf6\xff\xed\x00\x19\x00"
  "\x0d\x00\x3b\x00\xf5\xff\xe3\xff\xe6\xff\xcb\xff\xec\xff\x20\x00\xf4\xff\xea\xff\xeb\xff\x1c\x00\x30\x00\xd2\xff\x0a\x01\x3b\x00\x37\x00\x20\x00\x0c\x00\x1e\x00"
  "\xdd\xff\x99\xff\xee\xff\x0e\x00\xb7\xff\xf7\xff\xd0\xff\x08\x00\x6c\xff\xfa\x01\xde\xff\x1d\x00\x20\x00\xd2\xff\xfa\xff\xf6\xff\x2b\x00\xdb\xff\xba\x01\xe9\xff"
  "\x1a\x00\xf4\xff\x0b\x00\x10\x00\x22\x00\x1b\x00\xbd\xff\xc7\xff\xa9\xff\xa4\xff\xf0\xff\xfc\xff\x13\x00\xc8\xff\x18\x00\xfe\xff\x0a\x00\xdb\xff\xfd\xff\x23\x00"
  "\x0f\x00\xb8\xff\xc2\xff\xb8\xfe\x6b\x00\xdb\xff\xf0\xff\x6b\x00\x1d\x00\xa3\xff\x3d\x00\x12\x00\x16\x00\x1c\x00\xbb\xff\x09\x00\xf5\xff\x28\x00\xe2\xff\xbb\xff"
  "\xd9\xff\xfd\xff\xf1\xff\xd1\xff\x30\x00\x09\x00\xf8\xff\xc0\xff\x01\x00\x17\x00\xea\xff\xf5\xff\x7b\x00\x32\x00\xed\xff\x6a\x00\x5a\x00\x5b\x00\xee\xff\x07\x00"
  "\x48\x00\xe6\xff\x86\xff\x4f\x00\x40\x00\x8b\xff\xd8\xff\x6f\xff\x87\xff\x0d\x00\x67\x00\xed\xff\x41\x00\xa1\xff\x1a\x00\xc9\xff\x91\xff\xfc\xff\x02\x00\xbc\xff"
  "\x11\x00\xd4\xff\xc3\xff\x53\x00\x2b\x00\x04\x00\x27\x00\x42\x00\x28\x00\x19\x00\xd1\xff\xec\xff\x1c\x00\xa9\xff\x55\x00\x21\x00\x23\x00\x81\xff\x89\xff\xd0\xff"
  "\x87\x00\xee\xff\x29\x00\x04\x00\xb8\xff\x77\x00\xe9\xff\x0e\x00\x1a\x00\x29\x00\x00\x00\xf0\xff\xc9\xff\xfd\xff\x63\x00\xa4\xff\xb5\xff\xe3\xff\xb8\xff\x69\x00"
  "\xf2\xff\x75\x00\xa5\xff\xc2\x00\x6e\x00\x05\x00\xf4\xff\x16\x00\xa9\xff\x62\x00\xa9\xff\x7e\xff\x23\x00\x86\xff\x60\x00\xe2\xff\x2e\x00\x12\xff\x73\xff\x30\x00"
  "\x9e\x00\x4a\x00\xf3\xff\x22\x00\xd0\xff\x17\x00\x10\x00\xa5\xff\x78\x00\x97\xff\x2b\x00\x6d\x00\xd4\xff\x71\xff\xa1\x00\x4c\x00\xca\xff\x35\x00\x4f\x00\x3c\x00"
  "\xed\xff\xfb\xff\x0c\x00\xdc\xff\xd0\xff\x1a\x00\xd2\xff\x03\x00\xdf\xff\xa3\x00\x45\x00\xf2\xff\xbd\xff\x7a\x00\xf7\xff\xa1\xff\x24\x00\x52\x00\xf3\xff\x09\x00"
  "\x6d\x00\x3b\x00\x1e\x00\x05\x00\x7c\xff\x74\xff\x26\x00\xe1\xff\x0a\x00\xf6\xff\xa4\xff\x1a\x00\xf6\xff\x7d\xff\xc4\xff\x16\x00\x4b\x00\xbe\xff\xed\xfe\x5c\x00"
  "\xe6\xff\xab\x00\x05\x00\x0b\x00\xec\xff\xad\xff\x93\xff\x46\x00\x00\x00\xb3\xff\xb6\xff\x38\x00\xf4\xff\xf2\xff\xb2\xff\x65\x00\x8e\x00\x17\x00\x51\x00\x15\x00"
  "\x19\x00\xb4\x00\x32\x00\x15\x00\xe7\xff\x15\x00\x1c\x00\xb0\x00\xb2\xff\xf2\xff\xb9\xff\xb9\xff\xda\xff\x30\x00\x04\x00\x2d\x00\xdd\xff\x88\xff\x55\x00\x3a\x00"
  "\xfe\xff\x62\xff\x0b\x00\xd7\xff\x00\x00\x2d\x00\x43\x00\xaa\x00\x8a\xff\x10\x00\x87\x00\x0d\x00\xcc\xff\xae\xff\xc0\xff\xe5\xff\x2f\x00\xf0\xff\x03\x00\x78\xff"
  "\xbf\xff\x0a\x00\xcd\xff\xc6\xff\xe8\xff\xf2\xff\x4a\x00\x98\xff\xfd\xff\xe5\xff\x10\x00\x61\xff\xfb\xff\x57\x00\x6d\x00\xad\xff\xc2\x00\x22\x00\x3b\x00\xdd\xff"
  "\xfe\xff\xf3\xff\xef\xff\xeb\xff\xde\xff\x77\xff\xea\xff\x1f\x00\x87\xff\xb5\xff\x0e\x00\xf0\xff\xda\xff\xa8\xff\x87\xff\x58\x00\xe7\xff\x0d\x00\x11\x00\x1f\x00"
  "\xda\xff\xce\xff\x25\x00\xb1\xff\x6c\x00\x80\x00\x73\xff\x12\x00\xfe\xff\xef\xff\x9b\x00\xb0\xff\x42\x00\xa7\xff\xd3\xff\xd2\xff\xc4\xff\x78\x00\x75\xff\x43\x00"
  "\xe7\xff\x0f\x00\x29\x00\x15\x00\x99\xff\x02\x00\x0c\x00\x1f\x00\x70\x00\xbe\xff\x18\x00\x10\x00\xff\xff\x96\xff\x26\x00\xd2\xff\x80\x00\xb1\x00\x4f\x00\xf3\xff"
  "\x92\xff\x93\xff\xe1\xff\xf7\xff\x20\x00\xa3\xff\x27\x00\x62\x00\xd5\xff\x85\xff\xfd\xff\xca\xff\xd9\xff\x43\x00\xf8\xff\x1b\x00\xc6\xff\x3f\x00\x1a\x00\x11\x00"
  "\xef\xff\xf7\xff\x32\x00\x85\xff\xcf\xff\xd0\xff\xe3\xff\xbb\xff\x86\xff\x3b\x00\xa5\xff\xea\xff\x9b\x00\xf6\xff\xe4\xff\xa4\xff\x19\x00\x53\xff\x2c\x00\xe4\xff"
  "\x12\x00\xb8\xff\x9a\xff\x58\xff\xb3\xff\xd0\xff\xaf\xff\x9e\xff\xdf\xff\x5e\x00\x13\x00\x2b\x00\xc1\xff\x19\x00\x15\x00\x2f\x00\x3f\x00\xfe\xff\xd6\xff\xf5\xff"
  "\xd8\xff\x0f\x00\x03\x00\x8c\xff\xe2\xff\x4c\x00\xc9\xff\xfd\xff\x0d\x00\xdb\xff\xd9\xff\xe9\xff\x8f\xff\x07\x00\xe9\xff\xee\xff\x29\x00\x64\x00\x42\x00\xef\xff"
  "\xd3\xff\x25\x00\xf8\xff\x65\x00\x8e\xff\x06\x00\x10\x00\x7d\x00\x73\x00\x20\x00\xc4\xff\xfa\xff\xcf\xff\x04\x00\x18\x00\x1b\x00\x11\x00\xac\xff\x5a\xff\x31\x00"
  "\x55\x00\x05\x00\x33\x00\x30\x00\x1a\x00\x43\x00\xc4\xff\xca\xff\x14\x00\xc7\xff\xbc\x00\xf2\xff\x08\x00\x45\x00\xdf\xff\x94\xff\x2f\x00\xbe\xff\x2a\x00\x75\x00"
  "\x62\x00\x46\xff\x5d\x00\x5a\x00\xf3\xff\xc0\xff\x54\x00\x81\xff\xe3\xff\xe8\xff\xb1\xff\xff\xff\xb1\xff\x3d\x00\x80\x00\xe8\xff\x28\x00\xaa\xff\xbd\xff\x98\xff"
  "\x3b\x00\xd8\xff\x80\x00\x95\xff\x54\xff\xc2\xff\x13\x00\xe2\xff\xab\xff\x78\x00\xba\xff\xbd\xff\xb6\xff\x65\x00\x21\x00\xd3\xff\x4f\x00\x0e\xff\x32\x00\x23\xff"
  "\x51\x00\x14\x00\x43\xff\x20\x00\x9e\xff\xf4\x00\xd7\xff\x05\x00\x3b\x00\xfb\xff\xfd\xff\x11\x00\xae\xff\x60\xff\x65\x00\xe6\xff\x1d\x00\x0c\x00\xdc\xff\xac\x00"
  "\x2a\x00\x50\x00\x63\xff\x0d\x00\x55\x00\xbc\xff\xec\xff\x46\x00\x2b\x00\x5d\x00\xd0\xff\x0e\x00\x22\x00\x87\xff\x92\xff\x32\x00\xf7\xff\xf9\xff\x96\xff\xc1\xff"
  "\x8a\xff\x50\x00\x0b\x00\x91\xff\xe6\xff\xed\xff\x0b\x00\xd8\xff\xd8\xff\xef\xff\x08\x00\x40\x00\x16\x00\x17\x00\x01\x00\xf9\xff\xf2\xff\x20\x00\xc2\xff\xe2\xff"
  "\xd7\xff\xe8\xff\xed\xff\x55\x00\x1d\x00\x07\x00\xff\xff\xb9\xff\x12\x00\x1f\x00\x05\x00\x38\x00\xdb\xff\xf3\xff\xd8\xff\x2d\x00\x0a\x00\x0f\x00\xd3\xff\xb4\x00"
  "\x12\x00\x29\x00\x05\x00\xec\xff\x4c\x00\x51\x00\x00\x00\x21\x00\xe4\xfe\x83\xff\x97\xff\x18\x00\x0a\x00\x07\x00\xaa\xff\xfa\xff\xaf\xff\xe7\xff\xfb\xff\xdf\xff"
  "\x3d\x00\x0b\x00\x0a\x00\xdb\xff\x1f\x00\xa0\xff\x23\x00\xf5\xff\x92\xff\xd9\xff\x26\x00\x07\x00\x38\x00\xfd\xff\xe5\xff\x21\x00\x04\x00\x30\x00\x20\x00\xc9\xff"
  "\x1d\x00\xad\xff\xe0\xff\xf4\xff\xcf\x00\x5a\x00\x39\x00\xfd\xff\x74\xff\x2d\x00\x86\x00\xd0\xff\x0e\x00\xc2\xff\xdb\xff\xde\xff\x17\x00\xf1\xff\x02\x00\xe2\xff"
  "\x24\x00\x7b\x00\xfa\xff\x6a\x00\xe4\xff\xb8\xff\x8d\xff\xdf\xff\x2c\x00\x59\x00\x62\x00\xdf\xff\x23\x00\xa5\xff\xd7\x00\xd9\xff\xfb\xff\x28\x00\x26\x00\x18\x00"
  "\x49\x00\x42\x00\xb2\xff\x77\x00\x11\x00\xe8\xff\x4e\x00\xed\xff\xfb\x00\xd3\xff\xc5\xff\xf7\xff\x01\x00\xf2\xff\x3e\x00\xec\xff\xf2\xff\x3e\xff\x11\x00\xd1\xff"
  "\x2e\x00\x73\xff\x79\x00\xa3\xff\xf3\xff\xbf\xff\x18\x00\x4e\x00\x21\x00\x83\xff\xe9\xff\xa4\xff\xea\xff\x0b\x00\xfd\xff\x44\x00\x65\x00\x35\x00\xc4\xff\x1b\x00"
  "\x0c\x00\xe3\xff\x1f\x00\xc0\xff\xdb\xff\xaa\xff\x33\x00\x10\x00\x33\x00\x1d\x00\x13\x00\x46\x00\xd8\xff\x23\x00\x03\x00\x50\x00\xcb\x00\xe7\xff\xa0\xff\x2e\x00"
  "\xe9\xff\x03\x00\x58\xff\x46\x00\xcb\xfe\x06\x00\x12\x00\x22\x00\x23\x00\x1b\x00\x15\x00\x02\x00\x10\x00\x5a\x00\x90\xff\x43\x00\xd6\x00\xf9\xff\xca\xff\xfd\xff"
  "\xcd\xff\x0d\x00\x98\xff\xf0\xff\x07\x00\xd0\xff\xe5\xff\xe9\xff\xf3\xff\x06\x00\x5b\x00\x1a\x00\x02\x00\xb9\xff\x33\x00\x5e\x00\xed\xff\xfe\xff\x5e\x00\xa1\xff"
  "\x0a\x00\xe6\xff\x2d\x00\x37\x00\x23\x00\x52\x00\x66\xff\xed\xff\x24\x00\x16\x00\xc6\xff\xd2\xff\xd7\xff\xf4\xff\x17\x00\xff\xff\x29\x00\x23\x00\xff\xff\xdc\xff"
  "\x0d\xff\x18\x00\x2f\x00\x0b\x00\x53\x00\xf0\xff\xc3\xff\xf3\xff\x35\x00\x4d\xff\xcd\xff\x4d\x00\xf1\xff\xaf\xff\x11\x00\x0f\x00\xf6\xff\x33\x00\x03\x00\xde\xff"
  "\xe0\xff\xf8\xff\xc5\xff\xd0\xff\x14\x00\x0d\x00\xf2\xff\xd5\xff\xc8\xff\xe1\xff\x23\x00\x2f\x00\xf0\xff\xf8\xff\xc7\xff\x35\x00\x07\x00\x0d\x00\x0c\x00\xdc\xff"
  "\xdf\xff\x00\x00\x0f\x00\x9e\xff\xef\xff\x2c\x00\x2d\x00\x00\x00\xfc\xfe\x5c\x00\x0f\x00\xe3\xff\x1b\x00\x79\x00\xf3\xff\x0f\x00\x1a\x00\x3e\x00\x05\x00\xfe\xff"
  "\xe9\xff\x99\xff\xa3\xff\xed\xff\x1c\x00\x02\x00\x06\x00\xfe\xff\xaf\xff\x15\x00\xee\x00\x17\x00\x0e\x00\x00\x00\x33\x00\x5c\x00\xcd\xff\x5d\x00\xe1\xff\xf2\xff"
  "\xcd\xfe\x10\x00\xee\xff\xf4\xff\x46\x00\x7c\x00\x08\x00\x08\x00\x08\x00\xdb\xff\xf0\xff\xd0\xff\xd1\xff\x01\x00\xf0\xff\x9c\xff\xda\xff\x03\x00\x07\x00\x2e\x00"
  "\x11\x00\xd7\xff\xe5\xff\x20\x00\xbb\xff\x43\x00\xe9\xff\x25\x00\x49\x00\x13\x00\xbb\xff\x04\x00\xcd\xff\x48\xff\x16\x00\x0f\x00\x12\x00\x1b\x00\x09\x00\x29\x00"
  "\xc0\xff\x09\x00\x26\x00\x07\x00\xf5\xff\xa3\x00\x22\x00\x36\x00\xe1\xff\x0e\x00\x2a\x00\x05\x00\xfc\xff\x0e\x00\xfd\xff\x50\x00\xf1\xff\xee\x00\x31\x00\x51\x00"
  "\x1e\x00\xd2\x01\x3f\x00\xef\xff\x55\xff\xba\xff\x58\x00\xf0\xff\xd4\xff\x1c\x00\x4f\x00\x07\x00\xd1\xff\x03\x00\xf4\xff\x48\x00\xb1\xff\xc1\xff\x40\xff\xe4\xff"
  "\x01\x00\xc6\xff\xd3\xff\x07\x00\x1b\xff\xd6\xff\x38\x00\x8f\xff\xc5\xff\x86\xff\x72\xff\xb4\xff\xcb\xff\xb7\xff\x51\x00\x6a\xff\x8e\xff\xfb\xff\xa4\xff\x8e\xff"
  "\xbe\xff\x80\xff\xb4\xff\xa6\xff\x29\x00\xbf\xff\x72\x00\xb1\x00\xa9\xff\xd9\xff\xdf\xff\x07\x00\x8c\xff\xb2\xff\xf6\xff\x0e\x00\xb9\xff\x58\x00\xb8\xff\xcb\xff"
  "\x01\x00\x2c\x00\x1a\x00\x21\x01\xa8\xff\x13\x00\x4e\x00\x03\x00\x7c\xff\xce\xff\xef\xff\xb4\xff\x7e\x00\x4b\x00\x4a\xff\xbd\xff\xff\xfe\x95\x00\x38\x00\x0c\x00"
  "\x6c\x00\x87\xff\xee\xff\x9c\xff\xe7\x00\x27\x00\x98\xff\x8e\x00\xbb\x01\xf0\xff\x6a\x00\x26\x00\xd9\xff\xbf\xff\xe3\xff\xd2\xff\x76\xff\x01\x00\xc9\xff\x3e\x00"
  "\x27\x00\x03\x00\xda\xff\x05\x00\xbd\xff\x48\x00\x9e\xff\x41\x00\xf2\xff\x82\xff\x42\x00\x5f\x00\xfe\xff\xcb\xff\x29\x00\xb8\xff\xf7\xff\xeb\xff\x74\xff\x65\x00"
  "\xf7\xff\xa4\xff\x52\xff\xe3\xff\xea\xff\xb0\xff\xdf\xff\x5d\xff\xa2\xff\x63\x00\xc8\x00\xb9\xff\x1e\x00\x7f\x00\x31\xff\x1d\x00\x0f\x00\xc8\xff\xfe\xff\x87\x00"
  "\x08\x00\x3a\x00\x10\x00\x0b\x00\x11\x00\x34\x00\x4c\x00\xee\xff\xeb\xff\xe6\xff\xf9\xff\x02\x00\x02\x00\x89\xff\xc6\xff\xc8\xff\xec\xff\xf4\xff\x05\x00\x84\xff"
  "\x9e\xff\x0f\x00\x3b\x00\x0b\x00\xfa\x00\xfc\xff\xed\xff\x11\x00\xed\xff\xd2\xff\x08\x00\xf1\xff\x3f\x00\xe9\xff\x07\x00\xf7\xff\xcc\xff\x10\x00\x4b\x00\xf8\xff"
  "\xfe\xff\xff\xff\xf9\xff\x27\x00\xc9\xff\x6b\x00\xec\xff\x01\x00\x2c\x00\xff\xff\xfb\xff\xce\xff\x54\x00\xc0\xff\xeb\xff\xec\xff\x3a\x00\xbf\xff\xb8\xff\xbb\xff"
  "\x8d\xff\x03\x00\xa5\xff\xf5\xff\x88\x00\x1a\x00\x0e\x00\xed\xff\xdf\xff\x36\xff\x85\x00\xe0\xff\x31\x00\x15\x00\x23\x00\x28\x00\xf3\xff\x03\x00\x99\x00\x04\x00"
  "\x09\x00\xee\x00\xc3\xff\x10\x00\x43\x00\x8a\xff\x59\x00\xfa\xff\x99\xff\xad\xff\xfc\xff\xee\xff\xb6\xff\xfd\xff\xc2\xff\xaf\xff\x6a\xff\x01\x00\x08\x00\xc6\xff"
  "\x5e\xff\x20\x00\xc1\x00\x3b\xff\x94\xff\xf5\xfe\x5b\x00\xf8\xff\xd2\xff\x33\x00\xa1\xff\xcf\xff\x7a\x00\x3d\x00\xe1\xff\x20\x00\xb5\xff\xff\xfe\xb8\x00\x3a\x00"
  "\x61\xff\x1a\x00\xcc\xff\xa5\xff\xf1\xff\x58\x00\x83\xff\xbc\xff\x02\x00\xc2\xff\xd1\xff\x79\xff\x41\x00\x52\x00\x35\x00\xe9\xff\x1a\x00\xff\xff\xe2\xff\xdb\xff"
  "\x26\x00\x40\x00\x1e\x00\x05\x00\xcb\xff\x74\x00\x30\x00\x90\xff\x0d\x00\x06\x00\xcc\xff\xdf\xff\x5f\x00\x18\x00\xc8\xff\x1c\x00\xe4\xff\xcc\xff\x16\x00\xfe\xff"
  "\x13\x00\x89\x00\xff\xff\x2b\x00\x96\x00\x10\x00\x9f\xff\xe7\xff\x71\x00\x67\xff\x23\x00\x16\x00\x1f\x00\xfc\xff\x37\x00\x7b\x00\x0e\x00\x34\x00\x2f\x00\x58\x00"
  "\x42\x00\xbc\xff\xa4\xff\xb0\xff\xe6\xff\x51\x00\x88\xff\xb5\xff\x20\x00\x5f\x00\x07\x00\x2e\x00\xc6\xff\x36\xff\xda\xff\x2f\x00\x46\x00\x50\xff\x7c\xff\xea\xff"
  "\xfb\xff\xe5\xff\x21\x00\x67\xff\xd8\xff\xbd\xff\x8e\x00\x6d\x00\x27\x00\xc8\xff\x09\x00\xc4\xff\xf8\xff\x1e\x00\x4f\x00\x1c\x00\xef\xff\x81\x00\x18\x00\xe5\xff"
  "\x70\x00\x95\xff\xf6\xff\xe2\x00\xd3\xff\x06\x00\x46\x00\x20\x00\x43\x00\xc5\xff\x2b\x00\xa9\xff\x43\x00\xe6\xff\xf1\xff\x5a\x00\xba\xff\x37\x00\x48\x00\x0a\x00"
  "\x12\x00\xf9\xff\xa5\xff\x64\x00\x77\xff\x7f\xff\x03\x00\x45\x00\x63\x00\x72\x00\xf9\xff\xcb\xff\xcb\xff\x48\x00\x26\x00\xf8\xff\x0b\x00\x16\x00\x72\xff\x10\x00"
  "\xe4\xff\x23\x00\xcf\xff\x94\xff\x57\x00\xf2\xff\x13\x00\x6d\x00\x65\x00\xc1\xff\x83\x00\x52\x00\xed\xff\x20\x00\xcf\xff\xeb\xff\x05\x00\x1e\x00\xfe\xff\x5b\x00"
  "\x90\xff\x6a\xff\x3f\xff\xf9\xff\x20\x00\x17\x00\x9d\xff\xe7\xff\x37\x00\xbc\xff\xf6\xff\x07\x00\xf3\xff\x28\x00\xee\xff\x05\x00\x71\xff\xd4\x00\x9e\xff\xbe\xff"
  "\x63\x00\xaf\xff\xf4\xff\x96\xff\xf9\xff\x58\x00\xeb\xff\x74\xff\x5b\xff\xcf\xff\xef\xff\xf0\xff\x22\xff\x02\x00\x16\xff\x91\xff\xe6\xff\x31\x00\xce\x00\xe8\xff"
  "\x0e\x00\xf0\xff\xf9\xff\x10\x00\x93\x00\x01\x00\xf4\xff\x29\x00\xd3\xff\x75\xff\x96\xff\xda\xff\x16\x00\xa6\xff\x3a\x00\xdd\xff\xc5\xff\x34\x00\xca\xff\x02\x00"
  "\x27\x00\xee\xff\xf4\xff\xea\xff\x07\x00\xd4\xff\x37\x00\x04\x00\x83\xff\xb4\xff\xc5\xff\x01\x00\x49\x00\xc4\xff\xcf\xfe\x22\x00\xed\xff\x24\xff\x0a\x00\x1c\x00"
  "\x2f\x00\x04\x00\xe3\xff\xe3\xff\xf5\xff\x76\x00\x06\x00\x12\x00\xda\xff\xf7\xff\xa9\xff\xd7\xff\xe3\xff\x04\x00\x2c\x00\x02\x00\xd9\xff\xba\xfe\x4a\x00\x18\x00"
  "\xe6\xff\x28\x00\x06\x00\x07\x00\xde\xff\x92\xff\x12\x00\x31\x00\x81\x00\x1b\x00\x0d\x00\x21\x00\xe1\xff\x04\x00\x16\x00\x34\x00\xb7\x00\xce\xff\x9a\x00\x1e\x00"
  "\x17\x00\xde\xff\xc0\xff\xcb\xff\xea\xff\xfd\xff\x5a\xfe\xdb\xff\xf9\xff\xc6\xff\x19\x00\xbe\xff\x31\x00\xd1\xff\x5e\x00\x33\x00\xf8\xff\xea\xff\x20\x00\x5e\xff"
  "\x2e\x00\xee\xff\x4e\x00\x63\x00\x17\x00\xb7\xff\xef\xff\xe8\xff\x43\x00\x65\x00\x01\x00\xb2\x00\xbb\xff\xff\xff\xfb\xff\xee\xfe\xf1\xff\x3b\x01\x59\x00\x0c\x00"
  "\x3d\x00\x1a\x00\x10\x00\xbb\xff\xfc\xff\x63\xff\x86\x00\x00\x00\x09\x00\x00\x00\x03\x00\x00\x00\x31\x39\x35\x02\x00\x00\x00\x84\x00\x00\x00\x85\x00\x00\x00\x04"
  "\x00\x00\x00\x01\x00\x00\x00\x01\x00\x00\x00\x01\x00\x00\x00\x01\x00\x00\x00\x04\x00\x00\x00\x00\x00\x00\x00\x00\x00\x00\x00\x00\x00\x00\x00\x00\x00\x00\x00\x01"
  "\x00\x00\x00\x00\x00\x00\x00\x87\x00\x00\x00\x01\x00\x00\x00\x20\x00\x00\x00\x35\x2e\x73\x70\x6c\x69\x74\x5f\x79\x5f\x70\x61\x74\x68\x2e\x34\x2e\x63\x6f\x6e\x76"
  "\x34\x5f\x31\x31\x2e\x30\x2e\x62\x69\x61\x73\x00\x00\x00\x00\x01\x00\x00\x00\x70\x00\x00\x00\x00\x00\x02\x00\x00\x00\x09\x00\x00\x00\xd0\xff\xf4\xff\xe3\xff\x37"
  "\x00\xfc\xff\x4a\x00\xfb\xff\x70\x00\x8a\xff\x23\x00\xe0\xff\x15\x00\x8b\x00\x1f\x00\x2f\x00\x1e\x00\x14\x00\x11\x00\x03\x00\x0d\x00\x69\x00\x4a\x00\x0e\x00\x2d"
  "\x00\x0d\x00\x22\x00\x43\x00\x59\x00\x86\xff\x28\x00\x24\x00\x0c\x00\x39\x00\xfa\xff\xdf\xff\x3c\x00\xc5\xff\x1f\xff\x63\x00\xd3\xff\x3e\x00\xe0\xff\xf2\xff\x4c"
  "\x00\xb3\xff\x03\x00\xed\xff\x32\x00\xfb\xff\x07\x00\x66\x00\x27\x00\xf8\xff\xc8\xff\xed\xff\x9b\x00\x03\x00\x29\x00\x6b\x00\x62\x00\xbf\xff\x76\x00\x23\x00\x42"
  "\x00\xf6\xff\xfd\xff\x3a\xff\xf1\xff\x18\x00\xcf\xff\x10\x00\x9d\xff\x1a\x00\x06\x00\x30\x00\xf0\xff\xf4\xff\xd4\xff\x16\x00\x84\x00\x7e\x00\xf6\xff\xe1\xff\x35"
  "\x00\x2c\x00\xf5\xff\x06\x00\xf9\xff\x81\xff\x17\x00\x1e\x00\xe8\xff\x19\x00\x01\x00\xb4\xff\x42\x00\x42\x00\x03\x00\xd8\xff\x59\x00\x0e\x00\xd1\x00\x1e\x00\xc5"
  "\xff\xd1\xff\xec\xff\xc0\x00\xf0\xff\x54\x00\xd0\xff\x0e\x00\x1d\x00\x88\x00\x00\x00\x04\x00\x00\x00\x10\x00\x00\x00\x31\x39\x35\x5f\x4e\x4f\x54\x5f\x49\x4e\x5f"
  "\x47\x52\x41\x50\x48\x02\x00\x00\x00\x86\x00\x00\x00\x87\x00\x00\x00\x89\x00\x00\x00\x0a\x00\x00\x00\x03\x00\x00\x00\x31\x39\x36\x02\x00\x00\x00\x88\x00\x00\x00"
  "\x76\x00\x00\x00\x8a\x00\x00\x00\x01\x00\x00\x00\x03\x00\x00\x00\x32\x34\x35\x00\x00\x00\x00\x03\x00\x00\x00\x01\x00\x00\x00\x01\x00\x00\x00\x01\x00\x00\x00\x00"
  "\x00\x02\x00\x00\x00\x09\x00\x00\x00\x4a\xff\x8b\x00\x00\x00\x15\x00\x00\x00\x03\x00\x00\x00\x31\x39\x39\x02\x00\x00\x00\x89\x00\x00\x00\x8a\x00\x00\x00\x8c\x00"
  "\x00\x00\x01\x00\x00\x00\x22\x00\x00\x00\x35\x2e\x73\x70\x6c\x69\x74\x5f\x79\x5f\x70\x61\x74\x68\x2e\x35\x2e\x63\x6f\x6e\x76\x31\x5f\x31\x31\x2e\x30\x2e\x77\x65"
  "\x69\x67\x68\x74\x00\x00\x00\x00\x04\x00\x00\x00\x01\x00\x00\x00\x01\x00\x00\x00\x70\x00\x00\x00\x20\x00\x00\x00\x00\x00\x02\x00\x00\x00\x09\x00\x00\x00\x03\x00"
  "\x6c\x00\xf1\xff\x40\x00\x15\x00\xae\xff\xf5\xff\x79\x00\xc1\xff\x96\xff\xf4\xff\xb4\xff\xfc\xff\xfe\xff\xb3\xff\x20\x00\xff\xff\xdb\xff\xe1\xff\x13\x00\x19\x00"
  "\x4f\x00\x72\x00\x16\x00\x6a\x00\x6a\xff\x56\x00\xf3\xff\x37\x00\x5f\x00\xe5\xff\x0b\x00\xda\xff\x0c\x00\x6b\x00\x8e\xff\x2a\xff\x16\x00\xf6\xff\x53\x00\xf5\xff"
  "\xf6\xff\x25\x00\xe7\xff\xbd\xff\xce\xff\xdd\xff\xe4\xff\xeb\xff\x12\x00\x26\x00\x9b\x00\xa9\xff\x42\x00\x0b\x00\xe5\xff\x36\x00\x37\x00\x60\x00\x12\x00\xfa\xff"
  "\x48\x00\xf6\xff\xec\xff\xfb\xff\x88\xff\x04\x00\xef\xff\xf9\xff\x29\x00\x0a\x00\xbf\xff\x57\x00\x25\x00\x29\x00\x12\x00\x1a\x00\x22\x00\x94\xff\x00\x00\xea\xff"
  "\x2f\x00\x2d\x00\xd6\xff\xc2\xff\x12\x00\xf1\xff\x23\x00\x66\xff\xfa\xff\x08\x00\xcc\xff\x90\xff\xd6\xff\x4c\x00\x12\x00\x8b\xff\x08\x00\x9b\xff\x00\x00\x5a\x00"
  "\x39\x00\x4d\x00\x09\x00\x1c\x00\x8f\x00\xe7\xff\x19\x00\xc3\xff\x01\x00\x60\xff\x1d\x00\x23\xff\xd0\xff\xfc\xff\x8a\xff\xa2\x00\x9b\xff\x5d\xff\xc7\xff\x2c\x00"
  "\x7c\xff\xa7\xff\xf7\xff\x4c\x00\xef\xff\x5e\x00\xfd\xfe\xd5\xff\x06\x00\x26\x00\x21\x00\x7b\xff\xf1\xff\x4f\x00\xe3\xff\xe7\xff\xd7\xff\x20\x00\x5e\x00\x39\x00"
  "\xd6\xff\xdc\xff\xee\xff\xfd\xff\x09\x00\x24\x00\xfb\x00\x4e\xff\xf8\xff\x06\x00\x19\x00\xee\xff\x0b\x00\xfd\xff\x48\x00\xfc\xff\xf6\xff\x27\x00\x5d\x00\xb9\xff"
  "\xf9\xff\xbf\xff\xac\xff\xc0\xff\x33\x00\x2b\x00\x06\x00\xa7\x00\x62\x00\xed\xff\xd4\xff\xd5\xff\x0c\x00\xa0\x00\xde\xff\xdf\xff\x0d\x00\x1f\x00\xd3\xff\x08\x00"
  "\xef\xff\x1e\xff\x33\x00\xf9\xff\x39\x00\xf5\xff\x8d\xff\x97\x00\xec\xff\x14\x00\x09\x00\xfb\xff\xc5\xff\x44\x00\xef\xff\x11\x00\x15\x00\x25\x00\x1c\x00\xdf\xff"
  "\xe0\xff\xd9\xff\xa9\xff\x1a\x00\xda\xff\xee\xff\xce\xff\xe8\xff\xb1\xff\x59\x00\xe9\xff\x7a\xff\x7f\xff\x32\x00\x35\x00\xe5\xff\x30\x00\x3a\x00\x53\x00\xbf\xff"
  "\x9d\x00\xf8\xff\x61\x00\x08\x00\xe5\xff\xe6\xff\x34\x00\xbe\x00\xfc\xff\xf7\xff\xc5\xff\xd0\xff\x1f\x00\x62\xff\x28\x00\x36\x00\xea\xff\x3e\x00\x03\x00\x42\x00"
  "\x1f\x01\x1b\x00\x5d\x00\x44\x00\xf0\xff\x4d\x00\x11\x00\x7a\x00\xcf\xff\x42\x00\x15\xff\x49\x00\xaf\xff\x35\x00\xe7\xff\x18\x00\xb7\xff\xbb\xff\xe2\xff\x7f\x00"
  "\xe5\xff\x9c\xff\x7b\xff\x4c\x00\xd0\xff\xfa\xff\xa2\xff\xe1\xff\xec\xff\x54\x00\x45\x00\x3d\x00\xa4\xff\x0a\x00\x2e\x00\xec\xff\xdc\xff\x16\x00\xa2\xff\x29\x00"
  "\x6b\x00\x12\x00\xfb\xff\xee\xff\x18\x00\xfc\xff\xa3\xff\xd2\xff\x5a\x00\x42\x00\x33\x00\xd5\xff\x03\x00\x46\x00\xdc\xff\x30\x00\xc7\xff\x03\x00\x03\x00\x28\x00"
  "\xd1\xff\xa2\xff\xc4\xff\x93\x00\xab\xff\xea\xff\xdc\xff\x2c\x00\xab\xff\x2a\x00\x24\x00\xc6\xff\xe9\xff\xcc\xff\xd8\xff\xc2\xff\x4c\x00\x11\x00\x2e\x00\x49\x00"
  "\x29\x00\xc4\xff\x0d\x00\xeb\xff\x4b\xff\x72\x00\xcc\xff\xe3\xff\xea\xff\xff\xff\x3d\x00\x19\x00\xff\xff\xf3\xff\x27\x00\x2c\x00\x9b\x00\xc1\xff\x30\x00\x81\xff"
  "\x44\x00\x55\xff\xb6\xff\x41\x00\xd2\xff\xf2\xff\xc4\x00\xdc\xff\xdd\xff\x52\x00\xdb\xff\x0a\x00\x11\x00\x29\x00\xe9\xff\x08\x00\xc1\xff\xf7\xff\xf8\xff\xd4\xff"
  "\xf4\xff\x29\x00\x56\x00\x63\x00\x20\x00\x09\x00\x39\x00\x06\x00\xeb\xff\x0f\x00\xeb\xff\xd5\x00\x05\x00\xe8\xff\xae\xff\x63\x00\x27\x00\x2e\x00\x1a\x00\x7d\x00"
  "\xa8\x00\xe4\xff\x14\x00\xfc\xff\x01\x01\xe2\xfe\xf0\xff\xc3\xff\xed\xff\x6f\x00\x70\xff\xe4\xff\xf1\xff\xf1\xff\xfd\xff\x05\x00\xbd\xff\xc4\xff\xf0\xff\x65\x00"
  "\x64\x00\xdf\xff\x07\x00\x45\x00\xd6\xff\x51\x00\x00\x00\x80\x00\x80\x01\x4f\x00\x08\x00\x87\xff\xe2\xff\xe6\xff\x42\x00\x49\x00\x51\x00\x03\x00\x60\xff\xff\xff"
  "\x0a\xff\x8d\x00\xff\xff\x24\x00\x8e\xff\xec\xff\x6b\x00\x1a\x00\x13\x00\x01\x00\xe1\xff\x65\x00\x93\x00\x4d\x00\xdc\xff\x7c\x00\xd1\x00\x29\x00\x06\x00\xf1\xff"
  "\x8a\xff\xf2\xff\xba\x00\xd8\xff\x24\x00\xa3\x00\x5c\x00\x77\x00\x01\x00\x21\x00\xf5\xff\xcb\xff\x00\x00\xfa\xff\xcf\xff\x23\x00\xa4\xff\xc4\xff\xac\x00\x2b\x00"
  "\x59\x00\x13\x00\xef\xff\xd6\xff\xdb\xff\xf2\xff\x18\x00\x7d\xff\x0c\x00\x05\x00\xe9\xff\x3c\x00\x1b\x00\xe6\xff\x40\x00\x8f\x00\x71\x00\xd8\xff\xc6\xff\x42\x00"
  "\x97\xff\x70\x00\x6d\xff\x89\xff\x46\x00\xeb\xff\x28\x00\x62\x00\x67\xff\xf6\xff\xcb\xff\xe9\xff\xbd\xff\xdc\x00\x2f\x00\x45\xff\x56\x00\x2d\x00\x5c\x00\x6c\xff"
  "\x77\x00\xb9\xff\x13\x00\x20\x00\x8b\x00\xd1\xfe\x78\x00\x64\x00\x25\x00\x9c\x00\xda\xff\x15\x00\xb9\xff\xd9\xff\x41\x00\x43\x01\xe1\xff\xa1\xff\x09\x00\x5d\x00"
  "\x0d\x00\xfb\xff\x93\x00\x45\x00\xe8\xff\x39\x00\x54\x00\xb6\xff\xd5\xff\xe3\xff\x40\xff\x07\x00\xae\xff\x2c\x00\x76\xff\xce\xff\x0f\x00\xe6\xff\xb6\x00\xe2\xff"
  "\x14\x00\xda\xff\xa0\xff\x14\x00\x0f\x00\x49\x00\x47\x00\x87\x00\x05\x00\x38\x00\x44\x00\x78\xff\x01\x00\x07\x00\x06\x00\x73\x00\x1d\x00\x6b\x00\x6d\x00\xfc\xff"
  "\x32\x00\x84\x00\x28\x00\x2b\x00\xde\xff\x10\x00\x4b\xff\x22\x00\xc2\xff\xa3\xff\x38\x00\x74\xff\x78\x00\x26\x00\xdf\xff\xe2\xff\xbb\xff\x11\x00\x0f\x00\xf8\xff"
  "\x39\x00\x99\xff\xff\xff\x64\x00\xa0\xff\xd4\xff\xc0\x00\xa7\x00\xb5\xff\xdf\xff\xfe\xff\x94\xff\x24\x00\xef\xff\x41\x00\xf7\xff\xe5\xff\x1a\x00\x0c\x00\xc6\xff"
  "\xf7\xff\xda\xff\xf7\xff\x09\x00\x1e\x00\x30\x00\xec\xff\xe2\xff\xcd\xff\x49\x00\x0d\x00\xb4\xff\x3d\x00\x63\x00\x25\x00\x23\x00\x87\xff\x5f\xff\x1d\x00\x07\x00"
  "\x35\x00\x17\x00\xf6\xff\x2d\x00\x5b\x00\xfc\xff\xbf\xff\x37\x00\x08\x00\xae\x00\x0c\x00\x17\x00\xf8\xff\x02\x00\x95\xff\xf7\xff\x1a\x00\xf8\xff\x14\x00\x40\x01"
  "\x39\x00\x35\x00\x2a\x00\xcb\xff\x29\x00\xeb\xff\x90\xff\x57\x00\xdd\xff\x2e\x00\xdf\xff\xf3\xff\x5e\x00\xee\xff\xec\xff\xd1\xff\xa7\xff\x51\x00\x2f\x00\xf2\xff"
  "\x0d\x00\x27\x00\xce\xff\x9c\xff\xfb\xff\xff\xff\x82\x00\x24\x01\x35\x00\x0f\x00\x70\x00\xff\xff\xe5\xff\x3c\x00\xe4\xff\xa8\xff\xb3\xff\x0c\x00\x4b\x00\x06\x00"
  "\xd2\xff\xdc\xff\x5a\x00\x12\x00\x25\x00\xd3\xff\xb5\xff\x1c\x00\xd5\xff\xf7\xff\x8e\xfe\xa2\xff\x1f\x00\x29\x00\xed\xff\xc8\xff\x14\x00\xf9\xff\xd0\xff\x00\x00"
  "\x44\x00\xf6\xff\x43\x00\x46\x00\x55\x00\xf9\xff\x02\x00\xb9\xff\xd3\xff\x1c\x00\x0a\x00\x1a\x00\x36\x00\x1c\x00\x25\x00\xf6\xff\xef\xff\x7c\xff\xd2\xff\xf1\xff"
  "\xa4\xff\x36\x00\x29\x00\xdb\xff\x13\x00\xed\xff\xc9\xff\x9d\xff\xed\xff\xdb\xff\x47\x00\xad\xff\xa3\xff\x25\x00\x5f\x00\x73\xff\xda\xff\xe8\xff\x00\x00\x6b\x00"
  "\x09\x00\xbd\xff\x2d\x00\xef\xff\x4d\x00\x18\x00\x2f\x01\x1d\xff\x57\x00\x0a\x00\x19\x00\x08\x00\x03\x00\xea\xff\xe1\xff\x85\xff\xe6\xff\xe9\xff\x02\x00\xc0\xff"
  "\x04\x00\x25\x00\xc6\xff\x80\xff\x08\x00\x15\x00\x06\x00\xd3\xff\x22\x00\x32\x00\x0d\x00\xae\xff\xa8\x00\xd9\xff\x00\x00\x69\x00\x21\x00\x34\x00\x67\x00\x9c\x00"
  "\xc7\xff\x14\x00\x2d\x00\xa6\xff\x88\xff\x31\x00\xfd\xfe\x6c\x00\xc5\xff\x77\x00\x07\x00\xa3\xff\x0c\x00\xce\xff\x34\xff\x0e\x00\x49\x00\x02\x00\x52\x00\x0d\x00"
  "\x2f\x01\x28\x00\x2c\x00\x0a\x00\x5c\x00\x60\xff\xf9\x00\x7e\x00\x8e\xff\x06\x00\x0e\x00\x03\x00\x8d\x00\x60\x00\xd7\xff\xfa\xff\xf2\xff\xfc\xff\xd7\xff\xc9\xff"
  "\x13\x00\x46\x00\xe7\xff\xf9\x00\xb5\xff\x53\x00\xd3\x00\x44\x00\x55\x00\x86\xff\xd8\xff\xdb\xff\xe0\xff\xd5\xff\x4e\x00\xbe\xff\x1e\x00\xe2\xff\xa6\xff\xcd\xff"
  "\x21\x00\xf5\xff\xf8\xff\x3d\x00\xf1\xff\x21\x00\x88\xff\x99\xff\x4e\x00\x3f\x00\xd1\xff\xe0\xff\x12\x00\x26\x00\xd9\xff\x54\x00\xed\xff\xa6\xff\x08\x00\x33\x00"
  "\xec\xff\x1b\x00\xcf\xff\xec\xff\x29\x00\xcf\xff\xa3\xff\xdb\xff\x00\x00\x4b\x00\xfc\xff\x37\xff\x83\xff\x10\x00\xec\xff\xf6\xff\x3e\x00\x27\x00\x54\x00\x37\x00"
  "\xab\xff\x09\x00\x11\x00\x3b\x00\x5f\xff\x19\xff\x75\xff\x11\x00\xe1\xff\x71\x00\x2e\x00\x0d\x00\xf4\xff\xf2\xff\xa6\x00\xd8\x00\x46\x00\x67\x00\xca\xff\x96\xff"
  "\x79\x00\x62\x00\x0b\x00\xe4\xff\xc0\xff\x0a\x00\xcc\xff\xd6\xff\xf0\xff\x15\x00\x64\x00\x14\x00\x88\xff\xa7\x00\xa9\xff\x27\x00\xf9\xff\x7f\x00\x9f\xff\x1e\x00"
  "\xd6\xff\xa3\xff\xf0\xff\xf2\xff\x64\x00\x16\x00\x1b\x00\x18\x00\x8b\xff\xd4\xff\x14\x00\xf2\xff\xc9\xff\xfb\xff\xe9\xff\x43\xff\xd2\xff\x06\x00\xdf\xff\xb4\xff"
  "\x2c\x00\xa2\xff\xc3\xff\x4f\x00\x98\xff\xf5\xff\x1a\x00\x55\x00\x1b\x00\x69\x00\x05\x00\xd8\xff\xdc\xff\xf1\xff\xed\xff\x2a\x00\x92\xff\xcc\xff\x25\x00\x22\x00"
  "\x8e\xff\x93\xff\x8c\xff\x56\x00\xa8\xff\x0a\xff\x86\x00\xd7\xff\x8e\xff\xd9\xff\x60\xff\x06\x01\xdc\xff\xf2\xff\xe5\xff\x13\x01\xc9\xff\x81\x00\x33\x00\x19\x00"
  "\x91\xff\xa7\xff\x42\xff\xe0\xff\xb0\xff\x12\x00\x66\x00\x88\xff\x68\xff\xf5\xff\xdb\xff\xdb\xff\x32\x00\x3a\x00\xe4\xff\x82\xff\xf0\xff\x02\x00\xd2\xff\xf9\xff"
  "\xed\xff\xf7\xff\x0c\x00\xe2\xff\xe5\xff\xde\xff\xba\xff\xdb\xff\x05\x00\xf8\xff\xf4\xff\xb0\xff\xd9\xff\x1a\x00\xd7\xff\x63\x00\x18\x00\x11\x00\xc5\xff\x2d\x00"
  "\x4b\x00\x02\x00\x13\x00\x03\x00\x17\x00\xfd\xff\xbf\x00\x24\x00\x0a\x00\xc7\x00\x18\x00\x2b\x00\xd2\xff\x31\x00\x88\x00\x97\xff\x1c\x00\x42\x00\x14\x00\xe4\xff"
  "\xf4\xff\x68\xff\x10\x00\x0f\x00\x4d\x00\x2f\x00\xb6\xff\x1d\x00\x00\x00\x53\x00\xef\xff\x55\x00\x93\xff\x0b\x00\x96\xff\xf8\xff\xf4\xff\xa4\xff\x2d\x00\xdc\xff"
  "\x1d\x00\x67\x00\x64\x00\x6f\x00\x08\x00\x74\x00\xd4\xff\xfa\xff\xce\xff\x97\xff\xfd\xff\xcd\xff\x01\x00\x88\x00\x04\x00\xcb\xff\x4b\x00\x0e\x00\x63\x00\xda\x00"
  "\xa4\xff\x17\x00\x17\x00\xd4\xff\x4a\x00\x48\x00\x22\x00\xdf\xff\xed\xff\x7d\x00\x1a\x00\x7e\xff\x1e\x00\x92\xff\x4c\x00\x0c\x00\x86\xff\xed\xff\xa6\xff\x25\x00"
  "\x25\x00\xd4\xff\x50\x00\x40\x00\xf3\xff\xe4\xff\x60\x00\x24\x00\x41\x00\xa9\xff\x48\x00\xd9\xff\x4a\x00\x4d\x00\xc6\xff\x21\x00\x37\x00\x40\x00\x4e\x00\x26\x00"
  "\x69\x00\x05\x00\x21\x00\xea\xff\x25\x00\xa5\xff\x8c\xff\x59\x00\x3d\x00\x0c\x00\x1a\x00\x80\xff\x50\x00\xab\xff\xd5\xff\xbb\xff\xe2\xff\x31\x00\x51\x00\xd7\xff"
  "\xf1\xff\xd0\xff\xc1\xff\x90\xff\xfa\xff\x13\x00\x5a\x00\x1e\x00\xfe\xff\x3d\x00\x0c\x00\xde\xff\x19\x00\x3b\x00\xee\xff\xc8\xff\xf8\xff\x01\x00\x51\x00\x28\x00"
  "\xf1\xff\x63\x00\x2a\x00\x99\xff\xbb\xff\xb5\xff\xfa\xff\x12\x00\xa1\xff\xed\xff\xc6\xff\x91\xff\x1a\x00\xfc\xff\xd7\xff\x89\xff\x0d\x00\x00\x00\x16\x00\x10\x00"
  "\xad\xff\xf2\xff\x44\x00\xaf\xff\x86\xff\x17\xff\x05\x00\x69\x00\xad\xff\xd0\xff\xa5\xff\xa4\xff\x47\x00\xd1\xff\xe7\xff\xa5\x00\xa5\xff\x61\x00\xb6\xff\x0c\xff"
  "\x97\x00\xf4\xff\xdd\xff\xdb\xff\xf2\xff\x0e\x00\xd6\xff\xf2\x00\xd1\xff\xc4\xff\xff\xff\x9e\xff\x88\xfe\xfb\xff\xb0\x00\x17\x00\xe6\xff\x45\x00\x37\x00\x17\x00"
  "\x33\x00\x70\xff\xf7\xff\x6d\x00\xa5\xff\x91\xff\x25\x00\x93\xff\x07\x00\xf4\xff\xea\xff\xed\xff\xc4\x00\xe9\xff\x08\x00\x9c\xff\xc0\xff\x48\x00\x36\x00\xd5\xff"
  "\x00\x00\xd3\xff\xcd\xff\xcc\xff\xfa\xff\x37\x00\x2d\x00\xe0\xff\xb5\xff\xdc\xff\x5a\x00\xdc\xff\xeb\xff\x97\x00\xd2\xff\x0c\x00\x8a\xff\x0d\x00\xbf\xff\x51\xff"
  "\x3d\x00\x0c\x00\xec\xff\x05\x00\xfb\xff\x21\x00\x21\x00\xc7\xff\x1f\x00\xfe\xff\x8c\x00\xc6\xff\x10\x00\x39\x00\xd0\xff\xe8\xff\x0d\x00\x1e\x00\xd9\xff\x3c\xff"
  "\x0e\x00\x1b\x00\x21\x00\x21\x00\xeb\xff\xf9\xff\x24\x00\xba\xff\x0b\x00\xaa\x00\x35\x00\xcd\xff\x0c\x00\x42\x00\x21\x00\xaf\xff\x0a\x00\x27\x00\x70\x00\x02\x00"
  "\xbd\xff\xd3\xff\x05\x00\x57\x00\x1d\x00\x6e\x00\x69\x00\x3f\x00\x21\x00\xe9\xff\x94\xff\xaf\xff\x96\xff\xec\xff\x0c\x00\x90\xff\xef\xff\xf1\xff\xb5\xff\x12\xff"
  "\x7a\xff\xf2\xff\x1b\x00\x90\xff\xa2\xff\x1c\x00\x23\x00\x58\xff\xf7\xff\x19\x00\x37\x00\xf4\xff\xb4\xff\xfd\xff\x57\x00\x2f\x00\x00\x00\x80\xff\xa9\xff\xc3\xff"
  "\x12\xff\x61\xff\x5b\x00\x0c\x00\x0b\x00\x34\x00\x62\x00\x8a\x00\x2b\x00\xb3\xff\xff\xff\x86\xff\x58\x00\x45\x00\xd5\xff\x1a\x00\x19\x00\xfc\xff\x2a\x00\x71\x00"
  "\x9e\xff\xaf\xff\x01\x00\xb0\xff\x2f\x00\x39\x00\x00\x00\x24\x00\x50\x00\x03\x00\x81\xff\xfc\xff\xfd\xff\x1d\x00\x0c\x00\xc6\xff\xb5\xff\x5b\x00\xff\xff\xc9\xff"
  "\x18\x00\xf4\xff\x2f\x00\xf9\xff\xe9\xff\x3b\x00\xa7\xff\xc5\xff\x14\x00\xf8\xff\xf2\xff\xe2\xff\xce\xff\xe6\xff\x24\x00\xda\xff\xe1\xff\x12\x00\xde\xff\x11\x00"
  "\x58\x00\x20\x00\x7c\xff\xbf\xff\x52\x00\xe7\xff\x05\x00\x07\x00\xc5\xff\x11\x00\xda\xff\x19\x00\xfe\xff\x06\x00\x4a\x00\x98\xff\x32\x00\xd6\x00\xfb\xff\x8b\x00"
  "\x5d\xff\x0d\x00\x34\x00\xce\xff\xd9\xff\xc5\xff\x18\x00\x21\x00\xc1\xff\xe9\xff\xb2\xff\x4e\x00\x44\x00\x4d\x00\xdd\xff\xb3\xff\x08\x00\xf8\xff\xd6\xff\xe9\xff"
  "\xf3\xff\x07\x00\xaf\xff\xc6\xff\xa0\xff\x41\x00\x02\x00\x06\x00\xf1\xff\x07\x00\x00\x00\x21\x00\xc5\xff\x6a\x00\xd5\xff\x63\x00\x05\x00\xc5\x00\x35\x00\x66\x00"
  "\x12\x00\xc3\x00\xa4\x00\xbf\xff\xe2\xff\xa3\xff\x4b\x00\xe9\xff\x26\x00\x3d\x00\xc6\xff\xbb\xff\x05\x00\xcd\xff\xd3\xff\xd0\xff\xff\xff\xf3\xff\xd1\xff\x6a\x00"
  "\x13\x00\x10\x00\xce\xff\xef\xff\x08\x00\x81\xff\x9e\xff\xd5\xff\xe6\xff\x87\xff\xf2\xff\x1a\x00\x1c\x00\x16\x00\x72\x00\x0e\x00\x16\x00\x6c\x00\xfc\xff\x71\x00"
  "\x4d\x00\xef\xff\x16\x00\xcd\xff\xa8\xff\x48\x00\x10\x00\x5a\x00\xbd\xff\xe2\xff\x7e\x00\x25\x00\xab\xff\x5a\xff\xc8\xff\x8a\xff\x26\x00\x06\x00\x42\xff\x29\x00"
  "\xfe\x00\x92\xff\x59\x00\x2e\x00\xd6\xff\x90\x00\xfb\xff\x69\x00\xfe\xff\xa9\xff\x89\xff\xab\xff\x3b\x00\xdc\xff\x2d\x00\xdc\xff\x90\xff\x69\xff\x1c\x00\x13\x00"
  "\x0b\x00\x32\xff\xec\xff\xe6\xff\x2b\x00\x10\x00\x1a\x00\xbb\xff\x1d\x00\x6f\x00\x21\x00\x3b\x00\xcd\xff\x4c\x00\x42\x00\x04\x00\xfd\xff\x37\x00\xdf\xff\xcc\xff"
  "\xb7\xff\xf9\xff\x12\x00\x49\x00\x53\x00\x02\x00\x51\x00\x54\x00\x4e\x00\xa1\xff\x35\x00\xc9\xff\xe5\x00\x85\xff\x02\x00\x4f\x00\x08\x01\x5c\x00\x45\x00\x2a\x00"
  "\x1f\x00\x8c\xff\x0a\x00\xfb\xff\xd4\xff\x7d\xff\x5d\x00\x05\x00\xb7\xff\xe4\xff\x2c\x00\xd7\xff\x15\x00\xa1\xff\x3c\xff\x3f\x00\x3b\x00\x4c\xff\x9a\xff\x24\x00"
  "\xfc\xff\x37\x00\xfe\xff\xbd\xff\xea\xff\xd1\xff\x24\x00\x36\x00\x09\x00\x25\x00\x47\x00\x0d\x00\xbc\xff\xf8\xff\x0c\x00\xcc\xff\x47\x00\x19\x00\x66\x00\x78\xff"
  "\x33\x00\xbc\xff\xea\xff\xf6\xff\x3f\x00\xc9\x00\x07\x00\xf6\xff\xa7\xff\xe0\xff\x19\x00\xcb\xff\xe7\xff\xc9\xff\xdc\xff\x24\x00\xce\xff\x5f\x00\x09\x00\xb2\xff"
  "\x11\x00\xc7\xff\x06\x00\x86\x01\xdf\xfe\x17\x00\x09\x00\x52\x00\x41\x00\x04\x00\x43\x00\x9f\xff\x18\x00\xee\xff\x1e\x00\x56\x00\xea\xff\xcf\xff\xa5\xff\xe9\xff"
  "\x6a\xff\xfd\xff\xae\xff\xea\xff\x30\x00\xde\xff\x25\x00\xf0\xff\x0e\x00\x68\x00\x84\x00\x5a\x00\xf6\xff\xd9\xff\x83\x00\x27\x00\x1f\x00\xa4\xff\xde\xff\xcd\x00"
  "\xf3\xff\x68\xff\x8b\x00\x25\x00\xba\xff\x55\x00\xe2\xff\xbb\xff\xb5\xff\x97\xff\xdf\xff\x9f\xff\x54\x00\x25\x00\xda\xff\x65\x00\x3d\x00\xfc\xff\xb2\x00\x5c\x00"
  "\x3c\x00\xd6\xff\xd8\xff\x9a\xff\x87\xff\xcc\xff\x4a\x00\xb0\xff\x69\x00\x99\xff\x57\x00\xf9\xff\xea\xff\x7f\x00\x55\xff\x77\x00\x74\xff\x6d\x00\x1a\x00\xff\xff"
  "\x37\x00\xd3\xff\xb5\xff\x76\x00\x5e\x00\xc0\x00\x71\x00\x07\x00\xff\xff\x88\xff\xbf\xff\x96\xff\xf5\xff\xe8\xff\xad\xff\xf5\xff\xe2\xff\x07\x00\xd6\xff\xb7\xff"
  "\x05\x00\x17\x00\x41\x00\x20\x00\x71\x00\x0b\x00\x31\x00\x13\x00\xca\xff\xd2\xff\x8d\xff\xe0\xff\xa3\xff\x51\x00\x3b\x00\xc3\xff\xe6\xff\xd6\xff\x59\x00\x12\x00"
  "\xd8\xff\xd6\xff\x2c\x00\x45\x00\x32\x00\x20\x00\xec\xff\x50\x00\x6c\xff\xbc\xff\xa6\xff\xeb\xff\xa6\xff\x7f\x00\x16\x00\x02\x00\xd9\xff\x19\x00\x01\x00\xdf\xff"
  "\xbe\xff\x52\x00\x07\x00\x14\x00\x00\x00\xb1\x00\x40\xff\x99\xff\xbb\xff\x67\xff\x7e\xff\xb7\xff\xdc\xff\x8c\xff\x1c\x00\x4b\x00\xdc\xff\xe6\xff\xf6\xff\x34\x00"
  "\x53\x00\xc4\xff\x27\x00\x06\x00\x39\x00\xd1\xff\x5c\xff\xdc\xff\x58\x00\x92\xff\xd5\xff\xb9\xff\xe0\xff\xef\xff\x71\x00\xcc\xff\xd9\xff\x09\x00\x0a\x00\x67\x00"
  "\x83\x00\x04\x00\x63\x00\xed\xff\x10\x00\xef\xff\x80\x00\x11\x00\x34\xff\x95\x00\xa0\xff\xe6\xff\x7f\xff\x50\x00\xc5\xff\xca\xff\x1a\x00\xac\x00\x17\x00\xf0\xff"
  "\xbd\xff\x99\xff\x20\x00\xfe\xff\x15\x00\xe1\xff\x90\xff\xda\xff\xd4\xff\x7e\xff\xae\xff\xda\xff\x6a\x00\xed\xff\x81\x00\x25\x00\x18\x00\xca\xff\xdc\xff\xe8\xff"
  "\xde\xff\xec\xff\x44\x00\xdc\xff\x66\xff\x55\x00\x0a\x00\x4e\x00\x8e\x00\x45\x00\xde\xff\x6f\xff\xa6\xff\x2f\x00\xad\xff\x15\x00\xfe\xff\x01\x00\x39\x00\x49\x00"
  "\xd6\xff\x97\xff\x1d\x00\x17\x00\x90\x00\x94\xff\xfa\xff\x1e\x00\xe3\xff\xf8\xff\x0c\x00\x5b\x00\x01\x00\xce\xff\xef\xff\xe6\xff\xe6\xff\xe1\xff\xf7\xff\x1e\x00"
  "\xd0\xff\x2d\x00\x0a\x00\xb4\xff\x11\x00\x11\x00\xfd\xff\x2e\x00\x13\x00\xfa\xff\x1a\x00\x5e\x00\x0f\x00\xa1\xff\xc1\xff\x1e\x00\xcb\xff\xfb\xff\x21\x00\x60\x00"
  "\x11\x00\x0a\x00\x09\x00\xc8\xff\x14\x00\xf8\xff\xf8\xff\x41\x00\xdf\xff\x27\x00\x00\x00\xce\x00\xca\xff\xd7\xff\xdc\xff\x16\x00\xdc\xff\xf5\xff\xf1\xff\x1c\x00"
  "\x05\x00\xfb\xff\x28\x00\x9c\xff\x07\x00\xf0\xff\x22\x00\xe3\xff\x1a\x00\xe8\xff\xf8\xff\x31\x00\xfe\xff\xf2\xff\xa4\xff\xe5\xff\x05\x00\xa4\xff\x0d\x00\x3e\x00"
  "\xcc\xff\x09\x00\xe9\xff\x90\xff\xf7\xff\xa4\xff\x0d\x00\x62\xff\x5a\xff\xf5\xff\x24\x00\x7b\xff\x1c\x00\xe1\xff\xed\xff\x02\x00\xf4\xff\x40\xff\x1e\x00\xf9\xff"
  "\xbe\xff\xe6\xff\x20\x00\xc0\xff\xe2\xff\x16\x00\x62\x00\x00\x00\xea\xff\x42\x00\xd6\xff\xc4\xff\xc2\xff\xfa\xff\xb3\xff\xde\x00\x6e\x00\x2f\x00\xfa\xff\x08\x00"
  "\xb6\xff\x8b\xff\xda\xfe\xcc\xff\x14\x00\xb8\xff\x04\x00\xfa\xff\x2c\x00\x15\x00\xf6\xff\xcd\xff\x36\x01\xfa\xff\xba\xff\x0a\x00\x77\xff\xbd\xff\x61\xff\xcf\xff"
  "\xcd\x00\x7d\x00\xdd\xff\x51\x00\xc3\x00\xfd\x00\x2d\x00\x05\x00\x27\x00\xeb\xff\x49\x00\x39\x00\x03\x00\x5a\x00\x03\x00\x44\x00\x15\xff\xa6\x00\xd4\xff\xdb\xff"
  "\xf0\xff\x38\x00\xe5\xff\x89\xff\xdf\xff\x23\x00\x14\x00\x2a\x00\x6b\x00\x34\x00\x98\xff\x8b\xff\x08\x00\x34\x00\x7c\xff\xb0\xff\x18\x00\x01\x00\x26\x00\x1f\x00"
  "\x2f\x00\x9f\xff\x66\xff\x1d\x00\x2e\x00\x73\x00\x25\x00\xdb\xff\xed\xff\x06\x00\x26\x00\x5c\x00\x57\x00\xf0\xff\xd9\xff\x52\x00\xa0\xff\xf2\xff\xf5\xff\xf9\xff"
  "\x83\xff\x5b\x00\xcd\xff\x0d\x00\x93\xff\x49\x00\x7e\x00\xd1\xff\xa8\xff\x74\xff\xb8\xff\x0c\x00\x10\x00\xf9\xff\xc8\xff\x0c\x00\x7e\x00\xc6\xff\xf3\xff\x12\x00"
  "\x1e\x00\x6e\x00\xc3\xff\x53\x00\x0c\x00\xe2\xff\x8c\xff\xe0\xff\xca\xff\xf2\xff\xed\xff\x01\x00\x1d\x00\xcc\xff\x5a\x00\x50\x00\x48\x00\x50\xff\x70\xff\xeb\xff"
  "\x86\x00\x65\x00\xcb\xff\xa7\xff\x3f\x00\x0c\x00\x1c\x00\x75\xff\xac\xff\x45\x00\x77\x00\x8d\x00\x30\x00\x7a\xff\xe9\xff\xee\xff\x29\x00\x3c\x00\x5d\x00\xf6\xff"
  "\xf6\xff\x26\x00\x70\x00\x27\x00\x1e\x00\x49\x00\xd9\xff\xca\xff\xa3\xff\xc4\xff\x9b\xff\x6a\xff\x65\x00\xdd\xff\x13\x00\x87\xff\x0b\x00\x26\x00\xf4\xff\x4f\x00"
  "\x25\x00\x92\xff\x23\x00\xd6\xff\xc0\xff\x01\x00\x90\xff\x7e\xff\x61\x00\xec\xff\xfa\xff\x70\xff\xe0\xff\xd5\xff\x07\x00\x8c\xff\xeb\xff\xb8\xff\x4f\x00\x3a\x00"
  "\xd1\xff\x12\x00\xc1\x00\x6e\x00\x09\x00\x34\x00\xda\xff\x12\x00\x68\x00\xc4\xff\xa8\xff\xb2\xff\x36\x00\x17\xff\xaa\xff\xe7\xff\xd6\xff\x38\x00\xb6\x00\x6d\xff"
  "\x99\xff\x29\x00\xe6\xff\xcd\xff\x55\xff\xfb\xff\x15\x00\xd9\xff\x35\x00\xf7\xff\xd3\xff\x0a\x00\x21\x00\x7b\xff\xb3\xff\x50\x00\xda\xff\x8f\xff\xbb\xff\x66\xff"
  "\x15\x00\xe3\xff\x30\x00\x02\x00\x87\x00\x50\x00\xf6\xff\x4b\xff\x1c\x00\x1f\x00\x15\x00\x8a\xff\xb1\xff\x37\x00\xfa\xff\xa1\xff\x2a\x00\x20\x00\x06\x00\x44\x00"
  "\x8d\xff\x0d\x00\xc4\xff\x0d\x00\xf1\xff\x2a\x00\x1e\x00\xa7\xff\xdf\x00\x75\xff\xfd\xff\x2b\x00\xeb\xff\xd9\xff\x12\x00\x78\x00\xe2\xff\x15\x00\xff\xff\x4a\xff"
  "\xce\xff\xe1\xff\xfa\xff\x07\x00\x2b\x00\x4c\x00\xdc\xff\xc8\xff\xd3\xff\xde\xff\x15\x00\xd9\xff\xe8\xff\xaf\xff\x3c\x00\x6e\x00\x19\x00\xef\xff\x96\xff\xdb\xff"
  "\x35\x00\x13\x00\xab\xff\xff\xff\xf3\xff\x5e\x00\x45\x00\x06\x00\x3d\x00\x14\x00\xb0\xff\xc2\xff\x1e\x00\xe1\xff\xeb\xff\x3d\x00\xee\xff\xff\xff\x46\x00\x0b\x00"
  "\x48\x00\x15\x00\x54\x00\x9e\x00\x69\x00\x13\x00\x34\x00\xaf\xff\xfd\xff\x94\x00\x0a\x00\xce\xff\x18\x00\x74\x00\x80\xff\xd5\xff\x3c\x00\xa6\xff\xc2\xff\xc2\xff"
  "\x1d\xff\x24\x00\xe0\xff\x65\x00\x3e\x00\xa3\xff\xb3\xff\xa5\xff\xf8\xff\x10\x00\x66\x00\xda\x00\x74\xff\x2c\x00\xcd\xff\xf5\xff\x2e\x00\x69\x00\x38\x00\x4c\xff"
  "\x06\x00\x4e\x00\x80\x00\x8b\xff\x0e\x00\x16\x00\xd5\xff\x00\x00\x35\x00\xe0\xff\x96\xff\x96\xff\x71\x00\x07\x00\x23\x00\xb3\xff\x1c\x00\xe0\xff\xbb\x00\xc0\xff"
  "\xb7\xff\x1f\x00\xff\xff\x91\xff\xd2\xff\xf4\xff\x5f\x00\x48\x00\xf9\xff\x48\x00\x4e\x00\xf3\xff\xf5\xff\x10\x00\xdb\xff\x8b\x00\x71\x00\xf3\xff\xbe\xff\x0f\x00"
  "\x29\x00\x25\x00\x82\xff\x03\x00\x04\x00\x27\x00\x69\x00\x1e\x00\x01\x00\x0c\x01\xdb\xff\xf3\xff\x3a\x00\xa7\xff\x13\x00\x16\x00\xda\xff\x0a\x00\x0b\x00\x62\x00"
  "\x1f\x00\xe8\xff\xed\xff\xfc\xff\x20\x00\x2a\x00\xe2\xff\x16\x00\xe1\xff\x18\x00\xf5\xff\xfc\xff\x05\x00\x11\x00\x01\x00\x0c\x00\x94\xff\x07\x00\xe4\xff\x96\x00"
  "\x1c\x00\xf0\xff\xfb\xff\xec\xff\xfb\xff\x11\x00\xae\xff\x52\x00\x28\xff\xc8\xff\xd7\xff\x1c\x00\xa4\xff\xe8\xff\xc3\xff\x82\x00\x81\xff\x2d\x00\x46\x00\xe0\xff"
  "\x3a\x00\xe9\x00\xe6\xff\xf9\xff\x0d\x00\xec\xff\xe5\xff\xed\xff\x9a\x00\xcd\xff\x29\x00\x17\x00\x3f\x00\xe1\xff\x7d\xff\x60\x00\xfe\xff\x39\x00\x9c\x00\x02\x00"
  "\x12\x00\x16\x00\x72\xff\x8c\x00\x73\x00\x9a\xff\xd4\xff\x5c\x00\x9a\xff\xb6\xff\x3d\x00\xb5\xff\xd1\xff\xd7\xff\x6a\x00\xaf\xff\x5f\x00\x20\x00\x90\xff\xdc\xff"
  "\xd6\xff\xa8\xff\x5c\x00\x38\x00\x44\x00\x85\xff\x19\x00\x55\x00\xab\xff\xd4\xff\x4a\x00\x76\x00\x51\x00\xb6\xff\xad\xff\x7c\xff\xce\xff\xb3\xff\xce\x00\x24\x00"
  "\x2d\x00\xa5\xff\x30\x00\x0d\x00\x3b\x00\xde\xff\x6e\x00\x2b\x00\x1d\x00\xed\x00\xc9\xff\xa4\x00\x2b\xff\x96\xff\x41\x00\xa2\xff\x58\x00\x22\x00\x7d\x00\xa2\xff"
  "\x03\x00\x2c\x00\xef\xff\x99\xff\x1e\x00\xf9\x00\x0f\x00\xe0\xff\xd3\xff\xfb\xff\xf9\xff\xd9\xff\xf7\xff\x04\x00\xd5\xff\x16\x00\xf0\xff\x5c\xff\xde\xff\x57\x00"
  "\x2f\x00\xcd\xff\xe3\xff\xfd\xff\xde\xff\xfb\xff\xd6\xff\x01\x00\x08\x00\xf4\xff\x4d\x00\x60\xff\xf3\xff\xea\xff\xc5\xff\x91\xff\xad\xff\x2a\x00\xe6\xff\x9b\xff"
  "\xdc\xff\x9a\xff\xf7\xff\xec\xff\xf2\xff\x20\x00\x07\x00\x3b\x00\x1e\x00\xce\xff\x66\xff\xe6\xff\x1e\x00\x55\x00\x6a\xff\xdf\xff\xf9\xff\x0f\x00\xad\xff\xef\xff"
  "\xfc\xff\xae\x00\x4a\x00\xe8\xff\xc4\xff\xba\x00\x3f\x00\xeb\xff\xb5\xff\xb4\xff\x91\xff\xe6\xff\x09\x00\xce\xff\xe3\xff\x17\x00\x1f\x00\xfb\xff\xf4\xff\xe8\xff"
  "\x19\x00\xdc\xff\x31\x00\x8a\xff\x06\x00\x08\x00\xf8\xff\x0f\x00\x11\x00\xe2\xff\x1e\xff\x67\xff\xd7\xff\xd5\xff\x1e\x00\x17\x00\xe4\xff\x78\xff\x27\x00\x2f\x00"
  "\x7b\x00\xf1\xff\xd8\xff\x72\xff\xc4\x00\x02\x00\x35\x00\x0a\x00\xa1\xff\x5e\xff\x1c\x00\xaa\xff\x9c\xff\x5f\xff\xad\xff\xe6\xff\xcd\xff\x8c\x00\xd7\xff\x7f\x00"
  "\x59\x00\xa1\xff\x2d\x00\x71\x00\x51\x00\x00\x00\x29\x00\x50\x00\xc8\xff\xc9\xff\x11\x00\xf5\xff\x64\x00\x94\xff\xdd\xff\xb3\xff\x5e\x00\x44\x00\x91\xff\xad\x00"
  "\x26\x00\x48\x00\x11\x00\xf4\xff\xe8\xff\x23\x00\x0b\x00\x28\x00\xd2\xff\x8a\xff\x7d\xff\xa4\xff\x9b\xff\x39\x00\xc5\xff\x97\xff\x95\x00\x24\x00\xdf\xff\xfe\xff"
  "\x0a\x00\x0e\x00\xcc\xff\x3a\x00\xed\xff\x2c\x00\x61\xff\x51\x00\x50\x00\xb3\xff\xea\xff\xae\xff\x53\x00\xf2\xff\xa3\xff\x12\x00\x3a\x00\x64\x00\x6d\xff\x6c\xff"
  "\x78\x00\x11\x00\x64\x00\xad\xff\x93\xfe\x1a\x00\x55\x00\x3b\x00\x31\x00\x56\xff\xe9\xff\x70\xff\x1b\x00\x1f\x00\x61\x00\x85\x00\x05\x00\xee\xff\xcd\xff\xb3\xff"
  "\xba\xff\x01\x00\xfc\xff\x30\x00\x06\x00\x19\x00\x1e\x00\xc1\xff\xf3\xff\x5f\xff\xb1\x00\xdf\xff\xd3\xff\x3a\x00\x01\x00\xf0\xff\x7c\x00\xfe\xff\x17\x00\x03\x00"
  "\x35\x00\x18\x00\xfb\xff\xbb\x00\x0b\x00\x35\x00\xbd\xff\xa1\xff\x37\x00\xf9\xff\xcd\xff\xd2\xff\x66\x00\x06\x00\x34\x00\xea\xff\x29\x00\x79\x00\xfd\xff\xba\xff"
  "\x25\x00\x32\x00\xa4\xff\x9d\xff\xa2\xff\x0f\x00\xb6\x00\xfc\xff\x8b\xff\x54\x00\xff\xff\x50\x00\x2c\x00\xeb\xff\xfd\xff\xed\xff\xfb\xff\xe6\xff\x20\x00\xb5\x00"
  "\xcc\xff\x0a\x00\x12\x00\xfd\xff\x0e\x00\x3d\x00\xbc\xff\xec\xff\xfa\xff\xf6\xff\x3c\x00\x30\x00\xef\xff\x0b\x00\x45\x00\xee\xff\x1d\x00\xb2\xff\x27\x00\x25\x00"
  "\xb6\xff\xe0\xff\x7c\xff\x0a\x00\xf4\xff\xce\xff\xf8\xff\xc7\xff\x21\x00\xf1\xff\x26\x00\xf1\xff\x18\x00\xf2\xff\xb4\xff\x98\xff\xac\xff\xb9\xff\x16\x00\xb1\x00"
  "\xe6\xff\xf4\xff\x7f\xff\xc2\xff\x37\x00\x5c\x00\xdf\xff\x23\x00\xa0\xff\x7d\x00\x42\x00\xd8\xff\x61\x00\x30\x00\xe2\xff\x10\x00\x0f\x00\x0f\x00\xf4\xff\x62\x00"
  "\x0f\x00\x28\x00\x4f\x00\x04\x00\x70\x00\x0e\x00\xe2\xff\x95\xff\xe0\xff\xc1\xff\xfb\xff\x3e\x00\x0e\x00\x50\x00\xe8\xff\x94\xff\x64\x00\x34\x00\xf8\xff\x43\x00"
  "\x41\x00\xea\xff\x12\x00\xfc\xff\x3c\x00\x05\x00\x5f\x00\xd4\xff\xfc\xff\xd2\xff\x23\x00\x0f\x00\xe4\xff\xdc\xff\xd0\xff\x6e\xff\x2b\x00\x5d\x00\xaf\xff\x07\x00"
  "\x35\x00\xeb\xff\x3a\x00\xe8\xff\x08\x00\x29\x00\x08\x00\xf3\xff\xe6\xff\x46\x00\x2f\x00\x73\xff\x32\x00\x13\x00\xfa\xff\x05\x00\x30\xff\xf0\xff\x55\xfe\x13\x00"
  "\xc8\xff\xad\xff\x09\x00\xbd\xff\x17\x00\x07\x00\x3c\x00\x01\x00\xb9\xff\xd4\xff\xc4\xff\x22\x00\x03\x00\xcf\xff\x1f\x00\x2c\x00\x11\x00\x2c\x00\xe5\xff\xd4\xff"
  "\x21\x00\xc6\xff\x0b\x00\x9d\xff\x16\x00\x42\x00\x04\x00\x22\x00\x8b\x00\xf7\xff\xf9\xff\xc3\xff\xfd\xff\x34\x00\x06\x00\x51\x00\xe1\xff\x20\x00\xc0\xff\x0d\x00"
  "\x24\x00\x2d\x00\xd9\xff\xe7\xff\x2a\x00\xf8\xff\x06\x00\xab\xff\x1d\x00\x5c\x00\x23\x00\x1e\x00\xd0\xff\x34\x00\x51\x00\xa7\xff\x0d\x00\xc6\xff\xcb\xff\x1f\x00"
  "\xdb\xff\xe8\xff\x81\x00\xc5\x00\xf7\xff\x16\x00\xfe\xff\xb4\xff\xe0\xff\xd0\xff\x4f\x00\xe9\xff\x1e\x00\xf6\xff\xb9\xff\xff\xff\x8f\xff\xeb\xff\x75\x00\x07\x00"
  "\xea\xff\x9b\xff\xc3\xff\x8c\xff\xef\xff\xe7\xff\xec\xff\x2d\x00\xd1\xff\xd5\xff\x15\x00\x06\x00\x1f\x00\x39\x00\xc4\xff\xb9\xff\xf3\xff\x14\x00\xa5\xff\x10\x00"
  "\x08\x00\xa5\x00\x00\x00\xbf\xff\x05\x00\x0d\x00\xc0\xff\xf6\xff\x01\x01\x5b\x00\xe7\x00\x9d\xff\xea\xff\x88\x00\x9a\xff\x24\x00\x94\x00\x28\x00\x14\x00\x6b\x00"
  "\xa3\xff\x1a\x00\x46\x00\xcb\x00\x0a\x00\x7e\x00\x79\xff\xbc\x00\x20\xff\x29\x00\x88\x00\x95\xff\xec\xff\x27\x01\xf9\xff\xaf\xff\x07\x00\xf6\x00\x24\x00\x2e\x00"
  "\x5b\x00\x7d\x00\xa7\xfe\xfb\xff\x84\xff\x7a\xff\xea\xff\xf5\xff\x1e\x00\x59\x00\xf1\xff\xfe\xff\x8c\xff\xf4\xff\x06\x00\x33\xff\x2c\x00\x50\xff\x83\x00\x71\xff"
  "\x3e\x00\x68\x00\x90\xff\xf6\xff\xc5\xff\x7b\xff\x02\x00\x3d\x00\xf9\xff\xfc\x00\x46\x00\xec\xff\x26\x00\x6b\x00\x68\xff\xbb\xff\x11\x00\x0a\x00\x71\x00\x2b\x00"
  "\xdf\xff\xed\xff\x2d\x00\xec\xff\xf3\xff\xf2\xff\x24\x00\xd2\xff\x9c\xff\x97\xff\xec\xff\xde\xff\x36\x00\xec\xff\xa7\x00\xda\xff\x13\x00\x29\x00\xef\xff\x11\x00"
  "\xe1\xff\x22\x00\x0b\x00\x26\x00\x4e\xff\x56\x00\xd6\xff\xb3\xff\x18\x00\xfc\xff\x12\x00\xf8\xff\x3f\x00\xa8\xff\xd6\xff\x8f\x00\x02\x00\x17\xff\x01\x00\x30\x00"
  "\xf5\xff\xb9\xff\xce\xff\xf2\xff\xb8\x00\xfa\xff\x86\x00\xd1\xff\x17\x00\x1e\x00\x39\x00\x4b\x00\x4d\x00\xfe\x00\x44\x00\x0c\x00\xcc\xff\xdb\xff\xdd\xff\x1c\x00"
  "\x82\xff\x16\x00\xfe\xff\xb5\xff\x59\x00\x75\x00\x04\x00\x01\x00\xfd\xff\xe1\xff\xfd\xff\xee\xff\xe6\xff\xff\xff\x28\x00\xfb\xff\x21\x00\xad\xff\xda\xff\x11\x00"
  "\x25\x00\xed\xff\x59\x00\xae\xff\x25\x00\xd0\xff\xf3\xff\x28\x00\x91\xff\xad\x00\x48\x00\x49\x00\x11\x00\x55\x00\xb5\x00\x01\x00\x23\x00\xf0\xff\x2e\x00\xff\xff"
  "\xa9\xff\x3b\x00\x40\x00\xe9\xff\xd3\xff\xb8\xff\x10\x00\x32\x00\x63\x00\x0f\x00\x2c\x00\x4f\xff\x38\xfe\x52\x00\xcd\xff\x5f\x00\x08\x00\x14\x00\x51\x00\xdc\xff"
  "\x2a\x00\xa7\x00\x9a\xff\xc3\xff\x93\x00\xed\xff\x99\x00\x86\x00\x82\x00\x27\x00\xf8\xff\xc7\xff\xd1\xff\xaf\x00\xdd\xff\x0f\x00\x4f\x00\xc4\xfe\xfc\xff\x81\x00"
  "\x21\x00\x7f\x00\x54\xff\xb4\x00\x82\x00\x04\x00\x7a\x00\xf1\xff\x07\x00\x79\x00\x43\x00\xc5\xff\x0c\x00\x1f\x00\x4a\x00\x74\x00\xc7\xff\xb5\xff\x0e\x00\x51\x00"
  "\x0b\x00\xae\xff\x47\xff\xa3\xff\xe5\xff\xef\xff\x1a\x00\x21\x00\x57\x00\xea\xff\x26\x00\xc2\xff\x27\x00\xbb\xff\x19\x00\xba\xff\x04\x00\x09\x00\x3c\x00\xb1\xff"
  "\xee\xff\x34\x00\x32\x00\xa3\x00\xbd\xff\xd8\xff\x76\x00\x01\x00\xf2\xff\xc9\xff\xf5\xff\xd6\xff\x23\x00\xf3\xff\x1f\x00\xf9\xff\xee\xff\xea\xff\x55\x00\xec\xff"
  "\x59\x00\x94\xff\x2f\x00\x02\x00\x82\xff\x69\xff\xec\xff\x22\x00\x11\x00\x26\x00\x20\x00\x0c\x00\x08\x00\xd5\xff\x3d\x00\xfc\xff\xa6\xff\xef\xff\xb6\xff\x3f\x00"
  "\x26\x00\x99\xff\x39\x00\x39\x00\xb5\xff\xbf\xff\xaa\xff\x63\xff\x23\x00\x5d\x00\x24\x00\x24\x00\x53\x00\xcc\xff\xac\x00\x10\x00\x7b\xff\x29\x00\x51\x00\x42\x00"
  "\x05\x00\xa5\xff\xc0\xff\xc5\xff\x4c\x00\xae\xff\xb9\xff\x07\x00\x2f\x00\x41\x00\xd5\xff\x00\x00\xf0\xff\x1b\x00\x58\x00\x19\x00\x07\x00\x00\x00\xd0\xff\x01\x00"
  "\x4e\x00\x92\xff\x59\x00\x4e\x00\xed\xff\xaf\xff\x92\x00\x49\x00\x84\xff\xfd\xff\xf0\xff\xde\xff\xef\xff\xe2\xff\xdb\xff\xa8\xff\xba\xff\x04\x00\xda\xff\x08\x00"
  "\x2c\x00\x2c\x00\xcd\xff\x9d\xff\x68\x00\xe4\xff\x34\x00\x01\x00\xde\xff\xa5\xff\xb6\xff\xc7\xff\xed\xff\x1b\x00\xd4\x00\x07\x00\x86\xff\x2f\x00\x40\x00\x17\x00"
  "\xba\xff\xfd\xff\x00\x00\xe6\xff\x15\x00\xaf\x00\x25\xff\xed\xff\xf0\xff\x34\x00\xdd\xff\x31\x00\x03\x00\x20\x00\x02\x00\x07\x00\x6a\x00\xb9\xff\xf5\xff\x91\x00"
  "\x3a\x00\x08\x00\x03\x00\xb7\xff\xd2\xff\xed\xff\xfc\xff\x64\x00\x2c\x00\x1f\x00\xab\x00\xcf\xff\x31\x00\xc4\xff\x35\x00\xe1\xff\x20\x00\x3e\x00\x57\x00\x64\x00"
  "\x6c\xff\x3c\x00\xca\xff\xd1\xff\xf1\xff\x26\x00\x84\xff\x86\x00\x18\x00\xe8\xff\x49\x00\xbf\xff\xb8\xff\x15\x00\x37\x00\x41\x00\x19\x00\xba\xff\xb1\xff\xb0\xff"
  "\xfe\xff\x6f\x00\xe7\x00\xe6\xff\x7f\x00\xf3\xff\xfb\xff\x18\x00\xf4\xff\x29\x00\x7f\xff\xf2\xff\xdc\xff\xe6\xff\x5d\xff\xab\xff\xf5\xff\x89\x00\xa2\x00\xfc\xff"
  "\x02\x00\xbd\xff\xf5\xff\xca\xff\xe4\xff\x25\x00\x01\x00\xb7\x00\x90\xff\xe7\xff\x46\x00\x5b\x00\x37\x00\x32\x00\xb8\xff\x9b\xff\x26\x00\xa5\xff\x2e\x00\x15\x00"
  "\x61\x00\xd5\xff\xcb\xff\x0d\x00\x99\xff\x89\x00\xc7\xff\x9a\xff\x5c\x00\x0b\x00\x5d\x00\x16\x00\xa9\xff\xfe\xff\xf9\xff\xb8\xff\x4b\x00\x2c\xff\x78\x00\xd4\xff"
  "\x0f\x00\xb4\xff\xa8\xff\x72\xff\x79\xff\xb5\xff\x39\x00\x5e\x00\x48\x00\xad\xff\x8a\xff\x03\x00\x20\x00\x0f\x00\x9c\x00\x47\x00\x7e\x00\x03\x00\x14\x00\xc6\xff"
  "\xce\xff\xf7\xff\xbb\xff\x53\x00\x2a\x00\xac\xff\x13\x00\xf5\xff\xf5\xff\xb7\xff\x2a\x00\x52\x00\xf5\xff\x18\x00\x38\x00\xe1\xff\xab\x00\xdc\xff\x05\xff\xd5\xff"
  "\xeb\xff\x10\x00\x11\x00\x5e\x00\xee\xff\xd9\xff\xa0\xff\xd3\xff\xfa\xff\x2b\x00\x97\xff\xe4\xff\x25\x00\xda\xff\xf3\xff\xe7\xff\xf6\xff\x0c\x00\x67\xff\x09\x00"
  "\x20\x00\x1c\x00\xb2\xff\x2d\xff\xa3\xff\x01\x00\x20\x00\xa1\x00\x42\x00\x55\x00\xba\xff\x4f\xff\x0d\x00\xee\xff\xc3\xff\x84\x00\x3f\x00\x2f\x00\xec\xff\x3e\x00"
  "\x70\xff\x0e\x00\x18\x00\x8d\x00\x00\x00\x09\x00\x00\x00\x03\x00\x00\x00\x32\x30\x30\x02\x00\x00\x00\x8b\x00\x00\x00\x8c\x00\x00\x00\x04\x00\x00\x00\x01\x00\x00"
  "\x00\x01\x00\x00\x00\x01\x00\x00\x00\x01\x00\x00\x00\x04\x00\x00\x00\x00\x00\x00\x00\x00\x00\x00\x00\x00\x00\x00\x00\x00\x00\x00\x00\x01\x00\x00\x00\x00\x00\x00"
  "\x00\x8e\x00\x00\x00\x01\x00\x00\x00\x20\x00\x00\x00\x35\x2e\x73\x70\x6c\x69\x74\x5f\x79\x5f\x70\x61\x74\x68\x2e\x35\x2e\x63\x6f\x6e\x76\x31\x5f\x31\x31\x2e\x30"
  "\x2e\x62\x69\x61\x73\x00\x00\x00\x00\x01\x00\x00\x00\x20\x00\x00\x00\x00\x00\x02\x00\x00\x00\x09\x00\x00\x00\xfa\xff\x11\x00\x3a\x00\x34\x00\x96\xff\xfb\xff\xfd"
  "\xff\x0f\x00\xe1\xff\x16\x00\xdd\xff\xd2\xff\xe2\xff\x8c\xff\xb0\xff\x67\x00\x74\x00\x03\x00\x04\x00\xde\xff\xcd\xff\xd7\xff\xf5\xff\xff\xff\xed\xff\xf1\xff\x02"
  "\x00\xc4\xff\xf8\xff\x4b\x00\x03\x00\xea\xff\x8f\x00\x00\x00\x04\x00\x00\x00\x10\x00\x00\x00\x32\x30\x30\x5f\x4e\x4f\x54\x5f\x49\x4e\x5f\x47\x52\x41\x50\x48\x02"
  "\x00\x00\x00\x8d\x00\x00\x00\x8e\x00\x00\x00\x90\x00\x00\x00\x01\x00\x00\x00\x22\x00\x00\x00\x35\x2e\x73\x70\x6c\x69\x74\x5f\x79\x5f\x70\x61\x74\x68\x2e\x35\x2e"
  "\x63\x6f\x6e\x76\x32\x5f\x31\x33\x2e\x30\x2e\x77\x65\x69\x67\x68\x74\x00\x00\x00\x00\x04\x00\x00\x00\x03\x00\x00\x00\x01\x00\x00\x00\x01\x00\x00\x00\x20\x00\x00"
  "\x00\x00\x00\x02\x00\x00\x00\x09\x00\x00\x00\xd2\xff\xfd\xff\x02\x00\x03\x00\xda\xff\x77\xfe\x0c\x00\xda\xff\xfc\xff\xf3\xff\x1b\x00\x0b\xff\x0c\x01\x88\x00\x06"
  "\x00\x09\x00\x41\x00\x09\x00\x10\x00\xe1\xfe\xfd\x00\x15\x00\x0f\x00\x5b\x00\x11\x00\xf6\xff\x36\x00\x80\xfd\x43\x00\x52\xff\x00\x00\x0e\x00\xae\xfd\xa1\xfd\x5a"
  "\x02\xb1\xfd\x96\xff\xf2\x01\x45\x02\x79\x02\xbf\xfd\x94\xfd\xa3\x02\xa4\xfe\x25\x01\x49\x02\xcb\xfd\x23\x00\x5b\x02\xc4\xfd\x93\x02\xf0\xfe\xe6\x00\x90\xfd\x45"
  "\x02\xb5\xfd\x98\x02\x6c\x02\x1f\x02\x7a\x00\x09\x02\x73\xfe\xbe\x01\xbf\xfd\xce\xff\x1c\x00\x05\x00\x09\x00\x7a\x02\x05\x00\x27\x00\x00\x00\x32\x00\xf9\xff\xc5"
  "\xff\xe8\xfe\x1a\x01\xa8\x00\xf1\xff\xa4\xfd\x03\x00\x0c\x00\x08\x00\xba\xfe\xc1\x00\x1e\x00\x01\x00\xf4\xff\xda\xff\x09\x00\x17\x00\x17\x00\x04\x00\x46\xff\x01"
  "\x00\xe0\xff\x91\x00\x00\x00\x09\x00\x00\x00\x03\x00\x00\x00\x32\x30\x31\x02\x00\x00\x00\x8f\x00\x00\x00\x90\x00\x00\x00\x04\x00\x00\x00\x01\x00\x00\x00\x01\x00"
  "\x00\x00\x01\x00\x00\x00\x01\x00\x00\x00\x04\x00\x00\x00\x01\x00\x00\x00\x00\x00\x00\x00\x01\x00\x00\x00\x00\x00\x00\x00\x20\x00\x00\x00\x00\x00\x00\x00\x92\x00"
  "\x00\x00\x01\x00\x00\x00\x20\x00\x00\x00\x35\x2e\x73\x70\x6c\x69\x74\x5f\x79\x5f\x70\x61\x74\x68\x2e\x35\x2e\x63\x6f\x6e\x76\x32\x5f\x31\x33\x2e\x30\x2e\x62\x69"
  "\x61\x73\x00\x00\x00\x00\x01\x00\x00\x00\x20\x00\x00\x00\x00\x00\x02\x00\x00\x00\x09\x00\x00\x00\x01\x00\xe6\xff\x35\x00\xce\xff\x35\x00\xf7\xff\x05\x00\x06\x00"
  "\x23\x00\xea\xff\xd3\xff\x11\x00\x23\x00\xc4\xff\x47\x00\x15\x00\x6a\x00\xfc\xff\x03\x00\x13\x00\x08\x00\x29\x00\xf0\xff\xf4\xff\xee\xff\xf7\xff\x16\x00\xfe\xff"
  "\xc3\xff\xc4\xff\x0e\x00\x0b\x00\x93\x00\x00\x00\x04\x00\x00\x00\x10\x00\x00\x00\x32\x30\x31\x5f\x4e\x4f\x54\x5f\x49\x4e\x5f\x47\x52\x41\x50\x48\x02\x00\x00\x00"
  "\x91\x00\x00\x00\x92\x00\x00\x00\x94\x00\x00\x00\x01\x00\x00\x00\x22\x00\x00\x00\x35\x2e\x73\x70\x6c\x69\x74\x5f\x79\x5f\x70\x61\x74\x68\x2e\x35\x2e\x63\x6f\x6e"
  "\x76\x33\x5f\x33\x31\x2e\x30\x2e\x77\x65\x69\x67\x68\x74\x00\x00\x00\x00\x04\x00\x00\x00\x01\x00\x00\x00\x03\x00\x00\x00\x01\x00\x00\x00\x20\x00\x00\x00\x00\x00"
  "\x02\x00\x00\x00\x09\x00\x00\x00\x3b\x02\x03\x00\xd8\xff\x15\x00\xe1\xff\xeb\xff\x0b\x00\xf8\xff\xf6\xff\x1d\x00\x71\x02\x11\xff\xc8\xfe\x92\x01\x08\x00\xe7\xff"
  "\x0e\x00\x0f\x00\x05\x00\xf0\x00\xf0\x00\xdf\xff\xfd\xff\xf9\xff\x07\x00\x04\x00\xca\xff\xfc\xff\xfd\xff\x69\xff\x01\x00\xf0\xff\x84\xff\x9f\xfd\x5a\x02\x52\x02"
  "\x85\x02\x54\xfd\x44\x02\xa5\xff\x43\x02\x6a\x02\x1b\xff\x83\xfe\x50\xff\x47\x00\xc9\xfd\x5e\x02\x65\x02\xc9\xfd\x92\x02\x88\x01\xe4\x00\x6c\x02\x44\x02\xa9\xfd"
  "\x06\x01\x6c\x02\xe4\xfd\x8c\x02\x8a\x01\x4d\xfe\xbc\x01\xbf\xfd\xda\xff\xf4\xff\xff\xff\x09\x00\xbe\xff\x17\x00\x03\x00\x71\x02\xfb\xff\xf9\xff\xf7\xff\x15\xff"
  "\xbc\xfe\x50\xfe\xf7\xff\x23\x00\xfa\xff\x12\x00\x0a\x00\xdc\x00\xca\x00\xc7\xff\x0b\x00\x0d\x00\xb1\xfd\xfd\xff\xc3\xff\xd1\xff\x69\x01\xa0\xff\x01\x00\xf2\xff"
  "\x95\x00\x00\x00\x09\x00\x00\x00\x03\x00\x00\x00\x32\x30\x32\x02\x00\x00\x00\x93\x00\x00\x00\x94\x00\x00\x00\x04\x00\x00\x00\x01\x00\x00\x00\x01\x00\x00\x00\x01"
  "\x00\x00\x00\x01\x00\x00\x00\x04\x00\x00\x00\x00\x00\x00\x00\x01\x00\x00\x00\x00\x00\x00\x00\x01\x00\x00\x00\x20\x00\x00\x00\x00\x00\x00\x00\x96\x00\x00\x00\x01"
  "\x00\x00\x00\x20\x00\x00\x00\x35\x2e\x73\x70\x6c\x69\x74\x5f\x79\x5f\x70\x61\x74\x68\x2e\x35\x2e\x63\x6f\x6e\x76\x33\x5f\x33\x31\x2e\x30\x2e\x62\x69\x61\x73\x00"
  "\x00\x00\x00\x01\x00\x00\x00\x20\x00\x00\x00\x00\x00\x02\x00\x00\x00\x09\x00\x00\x00\xfe\xff\x17\x00\x3c\x00\xd2\xff\x2d\x00\x04\x00\x08\x00\xea\xff\x25\x00\xef"
  "\xff\x17\x00\x28\x00\x72\xff\x39\x00\xc2\xff\x0d\x00\x66\x00\x03\x00\x05\x00\xe2\xff\x29\x00\x36\x00\xee\xff\x07\x00\x29\x00\xfc\xff\xd5\xff\xf9\xff\xd4\xff\x2b"
  "\x00\x21\x00\xf1\xff\x97\x00\x00\x00\x04\x00\x00\x00\x10\x00\x00\x00\x32\x30\x32\x5f\x4e\x4f\x54\x5f\x49\x4e\x5f\x47\x52\x41\x50\x48\x02\x00\x00\x00\x95\x00\x00"
  "\x00\x96\x00\x00\x00\x98\x00\x00\x00\x01\x00\x00\x00\x22\x00\x00\x00\x35\x2e\x73\x70\x6c\x69\x74\x5f\x79\x5f\x70\x61\x74\x68\x2e\x35\x2e\x63\x6f\x6e\x76\x34\x5f"
  "\x31\x31\x2e\x30\x2e\x77\x65\x69\x67\x68\x74\x00\x00\x00\x00\x04\x00\x00\x00\x01\x00\x00\x00\x01\x00\x00\x00\x20\x00\x00\x00\x70\x00\x00\x00\x00\x00\x02\x00\x00"
  "\x00\x08\x00\x00\x00\x01\x00\x12\x00\xf6\xff\xf8\xff\xf9\xff\xfb\xff\xff\xff\x2b\x00\x07\x00\x2b\x00\x00\x00\x34\x00\x20\x00\xff\xff\x12\x00\xe0\xff\x06\x00\xfb"
  "\xff\x1c\x00\x02\x00\x9c\xff\xfb\xff\x00\x00\x07\x00\x01\x00\xb0\xff\x0a\x00\x08\x00\xff\xff\x02\x00\x02\x00\xc1\xff\x02\x00\x02\x00\x01\x00\x17\x00\xc2\xff\xd4"
  "\xff\x03\x00\xf8\xff\x0f\x00\x01\x00\x05\x00\xfe\xff\xeb\xff\xf0\xff\x02\x00\x15\x00\x08\x00\xfe\xff\x0d\x00\xd3\xff\xf2\xff\xe9\xff\x10\x00\x17\x00\xfe\xff\xff"
  "\xff\xe4\xff\xef\xff\xda\xff\x33\x00\xd8\xff\x06\x00\xec\xff\x35\x00\x19\x00\xfc\xff\xfb\xff\x00\x00\x0c\x00\x15\x00\xfe\xff\xda\xff\x0c\x00\x14\x00\x0d\x00\xfa"
  "\xff\x0f\x00\xeb\xff\x07\x00\x27\x00\x0b\x00\xf6\xff\xf9\xff\xe8\xff\xe9\xff\x24\x00\x06\x00\x82\xff\xf3\xff\xe2\xff\x47\x00\xe9\xff\xed\xff\x02\x00\x1a\x00\xfc"
  "\xff\xe9\xff\xf4\xff\xf2\xff\xfe\xff\xed\xff\xc7\xff\x2d\x00\x8e\xff\xee\xff\x3d\x00\xe0\xff\xec\xff\xf6\xff\x75\x00\xd5\xff\xfe\xff\x24\x00\xbe\xff\xf0\xff\xcc"
  "\xff\x13\x00\xec\xff\x10\x00\xfb\xff\x08\x00\xf0\xff\xfa\xff\x03\x00\xdd\xff\x1a\x00\x0f\x00\x2c\x00\xdd\xff\xd2\xff\x2e\x00\x02\x00\xfd\xff\xbf\xff\xf1\xff\xf2"
  "\xff\x0f\x00\x14\x00\xfe\xff\xcd\xff\xd6\xff\x39\x00\x14\x00\x04\x00\xf4\xff\xeb\xff\x03\x00\xb8\xff\xfe\xff\xcd\xff\x17\x00\x83\xff\x3f\x00\xe5\xff\xb9\xff\x21"
  "\x00\xe7\xff\x2e\x00\xe5\xff\x16\x00\x01\x00\xdf\xff\xe4\xff\x07\x00\x0b\x00\x02\x00\x1f\x00\xdb\xff\x20\x00\xf8\xff\x12\x00\xca\xff\x03\x00\xf8\xff\xe5\xff\xd8"
  "\xff\xe6\xff\xfc\xff\x36\x00\xde\xff\x1d\x00\x10\x00\xe7\xff\xdc\xff\xea\xff\x07\x00\x4b\x00\x71\xff\x08\x00\x30\x00\xf3\xff\xe8\xff\xe4\xff\x13\x00\xff\xff\x14"
  "\x00\x25\x00\xd2\xff\xde\xff\x04\x00\xe5\xff\x0d\x00\xea\xff\xfb\xff\xf6\xff\xe0\xff\x00\x00\x3a\x00\x15\x00\xf8\xff\x33\x00\xee\xff\xec\xff\xf7\xff\xf3\xff\x24"
  "\x00\x0c\x00\x1f\x00\x10\x00\x04\x00\x21\x00\x28\x00\xd0\xff\xeb\xff\xf4\xff\x15\x00\xfc\xff\xf6\xff\xf5\xff\x4b\x00\x38\x00\x01\x00\x2d\x00\xef\xff\xa1\xff\xef"
  "\xff\xf0\xff\xec\xff\x07\x00\xe0\xff\x1b\x00\x2c\x00\xff\xff\xcd\xff\xce\xff\xe7\xff\xf9\xff\x07\x00\x0a\x00\xdd\xff\x13\x00\xe7\xff\x4a\x00\xda\xff\xbd\xff\x08"
  "\x00\xe4\xff\xe0\xff\xfb\xff\xb9\xff\xd6\xff\xf5\xff\xd9\xff\xd9\xff\x01\x00\xf6\xff\x08\x00\xba\xff\xf1\xff\x30\x00\x04\x00\x08\x00\xe0\xff\xfd\xff\x04\x00\xea"
  "\xff\xe3\xff\x1d\x00\xf0\xff\xfc\xff\xf9\xff\x01\x00\x09\x00\x29\x00\x46\x00\x1d\x00\x16\x00\x02\x00\x10\x00\xf8\xff\x0b\x00\xe0\xff\x10\x00\x51\x00\x12\x00\x17"
  "\x00\x0c\x00\xd5\xff\x28\x00\x29\x00\x00\x00\x0b\x00\x10\x00\x07\x00\xf5\xff\x0a\x00\xea\xff\x13\x00\x07\x00\xaa\xff\x2d\x00\x03\x00\xc3\xff\xfb\xff\xf7\xff\xea"
  "\xff\xe3\xff\xe5\xff\xd2\xff\x10\x00\x18\x00\x2c\x00\x0d\x00\xf4\xff\x10\x00\x34\x00\x54\x00\x24\x00\x08\x00\x00\x00\xbc\xff\xe9\xff\xfe\xff\xd3\xff\x08\x00\xc3"
  "\xff\xf8\xff\xf3\xff\xc1\xff\xff\xff\x0c\x00\x58\x00\x03\x00\x1b\x00\x0a\x00\x0f\x00\x20\x00\xeb\xff\xf9\xff\xec\xff\x05\x00\xf5\xff\xf6\xff\x0c\x00\x03\x00\xde"
  "\xff\x04\x00\xda\xff\x2d\x00\xec\xff\x01\x00\x1a\x00\xdc\xff\x05\x00\xd1\xff\xf2\xff\x0f\x00\x04\x00\x15\x00\xcd\xff\xa5\xff\x2e\x00\x35\x00\x12\x00\xe8\xff\x47"
  "\x00\x10\x00\xf9\xff\x2c\x00\x13\x00\x26\x00\xcf\xff\xd0\xff\xfc\xff\x0f\x00\x00\x00\x3c\x00\x44\x00\xc8\xff\x08\x00\xef\xff\xfc\xff\x19\x00\x33\x00\xdf\xff\x0e"
  "\x00\xff\xff\xc1\xff\xf8\xff\xef\xff\x33\x00\x00\x00\x04\x00\x0c\x00\xfa\xff\x98\x00\xdc\xff\x0e\x00\x23\x00\xdc\xff\xeb\xff\x1f\x00\xfd\xff\xd3\xff\x00\x00\x14"
  "\x00\x02\x00\xca\xff\x0c\x00\xf0\xff\x20\x00\xc0\xff\xf7\xff\xf2\xff\x0d\x00\x06\x00\x1b\x00\x02\x00\xfd\xff\xdf\xff\x77\xff\xc3\xff\xa2\xff\xf5\xff\x21\x00\xfe"
  "\xff\x01\x00\x10\x00\x63\x00\xd2\xff\x12\x00\x23\x00\x0d\x00\x07\x00\xcc\xff\x39\x00\xee\xff\xc2\xff\xff\xff\xed\xff\x5d\xff\x05\x00\x0b\x00\xe1\xff\x0f\x00\x12"
  "\x00\x12\x00\xf4\xff\xfd\xff\x1e\x00\x25\x00\xd3\xff\x94\x00\x02\x00\xef\xff\x2a\x00\x12\x00\x6b\x00\xe8\xff\x15\x00\xd2\xff\x01\x00\x15\x00\x0e\x00\xfd\xff\x12"
  "\x00\xf2\xff\x05\x00\xfa\xff\x06\x00\x0c\x00\xcc\xff\x80\x00\x1b\x00\xee\xff\x0f\x00\x17\x00\xf2\xff\xb3\xff\xba\xff\x24\x00\x06\x00\x00\x00\xdc\xff\x09\x00\xfa"
  "\xff\x05\x00\xf8\xff\x03\x00\x22\x00\x01\x00\x1e\x00\xe5\xff\xf4\xff\xf4\xff\x05\x00\xfc\xff\xee\xff\x11\x00\x05\x00\xef\xff\xd7\xff\x18\x00\xfb\xff\xf7\xff\xf2"
  "\xff\x08\x00\x19\x00\x06\x00\xf4\xff\x00\x00\xe8\xff\xff\xff\x18\x00\x02\x00\xe2\xff\x0c\x00\xb0\xff\x01\x00\x0c\x00\x14\x00\xe8\xff\x14\x00\x0a\x00\x08\x00\x04"
  "\x00\x14\x00\xf2\xff\x02\x00\x04\x00\xb5\xff\x28\x00\x1c\x00\xd0\xff\x07\x00\xf8\xff\x1f\x00\x43\x00\x07\x00\xf7\xff\x05\x00\xf4\xff\x01\x00\xfd\xff\xdc\xff\x08"
  "\x00\xb8\xff\xea\xff\xdd\xff\xec\xff\x01\x00\xf5\xff\xc9\xff\x00\x00\xfb\xff\x30\x00\xcf\xff\x04\x00\xe0\xff\x24\x00\xe5\xff\xe9\xff\xe3\xff\xfa\xff\x1a\x00\x0e"
  "\x00\x30\x00\x14\x00\xe9\xff\x49\x00\xb6\xff\x07\x00\x06\x00\xcc\xff\xad\xff\x33\x00\x29\x00\xf4\xff\x13\x00\xf4\xff\x0e\x00\x04\x00\xf2\xff\xc6\xff\x11\x00\x20"
  "\x00\xe3\xff\x09\x00\xf9\xff\x19\x00\xdc\xff\x29\x00\xf2\xff\xf6\xff\x37\x00\xf5\xff\x10\x00\x0f\x00\xf6\xff\xdb\xff\x1b\x00\x11\x00\xfd\xff\x37\x00\x1c\x00\x0e"
  "\x00\xe0\xff\xf1\xff\xe1\xff\x0a\x00\x01\x00\xf3\xff\xf5\xff\xea\xff\x23\x00\xfd\xff\xfa\xff\xf7\xff\x04\x00\x7e\x00\xec\xff\x3a\x00\xf4\xff\x23\x00\xf6\xff\xd8"
  "\xff\x0a\x00\x03\x00\xf6\xff\x3f\x00\x0b\x00\x75\x00\x17\x00\x20\x00\xbb\xff\x24\x00\x0d\x00\xd7\xff\xb8\xff\xf0\xff\xfd\xff\xfe\xff\xea\xff\x11\x00\x13\x00\xd6"
  "\xff\x33\x00\xe9\xff\xff\xff\x35\x00\x37\x00\xcc\xff\x23\x00\x1b\x00\x13\x00\x03\x00\x0b\x00\xef\xff\xe0\xff\x0e\x00\x40\x00\xe5\xff\xd7\xff\x21\x00\x1f\x00\xf6"
  "\xff\xe3\xff\xdb\xff\x27\x00\x13\x00\xf7\xff\x29\x00\x16\x00\xfc\xff\x23\x00\xfb\xff\x44\x00\x02\x00\x98\xff\xec\xff\xda\xff\x40\x00\x53\x00\x42\x00\xd7\xff\x05"
  "\x00\x36\x00\xc9\xff\xe8\xff\x18\x00\x41\x00\x21\x00\x38\x00\x05\x00\x03\x00\xf6\xff\x13\x00\x05\x00\x14\x00\x2a\x00\xfd\xff\x3a\x00\x03\x00\x22\x00\x22\x00\x01"
  "\x00\xf2\xff\x22\x00\x53\x00\x05\x00\x2d\x00\x31\x00\xde\xff\x0e\x00\xf4\xff\xc9\xff\xd7\xff\x10\x00\x11\x00\x1a\x00\xf8\xff\x53\x00\x14\x00\xd9\xff\x39\x00\xe5"
  "\xff\xef\xff\xf6\xff\x21\x00\x48\x00\xf8\xff\x1c\x00\x1f\x00\xaa\xff\xfd\xff\x3e\x00\xf4\xff\x57\x00\x0e\x00\x18\x00\x0e\x00\x01\x00\x1a\x00\x2f\x00\xee\xff\xe2"
  "\xff\x44\x00\xfe\xff\x31\x00\x02\x00\xf0\xff\x1e\x00\x07\x00\xe7\xff\x0f\x00\x03\x00\x0b\x00\xdd\xff\x03\x00\x02\x00\xef\xff\x34\x00\x21\x00\x0a\x00\xab\xff\x05"
  "\x00\x06\x00\x00\x00\xfd\xff\x0f\x00\x3a\x00\x24\x00\x0a\x00\x24\x00\x04\x00\x02\x00\x01\x00\x03\x00\xf5\xff\x57\x00\x0a\x00\xe7\xff\x03\x00\x14\x00\x06\x00\xe8"
  "\xff\x00\x00\x14\x00\x02\x00\xf8\xff\xe6\xff\xf0\xff\xcf\xff\xf0\xff\xee\xff\xd1\xff\xf4\xff\x49\x00\x07\x00\xa8\xff\x46\x00\x0a\x00\xf7\xff\xfc\xff\xf4\xff\x00"
  "\x00\xc0\xff\xeb\xff\x0c\x00\x12\x00\x11\x00\x07\x00\xd5\xff\xd3\xff\xcc\xff\xd8\xff\x13\x00\x10\x00\xf4\xff\x50\x00\x11\x00\x0d\x00\xf2\xff\xfc\xff\xfc\xff\xcf"
  "\xff\x4c\x00\x11\x00\xb8\xff\xfe\xff\x1d\x00\x0d\x00\xe8\xff\xeb\xff\x03\x00\x3a\x00\xf2\xff\x21\x00\x15\x00\xf9\xff\xdd\xff\x1b\x00\xf6\xff\x00\x00\x2c\x00\xfa"
  "\xff\xfc\xff\xf5\xff\x0e\x00\xfb\xff\x03\x00\x66\x00\xd7\xff\xbc\xff\xf5\xff\xc8\xff\x93\xff\xf0\xff\xf9\xff\x04\x00\xdc\xff\x08\x00\x07\x00\x01\x00\xf8\xff\xf9"
  "\xff\x04\x00\xe1\xff\x0a\x00\x19\x00\xfb\xff\x03\x00\x03\x00\x18\x00\xfa\xff\x01\x00\x35\x00\x1b\x00\xff\xff\xdd\xff\x1c\x00\x03\x00\xe8\xff\xda\xff\xcc\xff\x2c"
  "\x00\xe5\xff\xf8\xff\x50\x00\x14\x00\x10\x00\x09\x00\x24\x00\xbd\xff\xf0\xff\x13\x00\x09\x00\x23\x00\x17\x00\xe6\xff\xf3\xff\x0d\x00\x31\x00\x0d\x00\x25\x00\xb0"
  "\xff\x43\x00\xec\xff\x0d\x00\x0e\x00\xec\xff\xf4\xff\xea\xff\xf4\xff\x01\x00\xd4\xff\x0b\x00\x1c\x00\xf0\xff\x45\x00\x07\x00\x1d\x00\x1e\x00\x1a\x00\xe1\xff\x07"
  "\x00\x38\x00\xf9\xff\x04\x00\x31\x00\xd6\xff\x1a\x00\xb7\xff\xf5\xff\xc9\xff\xe2\xff\x12\x00\xda\xff\xf7\xff\xe0\xff\xe1\xff\x0e\x00\xe6\xff\x23\x00\xe9\xff\xc8"
  "\xff\x2d\x00\x2a\x00\x39\x00\xde\xff\x27\x00\xeb\xff\x20\x00\x1e\x00\xd4\xff\xd2\xff\x29\x00\x29\x00\x08\x00\x1f\x00\xf3\xff\x13\x00\xf1\xff\x17\x00\x03\x00\x07"
  "\x00\xfc\xff\xb4\xff\xcd\xff\xcf\xff\x15\x00\xc8\xff\xca\xff\xd9\xff\xff\xff\x20\x00\xf9\xff\x24\x00\xf6\xff\xf8\xff\x1c\x00\xfc\xff\xe6\xff\x04\x00\xb3\xff\xfb"
  "\xff\xeb\xff\x20\x00\xf2\xff\xf8\xff\xe9\xff\x22\x00\xf1\xff\xf0\xff\x20\x00\x33\x00\xfd\xff\xda\xff\x1e\x00\xfc\xff\xdd\xff\x03\x00\xf6\xff\xe4\xff\x0f\x00\xf5"
  "\xff\xfa\xff\x10\x00\x10\x00\xe5\xff\x05\x00\xe4\xff\x0d\x00\x08\x00\x09\x00\x29\x00\xe9\xff\x06\x00\x26\x00\xd2\x00\x0c\x00\x07\x00\x0a\x00\x14\x00\xdd\xff\x10"
  "\x00\xca\xff\x0c\x00\xe7\xff\xed\xff\x0b\x00\xf8\xff\x5d\x00\xe1\xff\xde\xff\xe6\xff\xe9\xff\xe7\xff\x01\x00\xea\xff\xd3\xff\x00\x00\x07\x00\xc9\xff\x04\x00\x02"
  "\x00\xfe\xff\x2b\x00\xcc\xff\xe6\xff\xfe\xff\x4f\x00\xec\xff\x06\x00\x00\x00\xb9\xff\xf4\xff\xeb\xff\xff\xff\x20\x00\xc6\xff\xdf\xff\x33\x00\x03\x00\xf9\xff\xa6"
  "\xff\x38\x00\xeb\xff\xf9\xff\x27\x00\xf8\xff\x12\x00\xd7\xff\xe2\xff\x02\x00\xd0\xff\xfe\xff\x2a\x00\x03\x00\xa2\xff\x19\x00\xec\xff\x44\x00\xda\xff\x24\x00\xf7"
  "\xff\x14\x00\x04\x00\xe7\xff\x05\x00\xf4\xff\x07\x00\x13\x00\xea\xff\xd4\xff\x01\x00\xd2\xff\xea\xff\x0d\x00\x04\x00\xea\xff\x01\x00\xdc\xff\xfd\xff\x04\x00\xf1"
  "\xff\x0a\x00\xcb\xff\x41\x00\xba\xff\xd0\xff\xfd\xff\xe1\xff\x02\x00\x06\x00\x00\x00\x27\x00\x09\x00\x11\x00\x16\x00\x14\x00\x02\x00\xf7\xff\x2f\x00\xe2\xff\xfe"
  "\xff\x05\x00\x02\x00\xf5\xff\x3d\x00\xe8\xff\xf8\xff\xfe\xff\x16\x00\x0b\x00\x09\x00\x07\x00\x19\x00\x0e\x00\xef\xff\x0d\x00\x19\x00\x05\x00\xfb\xff\x32\x00\xe8"
  "\xff\xfa\xff\x3f\x00\x4c\x00\x02\x00\xf7\xff\x4e\x00\x29\x00\x16\x00\xf3\xff\xfb\xff\xe5\xff\xff\xff\xeb\xff\x16\x00\x0c\x00\x31\x00\xee\xff\x51\x00\xf8\xff\xf8"
  "\xff\x16\x00\xf9\xff\x54\x00\xfe\xff\x01\x00\xfb\xff\x23\x00\x8c\xff\xb5\xff\xd9\xff\xf5\xff\xfa\xff\x0c\x00\xe0\xff\x0a\x00\xf5\xff\x03\x00\x14\x00\x00\x00\x32"
  "\x00\x01\x00\x8d\xff\x07\x00\xda\xff\x09\x00\x01\x00\x00\x00\x0a\x00\xea\xff\xf0\xff\x0a\x00\x3c\x00\x14\x00\x02\x00\xee\xff\x02\x00\x32\x00\xf3\xff\x07\x00\xbe"
  "\xff\xfa\xff\xea\xff\x17\x00\xa6\xff\x06\x00\x37\x00\x03\x00\x60\x00\x07\x00\xc0\xff\x1b\x00\x0a\x00\x0f\x00\x2b\x00\x0c\x00\xe8\xff\xed\xff\xed\xff\x0c\x00\x02"
  "\x00\xfe\xff\xde\xff\xe2\xff\x03\x00\xf9\xff\xd0\xff\x01\x00\x01\x00\xbc\xff\x05\x00\x04\x00\x01\x00\x44\x00\xe4\xff\xbd\xff\xda\xff\x01\x00\xd9\xff\xf5\xff\xea"
  "\xff\xee\xff\x0e\x00\x0c\x00\xfe\xff\x05\x00\x30\x00\xdf\xff\x02\x00\xfe\xff\x09\x00\xca\x00\x22\x00\x02\x00\x1e\x00\x0b\x00\x18\x00\xf3\xff\xf6\xff\x36\x00\x23"
  "\x00\xef\xff\x44\x00\xe0\xff\x01\x00\xf2\xff\xe1\xff\xed\xff\x15\x00\x04\x00\x44\x00\x02\x00\xff\xff\xec\xff\x12\x00\x1d\x00\x0b\x00\xe5\xff\x00\x00\x12\x00\xb7"
  "\x00\xce\xff\xf6\xff\xef\xff\xef\xff\xf7\xff\x06\x00\x32\x00\x14\x00\x0a\x00\xfd\xff\x0c\x00\xe4\xff\x02\x00\xf4\xff\x1d\x00\x15\x00\x01\x00\xf7\xff\x7d\x00\xff"
  "\xff\xf1\xff\xda\xff\x17\x00\xe3\xff\x05\x00\xfe\xff\x07\x00\xfa\xff\x01\x00\x06\x00\xe8\xff\x18\x00\xde\xff\xf4\xff\xfb\xff\x0a\x00\xf9\xff\xf3\xff\x10\x00\x0a"
  "\x00\x1d\x00\xfc\xff\xf3\xff\x00\x00\xde\xff\xe1\xff\x13\x00\x02\x00\xf9\xff\x01\x00\xed\xff\xf4\xff\xff\xff\xf5\xff\x0b\x00\x14\x00\xfb\xff\x37\x00\xef\xff\x00"
  "\x00\x4b\x00\xfa\xff\xe7\xff\xed\xff\xbf\xff\xed\xff\x6c\x00\xf0\xff\xf8\xff\x11\x00\xf7\xff\xdb\xff\xf7\xff\x30\x00\xf6\xff\x04\x00\xf3\xff\x18\x00\xf4\xff\xff"
  "\xff\x0c\x00\xf1\xff\xb0\xff\x23\x00\x19\x00\xf1\xff\x1d\x00\x00\x00\xf7\xff\x40\x00\xe9\xff\x18\x00\x15\x00\x11\x00\x05\x00\x02\x00\x00\x00\x58\xff\x80\xff\xfc"
  "\xff\x21\x00\xba\xff\x0e\x00\x09\x00\xd9\xff\x37\x00\x8b\x00\x11\x00\x00\x00\xf3\xff\x15\x00\xd5\xff\xfd\xff\xfb\xff\xff\xff\xfc\xff\x02\x00\x22\x00\x1e\x00\xfc"
  "\xff\xf7\xff\x29\x00\x00\x00\xfb\xff\xfe\xff\x54\x00\x00\x00\x20\x00\xfe\xff\x10\x00\x0c\x00\x61\x00\xf1\xff\xf7\xff\xdd\xff\xb2\xff\x18\x00\x04\x00\xd8\xff\xff"
  "\xff\x0a\x00\x19\x00\xf2\xff\xfa\xff\xc5\xff\x00\x00\x01\x00\x2d\x00\xfd\xff\xef\xff\x09\x00\x5a\x00\xe5\xff\x11\x00\x04\x00\x0c\x00\xf6\xff\x57\x00\x19\x00\x09"
  "\x00\xf8\xff\xf6\xff\x06\x00\xfc\xff\xfb\xff\xe2\xff\x0a\x00\x07\x00\x0a\x00\xfa\xff\xf8\xff\xfe\xff\xfa\xff\xfc\xff\x06\x00\xf8\xff\xed\xff\x04\x00\xe6\xff\x06"
  "\x00\x1c\x00\xef\xff\xf1\xff\x67\xff\xf8\xff\x0d\x00\x08\x00\x05\x00\xfe\xff\x28\x00\xfc\xff\xfb\xff\xf8\xff\x01\x00\xde\xff\x05\x00\xe9\xff\xfe\xff\xf9\xff\x1a"
  "\x00\x03\x00\xf9\xff\x0c\x00\x1b\x00\x0c\x00\x12\x00\xfc\xff\x01\x00\xf6\xff\xf6\xff\xf7\xff\xfb\xff\xe7\xff\xf4\xff\xd9\xff\x01\x00\x04\x00\x18\x00\xfe\xff\x1b"
  "\x00\x07\x00\x02\x00\x07\x00\xf0\xff\x07\x00\x02\x00\x0a\x00\x06\x00\x04\x00\x1b\x00\x02\x00\x07\x00\xf7\xff\xfc\xff\x0f\x00\xf6\xff\xfc\xff\xf6\xff\x06\x00\xfa"
  "\xff\xfc\xff\x1f\x00\xfc\xff\xd7\x00\xf6\xff\xfa\xff\xff\xff\x5e\x00\xf9\xff\xf0\xff\x15\x00\x02\x00\xfe\xff\x0c\x00\xfc\xff\xfa\xff\x1d\x00\xf5\xff\x00\x00\x02"
  "\x00\x15\x00\x00\x00\xe6\xff\x28\xff\xf6\xff\xe3\xff\x01\x00\x0d\x00\x0f\x00\x20\x00\x33\x00\xb8\xff\x12\x00\x08\x00\x01\x00\xea\xff\x02\x00\xce\xff\xc8\xff\xe9"
  "\xff\x11\x00\xfa\xff\x00\x00\xf9\xff\xdc\xff\x04\x00\x08\x00\x04\x00\xf2\xff\xf6\xff\xf8\xff\x1a\x00\x40\x00\x57\x00\xf7\xff\x02\x00\x07\x00\x3b\x00\xfc\xff\xf6"
  "\xff\x27\x00\x42\x00\xe7\xff\x11\x00\xf3\xff\x01\x00\x0f\x00\x44\x00\x23\x00\xbf\xff\xfd\xff\x94\xff\xeb\xff\x30\x00\x3c\x00\xdc\xff\xdd\xff\xfc\xff\xe5\xff\x06"
  "\x00\x0a\x00\x0c\x00\xf0\xff\x0e\x00\xe8\xff\x28\x00\xe2\xff\xda\xff\xee\xff\x08\x00\xcd\xff\x22\x00\xfc\xff\x04\x00\x32\x00\xeb\xff\xcd\xff\xf2\xff\x21\x00\xfc"
  "\xff\x15\x00\xa3\xff\xec\xff\xda\xff\xf6\xff\xe3\xff\x07\x00\xdd\xff\xed\xff\x0b\x00\xd3\xff\x30\x00\xf9\xff\x48\x00\x44\x00\x1e\x00\x27\x00\x5e\x00\xd6\xff\x21"
  "\x00\x19\x00\xc4\xff\x09\x00\x07\x00\x07\x00\xc1\xff\x96\xff\x0c\x00\x26\x00\xfd\xff\x31\x00\x01\x00\x0f\x00\xe3\xff\x0c\x00\xea\xff\xcf\xff\x12\x00\xdb\xff\x07"
  "\x00\x10\x00\x21\x00\x4f\x00\x10\x00\x00\x00\xf1\xff\xe9\xff\xf6\xff\x11\x00\xf1\xff\x0e\x00\x09\x00\x21\x00\x1e\x00\xf4\xff\x22\x00\x0c\x00\xe6\xff\xd8\xff\xfd"
  "\xff\x1a\x00\x15\x00\x48\x00\xe3\xff\xd9\xff\xb2\xff\xd8\xff\x1a\x00\x09\x00\xfd\xff\xf7\xff\xe1\xff\x0e\x00\xe0\xff\x0d\x00\xef\xff\xfa\xff\xf8\xff\x0e\x00\x0f"
  "\x00\xe9\xff\xe2\xff\x15\x00\x82\xff\xe1\xff\xf8\xff\xca\xff\x05\x00\xfa\xff\x39\x00\x04\x00\x03\x00\x11\x00\xf8\xff\x19\x00\xeb\xff\xde\xff\x55\x00\xeb\xff\xef"
  "\xff\x0f\x00\xfd\xff\x11\x00\x18\x00\x04\x00\xed\xff\x4f\x00\x17\x00\x2f\x00\x19\x00\xfa\xff\xdb\xff\x2d\x00\xe0\xff\x3a\x00\x01\x00\x0a\x00\x0b\x00\x2c\x00\xfa"
  "\xff\x02\x00\xf2\xff\xf8\xff\xd3\xff\x04\x00\xf4\xff\xb0\xff\x0c\x00\xfe\xff\x06\x00\xbc\xff\x09\x00\xfc\xff\x0e\x00\xf3\xff\xf5\xff\x12\x00\xe7\xff\xfd\xff\x10"
  "\x00\x12\x00\xfe\xff\xee\xff\xdb\xff\xf6\xff\x83\x00\x02\x00\x08\x00\xf3\xff\xf4\xff\x06\x00\x02\x00\x06\x00\x04\x00\xdb\xff\x1e\x00\xf7\xff\xf7\xff\x1e\x00\x09"
  "\x00\xfe\xff\xb3\xff\x09\x00\xf0\xff\x0d\x00\x4e\x00\x08\x00\xdc\xff\x59\x00\x41\x00\xf5\xff\xff\xff\x21\x00\x01\x00\xd6\xff\x00\x00\xe8\xff\xd1\xff\xfa\xff\xda"
  "\xff\xf0\xff\x62\x00\x26\x00\x0e\x00\x04\x00\xa3\xff\x3e\x00\x11\x00\xfd\xff\xfd\xff\xcb\xff\x83\xff\xe3\xff\x35\x00\xfc\xff\xf8\xff\xde\xff\x66\x00\xa0\xff\x2e"
  "\x00\xee\xff\xe3\xff\xf0\xff\x0d\x00\x43\x00\x0e\x00\x9f\xff\x24\x00\xef\xff\x05\x00\xe5\xff\x00\x00\x21\x00\xcc\xff\xf8\xff\xc5\xff\x27\x00\x10\x00\xde\xff\x08"
  "\x00\x21\x00\xfe\xff\xef\xff\xfc\xff\x24\x00\xd7\xff\x09\x00\x46\x00\x08\x00\xee\xff\xe9\xff\x46\x00\xe8\xff\x17\x00\x25\x00\xcd\xff\x03\x00\xdf\xff\x40\x00\x0b"
  "\x00\xe5\xff\x10\x00\xde\xff\x05\x00\x16\x00\xfa\xff\x1d\x00\x11\x00\x0f\x00\xf5\xff\x08\x00\x0b\x00\x38\x00\x18\x00\xf4\xff\x40\x00\x22\x00\xee\xff\x03\x00\x3a"
  "\x00\xe9\xff\xf6\xff\x91\xff\x22\x00\x0a\x00\x2a\x00\xeb\xff\x15\x00\x10\x00\xfc\xff\x2a\x00\xf9\xff\xfa\xff\xb2\xff\x13\x00\xae\xff\xfe\xff\xfe\xff\x18\x00\xd4"
  "\xff\x29\x00\x23\x00\x0c\x00\x0b\x00\x3d\x00\x27\x00\xbe\xff\xf1\xff\x07\x00\x12\x00\x09\x00\xeb\xff\xf5\xff\xbf\xff\x15\x00\xfd\xff\xe5\xff\x2e\x00\x2e\x00\xfa"
  "\xff\x06\x00\xf1\xff\x2e\x00\x40\x00\xc0\xff\xd1\xff\xd6\xff\x10\x00\x12\x00\x09\x00\x15\x00\x3f\x00\xff\xff\xfb\xff\x1e\x00\x19\x00\xfd\xff\xd8\xff\x13\x00\x2a"
  "\x00\x05\x00\xfe\xff\x1f\x00\x07\x00\xe5\xff\x60\x00\xe4\xff\x03\x00\x19\x00\x12\x00\xd3\xff\xe2\xff\x36\x00\x01\x00\xff\xff\xe3\xff\x25\x00\xde\xff\x1c\x00\xeb"
  "\xff\x09\x00\xb7\xff\x15\x00\x40\x00\x13\x00\xf2\xff\x1d\x00\x37\x00\xf7\xff\xc4\xff\xc7\xff\x0c\x00\xf2\xff\xd2\xff\x21\x00\xc0\xff\x51\x00\xf8\xff\xfd\xff\xed"
  "\xff\x06\x00\xb3\xff\xf3\xff\x29\x00\x0b\x00\xf4\xff\x09\x00\xbc\xff\xd5\xff\x58\x00\xda\xff\x22\x00\x32\x00\xa3\xff\x21\x00\x0d\x00\xe9\xff\x0f\x00\x09\x00\x1e"
  "\x00\xfe\xff\x00\x00\x1b\x00\xfc\xff\xff\xff\x35\x00\xd3\xff\x17\x00\x2e\x00\xf7\xff\xff\xff\xef\xff\xf0\xff\x0f\x00\x18\x00\xe5\xff\x29\x00\xfc\xff\x14\x00\xfe"
  "\xff\xf5\xff\x87\x00\x06\x00\xe6\xff\xed\xff\x0d\x00\x04\x00\xf9\xff\xbf\xff\x2b\x00\x04\x00\xf0\xff\xfd\xff\x0a\x00\x00\x00\x0c\x00\xf4\xff\xc3\xff\x04\x00\xe7"
  "\xff\x02\x00\x2b\x00\xf5\xff\xea\xff\xe7\xff\x0d\x00\x00\x00\x13\x00\xcd\xff\xfe\xff\x22\x00\xef\xff\xa9\xff\xe5\xff\xf0\xff\x15\x00\xe4\xff\xdf\xff\x00\x00\xe9"
  "\xff\xff\xff\xa6\xff\x5f\xff\x18\x00\x0e\x00\x12\x00\x22\x00\x09\x00\x0e\x00\xee\xff\x09\x00\x2d\x00\xf8\xff\x12\x00\x17\x00\x13\x00\x10\x00\xfd\xff\x10\x00\xee"
  "\xff\x04\x00\x18\x00\x39\x00\x00\x00\xf8\xff\x08\x00\x80\x00\xd6\xff\xd9\xff\xe4\xff\x0e\x00\x07\x00\xf0\xff\xf0\xff\x38\x00\x15\x00\x1f\x00\xfc\xff\x14\x00\x37"
  "\x00\x18\x00\x01\x00\x85\x00\x04\x00\x35\x00\x27\x00\xdd\xff\x05\x00\x0d\x00\x26\x00\xe8\xff\x01\x00\xff\xff\x0c\x00\x44\xff\x08\x00\x05\x00\x2d\x00\xf7\xff\xcd"
  "\xff\x11\x00\xf7\xff\x0a\x00\x08\x00\x02\x00\x05\x00\x56\xff\x05\x00\x1e\x00\xd6\xff\x2c\x00\x41\xff\xec\xff\x04\x00\x0b\x00\xe5\xff\xeb\xff\xbb\xff\xfb\xff\x05"
  "\x00\x08\x00\xed\xff\x06\x00\x04\x00\x09\x00\xee\xff\x3f\x00\xd2\xff\xf7\xff\x05\x00\x22\x00\x0a\x00\xc0\xff\xdb\xff\xe8\xff\x04\x00\xed\xff\xe4\xff\xe0\xff\x00"
  "\x00\x1d\x00\x0b\x00\x4e\x00\xee\xff\x01\x00\xeb\xff\x0f\x00\x01\x00\xf7\xff\xdd\xff\xe7\xff\xe6\xff\x1a\x00\x0a\x00\xf5\xff\x3a\x00\xfa\xff\x07\x00\x00\x00\xfe"
  "\xff\x0b\x00\x1d\x00\xde\xff\x05\x00\xf4\xff\xed\xff\x03\x00\x19\x00\x05\x00\x10\x00\xf2\xff\x3a\x00\x06\x00\x03\x00\xd8\xff\x1d\x00\x12\x00\xbf\xff\xf4\xff\xf8"
  "\xff\x6e\x00\xd5\xff\x17\x00\xf5\xff\xf4\xff\x0c\x00\x0a\x00\x00\x00\xf8\xff\x09\x00\x19\x00\xe5\xff\x13\x00\x10\x00\xf6\xff\x3e\x00\x15\x00\x3c\x00\xfb\xff\xfd"
  "\xff\x5a\xff\x01\x00\x02\x00\x0a\x00\xdf\xff\x04\x00\x36\x00\x02\x00\xfb\xff\x53\x00\x1e\x00\x39\x00\xff\xff\x85\xff\xe3\xff\xfb\xff\xcd\xff\xfa\xff\x2b\x00\xf5"
  "\xff\x73\x00\x54\x00\x54\x00\xe7\xff\xb1\xff\x6e\x00\x02\x00\xe9\xff\xd4\xff\xa4\xff\xe1\xff\x0e\x00\xe2\xff\x31\x00\xd6\xff\xe8\xff\x1a\x00\x07\x00\xc4\xff\x0d"
  "\x00\x1c\x00\xe8\xff\x02\x00\xe7\xff\xe1\xff\x20\x00\x26\x00\xf4\xff\x06\x00\xcc\xff\xce\xff\xfd\xff\x15\x00\xeb\xff\xf2\xff\xe2\xff\x4d\x00\x32\x00\x23\x00\x07"
  "\x00\xdc\xff\xf5\xff\x3f\x00\x0f\x00\xb3\x00\xce\xff\x64\x00\xfe\xff\xff\xff\x04\x00\xe5\xff\xf4\xff\xff\xff\x2b\x00\xd8\xff\x07\x00\x20\x00\xd5\xff\xe2\xff\xfd"
  "\xff\x00\x00\xf9\xff\xd5\xff\x45\x00\xf2\xff\xde\xff\xc5\xff\x33\x00\xf2\xff\xd1\xff\xc8\xff\xdd\xff\xbf\xff\xca\xff\x5f\x00\xf7\xff\xd0\xff\x1c\x00\xe8\xff\x00"
  "\x00\xf1\xff\xdb\xff\x08\x00\x15\x00\xea\xff\x66\x00\x2c\x00\x1c\x00\xb2\xff\x07\x00\x26\x00\xb5\xff\xf7\xff\xd9\xff\xf4\xff\xfc\xff\x1e\x00\xeb\xff\xd5\xff\x19"
  "\x00\xee\xff\xe7\xff\x03\x00\x02\x00\x0e\x00\x33\x00\xd3\xff\x35\x00\x03\x00\x03\x00\xf8\xff\x1b\x00\x3a\x00\x10\x00\xed\xff\xde\xff\xcd\xff\xea\xff\x03\x00\xe6"
  "\xff\xbd\xff\x60\x00\x28\x00\x07\x00\x0f\x00\x1b\x00\xf6\xff\xf1\xff\xd0\xff\x25\x00\xfe\xff\x02\x00\xd8\xff\xf6\xff\xeb\xff\x15\x00\x0a\x00\x0b\x00\xef\xff\x14"
  "\x00\x20\x00\xe4\xff\x09\x00\xe7\xff\xd8\xff\xda\xff\xc1\xff\x09\x00\xe0\xff\x3d\x00\xb3\xff\x0d\x00\xb2\xff\xd8\xff\x46\x00\x06\x00\x06\x00\x0c\x00\x00\x00\x13"
  "\x00\x11\x00\x23\x00\x38\x00\xfd\xff\x12\x00\x37\x00\xe8\xff\x28\x00\xf1\xff\xd2\xff\xe3\xff\xf4\xff\xfa\xff\xef\xff\xd5\xff\x08\x00\xf8\xff\x18\x00\x35\x00\xda"
  "\xff\x29\x00\xe6\xff\xe5\xff\xf4\xff\x21\x00\x0d\x00\xea\xff\xd1\xff\xf6\xff\x28\x00\x0b\x00\xf3\xff\x3e\x00\xd2\xff\x1f\x00\xf9\xff\x4a\x00\xb6\xff\x69\xff\xdf"
  "\xff\xfa\xff\x2a\x00\x37\x00\xda\xff\x08\x00\x49\x00\xbd\xff\x97\xff\x0f\x00\x3f\x00\xf3\xff\x0d\x00\xe0\xff\xb7\xff\xe0\xff\xf1\xff\x50\x00\x1a\x00\x06\x00\xf9"
  "\xff\x0d\x00\xf5\xff\x3f\x00\x16\x00\xd5\xff\x41\x00\xc0\xff\xe0\xff\x2c\x00\x35\x00\x01\x00\xff\xff\xe2\xff\xd9\xff\xfb\xff\xf1\xff\xf1\xff\xc6\xff\x1f\x00\x04"
  "\x00\xed\xff\xde\xff\xf9\xff\xfb\xff\x01\x00\x21\x00\xdd\xff\x0b\x00\x02\x00\xea\xff\xe2\xff\xf4\xff\xfc\xff\x06\x00\xf6\xff\x22\x00\x0f\x00\xce\xff\xb9\xff\x22"
  "\x00\xf2\xff\x05\x00\x13\x00\x02\x00\xe1\xff\xf1\xff\x26\x00\xcf\xff\xd0\xff\xb0\xff\x22\x00\xf4\xff\x33\x00\x0b\x00\x12\x00\xf2\xff\x09\x00\xf0\xff\xec\xff\x01"
  "\x00\x0b\x00\xfb\xff\x0e\x00\x1a\x00\xf9\xff\x01\x00\xf3\xff\xc6\xff\xfd\xff\x76\x00\xda\xff\x28\x00\xea\xff\xf4\xff\x26\x00\x37\x00\x40\x00\x01\x00\xb6\xff\x00"
  "\x00\xe8\xff\x14\x00\x03\x00\x05\x00\xf3\xff\xfd\xff\xd5\xff\x0e\x00\xf8\xff\xfc\xff\x55\x00\xfe\xff\x05\x00\x0f\x00\x3b\x00\x0e\x00\xf5\xff\x0c\x00\x08\x00\xff"
  "\xff\x0e\x00\xfb\xff\x61\x00\xf4\xff\xf8\xff\xd1\xff\x0e\x00\x25\x00\x25\x00\xf3\xff\x01\x00\x13\x00\x01\x00\xfb\xff\x3a\x00\x17\x00\xc0\xff\xed\xff\xf9\xff\xdf"
  "\xff\x0c\x00\x1a\x00\x01\x00\xed\xff\x2d\x00\x17\x00\x1a\x00\xf0\xff\x19\x00\xbc\xff\x15\x00\x04\x00\xfd\xff\x17\x00\xe7\xff\x02\x00\xdd\xff\xf6\xff\xe8\xff\xde"
  "\xff\x35\x00\x4a\x00\xe6\xff\x35\x00\x05\x00\x07\x00\xe2\xff\x09\x00\xde\xff\x17\x00\x10\x00\xef\xff\xbf\xff\x0e\x00\x18\x00\x11\x00\x27\x00\xe0\xff\xf0\xff\x06"
  "\x00\xd9\xff\x3e\x00\xe6\xff\xcd\xff\x6a\x00\x06\x00\xee\xff\xfd\xff\x06\x00\x1e\x00\x18\x00\x19\x00\x06\x00\x2c\x00\xeb\xff\x05\x00\xf3\xff\x3e\x00\xf5\xff\x00"
  "\x00\xff\xff\x65\x00\x00\x00\x08\x00\xbb\xff\x0b\x00\xa6\xff\xb8\xff\xe4\xff\x08\x00\x48\x00\x13\x00\xe3\xff\xfd\xff\xea\xff\xe8\xff\x2f\x00\x17\x00\x17\x00\x54"
  "\x00\x07\x00\xd8\xff\x01\x00\x27\x00\xeb\xff\xe9\xff\x0d\x00\x32\x00\x27\x00\xe4\xff\xf1\xff\x54\x00\xff\xff\xfc\xff\x06\x00\xf8\xff\x0e\x00\x17\x00\x01\x00\x07"
  "\x00\x05\x00\x02\x00\xff\xff\x10\x00\x34\x00\xce\xff\x0a\x00\x05\x00\x1b\x00\xf8\xff\x44\x00\x43\x00\xf8\xff\xfe\xff\x04\x00\x99\xff\x07\x00\xfa\xff\x24\x00\xf8"
  "\xff\x07\x00\x02\x00\x0e\x00\x04\x00\x0c\x00\x01\x00\x50\x00\x10\x00\xd8\xff\xf2\xff\x1a\x00\x57\x00\x03\x00\xb9\xff\x31\x00\xec\xff\xfb\xff\x1e\x00\xfd\xff\xfe"
  "\xff\x02\x00\x47\x00\x03\x00\xef\xff\xf0\xff\xe8\xff\xd4\xff\x00\x00\xf3\xff\xe4\xff\x26\x00\xfb\xff\x01\x00\x0e\x00\x08\x00\x9e\xff\xf6\xff\x0b\x00\xd8\xff\xd7"
  "\xff\x2f\x00\xfc\xff\x27\x00\xfb\xff\xf7\xff\x06\x00\xde\xff\x26\x00\xfd\xff\x63\x00\xf0\xff\x0c\x00\x08\x00\x03\x00\x00\x00\x8e\xff\xdf\xff\xf6\xff\x08\x00\xe0"
  "\xff\x22\x00\xf9\xff\x0b\x00\x07\x00\xd1\xff\x05\x00\x03\x00\x19\x00\x1d\x00\xf8\xff\xfe\xff\x6d\x00\x19\x00\x16\x00\x01\x00\x02\x00\xef\xff\x32\x00\xdb\xff\x3d"
  "\x00\x3d\x00\x92\xff\x27\x00\x03\x00\xfe\xff\x23\x00\x13\x00\x08\x00\xf5\xff\x0c\x00\xbd\xff\x03\x00\x0b\x00\x16\x00\x63\x00\x03\x00\x20\x00\xe7\xff\xf6\xff\x03"
  "\x00\x09\x00\x15\x00\xd5\xff\xe7\xff\xda\xff\xf7\xff\x06\x00\xe1\xff\x25\x00\x0c\x00\x0c\x00\x06\x00\x5d\x00\x58\x00\xdf\xff\xfe\xff\xf9\xff\xfe\xff\x20\x00\xe7"
  "\xff\xe1\xff\x05\x00\xe9\xff\x0d\x00\xd6\xff\x28\x00\xf7\xff\xf1\xff\xfb\xff\xe3\xff\x13\x00\xf8\xff\xeb\xff\xf0\xff\x36\x00\xf4\xff\x0f\x00\x10\x00\x11\x00\x06"
  "\x00\x27\x00\xcc\xff\x09\x00\x67\xff\x49\x00\x2a\x00\x50\x00\xfe\xff\x1a\x00\x01\x00\xdf\xff\x0d\x00\xdb\xff\xfd\xff\xfa\xff\xf7\xff\x07\x00\xf1\xff\xf6\xff\x1f"
  "\x00\xfe\xff\xd3\xff\x16\x00\x06\x00\xfb\xff\x1f\x00\x1d\x00\xe7\xff\xdd\xff\x07\x00\xf5\xff\xdf\xff\xef\xff\xd8\xff\x27\x00\x06\x00\x04\x00\x0e\x00\xd0\xff\x00"
  "\x00\x0d\x00\xdd\xff\xfa\xff\xe5\xff\x14\x00\xf1\xff\x3d\x00\xf6\xff\x63\x00\x16\x00\xf7\xff\xdb\xff\xde\xff\x21\x00\x1e\x00\x4d\x00\xf8\xff\x05\x00\x13\x00\xf6"
  "\xff\xea\xff\x1b\x00\x38\x00\x02\x00\xfd\xff\x02\x00\x04\x00\xf5\xff\xe8\xff\xb2\xff\xe9\xff\x12\x00\x09\x00\xf4\xff\xfd\xff\x91\xff\x30\x00\x47\x00\xd5\xff\x09"
  "\x00\xcd\xff\x0f\x00\x2c\x00\x17\x00\xe7\xff\x2e\x00\x12\x00\x11\x00\xfd\xff\x08\x00\x3a\x00\x33\x00\x1b\x00\x90\xff\x55\x00\xdb\xff\xc3\xff\x1e\x00\x66\x00\x1d"
  "\x00\xfb\xff\x07\x00\xf6\xff\x04\x00\x4e\x00\x35\x00\xfd\xff\xbe\xff\x0f\x00\x5b\x00\x24\x00\xfd\xff\xca\xff\x08\x00\xfe\xff\xef\xff\xb4\xff\xf4\xff\xed\xff\x2a"
  "\x00\x32\x00\x06\x00\xfa\xff\x1e\x00\xdf\xff\x91\x00\xe2\xff\xce\xff\x06\x00\x07\x00\x0a\x00\xeb\xff\xfb\xff\x07\x00\x19\x00\x59\x00\xfc\xff\x15\x00\x1a\x00\xf0"
  "\xff\x15\x00\xb5\xff\xc4\xff\x16\x00\x24\x00\x10\x00\x23\x00\x1c\x00\x1a\x00\x32\x00\x32\x00\xe7\xff\xba\xff\x04\x00\xf6\xff\x22\x00\xf4\xff\x11\x00\x49\x00\x1d"
  "\x00\xd3\xff\x0b\x00\xfd\xff\x08\x00\xbc\xff\xc3\xff\x0f\x00\x36\x00\xf5\xff\x05\x00\x8b\x00\x01\x00\x06\x00\xca\xff\x16\x00\xf0\xff\x07\x00\x1a\x00\x25\x00\x0a"
  "\x00\x36\x00\x3f\x00\x7c\xff\x07\x00\xf4\xff\xdb\xff\x1e\x00\xd3\xff\x1f\x00\x03\x00\xfc\xff\xfe\xff\x27\x00\x0e\x00\xff\xff\x01\x00\x09\x00\xdd\xff\xec\xff\xfe"
  "\xff\xe4\xff\x42\x00\x3f\x00\x35\x00\xf5\xff\xb7\xff\x28\x00\x0c\x00\x18\x00\x31\x00\x21\x00\x19\x00\xe2\xff\x0d\x00\xf2\xff\x00\x00\xfa\xff\x0a\x00\xe7\xff\xc1"
  "\xff\xef\xff\x15\x00\x2f\x00\x01\x00\xf2\xff\xfd\xff\xd1\xff\xed\xff\x10\x00\xf3\xff\x24\x00\xda\xff\x23\x00\x01\x00\xe4\xff\xff\xff\x02\x00\xe4\xff\xef\xff\xdb"
  "\xff\x04\x00\xc1\xff\x02\x00\x1d\x00\xfb\xff\x15\x00\xe8\xff\xf4\xff\xfa\xff\x17\x00\xf6\xff\xe7\xff\x11\x00\xeb\xff\x01\x00\x0c\x00\x06\x00\xee\xff\xed\xff\x05"
  "\x00\x32\x00\x1e\x00\xfb\xff\x39\x00\x3b\x00\x10\x00\x08\x00\xca\xff\x24\x00\xcf\xff\x5f\x00\xf2\xff\xf9\xff\x3c\x00\x1a\x00\x02\x00\x6c\x00\xcd\xff\xfb\xff\xf3"
  "\xff\xfe\xff\x02\x00\x10\x00\x0e\x00\xfb\xff\x20\x00\x00\x00\xf5\xff\xe2\xff\xfa\xff\x05\x00\xf6\xff\x2e\x00\x05\x00\xd7\xff\xde\xff\x37\x00\xdb\xff\x0a\x00\xdb"
  "\xff\xf6\xff\xd3\xff\x05\x00\xb1\xff\xf9\xff\xd5\xff\x45\x00\x05\x00\xef\xff\x01\x00\xcf\xff\xfd\xff\xe3\xff\x09\x00\x3a\x00\x45\x00\xeb\xff\x16\x00\x11\x00\x07"
  "\x00\xfb\xff\x12\x00\x05\x00\x0f\x00\xd9\xff\xed\xff\xf0\xff\xfd\xff\xf4\xff\x72\x00\xf3\xff\x1b\x00\x39\x00\x4b\x00\xb1\xff\xff\xff\xe9\xff\xec\xff\x29\x00\xed"
  "\xff\x15\x00\xf6\xff\x13\x00\x1e\x00\xd6\xff\xfb\xff\xee\xff\xfa\xff\x12\x00\xfd\xff\x0d\x00\x1f\x00\xf6\xff\xc1\xff\x15\x00\x03\x00\xfb\xff\xd1\xff\x19\x00\xf0"
  "\xff\xf5\xff\x0f\x00\xcd\xff\xa5\xff\xe4\xff\xfd\xff\x18\x00\xdf\xff\x1a\x00\x1d\x00\xc2\xff\x05\x00\x18\x00\x08\x00\x04\x00\x0e\x00\x11\x00\xff\xff\x08\x00\xd8"
  "\xff\x1f\x00\x0d\x00\xbc\xff\xd9\xff\x0b\x00\x3b\x00\x2a\x00\xdd\xff\xf3\xff\x04\x00\xf3\xff\x0e\x00\xf1\xff\x04\x00\x07\x00\x07\x00\x00\x00\xf8\xff\xca\xff\xda"
  "\xff\xf7\xff\xbf\xff\xe0\xff\x13\x00\xdd\xff\xd8\xff\xec\xff\x00\x00\x0f\x00\xf5\xff\xf3\xff\xf3\xff\x2e\x00\xc2\xff\x0f\x00\xec\xff\x06\x00\xe8\xff\xeb\xff\x07"
  "\x00\x37\x00\xd9\xff\x39\x00\xec\xff\xfa\xff\xf7\xff\xfd\xff\xad\xff\xfc\xff\x04\x00\x27\x00\xd9\xff\xe6\xff\xdb\xff\xfc\xff\xe6\xff\xf3\xff\xcf\xff\x07\x00\x09"
  "\x00\x1a\x00\xc0\xff\x24\x00\xc9\xff\xaf\xff\x4f\x00\xdf\xff\x06\x00\x19\x00\xf3\xff\xf7\xff\xe7\xff\x49\x00\x2b\x00\x88\xff\x0c\x00\x1c\x00\x0e\x00\xff\xff\x02"
  "\x00\xf7\xff\x20\x00\xce\xff\xb6\xff\xfd\xff\x5a\x00\xf5\xff\xf8\xff\x04\x00\xc2\xff\xe9\xff\xed\xff\xec\xff\x1a\x00\xef\xff\x05\x00\x01\x00\xf8\xff\x4d\x00\xe4"
  "\xff\x24\x00\x52\x00\xc8\xff\xf4\xff\x01\x00\xec\xff\x03\x00\xfc\xff\xeb\xff\xf4\xff\x19\x00\xd6\xff\xe8\xff\x35\x00\xf5\xff\xe8\xff\x2a\x00\x34\x00\x0c\x00\xe4"
  "\xff\xf7\xff\xd3\xff\xfd\xff\xcc\xff\x21\x00\xae\xff\xab\xff\x2b\x00\x20\x00\xf1\xff\xb7\xff\xec\xff\x3d\x00\x12\x00\xc4\xff\x22\x00\xf4\xff\xa5\xff\xad\xff\x3d"
  "\x00\x2b\x00\xea\xff\x19\x00\x0e\x00\xbd\xff\x95\xff\x40\x00\x4e\x00\xe5\xff\xbd\xff\x10\x00\xd2\xff\xdc\xff\xe1\xff\x4a\x00\xe0\xff\xe2\xff\xb6\xff\x19\x00\x4b"
  "\x00\xa0\xff\x67\x00\xb8\xff\x58\x00\xde\xff\xc7\xff\xa6\xff\xad\xff\x94\xff\x33\x00\xb6\xff\x3b\x00\x01\x00\xf4\xff\x01\x00\xb7\xff\xa3\xff\xcf\xff\xd0\xff\xbe"
  "\xff\x0d\x00\x0a\x00\x03\x00\xa8\xff\x11\x00\x00\x00\xdc\xff\x27\x00\x0b\x00\x34\x00\x30\x00\x1c\x00\x10\x00\xa8\xff\x3b\x00\x8e\xff\xc1\xff\xc3\xff\x2b\x00\x2a"
  "\x00\xd1\xff\xcd\xff\xd2\xff\x9b\xff\x1e\x00\x1e\x00\x0e\x00\xe9\xff\x19\x00\x10\x00\xaa\x00\x1c\x00\x03\x00\x21\x00\x15\x00\xb1\xff\xae\xff\x63\xff\x0c\x00\xa6"
  "\xff\x26\x00\xd0\xff\x48\x00\xa1\xff\x4a\x00\xd0\xff\xd7\xff\xc9\xff\x15\x00\xfd\xff\x98\xff\xe4\xff\x14\x00\xca\xff\xfe\xff\x32\x00\xfe\xff\x1f\x00\x1f\x00\xf4"
  "\xff\xfc\xff\x00\x00\xff\xff\x26\x00\xf3\xff\x06\x00\x0a\x00\xfb\xff\x2b\x00\x0b\x00\xea\xff\xef\xff\xdc\xff\x1c\x00\xfa\xff\x17\x00\xe0\xff\xec\xff\xf1\xff\xed"
  "\xff\x7a\x00\x3e\x00\x04\x00\xfd\xff\xf9\xff\xcc\xff\xb7\xff\xfc\xff\xd7\xff\xf5\xff\xeb\xff\x50\x00\x10\x00\x0b\x00\x39\x00\x23\x00\x06\x00\xe2\xff\x04\x00\x00"
  "\x00\x27\x00\x47\x00\xf0\xff\xdf\xff\x2f\x00\xd0\xff\x58\x00\xd4\xff\x0c\x00\x00\x00\xe1\xff\xf7\xff\xdb\xff\x02\x00\x0b\x00\x2b\x00\xf4\xff\xe0\xff\x04\x00\xb6"
  "\xff\x3f\x00\x13\x00\xee\xff\xf3\xff\xfb\xff\xf3\xff\x04\x00\xa2\xff\x0e\x00\xe7\xff\x0c\x00\x14\x00\x04\x00\x1e\x00\x1e\x00\x1b\x00\x01\x00\x21\x00\x3d\x00\x17"
  "\x00\x40\x00\x28\x00\x12\x00\x0c\x00\x21\x00\xf9\xff\xd9\xff\x39\x00\x0e\x00\x16\x00\xec\xff\x13\x00\xf0\xff\x0f\x00\xfe\xff\xfb\xff\x25\x00\xf2\xff\x18\x00\x15"
  "\x00\x20\x00\x20\x00\x12\x00\xed\xff\x54\x00\xcb\xff\x99\x00\x00\x00\x09\x00\x00\x00\x03\x00\x00\x00\x32\x30\x33\x02\x00\x00\x00\x97\x00\x00\x00\x98\x00\x00\x00"
  "\x04\x00\x00\x00\x01\x00\x00\x00\x01\x00\x00\x00\x01\x00\x00\x00\x01\x00\x00\x00\x04\x00\x00\x00\x00\x00\x00\x00\x00\x00\x00\x00\x00\x00\x00\x00\x00\x00\x00\x00"
  "\x01\x00\x00\x00\x00\x00\x00\x00\x9a\x00\x00\x00\x01\x00\x00\x00\x20\x00\x00\x00\x35\x2e\x73\x70\x6c\x69\x74\x5f\x79\x5f\x70\x61\x74\x68\x2e\x35\x2e\x63\x6f\x6e"
  "\x76\x34\x5f\x31\x31\x2e\x30\x2e\x62\x69\x61\x73\x00\x00\x00\x00\x01\x00\x00\x00\x70\x00\x00\x00\x00\x00\x02\x00\x00\x00\x08\x00\x00\x00\x00\x00\x1b\x00\x0f\x00"
  "\x0c\x00\x06\x00\xff\xff\x10\x00\x07\x00\xff\xff\x0d\x00\x2a\x00\x10\x00\xf1\xff\xfb\xff\x0c\x00\x09\x00\x1f\x00\x03\x00\xe5\xff\x1c\x00\x1f\x00\x24\x00\x27\x00"
  "\xcc\xff\x13\x00\x00\x00\xf4\xff\x17\x00\x21\x00\x06\x00\x0b\x00\xfa\xff\xec\xff\x0f\x00\x08\x00\x16\x00\x2e\x00\xbe\xff\xa7\xff\x28\x00\xf7\xff\x11\x00\x0d\x00"
  "\xe1\xff\x1e\x00\xce\xff\xd2\xff\xeb\xff\xfb\xff\x17\x00\x27\x00\x10\x00\xe4\xff\x05\x00\xfd\xff\xc7\xff\xea\xff\x1a\x00\x08\x00\xe8\xff\xe3\xff\xed\xff\x1b\x00"
  "\x0a\x00\xeb\xff\x28\x00\x2f\x00\xf6\xff\xef\xff\x2a\x00\xff\xff\xf8\xff\xe1\xff\x20\x00\xfb\xff\xf2\xff\x21\x00\xe4\xff\x14\x00\xe7\xff\x04\x00\xfb\xff\x20\x00"
  "\x0a\x00\x18\x00\xfd\xff\x05\x00\x04\x00\x32\x00\x06\x00\xf4\xff\xd5\xff\x04\x00\x03\x00\x26\x00\xc3\xff\x0c\x00\xf0\xff\x38\x00\xf8\xff\xf1\xff\x01\x00\x08\x00"
  "\x10\x00\xf3\xff\xee\xff\x0c\x00\xf5\xff\x1f\x00\xfe\xff\x10\x00\x16\x00\x9b\x00\x00\x00\x04\x00\x00\x00\x10\x00\x00\x00\x32\x30\x33\x5f\x4e\x4f\x54\x5f\x49\x4e"
  "\x5f\x47\x52\x41\x50\x48\x02\x00\x00\x00\x99\x00\x00\x00\x9a\x00\x00\x00\x9c\x00\x00\x00\x0a\x00\x00\x00\x03\x00\x00\x00\x32\x30\x34\x02\x00\x00\x00\x9b\x00\x00"
  "\x00\x89\x00\x00\x00\x9d\x00\x00\x00\x01\x00\x00\x00\x03\x00\x00\x00\x32\x34\x36\x00\x00\x00\x00\x03\x00\x00\x00\x01\x00\x00\x00\x01\x00\x00\x00\x01\x00\x00\x00"
  "\x00\x00\x02\x00\x00\x00\x09\x00\x00\x00\x5f\xff\x9e\x00\x00\x00\x15\x00\x00\x00\x03\x00\x00\x00\x32\x30\x37\x02\x00\x00\x00\x9c\x00\x00\x00\x9d\x00\x00\x00\x9f"
  "\x00\x00\x00\x01\x00\x00\x00\x22\x00\x00\x00\x35\x2e\x73\x70\x6c\x69\x74\x5f\x79\x5f\x70\x61\x74\x68\x2e\x36\x2e\x63\x6f\x6e\x76\x31\x5f\x31\x31\x2e\x30\x2e\x77"
  "\x65\x69\x67\x68\x74\x00\x00\x00\x00\x04\x00\x00\x00\x01\x00\x00\x00\x01\x00\x00\x00\x70\x00\x00\x00\x20\x00\x00\x00\x00\x00\x02\x00\x00\x00\x09\x00\x00\x00\xa2"
  "\xff\xe9\xff\xf9\xff\x49\x00\x4b\x00\xd5\xff\x06\x00\xe7\xff\x00\x00\x21\x00\xef\xff\x0a\x00\x20\x00\x33\x00\xc2\xff\xc5\xff\xd7\xff\xf0\xff\x00\x00\xa4\xff\x53"
  "\x00\xd4\xff\xc7\xff\x20\x00\x45\x00\x56\x00\x1f\x00\xdf\xff\x67\x00\xac\x00\xf3\xff\xbc\xff\x0a\x00\xf0\xff\xf7\xff\xf8\xff\xe0\xff\xf4\xff\xb6\xff\xf9\xff\xcc"
  "\xff\x96\xff\xfb\xff\x10\x00\x0a\x00\xf3\xff\x56\xff\xf7\xff\xdf\xff\xff\xff\x7d\xff\xfa\xff\xf0\xff\xdf\xff\x78\xff\xeb\xff\xf7\xff\xf9\xff\xfb\xff\xd3\xff\xcf"
  "\x00\xf9\xff\xee\xff\x07\x00\x86\xff\x0a\x00\x8e\xff\x5e\x00\xf2\xff\x7c\xff\x2a\x00\xcb\xff\xd1\xff\x60\x00\x35\x00\x2e\x00\xe1\xff\x54\x00\x2a\x00\xf2\xff\xdf"
  "\xff\x11\x00\x0f\x00\xf2\xff\x42\x00\xe7\xff\xff\xff\x03\x00\x2d\x00\x13\x00\x03\x00\xf1\xff\x22\x00\xad\x00\xea\xff\x9a\xff\x50\x00\xf3\xff\xcb\xff\xeb\xff\xb4"
  "\xff\x43\x00\x13\x00\x26\x00\x00\x00\x79\x00\x5e\xff\xa0\xff\xc7\xff\x00\x00\xf2\xff\x43\x00\x32\x00\x07\x00\x13\x00\x30\x00\x07\x00\xaa\xff\xd8\xff\xe5\xff\x04"
  "\x00\x01\x00\xfd\xff\xc6\x00\x30\x00\x33\x00\x08\x00\xca\xff\xfe\xff\x09\x00\x05\x00\x0f\x00\xc8\xff\x0d\x00\x9b\x00\x0b\x00\xdc\x00\xbb\xff\x09\x00\xfe\xff\xe2"
  "\xff\x02\x00\xb3\x00\x0a\x00\xfa\xff\x08\x00\xb7\x00\x06\x00\x07\x00\x34\x00\x1c\x00\x0b\x00\x67\x00\xea\xff\xfb\xff\x48\x00\x09\x00\x04\x00\xff\xff\xfd\xff\x0a"
  "\x00\xee\xff\x89\x00\xdf\xff\x01\x00\xa6\xff\xf3\xff\x09\x00\x20\x00\xb0\xff\xa0\xff\xfe\xff\xd6\xff\x06\x00\x0c\x00\xfb\xff\xfe\xff\xe1\xff\x19\x00\x99\xff\xc3"
  "\xff\xfb\xff\x1d\x00\x36\x00\x1f\x00\x45\x00\x0e\x00\xe5\xff\x1b\x00\x47\x00\x3e\x00\xa5\xff\x99\xff\x47\x00\x8c\x00\x55\x00\xf6\xff\x26\x00\x4e\x00\xa0\xff\x51"
  "\x00\xc6\xff\xa1\x00\x92\x00\xf6\xff\x57\x00\x67\x00\xca\xff\xe6\xff\x1d\x00\xff\xff\xef\xff\x7c\x00\x10\x00\x13\x00\x4a\x00\xe6\xff\x64\xff\xf8\xff\xf4\xfe\xbd"
  "\xff\x14\xff\xe2\xff\xef\xff\x08\x00\x19\x00\xf3\xff\xec\xff\x54\x00\xd0\xff\xd2\xff\x00\x00\x1a\x00\xc9\xff\xf7\xff\x25\x00\x01\x00\x0e\x00\x05\x00\x20\x00\xe7"
  "\xff\xe7\xff\xf5\xff\xf5\xff\xf0\xff\x4c\x00\xec\xff\x19\x00\x68\xff\xfe\xff\x03\x00\x20\x00\x56\x00\x08\x00\x03\x00\x0c\x00\x16\x00\x0d\x00\xb7\xff\x1d\x00\x26"
  "\x00\xe5\xff\xd2\xff\xa7\xff\xdf\xff\x1f\x00\x11\x00\x2c\x00\xf0\xff\x17\x00\xdc\xff\xde\xff\xf1\xff\xf7\xff\xfe\xff\xd7\xff\xe5\xff\xa1\xff\xf1\xff\xfc\xff\x2d"
  "\x00\xf9\xff\xb6\xff\xfd\xff\x1f\x00\xfa\xff\x76\xff\x56\x00\x0f\x00\xf6\xff\xfc\xff\x0f\x00\x61\x00\x07\x00\x07\x00\x06\x00\x02\x00\xed\xff\x17\x00\x39\x00\xe8"
  "\xff\xf6\xff\xfc\xff\x23\x00\xdb\xff\xdd\xff\xf2\xff\xde\xff\x03\x00\x09\x00\xff\xff\x11\x00\x66\xff\x07\x00\x0e\x00\xf9\xff\x1d\x00\x45\x00\x13\x00\x10\x00\xf5"
  "\xff\xdc\xff\xb6\xff\xc7\xff\xed\xff\xeb\xff\x02\x00\x1d\x00\x1c\x00\xd5\xff\xbb\xff\xda\xff\x0c\x00\xbc\xff\x2a\x00\x0d\x00\x30\x00\x10\x00\x0b\x00\x05\x00\xcf"
  "\xff\xee\xff\xe6\xff\xea\xff\x1d\x00\x17\x00\xfe\xff\x2a\x00\xc3\xff\x82\x00\xf3\xff\x20\x00\xe8\xff\x01\x00\xd9\xff\xbf\xff\xa1\xff\xb0\xff\xde\xff\x01\x00\x25"
  "\x00\x7e\xff\x1a\x00\xf2\xff\x98\xff\x2d\x00\x0d\x00\x14\x00\xec\xff\xf0\xff\x1e\x00\xf8\xff\x82\xff\x1a\x00\x29\x00\x1e\x00\xf1\xff\xd9\xff\xd3\xff\x13\x00\xc2"
  "\xff\xae\xff\xf8\xff\x36\x00\x02\x00\x0d\x00\xcd\xff\x1a\x00\x18\x00\xf4\xff\xef\xff\x08\x00\xdf\xff\x7c\x00\xd4\xff\x07\x00\xdd\xff\x0c\x00\x1a\x00\x24\x00\x3c"
  "\x00\xb7\xff\x08\x00\x53\xff\xf8\xff\x0c\x00\xfc\xff\xd7\xff\x00\x00\xfe\xff\x18\x00\x10\x00\x3b\x00\xb9\xff\x65\xff\x61\x00\x46\x00\x0b\x00\x8f\xff\x54\x00\xd6"
  "\xff\xa7\xff\xff\xff\x91\x00\xfa\xff\xe6\xff\x8a\xff\x37\x00\x38\x00\x8e\x00\xed\xff\xb8\xff\xd9\xff\xf6\xff\x2d\x00\x2c\x00\x93\xff\x28\x00\xe6\xff\x1f\x00\x9b"
  "\xff\x21\x00\xfd\xff\xe6\xff\xc7\xff\x5e\x00\xed\xff\x64\x00\x0c\x00\x04\x00\x06\x00\x20\x00\xb4\xff\x21\x00\x10\x00\x01\x00\x01\x00\x5b\xff\x1a\x00\x37\x00\xc8"
  "\xff\x0c\x00\x1a\x00\x05\x00\xf5\xff\xef\xff\xe4\xff\xe7\xff\xfb\xff\x1c\x00\xce\x00\x18\x00\x91\x00\x0d\x00\xfc\xff\x10\x00\xa0\x00\x2a\x00\xef\xff\x17\x00\xf0"
  "\xff\xd7\xff\xd8\xff\xb2\xff\x54\x00\xeb\xff\xfa\xff\x05\x00\xe4\xff\x51\x00\x34\x00\x0d\x00\xff\xff\xfd\xff\xc9\xff\xf2\xff\x8c\xff\xd5\xff\x0c\x00\xdb\xff\x80"
  "\xff\x54\x00\x25\x00\x00\x00\x28\x00\xdd\xff\xfd\xff\x65\x00\xf3\xff\xdf\xff\xdc\xff\x10\x00\xfe\xff\x03\x00\x04\x00\x0a\x00\xc5\xff\x12\x00\xd1\xfe\x01\x00\x72"
  "\xff\x06\x00\x02\x00\xfe\xff\xef\xff\x04\x00\x3f\xff\xfd\xff\xfb\xff\x03\x00\x65\xff\x07\x00\x02\x00\xd7\xff\xe7\xff\x02\x00\x6d\x00\x02\x00\x10\x00\xe2\xff\x06"
  "\x00\xf9\xff\xff\xff\xfc\xff\xf3\xff\x00\x00\x18\x00\xa4\xff\x22\x00\x38\x00\xf1\xff\xcb\xff\xfb\xff\x6b\x00\x1e\x00\x04\x00\xe9\xff\x88\x00\x03\x00\xe8\xff\x2f"
  "\x00\x00\x01\xf7\xff\x5d\x00\xc9\xff\x12\x00\xba\xff\x63\x00\xf9\xff\x18\x00\xc0\xff\xf4\xff\x1a\x00\x37\x00\x5f\x00\x1f\x00\x11\x00\xf3\xff\x18\x00\x32\x00\x3e"
  "\x00\x11\x00\x1a\x00\x19\x00\x29\x00\x07\x00\xf1\xff\x27\x00\x1d\x00\xe7\xff\x02\x00\x0a\x00\xfd\xff\x03\x00\x06\x00\xee\xff\x3b\x00\xeb\xff\xfa\xff\xf1\xff\xf8"
  "\xff\x09\x00\x38\x00\x0b\x00\xf4\xff\x09\x00\x0e\x00\xf1\xff\xef\xff\x00\x00\xed\xff\xe4\xff\x17\x00\x05\x00\xee\xff\xf8\xff\x58\x00\xbd\xff\xe7\xff\x02\x00\x27"
  "\x00\xf5\xff\x57\x00\xe8\xff\x0a\x00\x00\x00\x1e\x00\x05\x00\xf2\xff\x2a\x00\x26\x00\xf0\xff\xad\x01\xff\xff\xf5\xff\x2d\x00\xb9\xff\xe0\xff\xfa\xff\xe1\xff\x0a"
  "\x00\x05\x00\x04\x00\x12\x00\x55\x00\xf8\xff\x06\x00\x0c\x00\x05\x00\x45\x00\x1f\x00\x25\x00\xed\xff\xfa\xff\xf0\xff\x2b\x00\xf3\xff\xe7\xff\xeb\xff\xf3\xff\x02"
  "\x00\xf6\xff\xed\xff\x0e\x00\x53\xff\x0b\x00\x10\x00\xe5\xff\x0a\x00\x3b\x00\x2f\x00\x0a\x00\x01\x00\xfb\xff\x05\x00\x01\x00\xe1\xff\xf9\xff\x84\x00\x03\x00\xf0"
  "\xff\xc6\xff\xe9\xff\xfd\xff\xff\xff\x04\x00\x95\xff\xfa\xff\x24\x00\x0a\x00\x84\xff\x05\x00\x0a\x00\xe5\xff\xee\xff\xf9\xff\xe0\xff\x10\x00\x02\x00\xd1\xff\x03"
  "\x00\xfc\xff\xf0\xff\xfc\xff\xf3\xff\xf6\xff\x08\x00\xd9\xff\x89\x00\x13\x00\x6a\x00\xfa\xff\xdf\xff\xaa\xff\x0e\x00\xd2\xff\x18\x00\x14\x00\xde\xff\x05\x00\xff"
  "\xff\x09\x00\xe3\xff\xf2\xff\xf6\xff\x07\x00\xca\xff\xf9\xff\xc1\xfe\x0b\x00\x01\x00\xdd\xff\xc9\xff\xee\xff\xff\xff\x0a\x00\x48\xff\xe6\xff\x37\x00\x19\x00\x7f"
  "\x00\x13\x00\x03\x00\x44\x00\xcd\xff\x8f\x00\xdf\xff\xee\xff\xe1\xff\xcb\xff\x06\x00\x9f\xff\xeb\xff\xce\xff\xe1\xff\xf0\xff\xf0\xff\xdc\xff\xf8\xff\x52\x00\x17"
  "\x00\xc1\xff\x17\x00\x19\x00\x00\x00\x23\x00\xe0\xff\x6a\x00\x04\x00\x16\x00\x49\x00\x01\x00\xe5\xff\xd2\xff\x4d\x00\xbc\xff\xd5\xff\xf5\xff\x80\x00\x89\xff\xec"
  "\xff\xf4\xff\x2b\x00\xde\xff\x08\x00\x09\x00\x06\x00\xd4\xff\x18\x00\xdc\xff\xd8\xff\xc8\xff\xe3\xff\x1d\x00\xf6\xff\x96\x00\x18\x00\x0e\x00\xfb\xff\xd3\xff\xfb"
  "\xff\x11\x00\xff\xff\xee\xff\x48\x00\xf8\xff\x00\x00\xff\xff\x0e\x00\xbe\xff\xe2\xff\xea\xff\x27\x00\x03\x00\xd8\xff\xff\xff\x3a\x00\x04\x00\xd0\xff\x0a\x00\x0e"
  "\x00\x12\x00\xfa\xff\xf7\xff\x95\xfe\x02\x00\x06\x00\xef\xff\x9d\xff\xe7\xff\xe1\xff\x02\x00\xfe\xff\xfc\xff\xf9\xff\xc9\xff\xc1\xff\x0c\x00\x21\x00\x24\x00\xe4"
  "\xff\x35\x00\xaf\xff\xcc\xff\xd4\xff\x15\x00\x1c\x00\x0f\x00\x29\x00\xf7\xff\x01\x00\xd4\xff\x14\x00\xd3\x00\x02\x00\x0d\x00\xd8\xff\x18\x00\x8e\x00\xdf\xff\x0f"
  "\x00\x14\x00\xc7\xff\xcf\xff\xfd\xff\x1b\x00\xf2\xff\x06\x00\x98\xff\xfe\xff\x1a\x00\xee\xff\xa1\xff\x89\xff\xdd\xff\x01\x00\xd6\xff\x15\x00\x69\x00\xf9\xff\xe9"
  "\xff\xf8\xff\xca\xff\x17\x00\xfb\xff\x1e\x00\xc7\xff\x16\x00\x09\x00\x17\x00\xc0\xff\xf2\xff\xbc\xff\xec\xff\xfb\xff\x16\x00\xef\xff\x98\xff\x2c\x00\xfa\xff\xcc"
  "\xff\x67\x00\x21\x00\xe3\xff\xc1\xff\x86\xff\x44\x00\x49\x00\xf3\xff\x5b\x00\x03\x00\xdb\xff\xa9\x00\x9a\xff\xf5\xff\x77\x00\xca\xff\xfe\xff\xc4\xff\x85\x00\x19"
  "\x00\x18\x00\x05\x00\x25\x00\xf6\xff\x17\x00\x03\x00\x12\x00\xeb\xff\x0a\x00\x7c\xff\x4a\x00\xfb\xff\x59\x00\x0a\x00\xbc\xff\xb3\xff\xd9\xff\x80\x00\x04\x00\x1e"
  "\x00\x0d\x00\xe1\xff\xe8\xff\xe7\xff\x06\x00\xce\xff\x49\x00\x4e\x00\xf0\xff\xf8\xff\xd7\xff\x12\x00\x79\xff\xcd\xff\x27\x00\xe5\xff\xf2\xff\xca\xff\x3a\x00\xe6"
  "\x00\x12\x00\x9a\xff\xef\xff\x98\x00\xe0\xff\x42\x00\xdf\xff\x13\x00\x9c\x00\x0b\x00\xaa\xff\x7c\xff\xfc\xff\xcc\xff\x50\xff\xb1\xff\x31\x00\x0c\x00\x29\x00\xe9"
  "\xff\x22\x00\xf2\xff\x6a\x00\x1b\x00\xb1\xff\xd4\xff\xf5\xff\xa4\xff\x0c\x00\x10\x00\xd8\xff\xe7\xff\x1d\x00\xcb\xff\xa9\xff\x03\x00\x7a\x00\x03\x00\xd4\xff\x03"
  "\x00\x01\x00\xcf\xff\xe1\xff\x15\x00\x27\x00\xfe\xff\xbb\xff\x40\x00\xdc\xff\x14\x00\x90\xff\xca\xff\x08\x00\x17\x00\xd3\xff\x03\x00\x1a\x00\xec\xff\xf8\xff\xda"
  "\xff\xa6\xff\xdc\xff\x3b\x00\x93\xff\xf5\xff\x77\x00\x1a\x00\xa2\xff\x4b\x00\x1e\x00\x25\x00\xf9\xff\x2f\x00\x2a\x00\x08\x00\xcb\xff\xfa\xff\xd8\xff\xdf\xff\xff"
  "\xff\x12\x00\xf4\xff\xe7\xff\x15\x00\x13\x00\xe5\xff\xe8\xff\xe2\xff\xfd\xff\x25\x00\x23\x00\xca\xff\x56\x00\xfb\xff\x90\x00\x8f\x00\xf8\xff\x3f\x00\x57\x00\xb5"
  "\xff\xdc\xff\xe7\xff\x4d\x00\xe7\xff\xbe\xff\xed\xff\xe4\xff\xb8\x00\x05\xff\xe1\xff\xd9\xff\xd0\xff\xec\xff\x3b\x00\x6e\xff\xe1\xff\xe2\xff\xf8\xff\x3b\x01\xcb"
  "\xff\x42\x00\xec\xff\xde\xff\xd7\xff\xdf\xff\xed\xff\x2f\x00\x3a\x00\x74\xff\xab\xff\x15\x00\x5e\x00\xf9\xff\xf0\xff\xc0\xff\xef\xff\xea\xff\x96\xff\x91\x00\xc7"
  "\xff\xd8\xff\xbf\xff\x3b\x00\x86\x00\x2a\x00\xb8\xff\xbb\xff\x21\x00\x64\x00\xc0\xff\xfd\xff\x0d\x00\x07\x00\x69\xff\xfb\xff\x12\x00\x5d\x00\x01\x00\x32\x00\x08"
  "\x00\xf7\xff\x02\x00\xeb\xff\x64\x00\x03\x00\xe4\xff\xe3\xff\xcb\xff\xd2\xff\x15\x00\x04\x00\x29\x00\xf9\xff\xc1\xff\xec\xff\xfa\xff\xf6\xff\xc8\xff\xec\xff\xfe"
  "\xff\xc7\xff\x3e\x00\xeb\xff\x06\xff\x18\x00\x0a\x00\xb0\xff\x13\x00\x30\x00\xf5\xff\x0f\x00\xf8\xff\x00\x00\xf6\xff\x03\x00\x18\x00\xed\xff\x91\xff\x03\x00\x31"
  "\x00\xfd\xff\xfa\xff\xec\xff\x04\x00\x04\x00\x08\x00\x0f\x00\x07\x00\x03\x00\x21\x00\x09\x00\x08\x00\x03\x00\xae\xff\x05\x00\xe0\xff\xf8\xff\x05\x00\x10\x00\xbf"
  "\xff\xf7\xff\x04\x00\xf9\xff\xfb\xff\xfc\xff\xf1\xff\xc4\xff\xa0\x00\xe1\xff\x2b\x00\xf3\xff\xf8\xff\x2c\x00\xcf\xff\xc2\xff\x68\x00\xe9\xff\xec\xff\xe5\xff\x19"
  "\x00\x06\x00\xf7\xff\x02\x00\xf4\xff\xe2\xff\xb8\xff\xe4\xff\x4e\x00\x13\x00\xfa\xff\xe1\xff\xd0\xff\xd1\xff\xf9\xff\xee\xff\x0d\x00\x4b\x00\x0b\x00\xa1\xff\x33"
  "\x00\x5b\x00\xf9\xff\xec\xff\x0d\x00\x7b\x00\x50\x00\x44\x00\x38\x00\xfe\xff\x1c\x00\xb9\xff\x22\x00\xc0\xff\x0c\x00\x1d\x00\x93\xff\x0e\x00\x2f\x00\xef\xff\xcb"
  "\xff\x07\x00\xee\xff\xfb\xff\xff\xff\x21\x00\xef\xff\xd3\xff\xd5\xff\xf7\xff\x3e\x00\x99\xff\x4c\x00\xf2\xff\x1e\x00\x1d\x00\xf3\xff\x05\x00\xfe\xff\x9c\xff\x32"
  "\x00\xe7\xff\x00\x00\xe0\xff\xfc\xff\xf4\xff\x01\x00\x00\x00\xc7\xff\xe9\xff\xbe\xff\x41\x00\xf6\xff\x34\x00\x11\x00\xe6\xff\xe9\xff\xfb\xff\xfd\xff\x1c\x00\x05"
  "\x00\xf1\xff\xfa\xff\xfa\xff\xea\xff\xdb\xff\xc8\xff\xe1\xff\xad\x00\xbb\xff\x27\x00\xc4\xff\xd8\xff\xf8\xff\x4e\x00\xf1\xff\xf8\xff\xe3\xff\x4c\x00\xd4\xff\x04"
  "\x00\xb2\xff\x38\x00\x15\x00\x74\x00\x08\x00\xf4\xff\xf4\xff\x4e\x00\x63\x00\xe7\xff\x0c\x00\x42\x00\x5c\x00\x5c\x00\x11\x00\xfb\xff\xfe\xff\xd2\xff\x02\x00\xfe"
  "\xff\xa5\xff\x14\x00\x28\x00\xd5\xff\x1c\x00\xe4\xff\x01\x00\x47\x00\x06\x00\x01\x00\x0a\x00\x19\x00\x28\x00\xf0\xff\x0b\x00\xf8\xff\x38\x00\xe7\xff\x25\x00\xe8"
  "\xff\xfc\xff\xf0\xff\x12\x00\xf4\xff\xfe\xff\x0f\x00\x3d\x00\x01\x00\x78\x00\x60\xff\x1e\x00\xde\xff\xbc\xff\x40\x00\x39\x00\xeb\xff\x08\x00\x2b\x00\x0f\x00\xc0"
  "\xff\xf7\xff\x39\x00\xff\xff\x10\x00\x4c\x00\x1d\x00\x15\x00\xec\xff\xd4\xff\x17\x00\x78\x00\x3b\x00\x13\x00\x18\x00\x11\x00\x01\x00\x08\x00\xfd\xff\xf3\xff\x04"
  "\x00\x03\x00\xed\xff\x01\x00\xc6\xff\x09\x00\x05\x00\xf9\xff\x0f\x00\xfa\xff\x72\x00\xee\xff\xe6\xff\xfa\xff\x80\x00\xfc\xff\xf1\xff\x04\x00\x36\xff\xfb\xff\x19"
  "\x00\xed\xff\x02\x00\x04\x00\x72\x00\xfc\xff\x10\x00\x08\x00\xe8\xff\xf5\xff\xe4\xff\xc7\xff\xbd\xff\x35\x00\x1e\x00\xe1\xff\xfc\xff\xdb\xff\x0c\x00\xe1\xff\x17"
  "\x00\x1a\x00\xf7\xff\xdd\xff\xc8\xff\x24\x00\xf6\xff\x55\x00\xf2\xff\x01\x00\xf3\xff\xe2\xff\xfd\xff\xea\xff\xef\xff\x00\x00\xdf\xff\xf7\xff\x3e\x00\xa6\xff\xec"
  "\xff\xff\xff\xef\xff\xee\xff\xe9\xff\x0d\x00\x8c\xff\x16\x00\x5a\x00\x04\x00\x45\x00\x0e\x00\xcc\xff\x17\x00\x17\x00\x1c\x00\xa8\xff\xf8\xff\x28\x00\xec\xff\xb6"
  "\xff\x42\x00\x08\x00\x17\x00\xe5\xff\xf4\xff\xf2\xff\x31\x00\xb8\x00\xec\xff\xfc\xff\x04\x00\x0e\x00\x06\x00\xe5\xff\x2d\x00\xfe\xff\x38\x00\xee\xff\x1c\x00\xef"
  "\xff\x0c\x00\xe0\xff\x0e\x00\x32\x00\xb8\xff\x01\x00\x02\x00\x0c\x00\x44\xff\x2a\x00\xcf\xff\x18\x00\xe8\xff\x4b\x00\xa1\xff\xd5\xff\xf7\xff\x02\x00\xf8\xff\x2f"
  "\x00\xb8\xff\x96\xff\xe7\xff\x09\x00\xff\xff\x07\x00\x31\x00\x00\x00\x04\x00\x58\x00\x0b\x00\x8b\xff\xdf\xff\x0d\x00\x2a\x00\xe8\xff\x00\x00\x61\xff\x19\x00\x1d"
  "\x00\x08\x00\xcf\x00\x03\x00\x27\x00\x23\x00\xc5\xff\x03\x00\x04\x00\xee\xff\x17\x00\x05\x00\x89\xff\x26\x00\x1f\x00\xf7\xff\xfb\xff\xf4\xff\xec\xff\xda\xff\x86"
  "\xff\x8d\x00\x21\x00\xdc\xff\xe7\xff\xf9\xff\x0c\x00\x52\xff\xba\xff\x22\x00\x10\x00\xe6\xff\x11\x00\xee\xff\x23\x00\xcf\xff\x27\x00\xcd\xff\x03\x00\x32\x00\xdd"
  "\xff\x25\x00\x2c\x00\x9b\xff\xf2\xff\x3a\x00\xc4\xff\xf0\xff\xd8\xff\xf0\xff\x77\x00\x81\xff\x27\x00\x96\xff\x0f\x00\x3a\xff\x14\x00\xe4\xff\x7b\x00\xf3\xff\x78"
  "\xff\x3b\xff\xcb\xff\x56\x00\x32\x00\xfa\xff\xf3\xff\xab\xff\x31\x00\xef\xff\xf5\xff\xae\xff\xf6\xff\xec\xff\x0a\x00\xf0\xff\x09\x00\x21\x00\x19\x00\xa5\xff\xf4"
  "\xff\x15\x00\xf5\xff\x80\xff\xe4\xff\xc6\xff\x1b\x00\x1a\x00\xd1\xff\x2e\x00\xfa\xff\xe7\xff\xfd\xff\x1c\x00\x1c\x00\xd0\xff\x1a\x00\xe7\xff\xd3\xff\xb1\xff\x64"
  "\x00\xf7\xff\xf4\xff\x1e\x00\xf5\xff\xd5\xff\x22\x00\x28\x00\xe4\xff\x3f\x00\xe5\xff\xcd\xff\xf8\xff\x0d\x00\xfe\xff\x06\x00\x04\x00\x0a\x00\xf3\xff\x03\x00\xef"
  "\xff\x28\x00\xfb\xff\xe9\xff\xff\xff\x02\x00\x0f\x00\x0c\x00\x0b\x00\xfd\xff\x18\x00\x06\x00\x07\x00\xf3\xff\xcf\xff\x07\x00\xa1\x00\x01\x00\xfd\xff\x10\x00\xb9"
  "\xff\xe8\xff\xf6\xff\xf9\xff\x06\x00\xf6\xff\xfc\xff\x02\x00\x40\x00\xff\xff\xe6\xff\xf6\xff\x17\x00\x60\x01\x0b\x00\x07\x00\x13\x00\xfb\xff\xea\xff\xff\xff\xf9"
  "\xff\xf6\xff\xf0\xff\xf9\xff\xfe\xff\xe9\xff\xfa\xff\xf9\xff\xf9\xff\x01\x00\xfd\xff\xfa\xff\x36\x00\x11\x00\x00\x00\x07\x00\xfb\xff\xe7\xff\xe3\xff\xb5\xff\x29"
  "\x00\x06\x00\xad\xff\xe0\xff\x66\x00\x43\x00\x35\x00\xe0\xff\xe2\xff\x10\x00\x07\x00\xed\xff\x9d\xff\xbf\xff\xc5\xff\xcd\xff\x94\xff\xc4\xff\x40\x00\x12\x00\x39"
  "\x00\x0e\x00\xed\xff\xd8\xff\x50\x00\xf7\xff\xe4\xff\x29\x00\x50\xff\x35\x00\x4f\x00\x09\x00\x50\x00\x2c\x00\x38\x00\x30\x00\x02\x00\x4f\x00\xa9\xff\xcd\xff\xba"
  "\xff\x66\xff\xce\xff\xe7\xff\x96\xff\xae\xff\xf5\xff\x35\x00\xed\xff\x25\x00\xaf\xff\xef\xff\xdc\xff\xee\xff\xd5\xff\x25\x00\xe5\xff\x4a\x00\x02\x00\x81\x00\x06"
  "\x00\x01\x00\x15\x00\x39\x00\x54\x00\x13\x00\x0d\x00\x0f\x00\xef\xff\xc0\xff\xe1\xff\xe2\xff\x2c\x00\xf0\xff\x10\x00\x20\x00\x49\x00\x1d\x00\xea\xff\x15\x00\x5b"
  "\x00\xf8\xff\xed\xff\x04\x00\xa7\xff\x0a\x00\x19\x00\x0c\x00\xf5\xff\x0e\x00\x13\x00\xed\xff\xfe\xff\xd3\xff\x13\x00\x12\x00\x8c\x00\xbe\xff\x1f\x00\x0a\x00\xe0"
  "\xff\xab\xff\x32\x00\xc8\xff\x41\x00\xe8\xff\xb5\xff\xfb\xff\x66\x00\x1e\x00\xd4\xff\xf0\xff\x17\x00\x98\xff\x4a\x00\xcf\xff\x88\x00\xff\xff\x32\x00\xd2\xff\x4a"
  "\xff\x3d\x00\x0f\x00\xe1\xff\xe4\xff\xcf\xff\x62\x00\xab\x00\x1a\x00\xff\xff\xab\xff\xa7\xff\x2d\x00\xfe\xff\x76\xff\xab\xff\xc2\xff\x44\x00\x0c\x00\xf7\xff\xf6"
  "\xff\xf8\xff\xcf\xff\x9b\xff\x58\xff\x3e\x00\x4d\x00\xeb\xff\x05\x00\x71\xff\x19\x00\x4e\x00\x3a\x00\x43\x00\xd7\xff\x82\xff\x17\x00\xf3\xff\x12\x00\xfc\xff\x41"
  "\xff\xf4\xff\x37\x00\xff\xff\x00\x00\x58\x00\xef\xff\x2c\x00\xf8\xff\xe9\xff\xce\xff\xab\xff\xf8\xff\x39\x00\x0b\x00\x08\x00\x12\x00\x20\x00\xc3\xff\xd2\xff\x81"
  "\xff\xf4\xff\x05\x00\xf3\xff\xe9\xff\xfe\xff\xf7\xff\xf2\xff\xf3\xff\xff\xff\xfc\xff\xfb\xff\x55\xff\xf5\xff\xf0\xff\x09\x00\x10\x00\xa8\xff\xcc\xff\xd5\xff\xdb"
  "\xff\x09\x00\x05\x00\xfc\xff\x1e\x00\x19\x00\x10\x00\x27\x00\x0d\x00\x0a\x00\xfb\xff\xff\xff\x4b\x00\xf9\xff\x01\x00\x03\x00\xf3\xff\xa8\xff\xfb\xff\xe2\xff\x06"
  "\x00\xfe\xff\x04\x00\x03\x00\x01\x00\xfc\xff\x29\x00\xff\xff\xd6\xff\xa1\xff\x0e\x00\x1b\x00\xef\xff\x01\x00\x0c\x00\x06\x00\xe1\xff\xf8\xff\xf3\xff\xf7\xff\xfc"
  "\xff\xf9\xff\xf2\xff\x05\x00\x69\xff\x09\x00\xed\xff\xe7\xff\x03\x00\x1f\x00\x06\x00\x0d\x00\x0f\x00\xd9\xff\x54\x00\x03\x00\xf3\xff\x8d\x00\xcf\xff\xf3\xff\x02"
  "\x00\x7c\x00\x0d\x00\x04\x00\x7b\x00\xd4\xff\x0a\x00\xce\xff\xd9\xff\x6d\x00\xee\xff\x91\x00\x51\x00\x02\x00\xf8\xff\xf6\xff\x14\x00\x05\x00\x06\x00\x08\x00\x3a"
  "\x00\x5f\x00\xd5\xff\x98\xff\xcb\xff\x0d\x00\xae\xff\xaa\x00\x98\xff\x54\x00\xda\xff\x73\x00\xf9\xff\x12\x00\x47\x00\x7e\xff\xb9\xfe\x42\x00\x13\x00\x4b\x01\xd2"
  "\xff\xe4\xff\x07\x00\x43\x00\x28\x00\xe3\xff\x13\x00\xfc\x00\xc9\xff\xee\xff\x2b\x00\x26\x00\x13\x00\x74\xff\xf9\xff\xf8\xff\xb2\x00\xcb\xff\x92\xff\x1c\x00\x69"
  "\x00\xfe\xff\xde\xff\xfd\xff\xe1\xff\xf1\xff\x5e\x00\x65\x00\xdc\xff\x89\x00\x27\x00\xd7\xff\x70\x00\x67\x00\xda\xff\x97\xff\x13\x00\xd6\xff\x28\x00\x10\x00\x32"
  "\x00\x22\x00\x3e\x00\xee\xff\x25\x00\xa6\xff\xfd\xff\x66\xff\x0c\xff\x08\x00\x1c\x00\x1a\x00\x5f\x00\x22\x00\xf3\xff\x4e\x00\xbb\xff\x47\x00\xf6\xff\xfd\xff\xc7"
  "\xff\xc7\xff\x12\x00\x2f\x00\x0e\x00\xb0\xff\x16\x00\xd8\xff\xe3\xff\xce\xff\xec\xff\xec\xff\xf5\xff\x3a\x00\x22\x00\xfb\xff\xe3\xff\x07\x00\xc9\xff\x42\x00\xfc"
  "\xff\x06\x00\xf5\xff\xfe\xff\x10\x00\x04\x00\x51\x00\x0e\x00\xb0\xff\x3e\x00\x03\x00\xf9\xff\xed\xff\x07\x00\xe7\xff\x27\x00\xf0\xff\xf6\xff\xe8\xff\x0a\x00\xf5"
  "\xff\x19\x00\x6d\x00\x15\x00\x1b\x00\xf4\xff\xf5\xff\x05\x00\x3f\x00\xef\xff\xfc\xff\xff\xff\xfc\xff\x0e\x00\x00\x00\x09\x00\xed\xff\x0c\x00\x4b\x00\xf8\xff\x99"
  "\xff\x0e\x00\x10\x00\xfe\xff\xe9\xff\x0a\x00\xf6\xff\x0c\x00\x0a\x00\xfe\xff\x25\x00\xff\xff\xf9\xff\x09\x00\x9c\xff\x10\x00\x36\x00\xf8\xff\xfc\xff\x0a\x00\x8e"
  "\xff\xfd\xff\x05\x00\x12\x00\xba\xff\xdf\xff\xfe\xff\xb8\xff\x2e\x00\x46\x00\xeb\xff\xba\xff\x1a\x00\xf2\xff\xe6\xff\xf5\xff\x83\xff\xae\x00\x13\x00\x1c\x00\xda"
  "\xff\xf0\xff\xf0\xff\x57\x00\x32\x00\x2e\x00\x06\x00\x2d\xff\xd5\xff\xf4\xff\x00\x00\xff\xff\xd5\xff\x05\x00\xe9\xff\x09\x00\x15\x00\x3b\x00\xc8\xff\x39\x00\xa5"
  "\xff\xf9\xff\x0c\x00\x21\x00\xeb\xff\x4d\x00\xc1\xff\xd3\xff\x36\x00\x99\xff\xf9\xff\xe4\xff\x31\xff\xe5\xff\xfe\xff\x95\xff\x50\x00\xcd\xff\x33\x00\x88\xff\xdf"
  "\xff\xf8\xff\x47\x00\xe8\xff\xf1\xff\xbe\xff\x00\x00\xae\xff\x28\x00\xf9\xfe\x64\x00\x44\x00\xfc\xff\x3b\x00\x0b\x00\xcd\xff\xe8\xff\xf5\xff\xb2\xff\x9c\xff\x19"
  "\x00\x32\x00\x3b\x00\xe5\xff\x36\xff\xfa\xff\xf8\xff\xdd\xff\x91\x00\x16\x00\xe2\xff\x15\x00\xda\xff\x24\x00\x04\x00\x15\x00\xf7\xff\xcd\xff\x1f\x00\x5d\x00\xea"
  "\xff\xc4\x00\xc4\xff\x92\xff\xbd\xff\x2a\x00\xe6\xff\x05\x00\x17\x00\xd8\xff\x5a\x00\x6f\x00\x01\x00\xd9\xff\xfe\xff\xdb\xff\xb6\x00\xf3\xff\x25\x00\x37\x00\x5a"
  "\xff\xf6\xff\x2c\x00\xc1\xff\x48\x00\xd9\xff\x02\x00\xda\xff\x04\x00\x24\x00\x08\x00\x8b\xff\x07\x00\xfc\xff\x18\x00\xfb\xff\x37\x00\xe3\xff\xf7\xff\x34\x00\x12"
  "\x00\xd2\xff\xde\xff\x6b\x00\x13\x00\xed\xff\xf7\xff\x14\x00\x09\x00\x08\x00\xdf\xff\xfa\xff\x16\x00\xef\xff\x01\x00\xe4\xff\x27\x00\xfc\xff\xed\xff\x06\x00\x0c"
  "\x00\xe8\xff\xfb\xff\xe9\xff\x15\x00\xe2\xff\x10\x00\x1a\x00\xf7\xff\x0a\x00\x0a\x00\x15\x00\x11\x00\xe9\xff\x1e\x00\x28\x00\xe6\xff\xec\xff\x51\xff\x22\x00\x16"
  "\x00\x05\x00\xed\x00\xfa\xff\x0e\x00\xe7\xff\x48\x00\xf8\xff\xfc\xff\xd0\xff\x2f\x00\xf2\xff\x29\x00\x21\x00\x19\x00\x06\x00\x06\x00\xff\xff\x0f\x00\xb1\xff\x3f"
  "\x00\x22\x00\x03\x00\x70\x00\xd2\xff\xc3\xff\xf9\xff\x89\x00\xe8\xff\xe1\xff\x08\x00\x5d\x00\xff\xff\xfa\xff\x0f\x00\xe4\xff\x5f\x00\xa7\xff\x0d\x00\x14\x00\x17"
  "\x00\xfd\xff\xc7\xff\xf2\xff\xe2\xff\xeb\xff\xef\xff\xaf\xff\x12\x00\xeb\xff\x23\x00\x63\x00\x0b\x00\x60\x00\x00\x00\x79\x00\xc3\xff\xd1\xff\xdc\x00\xac\xff\x3b"
  "\x00\x48\x00\x04\x00\xf2\xff\x1f\x00\x2d\x00\xf4\xff\xdf\xff\xe2\xff\x20\x00\xf4\xff\xc0\xff\xf2\xff\xf8\xff\xb1\xff\xed\xff\xe8\xff\x2d\x00\xfe\xff\xe7\xff\xf5"
  "\xff\xff\xff\x04\x00\x2a\x00\xad\xff\x11\x00\x67\xff\x15\x00\x47\x00\xa5\xff\x18\x00\xfd\xff\xc3\xff\x07\x00\x2a\x00\x1b\x00\xec\xff\xfa\xff\x0c\x00\xff\xff\x0f"
  "\x00\x06\x00\x92\x00\x14\x00\x20\x01\xe6\xff\x09\x00\x35\x00\x70\x00\x04\x00\x15\x00\x04\x00\xc6\xff\x94\xff\x57\xff\x24\x00\xc7\xff\x4a\x00\x23\x00\x1f\x00\x1c"
  "\x00\xf8\xff\xc8\xff\x16\x00\x03\x00\xdb\xff\x2c\x00\x26\x00\xdc\xff\x29\x00\xcf\xff\xfd\xff\xf2\xff\xf0\xff\x2e\x00\x03\x00\x00\x00\xbc\xff\x13\x00\xb6\xff\x0e"
  "\x00\xf0\xff\x0e\x00\xd5\xff\x5c\x00\x0b\x00\x47\x00\xdd\xff\x52\x00\x68\x00\xe4\xff\xf3\xff\x18\x00\x74\x00\xfc\xff\x14\x00\x3a\x00\xec\xff\x22\x00\x03\x00\x27"
  "\x00\xef\xff\xfc\xff\xe0\xff\xf6\xff\x01\x00\x1e\x00\xe1\xff\xde\xff\xda\xff\x18\x00\xef\xff\x0b\x00\x09\x00\xf3\xff\x5b\x00\x15\x00\xc3\xff\x13\x00\x61\x01\x82"
  "\x00\xd3\xff\x17\x00\xfe\xfe\xf9\xff\x5d\x00\x10\x00\x54\xff\x1a\x00\xbe\xff\x10\x00\x03\x00\xa5\xff\x0b\x00\x72\x00\x9f\x00\xa4\xfe\x4f\x00\xfd\xff\x79\xff\x39"
  "\x00\x4d\x00\x0b\x00\xc9\xff\x39\x00\xda\xff\x3e\x00\x9c\x00\xf2\xff\x16\x00\x07\x00\x02\x00\xf8\xff\xf9\xff\xda\xff\x01\x00\x09\x00\x44\x00\xd7\xff\xea\xff\x23"
  "\x00\x03\x00\x28\x00\xf1\xff\x62\x00\x29\x00\x14\x00\x23\x00\x29\x00\x07\x00\x8c\x00\xef\xff\xe1\xff\x01\x00\x01\x00\x1c\x00\x23\xff\xda\xff\xfa\xff\xe9\xff\xf1"
  "\xff\x54\x00\x1d\x00\xd4\xff\x95\xff\xe9\xff\xe6\xff\x33\x00\xf3\xff\xd0\xff\x5b\x00\x90\xff\xa6\xff\x3b\x00\x2a\x00\x15\x00\x79\xff\xef\xff\x18\x00\x24\x00\xcd"
  "\xff\xcf\xff\x21\x00\x0d\x00\x10\x00\x04\x00\x98\x00\xe8\xff\x1a\x00\xde\xff\x4c\x00\xb6\xff\x1d\x00\xdd\xff\x02\x00\xde\xff\xfc\xff\xba\xff\x2e\x00\x08\x00\xcf"
  "\xff\x24\x00\xd2\xff\x1a\x00\xf0\xff\xe6\xff\x07\x00\x22\x00\x16\x00\xfb\xff\xf2\xff\x02\x00\xf1\xff\x11\x00\xc4\xff\xea\xff\xc5\xff\x18\x00\x0e\x00\xa0\xff\xdf"
  "\xff\x0d\x00\x0d\x00\xf1\xff\x75\x00\x45\x00\xd0\x00\xbf\xff\x35\x00\xdf\xff\xf1\xff\xd9\xff\x1e\x00\xe7\xff\xb6\xff\xbd\xff\x5a\xff\x83\x00\xfe\xff\x55\x00\x1e"
  "\x00\xe4\xff\xf2\xff\x6c\x00\x3f\x00\x0e\x00\xe5\xff\x7a\xff\xd8\xff\xe5\xff\xee\xff\x18\x00\x36\x00\xdd\xff\x2d\x00\xb4\x00\xea\xff\x26\x00\xec\xff\xd2\xff\xf7"
  "\xff\xd3\xff\xe0\xff\xca\xff\x2c\x00\xf2\xff\x80\xff\x78\x00\xe6\xff\xfa\xff\x0b\x00\x09\x00\xfe\xff\xd4\xff\xf8\xff\x20\x00\x19\x00\x74\xff\x24\x00\x43\x00\x32"
  "\x00\xfd\xff\x7b\x00\xfa\xff\x11\x00\x93\xff\xfb\xff\x1b\x00\xfa\xff\x13\x00\xf9\xff\xf8\xff\xd2\xff\x00\x00\xc0\xff\xf0\xff\x24\x00\xee\xff\xf2\xff\xe8\xff\xf6"
  "\xff\x10\x00\xe5\x00\xfb\xff\xeb\xff\xfd\xff\xe8\xfe\xfc\xff\xf8\xff\xe5\xff\xff\xff\x01\x00\xc2\xff\x1d\x00\xd1\xff\xfd\xff\x2b\x00\xdd\xff\xdf\xff\x07\x00\xff"
  "\xff\xfc\xff\xfd\xff\xfc\xff\xf1\xff\xe2\xff\x10\x00\xfd\xff\x22\x00\x79\xff\x13\x00\xfc\xff\xef\xff\xf8\xff\x05\x00\xfc\xff\xd6\xff\xf1\xff\xeb\xff\xf2\xff\xe7"
  "\xff\x01\x00\x08\x00\x07\x00\x75\x01\x03\x00\x03\x00\x12\x00\xbe\x00\x0e\x00\x15\x00\x06\x00\xef\xff\x15\x00\xd2\xff\xfd\xff\x1a\x00\xf9\xff\xee\xff\x20\x00\x48"
  "\x00\x4f\x00\xe2\xff\x3e\x00\xbb\xff\x28\x00\xcf\xff\x32\x00\xe6\xff\xe1\xff\x04\x00\x10\x00\xd0\xff\x14\x00\x11\x00\x33\x00\x2a\x00\x05\x00\xee\xff\x1e\x00\x3a"
  "\x00\xd5\xff\x1a\x00\x08\x00\x02\x00\x01\x00\x18\x00\x41\x00\xe2\xff\x2f\x00\xa7\xff\xf3\xff\x68\x00\xf1\xff\x2f\x00\x3b\x00\x18\x00\xf6\xff\xd6\xff\xf5\xff\xe3"
  "\xff\x12\x00\xd2\xff\x37\x00\x0c\x00\x82\xff\xf9\xff\xf8\xff\x1b\x00\xf4\xff\xab\xff\x22\x00\x21\x00\xf2\xff\x3f\x00\x0c\x00\xb7\x00\x0b\x00\xa6\xff\x00\x00\xc4"
  "\x00\xea\xff\x3a\x00\xec\xff\xef\xff\x4c\x00\x1f\x00\x18\x00\x84\xff\xf0\xff\xd1\xff\x08\x00\xfa\xff\x13\x00\xd4\xff\xf6\xff\xec\xff\x2d\x00\x0f\x00\x94\xff\xfe"
  "\xff\x39\x00\xee\xff\xf6\xff\x03\x00\xf7\xff\x10\x00\x9a\xff\xe9\xff\x0c\x00\xf2\xff\xf5\xff\x12\x00\xd9\xff\xc0\xff\xff\xff\x06\x00\x13\x00\xe1\xff\xc6\xff\x0c"
  "\x00\x01\x00\x41\x00\xf5\xff\x28\x00\x07\x00\x20\x00\x07\x00\x0e\x00\xf2\xff\x82\x00\xf9\xff\x5b\x01\xf8\xff\xfc\xff\x20\x00\x01\x00\xd8\xff\xdd\xff\xf0\xff\x0b"
  "\x00\xf8\xff\xf4\xff\x00\x00\x76\x00\x15\x00\xab\x00\x00\x00\xac\xff\x0d\x00\x19\x00\x1e\x00\x04\x00\x00\x00\xe3\xff\x23\x00\xe2\xff\xe3\xff\xee\xff\xec\xff\xfe"
  "\xff\xfd\xff\xe4\xff\x09\x00\x8a\xfe\x06\x00\xfd\xff\xd6\xff\xff\xff\x2b\x00\xfe\xff\x0a\x00\xfd\xff\x06\x00\x02\x00\x32\x00\xd3\xff\xcd\xff\xda\xff\x0c\x00\x27"
  "\x00\xb7\xff\x35\x00\x05\x00\xb6\xff\xfc\xff\x06\x00\x15\x00\x0d\x00\xee\xff\x1e\x00\xf4\xff\xf9\xff\xc5\xff\x31\x00\x1d\x00\xf8\x01\xea\xff\xfe\xff\x21\x00\x01"
  "\x00\x23\x00\xda\xff\x13\x00\x07\x00\x08\x00\xff\xff\x1b\x00\xd6\xff\x0f\x00\x8b\x00\x02\x00\x9b\xff\x7f\xff\x0a\x00\x15\x00\xd5\xff\x0c\x00\xed\xff\x17\x00\xf3"
  "\xff\x06\x00\xfd\xff\x06\x00\x11\x00\xe2\xff\x6a\xff\x03\x00\xd1\xfe\x04\x00\x01\x00\xd0\xff\x9c\xff\x09\x00\x00\x00\x0b\x00\x08\x00\x28\x00\xbe\xff\x91\xff\x2e"
  "\x00\xdd\xff\xfb\xff\x14\x00\x50\x00\x2e\x00\x4d\x00\x10\x00\x58\x00\xdd\xff\x0b\x00\xd8\xff\x0b\x00\xe9\xff\xee\xff\xf7\xff\x8f\x00\x2a\x00\x03\x00\x4a\x00\x1f"
  "\x00\x22\x00\x3c\x00\xc6\xff\x37\x00\x2b\x00\x05\x00\x37\x00\x0b\x00\x09\x00\xf5\xff\xf1\xff\x69\x00\xed\xff\x4a\x00\xfb\xff\x2e\x00\x2f\xff\x0e\x00\x02\x00\x01"
  "\x00\xf4\xff\xb0\x00\x1e\x00\xe6\xff\xe3\xff\xad\x00\xef\xff\xec\xff\x02\x00\x99\xff\x0f\x00\xe5\xff\xf8\xff\xfd\xff\xe5\xff\xc0\x00\x0e\x00\x30\x00\x11\x00\x20"
  "\x00\xe2\xff\x30\x00\x47\x00\xc5\xff\x76\xff\xd9\xff\xf2\xff\xed\xff\x99\x00\x9c\x00\x07\x00\xfa\xff\xac\xff\x21\x00\x13\x00\x1b\x00\x0d\x00\xc5\xff\x1e\x00\xfd"
  "\xff\xc7\xff\x11\x00\xdb\xff\x4c\x00\xac\xff\xf6\xff\x66\x00\x28\x00\x3d\x00\x34\x00\x49\x00\x07\x00\xe6\xff\x28\x00\x3c\x00\xc4\xff\xeb\xff\xd4\xff\x0c\x00\x07"
  "\x00\x1e\x00\x9c\xff\x70\x00\xf1\xff\xf6\xff\x0a\x00\x25\x00\x08\x00\x21\x00\x24\x00\x1d\x00\xb8\xff\xef\xff\xec\xff\xb6\xff\x10\x00\xff\xff\xd3\xff\x0b\x00\x06"
  "\x00\xb1\xff\x17\x00\xd6\xff\x05\x00\xfe\xff\xef\xff\x36\x00\x79\x00\xfe\xff\x0e\x00\x0a\x00\x2a\x00\x10\x00\xf7\xff\xfa\xff\x30\x00\xea\xff\x63\x00\x1b\x00\x24"
  "\x00\x0f\x00\x6d\x00\x1d\x00\x35\x00\x30\x00\x75\x00\xed\xff\xe7\xff\xda\xff\x0b\x00\x3b\x00\xc2\xff\x0f\x00\x18\x00\xe7\xff\x03\x00\x12\x00\x09\x00\xdd\xff\x58"
  "\x00\xb7\xff\xdb\xff\xe7\xff\xec\xff\xc2\x00\xd1\xff\x18\x00\x5a\x00\xfe\xff\xef\xff\xc1\xff\x10\x00\x00\x00\xe9\xff\x0b\x00\xec\xff\x31\x00\x04\x00\xf4\xff\xa3"
  "\xff\x06\x00\xf0\xff\xff\xff\x19\x00\xf5\xff\xf5\xff\x19\x00\xf7\xff\xed\xff\x30\x00\x36\x00\xb7\xff\xac\xff\x1d\x00\x1b\x00\xe7\xff\x21\x00\x21\x00\xd8\xff\xfd"
  "\xff\xd9\xff\xdd\xff\x24\x00\xc4\xff\x54\x00\x1f\x00\xe3\x00\x49\x00\xbe\xff\xec\xff\x1a\x00\xf3\xff\xea\xff\xde\xff\xef\xff\xe4\xff\x21\x00\xf8\x00\x6c\xff\x01"
  "\x00\x21\x00\xa0\xff\xbd\xff\xd6\xff\xca\xff\xc9\xff\x48\x00\xe6\xff\x02\x00\x6f\x00\x71\x00\xff\xff\x9e\xff\xde\xff\x56\x00\x2d\x00\x20\x00\x0f\x00\x82\x00\x4b"
  "\x00\x0a\x00\xde\xff\xf3\xff\xfa\xff\xf6\x00\xfb\xff\x67\xff\x21\x00\x5b\xff\x15\x00\x5c\x00\xf9\xff\x0b\x00\x0b\x00\x0e\x00\x15\x00\xfa\xff\x16\x00\x02\x00\x39"
  "\x00\x06\x00\xf2\xff\xe9\xff\x14\x00\x03\x00\x84\xff\x02\x00\x3d\x00\x10\x00\x55\xff\x11\x00\x24\x00\xf6\xff\xc5\x00\x00\x00\xef\xff\x07\x00\x0b\x00\xf8\xff\x4e"
  "\xff\xfb\xff\xf9\xff\xee\xff\x11\x00\xdc\xff\xf3\xff\xc7\xff\xd8\xff\x14\x00\xd8\xff\xb6\xff\x43\x00\x16\x00\xd8\xff\xbb\xff\xad\xff\x88\xff\xe0\xff\x47\x00\x1f"
  "\x00\xfa\xff\xf1\xff\x00\x00\x26\x00\x88\x00\x01\x00\xf0\xff\x14\x00\x14\x00\x8f\xff\xdd\xff\xfc\xff\x53\x00\x1e\x00\xde\xff\xd1\xff\x03\x00\xd5\xff\xf6\xff\xbe"
  "\xff\x21\x00\x0e\x00\xf1\xff\x23\x00\x02\x00\xce\xff\xe5\xff\xef\xff\x41\x00\xe2\xff\xe6\xff\xe0\xff\x11\x00\x01\x00\x06\x00\x03\x00\x3b\x00\xc2\xff\x18\x00\xa0"
  "\xff\x3b\x00\xe2\xff\xf8\xff\x03\x00\xb2\xff\xfd\xff\xc7\xff\xf9\xff\x1f\x00\x17\x00\x0d\x00\xed\xff\xa8\xff\x0e\x00\x0f\x00\xea\xff\x03\x00\x13\x00\xfe\xff\x62"
  "\x00\x39\x00\x05\x00\xa1\xff\xec\xff\x16\x00\x1a\x00\x0e\x00\xd5\xff\xe3\xff\xdd\xff\xeb\xff\xb3\xff\xfd\xff\x08\x00\x13\x00\x14\x00\xeb\xff\xf5\xff\x26\x00\x0c"
  "\x00\x04\x00\x00\x00\x07\x00\x06\x00\x11\x00\x38\x00\x03\x00\xe9\xff\xc1\xff\x06\x00\x18\x00\xf7\xff\xff\xff\xb6\xff\x0d\x00\xf6\xff\xef\xff\xf9\xff\xf4\xff\xfd"
  "\xff\x12\x00\x41\xff\x08\x00\x12\xff\x00\x00\x0a\x00\xf2\xff\x25\x00\x0e\x00\x07\x00\x09\x00\xb2\xff\x0e\x00\x28\x00\x60\x00\x19\x00\x1d\x00\xda\xff\x6f\x00\x07"
  "\x00\xff\xfe\xb5\xff\x0a\x00\xd9\xfe\x72\xff\x28\x00\xd4\xfe\x2a\x00\x4f\x00\xfc\xff\x36\x00\xfa\xff\xcd\xff\x2c\x00\x0e\x00\x1a\x00\xe1\xff\xf8\xff\x2d\x00\x28"
  "\x00\xb7\xff\xef\xff\x2a\x00\xf8\xff\xfa\xff\xf8\xff\x0a\x00\x21\x00\x0d\x00\xcc\xff\x11\x00\x4b\x00\xcd\xff\x21\x00\xf8\xff\xf7\xff\x01\x00\x03\x00\x1a\x00\xe1"
  "\xff\x01\x00\xf1\xff\x01\x00\xf8\xff\xd5\xff\x4d\x00\x04\x00\x73\x00\xf6\xff\x42\x00\x0b\x00\xcb\xff\xf8\xff\xf5\xff\xf4\xff\xfb\xff\x05\x00\x1d\x00\x2e\x00\x8a"
  "\x00\x12\x00\xd8\xff\xf5\xff\xb3\xff\x5d\x00\xf6\xff\xc1\xff\x55\x00\xd5\xff\x30\x00\xff\xff\x41\x00\x2f\x00\xfe\xff\x66\x00\x48\x00\x8d\xff\xf6\xff\xfb\xff\xf6"
  "\xff\x2a\x00\xc9\xff\xbb\xff\x1a\x00\x29\x00\x7f\x00\xe0\xff\x2c\x00\x37\x00\x4e\x00\x73\x00\x7e\xff\xd2\xff\x13\x00\x29\x00\xe8\xff\xf8\xff\x59\x00\x7e\x00\x51"
  "\xff\x08\x00\x25\x00\x4c\x00\x60\x00\xfb\xff\xdc\xff\xd6\xff\x2a\x00\xcc\xff\x62\x00\x06\x00\x06\x00\xe9\xff\x0d\x00\xd8\xff\xf6\xff\x83\x00\xf6\xff\x63\x00\x03"
  "\x00\x0f\x00\xfa\xff\xf9\xff\xed\xff\xdc\xff\x28\x00\xfc\xff\x93\xff\xef\xff\xec\xff\xff\xff\x01\x00\x00\x00\x88\x00\xff\xff\x17\x00\x03\x00\x86\x00\x07\x00\xfc"
  "\xff\x1a\x00\xe3\xff\xff\xff\x01\x00\x00\x00\xef\xff\x01\x00\xd9\xff\xeb\xff\xfc\xff\xff\xff\xf8\xff\xfa\xff\xf2\xff\xe0\xff\xb2\xff\xee\xff\xed\xff\xf3\xff\x12"
  "\x00\x0a\x00\xfa\xff\xde\xff\xf4\xff\x0a\x00\xea\xff\xee\xff\xc0\xff\x01\x00\xf2\xff\xf8\xff\xe0\xff\x0b\x00\x39\xff\x00\x00\xcd\xff\x03\x00\xf3\xff\x01\x00\xd2"
  "\xff\xd1\xff\xd5\xff\x06\x00\xa0\x00\x00\x00\x09\x00\x00\x00\x03\x00\x00\x00\x32\x30\x38\x02\x00\x00\x00\x9e\x00\x00\x00\x9f\x00\x00\x00\x04\x00\x00\x00\x01\x00"
  "\x00\x00\x01\x00\x00\x00\x01\x00\x00\x00\x01\x00\x00\x00\x04\x00\x00\x00\x00\x00\x00\x00\x00\x00\x00\x00\x00\x00\x00\x00\x00\x00\x00\x00\x01\x00\x00\x00\x00\x00"
  "\x00\x00\xa1\x00\x00\x00\x01\x00\x00\x00\x20\x00\x00\x00\x35\x2e\x73\x70\x6c\x69\x74\x5f\x79\x5f\x70\x61\x74\x68\x2e\x36\x2e\x63\x6f\x6e\x76\x31\x5f\x31\x31\x2e"
  "\x30\x2e\x62\x69\x61\x73\x00\x00\x00\x00\x01\x00\x00\x00\x20\x00\x00\x00\x00\x00\x02\x00\x00\x00\x09\x00\x00\x00\xea\xff\xfd\xff\x06\x00\xfe\xff\x1b\x00\x16\x00"
  "\x02\x00\x1a\x00\x09\x00\x84\xff\xf6\xff\xf1\xff\xf4\xff\x19\x00\xd7\xff\x0d\x00\x06\x00\xe5\xff\x27\x00\x07\x00\x06\x00\xf6\xff\x33\x00\x01\x00\x13\x00\xf8\xff"
  "\xe3\xff\x12\x00\x0a\x00\xfe\xff\x0e\x00\xff\xff\xa2\x00\x00\x00\x04\x00\x00\x00\x10\x00\x00\x00\x32\x30\x38\x5f\x4e\x4f\x54\x5f\x49\x4e\x5f\x47\x52\x41\x50\x48"
  "\x02\x00\x00\x00\xa0\x00\x00\x00\xa1\x00\x00\x00\xa3\x00\x00\x00\x01\x00\x00\x00\x22\x00\x00\x00\x35\x2e\x73\x70\x6c\x69\x74\x5f\x79\x5f\x70\x61\x74\x68\x2e\x36"
  "\x2e\x63\x6f\x6e\x76\x32\x5f\x31\x33\x2e\x30\x2e\x77\x65\x69\x67\x68\x74\x00\x00\x00\x00\x04\x00\x00\x00\x03\x00\x00\x00\x01\x00\x00\x00\x01\x00\x00\x00\x20\x00"
  "\x00\x00\x00\x00\x02\x00\x00\x00\x09\x00\x00\x00\x01\x00\xfa\xff\xfe\xff\x0b\x00\xf7\xff\xb3\xff\x14\x00\xf2\xff\x2e\x01\x11\x01\xfd\xff\x13\x00\x04\x00\xfe\xff"
  "\xa2\xfe\xf7\xff\x0e\x00\x07\x00\x75\xfe\x03\x00\xfd\xff\xfa\xff\xbd\xff\x0b\x00\x06\x00\x80\xfe\x05\x00\xcc\xfe\xc4\x00\xfb\xff\xef\xff\xfe\xff\x2f\xfe\x62\xfe"
  "\x58\xfe\x73\xfe\x35\xfe\x76\xfe\x15\x01\xb8\x01\xc7\xfe\x9f\xff\x75\xfe\x84\x01\xe2\x01\xb1\x01\x24\x00\x53\xfe\x87\xfe\x51\x01\x72\x00\xa8\x01\x90\x01\x06\xff"
  "\x84\xfe\xb3\x01\x45\x01\x69\x00\x85\x00\x0a\x01\x81\x01\x7e\xfe\x78\x01\x5f\xfe\x02\x00\x01\x00\x09\x00\x04\x00\xf4\xff\xc5\xff\xa3\xfe\xfc\xff\x68\x00\x1c\x01"
  "\x0a\x00\x0c\x00\x03\x00\x03\x00\x33\x01\xf9\xff\x09\x00\x04\x00\x0e\x01\x05\x00\xee\xff\x1b\x01\x6e\xff\x08\x00\x29\x00\x04\x00\xac\xfe\x04\x00\x77\x00\xe0\xff"
  "\xfb\xff\xf7\xff\xa4\x00\x00\x00\x09\x00\x00\x00\x03\x00\x00\x00\x32\x30\x39\x02\x00\x00\x00\xa2\x00\x00\x00\xa3\x00\x00\x00\x04\x00\x00\x00\x01\x00\x00\x00\x01"
  "\x00\x00\x00\x01\x00\x00\x00\x01\x00\x00\x00\x04\x00\x00\x00\x01\x00\x00\x00\x00\x00\x00\x00\x01\x00\x00\x00\x00\x00\x00\x00\x20\x00\x00\x00\x00\x00\x00\x00\xa5"
  "\x00\x00\x00\x01\x00\x00\x00\x20\x00\x00\x00\x35\x2e\x73\x70\x6c\x69\x74\x5f\x79\x5f\x70\x61\x74\x68\x2e\x36\x2e\x63\x6f\x6e\x76\x32\x5f\x31\x33\x2e\x30\x2e\x62"
  "\x69\x61\x73\x00\x00\x00\x00\x01\x00\x00\x00\x20\x00\x00\x00\x00\x00\x02\x00\x00\x00\x09\x00\x00\x00\x1a\x00\x03\x00\xf9\xff\x07\x00\xe1\xff\xf7\xff\xf9\xff\x14"
  "\x00\x0f\x00\x90\xff\x0c\x00\xe9\xff\xec\xff\x1f\x00\x04\x00\xf1\xff\xfa\xff\xda\xff\x0d\x00\x06\x00\x06\x00\xfd\xff\xce\xff\x01\x00\x18\x00\x14\x00\x09\x00\xf5"
  "\xff\x0b\x00\x00\x00\x14\x00\x07\x00\xa6\x00\x00\x00\x04\x00\x00\x00\x10\x00\x00\x00\x32\x30\x39\x5f\x4e\x4f\x54\x5f\x49\x4e\x5f\x47\x52\x41\x50\x48\x02\x00\x00"
  "\x00\xa4\x00\x00\x00\xa5\x00\x00\x00\xa7\x00\x00\x00\x01\x00\x00\x00\x22\x00\x00\x00\x35\x2e\x73\x70\x6c\x69\x74\x5f\x79\x5f\x70\x61\x74\x68\x2e\x36\x2e\x63\x6f"
  "\x6e\x76\x33\x5f\x33\x31\x2e\x30\x2e\x77\x65\x69\x67\x68\x74\x00\x00\x00\x00\x04\x00\x00\x00\x01\x00\x00\x00\x03\x00\x00\x00\x01\x00\x00\x00\x20\x00\x00\x00\x00"
  "\x00\x02\x00\x00\x00\x09\x00\x00\x00\xfb\xff\x7a\xfe\xfc\xff\x01\x00\xf5\xff\x56\x00\x33\x00\xff\xff\xbe\xff\x10\x01\xfe\xff\x01\x00\xfb\xff\xfc\xff\x52\x01\xfc"
  "\xff\x96\xfe\xfc\xff\x9c\x00\xfc\xff\xf9\xff\x04\x00\x67\x01\x06\x00\x0c\x00\x00\x00\xf1\xff\xfa\xff\x03\x00\x03\x00\xfd\xff\xfb\xff\x2e\xfe\x8a\x00\x59\xfe\x74"
  "\xfe\x36\xfe\x81\x01\xa9\x01\xb8\x01\x4b\xfe\x67\xff\x89\x01\x84\x01\x21\xfe\x4e\xfe\xd8\x00\x54\xfe\x9b\xff\x53\x01\xa8\xfe\xa7\x01\x8f\x01\x90\xfe\xd7\xfe\xb2"
  "\x01\x32\x01\x8f\x01\x6d\x01\x68\xfe\x59\x01\x7e\xfe\x71\x00\xa0\x01\xfe\xff\x00\x00\xfd\xff\xfb\xff\x00\x00\x60\x00\x58\x00\xf1\xff\xba\xff\x22\x01\xfc\xff\x0f"
  "\x00\xff\xff\xf9\xff\xbc\xff\xf8\xff\xfe\xff\xe5\xff\x34\xff\x0e\x00\x07\x00\xf9\xff\xd6\xff\x0b\x00\x52\x00\xeb\xff\xfb\xff\xf8\xff\xa4\xfe\x08\x00\x99\xfe\x07"
  "\x00\xa8\x00\x00\x00\x09\x00\x00\x00\x03\x00\x00\x00\x32\x31\x30\x02\x00\x00\x00\xa6\x00\x00\x00\xa7\x00\x00\x00\x04\x00\x00\x00\x01\x00\x00\x00\x01\x00\x00\x00"
  "\x01\x00\x00\x00\x01\x00\x00\x00\x04\x00\x00\x00\x00\x00\x00\x00\x01\x00\x00\x00\x00\x00\x00\x00\x01\x00\x00\x00\x20\x00\x00\x00\x00\x00\x00\x00\xa9\x00\x00\x00"
  "\x01\x00\x00\x00\x20\x00\x00\x00\x35\x2e\x73\x70\x6c\x69\x74\x5f\x79\x5f\x70\x61\x74\x68\x2e\x36\x2e\x63\x6f\x6e\x76\x33\x5f\x33\x31\x2e\x30\x2e\x62\x69\x61\x73"
  "\x00\x00\x00\x00\x01\x00\x00\x00\x20\x00\x00\x00\x00\x00\x02\x00\x00\x00\x09\x00\x00\x00\xe5\xff\xfa\xff\x0b\x00\xf0\xff\x23\x00\xe3\xff\xec\xff\x19\x00\xf8\xff"
  "\x30\x00\x13\x00\xe2\xff\x1e\x00\xdb\xff\xf5\xff\x0c\x00\x24\x00\xe2\xff\x00\x00\x00\x00\x09\x00\x05\x00\xfb\xff\xfc\xff\x0e\x00\x10\x00\x07\x00\x0f\x00\x0f\x00"
  "\x04\x00\xee\xff\x0b\x00\xaa\x00\x00\x00\x04\x00\x00\x00\x10\x00\x00\x00\x32\x31\x30\x5f\x4e\x4f\x54\x5f\x49\x4e\x5f\x47\x52\x41\x50\x48\x02\x00\x00\x00\xa8\x00"
  "\x00\x00\xa9\x00\x00\x00\xab\x00\x00\x00\x01\x00\x00\x00\x22\x00\x00\x00\x35\x2e\x73\x70\x6c\x69\x74\x5f\x79\x5f\x70\x61\x74\x68\x2e\x36\x2e\x63\x6f\x6e\x76\x34"
  "\x5f\x31\x31\x2e\x30\x2e\x77\x65\x69\x67\x68\x74\x00\x00\x00\x00\x04\x00\x00\x00\x01\x00\x00\x00\x01\x00\x00\x00\x20\x00\x00\x00\x70\x00\x00\x00\x00\x00\x02\x00"
  "\x00\x00\x09\x00\x00\x00\x88\xff\x0d\x00\x06\x00\x0b\x00\xd9\xff\xf7\xff\xee\xff\xe4\xff\x01\x00\xfe\xff\x0e\x00\x2c\x00\x15\x00\x1e\x00\xf5\xff\xfc\xff\x04\x00"
  "\xe4\xff\xe5\xff\xea\xff\x0e\x00\xf8\xff\xf3\xff\xba\xff\xd0\xff\x08\x00\x06\x00\xf4\xff\x0e\x00\x03\x00\x16\xff\x0a\x00\x73\x00\x1d\x00\xf5\xff\xf0\xff\xeb\xff"
  "\x16\x00\x39\x00\x1d\x00\x21\x00\xbf\xff\x0e\x00\x02\x00\xf5\xff\x10\x00\x0e\x00\xee\xff\x08\x00\x2a\x00\xe0\xff\x0e\x00\xd7\xff\xe6\xff\xa7\xff\x1c\x00\x14\x00"
  "\x03\x00\xd2\xff\x00\x00\xfc\xff\x15\x00\xec\xff\x28\xff\xa3\xff\x17\x00\x18\x00\xed\xff\x04\x00\xf2\xff\x04\x00\x00\x00\x08\x00\xae\xff\x03\x00\xda\xff\xfc\xff"
  "\x51\xff\x32\x00\x11\x00\x19\x00\xf1\xff\x10\x00\xd9\xff\x19\x00\xdf\xff\x01\x00\x0d\x00\x53\xff\x34\x00\xff\xff\xed\xff\x15\x00\x34\x00\x30\x00\xdd\xff\xf4\xff"
  "\xf7\xff\x05\x00\x09\x00\x35\x00\xef\xff\xf1\xff\x19\x00\x10\x00\xe2\xff\x67\x00\xd8\xff\x1f\x00\x22\x00\xfe\xff\xd7\xff\xcd\xff\x03\x00\x9a\xff\x02\x00\xf5\xff"
  "\x30\x00\x32\x00\xf2\xff\x0a\x00\xf9\xff\xf1\xff\x2a\x00\xca\xff\x3d\x00\x11\x00\xbc\xff\xdb\xff\xc3\xff\xf2\xff\x46\x00\xd9\xff\x08\x00\x2b\x00\x0a\x00\xb4\xff"
  "\xf4\xff\x19\x00\xef\xff\xea\xff\x01\x00\x14\x00\xf0\xff\x17\x00\x44\x00\x01\x00\xd3\xff\xed\xff\x07\x00\x17\x00\xff\xff\xd0\xff\x12\x00\xf6\xff\x1c\x00\x0c\x00"
  "\x20\x00\xe0\xff\x08\x00\xd3\xff\x34\x00\xea\xff\xfe\xff\x25\x00\x41\x00\xf4\xff\x40\x00\x17\x00\xec\xff\xce\xff\xfc\xff\xf8\xff\x1f\x00\x3f\x00\x4c\x00\xdf\xff"
  "\x09\x00\xd6\xff\xf6\xff\xf2\xff\xed\xff\xe5\xff\x37\x00\x17\x00\x1c\x00\x02\x00\x9b\xff\xda\xff\xe4\xff\x0a\x00\x45\x00\xf7\xff\xeb\xff\xd4\xff\x16\x00\x1d\x00"
  "\xe8\xff\xcb\xff\x0a\x00\xd4\xff\x20\x00\x05\x00\x19\x00\xf6\xff\xef\xff\xdf\xff\x09\x00\xe1\xff\xb7\xff\xc6\xff\x98\x00\x08\x00\xc6\xff\xfc\xff\x16\x00\xe4\xff"
  "\x11\x00\xb4\xff\x1d\x00\x09\x00\x49\x00\x08\x00\x32\x00\xb9\xff\x0b\x00\x27\x00\xf9\xff\x03\x00\xac\xff\x12\x00\xfa\xff\xdf\xff\x1e\x00\xf0\xff\x07\x00\xc8\xff"
  "\x4a\x00\xf5\xff\x2a\x00\x25\x00\xd8\xff\x07\x00\x16\x00\x09\x00\x03\x00\x19\x00\x25\x00\xcd\xff\xeb\xff\x25\x00\xdb\xff\xed\xff\x41\x00\x60\x00\xdd\xff\x87\xff"
  "\xe1\xff\xf3\xff\xf3\xff\x14\x00\x28\x00\xbb\xff\xaf\xff\xc2\xff\x42\xff\xfa\xff\xfe\xff\xd0\xff\xaf\xff\x41\x00\x28\x00\xfa\xff\xea\xff\xf5\xff\xcc\xff\x0f\x00"
  "\xf5\xff\x0f\x00\x0f\x00\xe9\xff\x35\x00\x02\x00\x1c\x00\x17\x00\x24\x00\xb0\xff\x4c\x00\x56\x00\x32\x00\xc3\xff\xdf\xff\x19\x00\xa6\xff\xdd\xff\x3a\x00\xe3\xff"
  "\xd6\xff\xaf\xff\x1b\x00\xdc\xff\xef\xff\xf8\xff\xea\xff\x0f\x00\xef\xff\x2a\x00\x1e\x00\xf2\xff\xfa\xff\x1f\x00\xfc\xff\x3f\x00\x32\x00\x2c\x00\x14\x00\x1f\x00"
  "\x32\x00\x01\x00\x02\x00\x06\x00\x57\x00\xdc\xff\xfc\xff\x43\x00\xcf\xff\x12\x00\xe0\xff\x05\x00\x01\x00\xef\xff\x22\x00\x26\x00\xfb\xff\x18\x00\x29\x00\xeb\xff"
  "\xe0\xff\xbf\xff\xbd\xff\xfb\xff\x20\x00\xda\xff\xd8\xff\xd9\xff\xff\xff\x43\x00\x07\x00\x1b\x00\x0c\x00\x0c\x00\xf2\xff\x04\x00\x10\x00\xfa\xff\x29\x00\x08\x00"
  "\xe7\xff\xd2\xff\x1a\x00\x12\x00\x12\x00\x1f\x00\x0b\x00\x0c\x00\xeb\xff\xe2\xff\xee\xff\x20\x00\x1f\x00\x19\x00\x1b\x00\xf2\xff\xce\xff\xd0\xff\x11\x00\x15\x00"
  "\x45\x00\xb6\xff\x18\x00\xa5\xff\x2f\x00\xb8\xff\x08\x00\xcf\xff\xd7\xff\x93\x00\xfa\xff\xc0\xff\xe7\xff\x41\x00\x10\x00\xe2\xff\xeb\xff\x29\x00\xf4\xff\x17\x00"
  "\xf9\xff\x24\x00\x11\x00\x48\x00\x1c\x00\xd9\xff\x1c\x00\xff\xff\xf6\xff\x4b\x00\x38\x00\xf2\xff\x18\x00\xd7\xff\x26\x00\xe0\xff\x41\x00\x60\x00\xb9\xff\x16\x00"
  "\xe3\xff\xd6\xff\x0d\x00\xd1\xff\x04\x00\xc6\xff\x1e\x00\xe1\xff\x10\x00\xfe\xff\xb9\xff\xfa\xff\x58\x00\xbf\xff\xb0\xff\xc8\xff\x89\xff\x42\x00\xf7\xff\x24\x00"
  "\x07\x00\xe0\xff\xef\xff\x07\x00\x00\x00\xd7\xff\x00\x00\x38\x00\xe2\xff\x34\x00\xeb\xff\x35\x00\xd1\x00\x52\x00\xf6\xff\xb1\x00\xee\xff\x21\x00\x89\x00\x3c\x00"
  "\x58\x00\xfe\xff\x6e\x00\x2c\x00\xf4\xff\x8b\x00\xc3\xff\xf3\x00\xe3\xff\x42\xff\x6a\x00\x7d\x00\x7c\x00\x07\x00\x89\x00\x04\x00\x92\xff\x6c\x00\xac\x00\x16\x00"
  "\xd5\xff\xda\xff\x7c\x00\xec\xff\x50\x00\x1d\x00\x97\x00\x10\x00\x9e\x00\x50\x00\xce\xff\x0f\x00\xca\xff\x67\x00\x88\x00\x1f\x00\x79\x00\x2e\x00\x79\x00\x42\x00"
  "\xec\xff\x09\x00\x13\x00\x66\xff\x05\x00\x3c\x00\x2c\x00\x43\x00\xbb\xff\x88\x00\x60\x00\x49\x00\x6d\x00\x09\x00\xbb\xff\x36\x00\xea\xff\x6c\x00\xcf\xff\x1f\x00"
  "\xf3\xff\x1c\x00\x52\x00\x4c\x00\x38\x00\xf5\xff\x39\x00\x23\x00\xa9\xff\x2e\x00\xa9\x00\x3e\x00\x22\x00\x27\x00\xee\xff\x33\x00\x98\x00\x17\x00\x83\x00\xc7\xff"
  "\x96\xff\x45\xff\x8e\xff\x28\x00\x32\x00\xb4\xff\x38\x00\xf9\xff\xbf\xff\xea\xff\x1e\x00\xeb\xff\xaa\x00\x3a\x00\xb2\xff\x36\x00\x76\x00\xc2\xff\x9d\xff\x3f\x00"
  "\x66\x00\x8e\x00\xb0\x00\xdd\xff\xf9\xff\x1f\x00\x37\x00\xf1\xff\x11\x00\x27\x00\x16\x00\x17\x00\x2e\x00\xb3\xff\xe7\xff\xd3\xff\x84\xff\x29\x00\xc6\xff\xe3\xff"
  "\x4b\x00\xfe\xff\x1a\x00\x12\x00\xea\xff\x02\x00\xe6\xff\x8a\xff\xc2\xff\xc1\xff\x21\x00\xe6\xff\x13\x00\xbd\xff\xdf\xff\x12\x00\xdb\xff\x02\x00\xe4\xff\x11\x00"
  "\x13\x00\xbd\xff\x09\x00\xf0\xff\x2b\x00\xe9\xff\x3a\x00\xff\xff\x06\x00\xe0\xff\x32\x00\x1d\x00\x10\x00\x7e\xff\x1d\x00\xe6\xff\xcb\xff\xde\xff\xd6\xff\x2b\x00"
  "\x06\x00\x2d\x00\x01\x00\xdf\xff\xcf\xff\xf3\xff\x44\x00\xd6\xff\x27\x00\x13\x00\x32\x00\x3a\x00\x39\x00\x69\x00\x0d\x00\xf2\xff\xd2\xff\x15\x00\xdb\xff\x09\x00"
  "\x59\x00\xe3\xff\x00\x00\xe7\xff\x1c\x00\xfd\xff\xd8\xff\x04\x00\xee\xff\xa4\xff\x24\x00\xe5\xff\x15\x00\x29\x00\x04\x00\xda\xff\x46\x00\xee\xff\x19\x00\xea\xff"
  "\xf4\xff\xe2\xff\x9f\xff\xd2\xff\xfe\xff\xc7\xff\x3a\x00\x3f\x00\x21\x00\x23\x00\x38\x00\x13\x00\x01\x00\xee\xff\x50\x00\xf4\xff\xdf\xff\xd0\xff\x3b\x00\xd4\xff"
  "\x12\x00\x2e\x00\xe0\xff\xc7\xff\xff\xff\xd6\xff\x1f\x00\x20\x00\x3e\x00\xbd\xff\x2c\x00\xc0\xff\x1d\x00\x3b\x00\xfa\xff\x15\x00\x40\x00\x7e\x00\x09\x00\x2e\x00"
  "\x14\x00\x48\x00\xff\xff\x02\x00\x06\x00\x1e\x00\xcb\xff\x04\x00\xdb\xff\xd4\xff\xf2\xff\xf0\xff\xe1\xff\xea\xff\xc5\xff\xd3\xff\x10\x00\x1f\x00\x9f\xff\xe6\xff"
  "\xf2\xff\xfb\xff\xd9\xff\x29\x00\xf8\xff\xc3\xff\x0c\x00\xc3\xff\xd0\xff\x10\x00\x29\x00\xd7\xff\xc3\xff\x0f\x00\x1d\x00\xf1\xff\xe2\xff\xf7\xff\xb9\xff\x1c\x00"
  "\x24\x00\xfd\xff\x08\x00\x47\x00\x6e\x00\x13\x00\x05\x00\x16\x00\x16\x00\x03\x00\xc2\xff\xfb\xff\x08\x00\x24\x00\x02\x00\x1e\x00\x28\x00\xa4\xff\x02\x00\xf2\xff"
  "\x26\x00\xe7\xff\xc7\xff\xdb\xff\xb9\xff\x4b\x00\x8c\xff\xec\xff\x42\x00\xfa\xff\xe5\xff\x07\x00\x3c\x00\xf4\xff\xf5\xff\x47\x00\x1b\x00\xd9\xff\xb3\xff\x34\x00"
  "\x3d\x00\xea\xff\xd4\xff\x20\x00\xe8\xff\x36\x00\xce\xff\x21\x00\xda\xff\x23\x00\x00\x00\x1c\x00\xb6\xff\xd6\xff\xe2\xff\x03\x00\x13\x00\x30\x00\xdb\xff\x16\x00"
  "\xe5\xff\x0d\x00\x19\x00\xed\xff\x07\x00\xe8\xff\x51\x00\x18\x00\xd7\xff\xfa\xff\x29\x00\x78\x00\xe2\xff\xe4\xff\x0b\x00\xea\xff\x1c\x00\x1d\x00\xfe\xff\xf6\xff"
  "\x1b\x00\x2f\x00\xc2\xff\xf0\xff\x24\x00\x17\x00\xf6\xff\xab\xff\x3e\x00\xc7\xff\x12\x00\xfa\xff\x0a\x00\xba\xff\x0e\x00\x4f\x00\xf4\xff\xdf\xff\x03\x00\x09\x00"
  "\x40\x00\x38\x00\xed\xff\xe2\xff\x1e\x00\xdc\xff\xb6\xff\xd2\xff\x1b\x00\x3f\x00\x41\x00\xee\xff\x14\x00\x15\x00\x39\x00\x30\x00\xf0\xff\x4f\x00\x57\x00\x04\x00"
  "\xb6\xff\x8b\xff\xf1\xff\xff\xff\xcd\xff\xa0\xff\xf8\xff\xe2\xff\x06\x00\x3b\x00\x06\x00\xe8\xff\x03\x00\xcb\xff\x21\x00\x74\x00\xd7\xff\xe0\xff\xe7\xff\x11\x00"
  "\xd4\xff\x44\x00\x17\x00\x44\x00\x0b\x00\x2f\x00\xe3\xff\x2f\x00\xe9\xff\xe9\xff\xed\xff\x12\x00\x23\x00\x8c\xff\x03\x00\xfb\xff\xf0\xff\x40\x00\xda\xff\xe1\xff"
  "\xea\xff\xd3\xff\x4e\x00\xe0\xff\x34\x00\x3f\x00\xea\xff\xd6\xff\xfd\xff\xe4\xff\x18\x00\x1c\x00\x22\x00\xb2\xff\x15\x00\xcb\xff\x0a\x00\x04\x00\xd8\xff\x1c\x00"
  "\x29\x00\x32\x00\x09\x00\x26\x00\xa1\xff\x19\x00\x16\x00\x51\x00\x2d\x00\x1e\x00\xc9\xff\xfb\xff\xc6\xff\x2f\x00\x43\x00\xf2\xff\xe7\xff\x05\x00\xb5\xff\xff\xff"
  "\x03\x00\x04\x00\x86\xff\xed\xff\xf1\xff\x04\x00\xe6\xff\x1e\x00\x0d\x00\xb4\xff\x05\x00\xf4\xff\xee\xff\x1f\x00\x31\x00\xe5\xff\x9c\xff\xfa\xff\x11\x00\x0f\x00"
  "\xf9\xff\x0c\x00\xc3\xff\x31\x00\x2a\x00\x09\x00\xd2\xff\x12\x00\x72\x00\x4b\x00\xec\xff\x23\x00\x1f\x00\xf2\xff\x37\x00\x19\x00\x1e\x00\x48\x00\x13\x00\x27\x00"
  "\x31\x00\x8f\xff\x23\x00\xf5\xff\xf7\xff\xfa\xff\xe2\xff\xd1\xff\x4f\x00\x09\x00\x44\x00\x08\x00\x1b\x00\x24\x00\xb7\xff\x07\x00\x1c\x00\xe6\xff\x10\x00\x1e\x00"
  "\x31\x00\xd3\xff\xbd\xff\x3d\x00\x2c\x00\x0a\x00\xcd\xff\x13\x00\xdc\xff\x36\x00\xfa\xff\xab\xff\xbf\xff\x8d\xff\x91\xff\x4e\x00\x25\x00\x8b\xff\xbe\xff\x0e\x00"
  "\x51\x00\xd4\xff\x12\x00\xd5\xff\xe5\xff\x51\x00\xd2\xff\x0b\x00\xdb\xff\xc5\xff\xff\xff\x38\x00\x0a\x00\x2b\x00\x12\x00\xc2\xff\xd0\xff\xeb\xff\x2c\x00\xe9\xff"
  "\x12\x00\xf0\xff\x0c\x00\x90\xff\xc1\xff\x1a\x00\xdc\xff\xbe\xff\x35\x00\x20\x00\x05\x00\xdc\xff\x02\x00\xef\xff\x5c\x00\x0b\x00\x43\x00\xd6\xff\x2b\x00\xc3\xff"
  "\xff\xff\xbc\xff\xd0\xff\x52\xff\x1b\x00\x42\x00\xf8\xff\x96\xff\x1f\x00\x8a\xff\x8e\xff\x35\x00\x12\x00\x5f\x00\xe2\xff\x2a\x00\x12\x00\xcb\xff\xde\xff\xac\xff"
  "\xb7\xff\x01\x00\xe6\xff\x0a\x00\x18\x00\x3e\x00\x28\x00\x02\x00\x07\x00\xe3\xff\xfd\xff\xee\xff\xa0\xff\xd8\xff\xa1\xff\x36\x00\x36\x00\xa2\xff\xbf\xff\x01\x00"
  "\x99\xff\xc0\xff\xc0\xff\x2b\x00\xdc\xff\x09\x00\x0e\x00\xa5\xff\x4f\x00\xd3\xff\xc9\xff\x07\x00\x2b\x00\xc0\xff\xcc\xff\xe8\xff\x32\x00\x29\x00\xf1\xff\x07\x00"
  "\x0b\x00\x00\x00\xe0\xff\x43\x00\xfa\xff\x3a\x00\x06\x00\x15\x00\x01\x00\xe6\xff\xf5\xff\xfb\xff\xe7\xff\x01\x00\x0a\x00\xf9\xff\xc7\xff\x13\x00\x3e\x00\xdd\xff"
  "\x0f\x00\x03\x00\xfa\xff\x10\x00\x4a\x00\xef\xff\x06\x00\x38\x00\xc6\xff\xdd\xff\x26\x00\xd1\xff\x3c\x00\x0d\x00\x17\x00\x17\x00\xfc\xff\x0d\x00\xd5\xff\x04\x00"
  "\x15\x00\x9a\xff\x31\x00\xfe\xff\x20\x00\xed\xff\xf0\xff\xfd\xff\x02\x00\x12\x00\x18\x00\x05\x00\xe8\xff\xe5\xff\x2a\x00\xe8\xff\x4c\x00\xfe\xff\xe6\xff\x04\x00"
  "\xfa\xff\xf3\xff\x6f\x00\xd0\xff\xc1\xff\xf6\xff\x70\x00\xf5\xff\xf8\xff\x02\x00\x08\x00\x0d\x00\x18\x00\xf1\xff\x0f\x00\x04\x00\x13\x00\xaa\x00\xc7\xff\x18\x00"
  "\xd5\xff\xc6\xff\x26\x00\xf2\xff\x14\x00\x20\x00\xe4\xff\xf7\xff\xf7\xff\x04\x00\xdb\xff\x21\x00\x62\xff\x1e\x00\x2f\x00\x09\x00\x2f\x00\xe8\xff\x55\xff\xef\xff"
  "\xcb\xff\xc1\xff\x08\x00\xee\xff\xea\xff\x23\x00\xff\xff\xde\xff\xfc\xff\xb1\xff\xfb\xff\x03\x00\xeb\xff\xe1\xff\xec\xff\xff\xff\x06\x00\xfe\xff\x32\x00\x13\x00"
  "\x1f\x00\x0e\x00\xe7\xff\x38\x00\x0b\x00\xed\xff\x07\x00\x4c\x00\x34\x00\x01\x00\xe7\xff\xdc\xff\xf5\xff\xbb\xff\xf2\xff\xe6\xff\x0d\x00\xee\xff\x31\x00\x12\x00"
  "\x5c\x00\x03\x00\x20\x00\xef\xff\xfb\xff\x23\x00\x14\x00\xef\xff\xae\xff\xb9\xff\x93\xff\x05\x00\xd0\xff\x29\x00\x31\x00\x9f\xff\xba\xff\x51\x00\xef\xff\x0f\x00"
  "\x08\x00\xe5\xff\x15\x00\xb8\xff\xa0\xff\x01\x00\xe4\xff\xca\xff\x3b\x00\x18\x00\xef\xff\xa1\xff\x15\x00\x0a\x00\xb3\xff\x19\x00\x3e\x00\xa2\xff\xbf\xff\x16\x00"
  "\x07\x00\xdf\xff\x0a\x00\xe0\xff\xfa\xff\xdd\xff\x83\x00\x01\x00\xce\xff\xfc\xff\xf0\xff\x27\x00\x21\x00\x07\x00\xd7\xff\xfa\xff\xf0\xff\xec\xff\xe1\xff\x10\x00"
  "\x12\x00\x27\x00\x1f\x00\xcf\xff\xea\xff\xba\xff\xef\xff\xfa\xff\xee\xff\xce\xff\x04\x00\xde\xff\x02\x00\xde\xff\xe9\xff\xe4\xff\xf1\xff\x15\x00\x17\x00\x0e\x00"
  "\x0a\x00\x0d\x00\xf5\xff\xc0\xff\x1e\x00\xdf\xff\xf5\xff\x59\x00\x54\x00\x56\xff\xa9\xff\x56\x00\x88\xff\x9c\xff\x5c\x00\xe5\x00\x27\x00\x77\xff\x48\xff\x94\xff"
  "\xa9\xff\xa6\xff\xca\xff\x61\x00\x7a\xff\x8a\x00\x5a\x00\x5d\x00\x96\xff\xbe\xff\xe3\x00\x90\xff\xb6\xff\xa7\xff\xc3\xff\xb6\xff\x6b\x00\x9c\xff\x8d\x00\x57\xff"
  "\xb5\xff\x6f\x00\x4f\x00\xee\xff\x73\x00\x5e\x00\xa9\xff\x3a\x00\x84\xff\xb1\xff\x22\x00\x97\x00\x30\x00\xc1\x00\xbc\xff\x8a\xff\x73\xff\x93\xff\x22\x00\xd6\xff"
  "\x9b\xff\x10\x01\x6e\x00\x2d\x00\xc3\xff\xe0\xff\x77\xff\x20\x00\x90\x00\xbf\x00\x77\xff\xee\x00\x17\x00\x20\x00\x83\xff\x7f\xff\xa1\xff\xa3\xff\xbe\x00\xad\xff"
  "\xdd\x00\xe4\x00\xd0\xff\x8d\xff\x86\xff\xe1\xff\x12\x00\x9c\xff\xcb\x00\x96\xff\x53\xff\xd3\xff\x88\x00\x8c\xff\x5f\xff\x28\xff\xca\xff\xaa\xff\xae\xff\x5c\x00"
  "\xcb\x00\xf3\xff\x82\x00\x72\xff\xe0\xff\xad\xff\xa6\xff\x9d\xff\x22\x00\x45\xff\xa4\x00\xb5\x00\x6f\x00\x6c\xff\x17\x00\x4a\x00\xa1\xff\xaf\xff\xac\xff\xbb\xff"
  "\x1a\x00\x15\x00\x11\x00\x09\x00\x0e\x00\xe9\xff\xeb\xff\xd7\xff\x22\x00\xf0\xff\x2d\x00\x09\x00\x56\x00\x0b\x00\xcd\xff\x04\x00\x0d\x00\xc5\xff\xd6\xff\x1a\x00"
  "\x34\x00\x04\x00\x1b\x00\x4f\x00\xd8\xff\x18\x00\x0b\x00\x40\x00\x0a\x00\xe7\xff\xc6\xff\xfc\xff\xed\xff\xef\xff\xf6\xff\x0e\x00\xd4\xff\xe0\xff\xd8\xff\x59\x00"
  "\xb7\xff\x22\x00\x00\x00\xad\xff\xd5\xff\x0f\x00\xcb\xff\xb0\xff\xc4\xff\x10\x00\x05\x00\xe9\xff\xe6\xff\x40\x00\xb8\xff\x10\x00\x04\x00\xc2\xff\x25\x00\xff\xff"
  "\x03\x00\xb8\xff\x81\x00\x6d\x00\x3f\x00\xfb\xff\x4d\x00\x5f\x00\xf3\xff\xda\xff\x0f\x00\x1d\x00\xbb\xff\x42\x00\x10\x00\xe0\xff\x03\x00\x0c\x00\x11\x00\xd3\xff"
  "\x67\x00\x5a\x00\xba\xff\xe9\xff\x09\x00\xfe\xff\x04\x00\xfa\xff\xce\xff\x40\x00\x64\x00\x23\x00\xf3\xff\xec\xff\x6e\x00\xe1\xff\x1b\x00\xf9\xff\xff\xff\xfb\xff"
  "\x03\x00\xf6\xff\xd7\xff\xf5\xff\xed\xff\x74\xff\xec\xff\x3a\x00\xc5\xff\xd7\xff\xc9\xff\x0c\x00\xfc\xff\xf8\xff\xf9\xff\x37\x00\x14\x00\x18\x00\x16\x00\x0e\x00"
  "\xe7\xff\xff\xff\xce\xff\xec\xff\x0f\x00\x11\x00\x19\x00\x09\x00\xba\xff\x01\x00\xf3\xff\xe3\xff\xe0\xff\x9a\xff\xef\xff\xe8\xff\x73\xff\xe5\xff\xfa\xff\x03\x00"
  "\x10\x00\xc7\xff\xf8\xff\x14\x00\x0c\x00\x13\x00\x01\x00\x0a\x00\x09\x00\x1d\x00\x03\x00\xec\xff\x0b\x00\xd6\xff\xf5\xff\x12\x00\xc6\xff\x15\x00\x11\x00\x15\x00"
  "\x14\x00\xe8\xff\x26\x00\x0d\x00\x44\x00\xea\xff\xec\xff\xeb\xff\xfb\xff\xc9\xff\x06\x00\x03\x00\xc6\xff\x25\x00\x24\x00\x0e\x00\xf0\xff\xe0\xff\x12\x00\xcb\xff"
  "\xe8\xff\x44\x00\x06\x00\x1d\x00\x12\x00\x10\x00\x9e\x00\x03\x00\x18\x00\xf3\xff\x3e\x00\xf7\xff\x19\x00\xf8\xff\x2e\x00\xf3\xff\xf9\xff\x4f\x00\x0e\x00\x25\x00"
  "\x78\x00\x18\x00\xde\x00\x3a\x00\xe5\xff\xf9\xff\xd8\xff\x0b\x00\xd9\xff\xf9\xff\x37\x00\xc1\xff\xed\xff\xe8\xff\xde\xff\xf1\xff\x0b\x00\x08\x00\x04\x00\xd7\xff"
  "\xca\xff\x20\x00\x2a\x00\xe9\xff\x23\x00\xd1\xff\xed\xff\x26\x00\xed\xff\x04\x00\xd0\xff\xf0\xff\xec\xff\xdf\xff\x15\x00\xe9\xff\x51\x00\x0c\x00\xdf\xff\x2e\x00"
  "\xd4\xff\x0c\x00\xed\xff\x1a\x00\xeb\xff\xe5\xff\xdb\xff\xf0\xff\xee\xff\x01\x00\x18\x00\xf3\xff\x18\x00\x90\x00\xf6\xff\x07\x00\x48\x00\xee\xff\xfe\xff\xd6\xff"
  "\xdf\xff\xde\xff\x37\x00\x3a\x00\x21\x00\xea\xff\x1a\x00\xb7\xff\x13\x00\xf4\xff\xe3\xff\xf6\xff\x3e\x00\xf2\xff\x03\x00\xf7\xff\x22\x00\xe1\xff\x12\x00\xfd\xff"
  "\xb5\xff\x66\x00\xd7\xff\xe8\xff\xee\xff\x88\x00\x54\x00\xc7\xff\x0e\x00\xff\xff\x14\x00\x02\x00\xd3\xff\x1e\x00\x18\x00\x20\x00\x0f\x00\x62\x00\xc5\xff\xd5\xff"
  "\xe1\xff\xfa\xff\x0b\x00\x0b\x00\x05\x00\xf1\xff\xde\xff\x06\x00\x12\x00\x95\xff\xfa\xff\x19\x00\x07\x00\xe3\xff\xee\xff\x2a\x00\x3a\x00\xe8\xff\xce\xff\xd6\xff"
  "\x24\x00\x1c\x00\xe2\xff\x08\x00\x23\x00\xe5\xff\xd5\xff\xcf\xff\x08\x00\x70\x01\xdd\xff\x0e\x00\x22\x00\x07\x00\x1c\x00\x0b\x00\x28\x00\xbf\xff\x01\x00\x0f\x00"
  "\x09\x00\xef\xff\xe1\xff\x16\x00\xd7\xff\x03\x00\x45\x00\x07\x00\xa7\xff\xbb\xff\xd0\xff\xfb\xff\x2a\x00\x0d\x00\xf2\xff\xf9\xff\x05\x00\x08\x00\xfa\xff\xb5\xff"
  "\xca\xff\xfc\xff\x08\x00\xfb\xff\x2d\x00\x13\x00\x53\x00\xd3\xff\x16\x00\x67\x00\x5d\x00\x03\x00\x13\x00\xf7\xff\x04\x00\x0c\x00\x08\x00\xc2\xff\xd5\xff\xcc\xff"
  "\x12\x00\x05\x00\x11\x00\xee\xff\xee\xff\x17\x00\x00\x00\x31\x00\x15\x00\xb8\xff\x20\x00\xee\xff\xd6\xff\xee\xff\x8d\x00\x05\x00\xbf\xff\xc7\xff\xf9\xff\x11\x00"
  "\xbb\xff\xd6\xff\xfd\xff\xc9\xff\x64\x00\xfc\xff\xab\xff\xd9\xff\x3e\x00\x01\x00\x4b\x00\x08\x00\x02\x00\xe6\xff\xce\xff\x19\x00\xe1\xff\x04\x00\x1d\x00\xe2\xff"
  "\xff\xff\x15\x00\xdc\xff\x0d\x00\xc8\xff\x19\x00\x06\x00\xcf\xff\xda\xff\x16\x00\xdf\xff\xd9\xff\xfc\xff\x05\x00\xe5\xff\xfc\xff\x13\x00\x09\x00\xbf\xff\x06\x00"
  "\x17\x00\x02\x00\x15\x00\x2a\x00\x06\x00\xfc\xff\x3f\x00\x22\x00\x3b\x00\xe8\xff\x09\x00\x03\x00\x04\x00\xf2\xff\xe3\xff\x0c\x00\x05\x00\x3a\x00\x01\x00\x02\x00"
  "\xce\xff\x04\x00\xbf\xff\xf0\xff\xe3\xff\xf2\xff\xf9\xff\x2d\x00\x17\x00\x4b\x00\xeb\xff\x06\x00\xf7\xff\x05\x00\xc2\xff\x1b\x00\xf4\xff\xdb\xff\xee\xff\x0e\x00"
  "\xf1\xff\x9d\xff\x0b\x00\xf1\xff\x04\x00\xd2\xff\x03\x00\xe4\xff\xbc\xff\xed\xff\x11\x00\xe0\xff\xe7\xff\xed\xff\x1c\x00\xea\xff\xcf\xff\xd4\xff\xc0\xff\xfb\xff"
  "\x91\x00\xf3\xff\x26\x00\x1d\x00\x1a\x00\xe6\xff\x01\x00\xe4\xff\x35\x00\x03\x00\xd5\xff\xfc\xff\x00\x00\xf4\xff\x0b\x00\xf7\xff\xf7\xff\xf7\xff\xfc\xff\x02\x00"
  "\xff\xff\xf3\xff\xd6\xff\xfd\xff\xf0\xff\x10\x00\xea\xff\x2c\x00\x38\x00\x0d\x00\xf5\xff\xf1\xff\xcc\xff\xde\xff\xf4\xff\xe4\xff\x4e\x00\x1e\x00\xf7\xff\xea\xff"
  "\x00\x00\xd7\xff\x1d\x00\xf2\xff\xcc\xff\xe6\xff\x22\x00\x22\x00\x23\x00\x2c\x00\xb0\xff\xff\xff\x02\x00\xd6\xff\xfc\xff\x0a\x00\xda\xff\xf4\xff\xf9\xff\x1c\x00"
  "\xe5\xff\x09\x00\x17\x00\xe0\xff\xcc\xff\xea\xff\xec\xff\x2a\x00\xda\xff\xed\xff\x0e\x00\x34\x00\x2b\x00\xf9\xff\xd9\xff\xcf\xff\x20\x00\x07\x00\x0c\x00\xfb\xff"
  "\x08\x00\x71\x00\x07\x00\x25\x00\xbc\x00\x08\x00\xf5\xff\xe9\xff\xe8\xff\x01\x00\x02\x00\x01\x00\x11\x00\xe7\xff\xd0\xff\xe5\xff\x10\x00\xfe\xff\xfc\xff\x28\x00"
  "\x15\x00\x1e\x00\x0f\x00\xe8\xff\xf6\xff\xfa\xff\xdd\xff\x08\x00\xed\xff\xfc\xff\xc8\xff\xfe\xff\xd8\xff\x10\x00\x1d\x00\x0e\x00\xf6\xff\x43\x00\xdc\xff\xef\xff"
  "\x43\x00\x04\x00\xf4\xff\xd3\xff\x04\x00\x18\x00\x11\x00\x0d\x00\xf9\xff\xd1\xff\x20\x00\x11\x00\xf2\xff\xd6\xff\x5d\xff\x0b\x00\xdf\xff\xf9\xff\xe9\xff\x0c\x00"
  "\xde\xff\x0c\x00\xd2\xff\x2f\x00\x1b\x00\xd1\xff\xfb\xff\x06\x00\xa6\xff\x18\x00\xea\xfe\xc7\xff\x11\x00\xdb\xff\x2a\x00\x0e\x00\x36\x00\x3c\x00\x00\x00\x35\x00"
  "\x21\x00\x1e\x00\x20\x00\x0a\x00\x0f\x00\xec\xff\xf8\xff\x0f\x00\x2a\x00\xe2\xff\x08\x00\x8a\xff\xdf\xff\xf0\xff\x04\x00\x00\x00\x33\x00\x06\x00\xe9\xff\xd1\xff"
  "\xcb\xff\xe4\xff\x20\x00\x83\xff\xed\xff\x08\x00\x21\x00\xe7\xff\xf0\xff\x6e\x00\x10\x00\xf5\xff\xf3\xff\x1e\x00\xfe\xff\xa5\xff\x0d\x00\x33\x00\x32\x00\xc9\xff"
  "\x03\x00\xbc\xff\xad\xff\x3b\x00\x06\x00\x40\x00\x0f\x00\x00\x00\xf2\xff\x35\x00\xcf\xff\xdb\xff\x38\x00\x01\x00\xe8\xff\x48\x00\xf2\xff\xec\xff\xd2\xff\xef\xff"
  "\x75\x00\x12\x00\x12\x00\xfb\xff\x33\x00\x0b\x00\xfa\xff\xc5\xff\xf0\xff\xf4\xff\x00\x00\xf6\xff\x1c\x00\x1d\x00\x61\x00\x29\x00\xfc\xff\xbe\xff\xfa\xff\x01\x00"
  "\x0b\x00\xc9\xff\xe4\xff\x00\x00\xfa\xff\x12\x00\xf9\xff\xdd\xff\x07\x00\x32\x00\x3f\x00\xec\xff\xd8\xff\x02\x00\xe5\xff\xfc\xff\x1a\x00\xe8\xff\x04\x00\x1f\x00"
  "\xe8\xff\xf4\xff\x07\x00\x0e\x00\x1f\x00\xf3\xff\x0a\x00\xff\xff\x72\xff\x01\x00\x6d\x00\x18\x00\xd3\xff\x05\x00\xf9\xff\x14\x00\xf8\xff\x9c\xff\xfd\xff\x33\x00"
  "\x53\x00\x26\x00\x3a\x00\xc8\xff\x0a\x00\xab\xff\xe6\xff\x1b\x00\x0e\x00\x0d\x00\xf8\xff\x06\x00\x03\x00\x14\x00\x20\x00\x00\x00\x1b\x00\xee\xff\x5d\x00\x26\x00"
  "\xef\xff\xcb\xff\xf1\xff\xf6\xff\xfc\xff\xe9\xff\x16\x00\xbc\xff\xc5\xff\x04\x00\xfc\xff\x24\x00\xe5\xff\x96\xff\xdf\xff\xf8\xff\x05\x00\x31\x00\x2d\x00\x0b\x00"
  "\xe9\xff\x65\xff\x2e\x00\xf6\xff\xbf\xff\xb9\xff\xe1\xff\xfe\xff\xff\xff\xd2\xff\x38\x00\xf4\xff\xd5\xff\xd9\xff\xec\xff\x3b\x00\x29\x00\x0a\x00\x32\x00\x0d\x00"
  "\x0e\x00\x23\x00\x03\x00\x6e\x00\xfc\xff\xf2\xff\x0b\x00\x0b\x00\xdd\xff\xd4\xff\x10\x00\xea\xff\x2e\x00\x33\x00\x08\x00\xee\xff\x36\x00\x15\x00\x20\x00\xbc\xff"
  "\x19\x00\xb9\xff\xb8\xff\xfb\xff\xf6\xff\xbc\xff\x12\x00\xe5\xff\xfd\xff\xf2\xff\x11\x00\x01\x00\xdb\xff\xee\xff\xdb\xff\xe5\xff\x74\xff\x68\x00\x10\x00\x02\x00"
  "\xe8\xff\xeb\xff\x26\x00\xad\xff\x1b\x00\x38\x00\xea\xff\xda\xff\xfb\xff\x38\x00\x09\x00\x0c\x00\x00\x00\xe4\xff\x22\x00\xdf\xff\x09\x00\x18\x00\x1e\x00\xf3\xff"
  "\x13\x00\x08\x00\xda\xff\xee\xff\xec\xff\x03\x00\x04\x00\xf2\xff\x1b\x00\x0f\x00\xd8\xff\x05\x00\xea\xff\x37\x00\x5c\x00\xf2\xff\x02\x00\x69\x00\xf9\xff\x26\x00"
  "\x2f\x00\x11\x00\xef\xff\xef\xff\xf9\xff\x01\x00\x2c\x00\x17\x00\xd3\xff\xe5\xff\xc6\xff\xe6\xff\x12\x00\xfc\xff\x38\x00\xb6\xff\xad\xff\x22\x00\x40\x00\x02\x00"
  "\xf5\xff\xf5\xff\x1d\x00\xea\xff\xf1\xff\xfa\xff\x0b\x00\x0f\x00\xf5\xff\x1e\x00\x15\x00\x1a\x00\x02\x00\x23\x00\x66\x00\xc7\xff\xe5\xff\xcf\xff\xfd\xff\xf8\xff"
  "\x0a\x00\x03\x00\x09\x00\x48\x00\xc1\xff\xfe\xff\x36\x00\xdb\xff\xf8\xff\xeb\xff\xbd\xff\xef\xff\x3f\x00\x13\x00\x3a\x00\xdc\xff\xe5\xff\x4b\x00\x17\x00\xfa\xff"
  "\xf8\xff\xf2\xff\xdb\xff\xfe\xff\xae\xff\x3a\x00\x92\xff\xe6\xff\x43\x00\xf4\xff\x3e\x00\xfb\xff\xbe\xff\xd6\xff\xfd\xff\x2b\x00\xd2\xff\x17\x00\xc2\xff\xec\xff"
  "\xf1\xff\x03\x00\x0b\x00\xe9\xff\xf7\xff\x03\x00\xeb\xff\x1b\x00\xfb\xff\x0c\x00\xe6\xff\x19\x00\x22\x00\x0e\x00\x17\x00\x1e\x00\xed\xff\x03\x00\xbc\xff\x05\x00"
  "\x0a\x00\x46\x00\x02\x00\x0c\x00\xd8\xff\xe0\xff\xf8\xff\xe8\xff\xda\xff\x9b\xff\xf2\xff\xff\xff\x81\xff\xc3\xff\x03\x00\x0c\x00\x14\x00\xe2\xff\x28\x00\xfd\xff"
  "\x1a\x00\x19\x00\x01\x00\xf2\xff\x22\x00\x33\x00\x05\x00\x02\x00\x12\x00\xdf\xff\x19\x00\x08\x00\xe0\xff\xfa\xff\x1c\x00\x19\x00\x23\x00\xf0\xff\x1e\x00\x03\x00"
  "\x2e\x00\xea\xff\xf0\xff\xea\xff\xf4\xff\xbd\xff\xe7\xff\xee\xff\xe2\xff\x3b\x00\x0f\x00\xfc\xff\xf9\xff\x0a\x00\xe4\xff\xbc\xff\xd5\xff\x50\x00\xfa\xff\x1d\x00"
  "\x14\x00\x1e\x00\xab\x00\x2e\x00\x1d\x00\xfe\xff\x4d\x00\xff\xff\x06\x00\xfe\xff\x22\x00\x13\x00\xdd\xff\x3a\x00\x12\x00\x17\x00\x96\x00\x03\x00\xeb\x00\x46\x00"
  "\xee\xff\x15\x00\xdb\xff\x12\x00\xe5\xff\xef\xff\x1d\x00\xc5\xff\xef\xff\xfc\xff\xfe\xff\xf8\xff\xf5\xff\xfe\xff\xf4\xff\xe0\xff\xd3\xff\x02\x00\x09\x00\x1e\x00"
  "\xde\xff\x3a\x00\x10\x00\x2b\x00\xaa\xff\xfd\xff\xe7\xff\xf4\xff\x1e\x00\x11\x00\xde\xff\xc5\xff\x01\x00\x23\x00\xe5\xff\xd3\xff\x36\x00\x02\x00\xf4\xff\x11\x00"
  "\xf8\xff\xe1\xff\x14\x00\x75\x00\x0b\x00\xf3\xff\x2f\x00\xf5\xff\xdc\xff\x8e\xff\xec\xff\xed\xff\x4e\x00\xe7\xff\x05\x00\x19\x00\xfa\xff\x0d\x00\xbb\xff\x00\x00"
  "\xff\xff\xbd\xff\xe6\xff\x90\xff\xda\xff\xf6\xff\xe2\xff\x49\x00\x40\x00\xde\xff\x12\x00\x04\x00\x02\x00\xf4\xff\xb1\xff\xb7\xff\x1d\x00\x06\x00\xd8\xff\xdd\xff"
  "\x0e\x00\x5f\x00\xb7\xff\xd5\xff\x28\x00\xee\xff\x06\x00\x24\x00\xa1\xff\x28\x00\xf8\xff\x1b\x00\xe1\xff\x22\x00\x0e\x00\x0f\x00\x4d\x00\xc4\xff\x1b\x00\xf1\xff"
  "\x1a\x00\x1d\x00\xc8\xff\xf5\xff\x1b\x00\xf3\xff\x34\x00\x90\x00\xdb\xff\xd6\xff\xfd\xff\x31\x00\xda\xff\xef\xff\x21\x00\x4f\x00\x3f\x00\xdc\xff\x82\xff\x2b\x00"
  "\x18\x00\xfe\xff\x0d\x00\x09\x00\xec\xff\x09\x00\xd8\xff\x4b\x00\xc1\xff\x1e\x00\xec\xff\xf6\xff\xd4\xff\x25\x00\x12\x00\xc3\xff\xbf\xff\xee\xff\xe1\xff\xf4\xff"
  "\xe3\xff\xd3\xff\x3d\x00\x26\x00\x1b\x00\xe3\xff\x1f\x00\xba\xff\xf3\xff\x3b\x00\x0d\x00\xfe\xff\xe7\xff\x55\x00\x0b\x00\x0b\x00\xb1\x00\x22\x00\xde\xff\xeb\xff"
  "\xf2\xff\x09\x00\xfa\xff\x1a\x00\x28\x00\x9b\xff\xd4\xff\x02\x00\x06\x00\xdc\xff\x0a\x00\x0b\x00\x0d\x00\x0f\x00\xf6\xff\xf4\xff\xfe\xff\x08\x00\xd1\xff\x0b\x00"
  "\xe6\xff\x19\x00\xd7\xff\xfc\xff\xda\xff\xf4\xff\xeb\xff\x2b\x00\xe9\xff\x25\x00\x11\x00\xe9\xff\xf4\xff\xd9\xff\xe3\xff\xd7\xff\x14\x00\x03\x00\x19\x00\x41\x00"
  "\x18\x00\xdd\xff\x1b\x00\xfd\xff\xf1\xff\xf7\xff\x69\xff\xf6\xff\xe4\xff\xf7\xff\xe7\xff\x05\x00\xfe\xff\x0a\x00\xe1\xff\xf8\xff\x31\x00\xf5\xff\xd7\xff\x02\x00"
  "\x7d\xff\x75\x00\x13\xff\xe3\xff\x2a\x00\xe6\xff\x2e\x00\x10\x00\x3d\x00\x11\x00\xfb\xff\x1d\x00\xfd\xff\xf2\xff\xfc\xff\xf2\xff\x09\x00\xe7\xff\x1b\x00\x01\x00"
  "\x3b\x00\xf2\xff\xf0\xff\x1e\x00\xe2\xff\xfb\xff\x1d\x00\x02\x00\x1b\x00\x0c\x00\x2b\x00\x13\x00\x08\x00\xed\xff\xf1\xff\xf0\xff\x95\xff\x2e\x00\xd2\xff\x05\x00"
  "\x65\x00\x55\x00\xfd\xff\xfa\xff\xfb\xff\x28\x00\xdc\xff\x04\x00\x1e\x00\xd2\xff\x1b\x00\x05\x00\xc3\xff\xdd\xff\x29\x00\xd8\xff\xfb\xff\x11\x00\x14\x00\x15\x00"
  "\x01\x00\x19\x00\xdb\xff\x29\x00\x1d\x00\x0f\x00\x10\x00\x08\x00\xf9\xff\x1e\x00\xf4\xff\x34\x00\x4a\x00\x41\x00\x09\x00\xf7\xff\xa4\xff\xe7\xff\xf2\xff\xf1\xff"
  "\x11\x00\xff\xff\x0f\x00\xd8\xff\xdc\xff\x0c\x00\x13\x00\xc0\xff\xe8\xff\x1e\x00\xe0\xff\xe2\xff\x05\x00\xb2\xff\x5c\xff\xef\xff\x30\x00\x38\x00\x0c\x00\x2b\x00"
  "\x23\x00\x2f\x00\x3b\x00\x07\x00\xdc\xff\x48\x00\xfb\xff\x0f\x00\x09\x00\x25\x00\x03\x00\x12\x00\x18\x00\xee\xff\x0f\x00\xe7\xff\x17\x00\xcb\xff\x2c\x00\x02\x00"
  "\xe7\xff\xcf\xff\xb5\xff\x21\x00\xe2\xff\x2f\x00\x2b\x00\x05\x00\xe5\xff\xd7\xff\x12\x00\x08\x00\xf9\xff\xeb\xff\x08\x00\x25\x00\x24\x00\x07\x00\xff\xff\x08\x00"
  "\x02\x00\xe7\xff\x0c\x00\x0e\x00\xfe\xff\x14\x00\x05\x00\x01\x00\xfd\xff\x0e\x00\xb9\xff\x1f\x00\x2b\x00\x02\x00\xfd\xff\x1c\x00\x0d\x00\xfb\xff\xfa\xff\x06\x00"
  "\x11\x00\xf9\xff\xff\xff\x1f\x00\xfd\xff\x34\x00\x17\x00\x1a\x00\x07\x00\x1a\x00\xba\xff\x0f\x00\xde\xff\x2d\x00\x04\x00\xfe\xff\x2c\x00\x39\x00\x0c\x00\xe6\xff"
  "\x05\x00\x00\x00\xd6\xff\xc0\xff\x07\x00\x35\x00\x01\x00\xc8\xff\x33\x00\xca\xff\xe0\xff\xd5\xff\x0f\x00\xda\xff\xe3\xff\xb4\xff\x32\x00\xea\xff\x3a\x00\xff\xff"
  "\x00\x00\x0f\x00\x33\x00\x06\x00\xea\xff\x9f\xff\xe7\xff\x20\x00\xb8\xff\x19\x00\xce\xff\x27\x00\xd0\xff\x0a\x00\x13\x00\xed\xff\x18\x00\x78\x00\xca\xff\x02\x00"
  "\x01\x00\x01\x00\x24\x00\xd1\xff\xf5\xff\xf3\xff\x2a\x00\xf0\xff\x21\x00\xfd\xff\x6c\x00\xd1\xff\x1e\x00\x25\x00\xd5\xff\x16\x00\xd7\xff\xfd\xff\x35\x00\x21\x00"
  "\x03\x00\x10\x00\xff\xff\x04\x00\xeb\xff\xd9\xff\xf9\xff\xe9\xff\x1d\x00\x19\x00\xc6\xff\xc8\xff\xec\xff\xc3\xff\xfc\xff\xd1\xff\xfe\xff\xf0\xff\xf4\xff\xce\xff"
  "\xe4\xff\xd6\xff\xc6\xff\x10\x00\x17\x00\x19\x00\x0f\x00\x04\x00\x2a\x00\x5e\x00\xe0\xff\xda\xff\x0c\x00\x23\x00\xa7\xff\x11\x00\x42\x00\xdd\xff\x0b\x00\x0c\x00"
  "\x0e\x00\xfd\xff\x26\x00\xc6\xff\x32\x00\xf3\xff\xf0\xff\x40\x00\xe5\xff\xdd\xff\x3a\x00\x12\x00\x1d\x00\x2f\x00\xfc\xff\x14\x00\x0d\x00\xe7\xff\x05\x00\x02\x00"
  "\xd8\xff\xcb\xff\xf4\xff\x58\x00\x18\x00\xd6\xff\x62\x00\xd0\xff\x03\x00\x09\x00\x52\x00\x24\x00\x17\x00\x19\x00\xfa\xff\x0f\x00\x10\x00\x04\x00\xa7\xff\xf5\xff"
  "\x12\x00\xea\xff\xd2\xff\xff\xff\x14\x00\xca\xff\xc8\xff\x1a\x00\x01\x00\x04\x00\x10\x00\x40\x00\xe6\xff\x8d\xff\xcc\xff\x03\x00\xdb\xff\x5f\x00\xb0\xff\xf3\xff"
  "\xe8\xff\x46\x00\xf7\xff\xe2\xff\x08\x00\x64\x00\x32\x00\xf5\xff\x26\x00\xc5\xff\xf4\xff\xd4\xff\x17\x00\xf8\xff\x25\x00\x43\x00\xe1\xff\x03\x00\x07\x00\xe9\xff"
  "\x2e\x00\xed\xff\xf9\xff\x24\x00\x3a\x00\x06\x00\x0f\x00\xe7\xff\x17\x00\x32\x00\x08\x00\xd0\xff\xc6\xff\x09\x00\x06\x00\x35\x00\xef\xff\xfb\xff\xf4\xff\x08\x00"
  "\xf3\xff\x9b\xff\xeb\xff\xec\xff\x47\xff\xed\xff\x16\x00\x26\x00\x23\x00\xea\xff\x11\x00\xf3\xff\xe2\xff\x51\x00\x44\x00\x1d\x00\xf2\xff\x0b\x00\xfb\xff\xea\xff"
  "\xec\xff\xd5\xff\xf8\xff\x03\x00\x0b\x00\xf1\xff\x25\x00\xe7\xff\x1c\x00\xfa\xff\x32\x00\x05\x00\x43\x00\xf0\xff\xe2\xff\xe6\xff\xf6\xff\xca\xff\x28\x00\x03\x00"
  "\xdb\xff\xf8\xff\x25\x00\x36\x00\xf0\xff\xe2\xff\x10\x00\xfc\xff\x04\x00\x20\x00\xf3\xff\xe7\xff\x09\x00\x15\x00\xb2\x00\xea\xff\x19\x00\xf3\xff\x03\x00\xf0\xff"
  "\x17\x00\x1d\x00\x38\x00\xc6\xff\xe0\xff\x1d\x00\x19\x00\xfe\xff\x55\x00\xd5\xff\x00\x01\x35\x00\xdb\xff\x14\x00\xcf\xff\xf9\xff\xc3\xff\xbf\xff\xf7\xff\xcd\xff"
  "\xde\xff\xf0\xff\xcb\xff\xf9\xff\xed\xff\x2c\x00\xfd\xff\x07\x00\xe7\xff\x1b\x00\xfb\xff\x18\x00\x2c\x00\x27\x00\x2e\x00\xff\xff\xda\xff\xc2\xff\xfc\xff\x2d\x00"
  "\xcd\xff\xe7\xff\xf7\xff\xf9\xff\xf0\xff\xd2\xff\x3c\x00\xe1\xff\x26\x00\xe7\xff\x93\xff\xf3\xff\x0c\x00\xe1\xff\x22\x00\x08\x00\x34\x00\x10\x00\x04\x00\xfc\xff"
  "\xda\xff\xf7\xff\xb6\xff\xe1\xff\xdc\xff\x07\x00\x37\x00\x19\x00\xff\xff\x19\x00\xda\xff\x3e\x00\x11\x00\xd9\xff\xd1\xff\x27\x00\xec\xff\x12\x00\xf1\xff\xf5\xff"
  "\xd8\xff\xcd\xff\xcc\xff\x23\x00\x06\x00\x04\x00\xfc\xff\xff\xff\x19\x00\x2d\x00\xff\xff\x46\x00\x4f\x00\xdd\xff\x62\x00\x1b\x00\xdc\xff\x06\x00\xea\xff\xd2\xff"
  "\x3a\x00\xe5\xff\xe0\xff\x02\x00\xfb\xff\xf5\xff\xcc\xff\x06\x00\xbb\xff\xf8\xff\xa3\xff\x08\x00\x21\x00\xe5\xff\xed\xff\x25\x00\x0c\x00\xf5\xff\x03\x00\x64\x00"
  "\xee\xff\xaf\xff\xcb\xff\xd8\xff\x9f\xff\x25\x00\xa9\xff\x1c\x00\xdf\xff\x43\x00\x23\x00\xfd\xff\x3a\x00\x2e\x00\x29\x00\x06\x00\xf5\xff\x41\x00\x1a\x00\x1d\x00"
  "\x27\x00\xde\xff\x47\x00\x16\x00\xda\xff\x14\x00\xcf\xff\xf8\xff\x1a\x00\x23\x00\x18\x00\xb9\xff\x16\x00\x03\x00\xfb\xff\xfe\xff\xc0\xff\xfa\xff\x3b\x00\x0b\x00"
  "\xd7\xff\xe2\xff\x0e\x00\x2d\x00\x27\x00\x18\x00\xdf\xff\xde\xff\xc1\xff\xd5\xff\xfb\xff\xee\xff\x26\x00\x3f\x00\xfb\xff\x27\x00\xe9\xff\xfd\xff\x05\x00\xe0\xff"
  "\x1d\x00\x71\xff\x0c\x00\x25\x00\x17\x00\x15\x00\x11\x00\x27\x00\x24\x00\x11\x00\x1f\x00\x3b\x00\x1f\x00\xe4\xff\x21\x00\x0f\x00\x03\x00\x01\x00\x0c\x00\x4d\x00"
  "\x09\x00\xdc\xff\x1d\x00\xe9\xff\xd5\xff\x25\x00\x0d\x00\xfd\xff\x20\x00\x2e\x00\xda\xff\x2c\x00\x1b\x00\x28\x00\xac\xff\xfe\xff\xea\xff\x33\x00\xdb\xff\x14\x00"
  "\xe1\xff\x03\x00\x14\x00\x07\x00\x32\x00\xd4\xff\xe7\xff\xfc\xff\xd5\xff\xd5\xff\xcf\xff\xe7\xff\xe8\xff\x3d\x00\x31\x00\x17\x00\x28\x00\x2e\x00\xe9\xff\x05\x00"
  "\xe7\xff\xfe\xff\x1f\x00\xf3\xff\x17\x00\x16\x00\xec\xff\x00\x00\xf5\xff\xd4\xff\xe3\xff\x21\x00\xd1\xff\x01\x00\xb4\xff\x57\x00\x4a\x00\x2d\x00\xc0\xff\xfe\xff"
  "\x01\x00\xe2\xff\x1f\x00\xec\xff\x06\x00\x34\x00\x4d\x00\xc2\xff\x29\x00\xfd\xff\xf5\xff\xfa\xff\xfd\xff\xa1\xff\xdc\xff\xf9\xff\x1a\x00\xfb\xff\xe2\xff\xc8\xff"
  "\xfb\xff\x12\x00\x1d\x00\x38\x00\x5c\x00\xd6\xff\xda\xff\x7b\x00\x24\x00\x74\x00\xe8\xff\x05\x00\x0b\x00\x71\x00\x20\x00\xf2\xff\xf2\xff\xe9\xff\x11\x00\x49\x00"
  "\x1f\x00\x0c\x00\x14\x00\xb6\xff\x19\x00\xe6\xff\x00\x00\x1f\x00\x6e\x00\xb6\xff\xfe\xff\x11\x00\x1b\x00\x05\x00\x16\x00\x03\x00\x21\x00\x0e\x00\x9e\xff\x0f\x00"
  "\x08\x00\xe1\xff\xf3\xff\x19\x00\xfb\xff\xfb\xff\x4f\x00\xe4\xff\xec\xff\x29\x00\xf9\xff\x00\x00\x7a\x00\xeb\xff\xeb\xff\xfa\xff\x16\x00\xf5\xff\x34\x00\xef\xff"
  "\xe7\xff\x07\x00\xf3\xff\x8e\xff\xce\xff\x21\x00\xf4\xff\xfd\xff\x13\x00\xdf\xff\xcb\xff\xf5\xff\x39\x00\x3a\x00\x40\x00\xda\xff\xf2\xff\xee\xff\x00\x00\xcc\xff"
  "\xea\xff\x3a\x00\xe6\xff\xef\xff\x1a\x00\xeb\xff\x28\x00\xac\x00\x00\x00\x09\x00\x00\x00\x03\x00\x00\x00\x32\x31\x31\x02\x00\x00\x00\xaa\x00\x00\x00\xab\x00\x00"
  "\x00\x04\x00\x00\x00\x01\x00\x00\x00\x01\x00\x00\x00\x01\x00\x00\x00\x01\x00\x00\x00\x04\x00\x00\x00\x00\x00\x00\x00\x00\x00\x00\x00\x00\x00\x00\x00\x00\x00\x00"
  "\x00\x01\x00\x00\x00\x00\x00\x00\x00\xad\x00\x00\x00\x01\x00\x00\x00\x20\x00\x00\x00\x35\x2e\x73\x70\x6c\x69\x74\x5f\x79\x5f\x70\x61\x74\x68\x2e\x36\x2e\x63\x6f"
  "\x6e\x76\x34\x5f\x31\x31\x2e\x30\x2e\x62\x69\x61\x73\x00\x00\x00\x00\x01\x00\x00\x00\x70\x00\x00\x00\x00\x00\x02\x00\x00\x00\x09\x00\x00\x00\x0a\x00\xfa\xff\xf7"
  "\xff\x01\x00\x0f\x00\xf7\xff\xe9\xff\x13\x00\x19\x00\x12\x00\xfc\xff\x0a\x00\x0a\x00\xce\xff\xee\xff\xce\xff\xe0\xff\xfa\xff\xe7\xff\x18\x00\xeb\xff\x08\x00\x07"
  "\x00\xfc\xff\xf0\xff\xdb\xff\xca\xff\xf0\xff\xe5\xff\x34\x00\xdb\xff\x2e\x00\xe8\xff\xe9\xff\x43\x00\x0a\x00\x04\x00\x41\x00\x51\x00\xe8\xff\x0a\x00\xda\xff\xe3"
  "\xff\x18\x00\x2e\x00\x1d\x00\x2a\x00\x10\x00\x05\x00\xf5\xff\xe5\xff\x11\x00\x04\x00\xf2\xff\x18\x00\x0e\x00\x25\x00\x19\x00\xbd\xff\x15\x00\x05\x00\x10\x00\xe2"
  "\xff\xfe\xff\x14\x00\x0b\x00\x04\x00\xf6\xff\x00\x00\x07\x00\xe4\xff\x14\x00\xee\xff\xf6\xff\xe0\xff\x13\x00\xed\xff\x04\x00\xdc\xff\xe7\xff\xef\xff\x10\x00\x01"
  "\x00\x04\x00\x08\x00\xfd\xff\xfb\xff\xf2\xff\xf3\xff\xc8\xff\x10\x00\xee\xff\xfe\xff\xe8\xff\xdb\xff\x00\x00\xf8\xff\xde\xff\xf8\xff\x1e\x00\xf3\xff\x02\x00\xea"
  "\xff\x1c\x00\x0e\x00\xfe\xff\xf1\xff\x04\x00\x0f\x00\x17\x00\x0f\x00\xea\xff\xae\x00\x00\x00\x04\x00\x00\x00\x10\x00\x00\x00\x32\x31\x31\x5f\x4e\x4f\x54\x5f\x49"
  "\x4e\x5f\x47\x52\x41\x50\x48\x02\x00\x00\x00\xac\x00\x00\x00\xad\x00\x00\x00\xaf\x00\x00\x00\x0a\x00\x00\x00\x03\x00\x00\x00\x32\x31\x32\x02\x00\x00\x00\xae\x00"
  "\x00\x00\x9c\x00\x00\x00\xb0\x00\x00\x00\x01\x00\x00\x00\x19\x00\x00\x00\x35\x2e\x73\x70\x6c\x69\x74\x5f\x79\x5f\x70\x61\x74\x68\x2e\x37\x2e\x30\x2e\x77\x65\x69"
  "\x67\x68\x74\x00\x00\x00\x00\x04\x00\x00\x00\x01\x00\x00\x00\x01\x00\x00\x00\x70\x00\x00\x00\x20\x00\x00\x00\x00\x00\x02\x00\x00\x00\x09\x00\x00\x00\xe3\xff\x11"
  "\x00\xe2\xff\x83\x00\xff\xff\xea\xff\x39\x00\x2e\x00\x94\xff\x31\x00\xfb\xff\xe7\xff\x21\x00\x5e\x00\xfd\xff\x20\x00\x3d\x00\x40\x00\xb4\xff\x21\x00\x4b\x00\xf7"
  "\xff\x36\x00\xe3\xff\xf1\xff\xf0\xff\x14\x00\x18\x00\xb9\xff\x0a\x00\x19\x00\x81\x00\x03\x00\xfc\xff\x16\x00\xdd\xff\x1e\x00\xe1\xff\x36\x00\x35\x00\xb8\xff\xe1"
  "\xff\x21\x00\x43\x00\xed\xff\x1b\x00\xf0\xff\x49\x00\xcc\xff\x08\x00\x19\x00\x03\x00\x19\x00\x17\x00\x34\x00\xe6\xff\xc1\xff\xa3\xff\x2c\x00\xf3\xff\xc2\xff\xf1"
  "\xff\x12\x00\x63\x00\x11\x00\x00\x00\x0b\x00\x47\x00\x66\x00\x09\x00\x05\x00\x27\x00\x36\x00\xae\x00\x91\x00\xcd\xff\xfa\xff\x38\x00\x63\x00\x19\x00\xdc\xff\xf9"
  "\xff\x08\x00\xe8\xff\x16\x00\xff\xff\xce\xff\xfe\xff\xe1\xff\x0e\x00\x05\x00\xc1\xff\xc5\xff\x16\x00\xe5\xff\x19\x00\xfd\xff\xf1\xff\xe1\xff\xdd\xff\xea\xff\x67"
  "\x00\x18\x00\x00\x00\x1d\x00\xe4\xff\x7d\x00\x13\x00\xf1\xff\xff\xff\xde\xff\xc0\xff\xec\xff\x9c\xff\x3c\x00\x8c\xff\xec\xff\xf7\xff\xc7\xff\x2e\x00\x00\x00\x36"
  "\x00\x20\x00\xdd\xff\xd1\xff\xf2\xff\xfc\xff\x24\x00\x07\x00\x17\x00\xef\xff\x2e\x00\xe9\xff\x0c\x00\x0c\x00\xb9\xff\xf8\xff\xe9\xff\xd1\xff\x21\x00\xf0\xff\x00"
  "\x00\xb8\xff\x17\x00\x45\x00\x03\x00\xe6\xff\xfd\xff\xf1\xff\xec\xff\x06\x00\xdb\xff\x0b\x00\x3b\x00\x01\x00\xef\xff\xfe\xff\x30\x00\xdf\xff\x1e\x00\xf9\xff\xa7"
  "\xff\x03\x00\x29\x00\xec\xff\xe4\xff\x98\xff\xeb\xff\x93\xff\x2d\x00\x49\x00\xe7\xff\x12\x00\xca\xff\xad\xff\xd7\xff\x08\x00\x02\x00\xdd\xff\xf7\xff\x36\x00\x36"
  "\x00\xf0\xff\xa8\xff\xfe\xff\xf4\xff\x21\x00\x45\x00\x4f\x00\xca\xff\xa8\xff\xde\xff\xfd\xff\x16\x00\x0b\x00\xde\xff\x01\x00\x68\x00\x1d\x00\x51\x00\x1b\x00\x2b"
  "\x00\x10\x00\xdc\xff\xf2\xff\x83\xff\x90\xff\xa4\xff\xe2\xff\xbd\xff\xc7\xff\x13\x00\x12\x00\x06\x00\x1c\x00\xcf\xff\x3c\x00\x1f\x00\x2f\x00\x4c\x00\xce\xff\x38"
  "\x00\xb0\xff\xee\xff\xf2\xff\xf4\xff\x13\x00\xf1\xff\x25\x00\xec\xff\xf3\xff\x04\x00\xf5\xff\x47\x00\x38\x00\xbc\xff\x2f\x00\xf3\xff\xff\xff\x14\x00\x23\x00\x01"
  "\x00\x15\x00\x30\x00\x05\x00\x1b\x00\x1e\x00\xd9\xff\x03\x00\x04\x00\x15\x00\x14\x00\xff\xff\x01\x00\x31\x00\xc9\xff\xfe\xff\xfa\xff\xff\xff\xf9\xff\xc8\xff\x25"
  "\x00\x19\x00\xeb\xff\xfa\xff\xfd\xff\x2a\x00\x18\x00\x28\x00\xef\xff\xe4\xff\x2b\x00\x00\x00\xdb\xff\x47\x00\xc4\xff\xf3\xff\xc3\xff\xfa\xff\x34\x00\xf1\xff\x0e"
  "\x00\x1b\x00\x16\x00\x22\x00\xfd\xff\x1c\x00\x1b\x00\x0b\x00\xf5\xff\x07\x00\x08\x00\x24\x00\x2c\x00\x23\x00\xc0\xff\xfb\xff\xec\xff\x14\x00\xb3\xff\xfd\xff\x1c"
  "\x00\x13\x00\xfa\xff\x00\x00\x01\x00\x19\x00\x2c\x00\xd4\xff\x6b\x00\x21\x00\xfa\xff\xde\xff\x2b\x00\x2a\x00\xdc\xff\x56\x00\x08\x00\xfe\xff\x25\x00\xf2\xff\xee"
  "\xff\x23\x00\x36\x00\x0a\x00\x08\x00\x0c\x00\x02\x00\xfb\xff\xdd\xff\xdb\xff\x50\x00\x3b\x00\x18\x00\x47\x00\x0f\x00\x17\x00\x5f\x00\xfb\xff\x1f\x00\x02\x00\x25"
  "\x00\xf4\xff\xe2\xff\x2d\x00\x13\x00\xe2\xff\xed\xff\xbc\xff\x20\x00\xd2\xff\x36\x00\x10\x00\x5a\x00\x0c\x00\x09\x00\x0c\x00\xf3\xff\x10\x00\xe3\xff\x10\x00\xc6"
  "\xff\x36\x00\x3b\x00\xb6\xff\x3d\x00\xff\xff\xfc\xff\x50\x00\x1a\x00\xfd\xff\x14\x00\x0b\x00\x2a\x00\xfa\xff\x29\x00\xf0\xff\x11\x00\xc3\xff\xf8\xff\x21\x00\x02"
  "\x00\xfc\xff\xff\xff\xe4\xff\xf7\xff\xe9\xff\xfe\xff\x5c\xff\x09\x00\xe9\xff\xe9\xff\x2c\x00\xca\xff\x1c\x00\xe2\xff\x33\x00\xf0\xff\xfd\xff\xc8\xff\x19\x00\xe4"
  "\xff\x73\x00\xf5\xff\xf8\xff\xbd\xff\xdc\xff\x2e\x00\x1c\x00\xe8\xff\xaa\xff\x02\x00\x0e\x00\x29\x00\xc8\xff\xfa\xff\x05\x00\xfe\xff\xf2\xff\xbf\xff\x12\x00\xa7"
  "\xff\x23\x00\x30\x00\x77\x00\xfe\xff\xfe\xff\xaf\xff\xe0\xff\xf5\xff\x1e\x00\xff\xff\x20\x00\x2f\x00\x2d\x00\xfc\xff\xe2\xff\x82\xff\x6e\x00\x4a\x00\x98\xff\xeb"
  "\xff\xbb\xff\xd4\xff\x13\x00\xa1\xff\xac\xff\x46\xff\xe7\xff\xd6\xff\x0b\x00\xf4\xff\x24\x00\x09\x00\xf7\xff\x1c\x00\x1e\x00\xfa\xff\x1d\x00\xb9\xff\x12\x00\x3d"
  "\x00\xbf\xff\x4c\x00\xfa\xff\xfb\xff\x37\x00\xf6\xff\xe9\xff\x08\x00\x16\x00\xdf\xff\x19\x00\xd1\xff\x13\x00\xec\xff\x36\x00\xd9\xff\xf3\xff\xf8\xff\xf4\xff\x1d"
  "\x00\x19\x00\xe7\xff\x53\x00\x93\xff\x4e\x00\xe9\xff\xbe\x00\x9d\x00\xeb\xff\xdb\xff\x05\x00\xf7\xff\x24\x00\xd0\xff\x43\x00\x3b\x00\x7c\x00\xc1\xff\xf5\xff\x17"
  "\x00\xdf\xff\xf2\xff\x1e\x00\xae\xff\xc7\xff\x0d\x00\x91\xff\xb4\xff\x0f\x00\xbf\xff\x0b\x00\xe6\xff\x1f\x00\x65\xff\xda\xff\xbe\xff\xf0\xff\x13\x00\x00\x00\x0d"
  "\x00\xf3\xff\xe7\xff\xed\xff\xc6\xff\xe7\xff\x4e\x00\x19\x00\x2f\x00\x24\x00\x53\x00\x12\x00\x24\x00\xe7\xff\xd2\xff\xe7\xff\x96\xff\x2f\x00\xf3\xff\xad\xff\x0e"
  "\x00\x4a\x00\xd9\xff\xef\xff\xd4\xff\xe7\xff\x18\x00\x15\x00\x51\x00\x0f\x00\x2d\x00\xea\xff\x24\x00\xe7\xff\xf4\xff\x3e\x00\xf2\xff\x15\x00\x04\x00\xc4\xff\xd2"
  "\xff\x27\x00\xa6\xff\xd4\xff\x4b\x00\x32\x00\x6d\x00\xf9\xff\xf8\xff\x32\x00\xf8\xff\x3d\x00\xf3\xff\x7d\x00\xcb\xff\xdd\xff\x0e\x00\x0c\x00\x89\xff\x30\x00\x87"
  "\x00\xcf\xff\x2e\x00\xbd\xff\x45\x00\xbf\xff\xff\xff\x08\x00\xc4\xff\xfa\xff\xf9\xff\xa8\xff\x19\x00\xc1\xff\x9a\xff\xdf\xff\xfb\xff\xdf\xff\xe7\xff\x14\x00\xe9"
  "\xff\xf1\xff\xf7\xff\xba\xff\xe1\xff\x76\x00\x35\x00\x0d\x00\x0e\x00\xfa\xff\xcd\xff\xdd\xff\x42\x00\xf6\xff\x21\x00\x4e\x00\x13\x00\xf8\xff\xf5\xff\x0b\x00\xc6"
  "\xff\x55\x00\x15\x00\x22\x00\x19\x00\x55\xff\x2f\x00\x2f\x00\x11\x00\xd4\xff\xf7\xff\xf6\xff\x09\x00\x16\x00\x23\x00\xf2\xff\xff\xff\xc7\xff\xcf\xff\x07\x00\xed"
  "\xff\x0b\x00\xd6\xff\x10\x00\xf2\xff\x0d\x00\x00\x00\xe6\xff\x12\x00\xd1\xff\x0d\x00\xf8\xff\xfb\xff\x27\x00\xdc\xff\x1e\x00\x0e\x00\xfe\xff\xd1\xff\xda\xff\x37"
  "\x00\x03\x00\x03\x00\x11\x00\x16\x00\xfe\xff\xc4\xff\x08\x00\x3f\x00\xf0\xff\x6e\x00\xed\xff\xf2\xff\xee\xff\x39\x00\x12\x00\xbc\xff\x10\x00\xeb\xff\x01\x00\xd8"
  "\xff\x3e\x00\xdb\xff\x16\x00\x30\x00\xe5\xff\xcb\xff\x0b\x00\xf5\xff\xcd\xff\xe2\xff\x08\x00\x29\x00\x29\x00\x29\x00\xdf\xff\x18\x00\xda\xff\xea\xff\x06\x00\xe9"
  "\xff\xf9\xff\xfa\xff\xdf\xff\x02\x00\x14\x00\xbf\xff\x58\x00\x2c\x00\xe8\xff\xe7\xff\x08\x00\x3b\x00\x01\x00\xe2\xff\x1b\x00\xdb\xff\xf9\xff\xdd\xff\x3d\x00\x0a"
  "\x00\x2d\xff\x2b\x00\x18\x00\x19\x00\xf5\xff\x70\x00\xda\xff\xfa\xff\x05\x00\xed\xff\x3d\x00\x01\x00\x3e\x00\x5c\x00\x41\x00\x01\x00\xc5\xff\xf8\xff\x07\x00\x0e"
  "\x00\x22\x00\x0b\x00\x38\x00\x05\x00\xe0\xff\x14\x00\x01\x00\xfd\xff\x0a\x00\x06\x00\xfb\xff\xf3\xff\x33\x00\xe4\xff\x04\x00\xf1\xff\xfe\xff\x42\x00\xd1\xff\xed"
  "\xff\xf0\xff\x1b\x00\xe4\xff\xfd\xff\xd3\xff\xe5\xff\xe3\xff\xb6\xff\xc7\xff\x5c\x00\xeb\xff\x1f\x00\xf4\xff\x1f\x00\x4e\x00\xc2\xff\x2e\x00\xbd\xff\x3f\x00\xf8"
  "\xff\xe3\xff\xc3\xff\x10\x00\x64\x00\x16\x00\xcc\xff\xfc\xff\xe4\xff\x8b\xff\x49\x00\xa9\xff\x20\x00\xd4\xff\xb3\xff\xb3\xff\x1b\x00\xe3\xff\xe0\xff\xf3\xff\x60"
  "\x00\x08\x00\x4e\x00\x21\x00\x28\x00\xad\xff\xe3\xff\xd3\xff\x32\x00\x1d\x00\xd8\xff\xd3\xff\xf6\xff\xb8\xff\x29\x00\xe6\xff\x34\x00\xdc\xff\x3d\x00\x19\x00\xe0"
  "\xff\xf2\xff\x36\x01\x0b\x00\xf5\xff\x0d\x00\x22\x00\x19\x00\x06\x00\xe8\xff\xf1\xff\x0e\x00\x21\x00\x0d\x00\xf0\xff\x41\x00\xf6\xff\x02\x00\xff\xff\xed\xff\x4c"
  "\x00\xfe\xff\x16\x00\xed\xff\x07\x00\x36\x00\xea\xff\xaa\xff\x3e\x00\xc9\xff\xcd\xff\x16\x00\x1b\x00\x35\x00\x2a\x00\xc2\xff\x10\x00\x25\x00\x05\x00\xde\xff\xa7"
  "\xff\x0b\x00\x0a\x00\x2d\x00\xf8\xff\x05\x00\x29\x00\x10\x00\x03\x00\x23\x00\x1a\x00\x19\x00\x46\x00\xea\xff\x0b\x00\xd6\xff\x0d\x00\xa0\xff\xc5\xff\x26\x00\xf8"
  "\xff\x0b\x00\xc2\xff\x16\x00\x19\x00\xc0\xff\x05\x00\x0d\x00\x11\x00\x2f\x00\x18\x00\xfc\xff\x0f\x00\x0f\x00\xb8\xff\x29\x00\x9c\xff\x1c\x00\xfa\xff\x0f\x00\xf9"
  "\xff\xd4\xff\xf7\xff\x01\x00\x27\x00\xf7\xff\x1c\x00\x14\x00\xb7\xff\x43\x00\x0f\x00\x68\x00\x1d\x00\x0b\x00\x27\x00\x2c\x00\x04\x00\x04\x00\xfa\xff\x99\xff\x36"
  "\x00\xd1\xff\xc4\xff\x06\x00\x09\x00\x27\x00\x01\x00\xfb\xff\x16\x00\x2c\x00\x8c\xff\xff\xff\x0d\x00\x97\x00\x15\x00\x28\x00\x0a\x00\xbc\xff\x28\x00\x0d\x00\x89"
  "\x00\xc7\xff\xab\xff\xfb\xff\xdf\xff\xc2\xff\x00\x00\x10\x00\xca\xff\xb6\xff\xa6\xff\x16\x00\x15\x00\xc2\xff\xfc\xff\x0f\x00\x62\x00\x4e\x00\xdf\xff\xb9\xff\xae"
  "\xff\x2d\xff\x35\xff\xa2\xff\x3d\x00\x5b\x00\xf9\xff\x7d\xff\xe6\xff\x2e\x00\xbf\xff\xaf\xff\x47\x00\xf9\xff\xae\xff\xca\xff\x54\x00\xe0\xff\x71\x00\x25\x00\x1c"
  "\x00\x1d\x00\x02\x00\x60\x00\xf6\xff\xef\xff\x5e\x00\xe9\xff\x42\x00\xb6\xff\x46\x00\x00\x00\x0a\x00\xf9\xff\xe2\xff\x5d\xff\x61\x00\x03\x00\x31\x00\x33\x00\xf7"
  "\xff\xfa\xff\x2c\x00\x0d\x00\xd0\xff\xe6\xff\x34\x00\xde\xff\x0a\x00\x9d\xff\xe5\xff\x2d\x00\xf7\xff\xd9\xff\x9f\xff\x02\x00\xef\xff\xe0\xff\x2d\x00\x27\x00\x21"
  "\x00\x17\x00\xef\xff\xe3\xff\xd6\xff\x88\x00\x4b\x00\x31\x00\xd6\xff\x10\x00\xfb\xff\xe2\xff\x13\x00\xee\xff\xea\xff\xf0\xff\xd8\xff\xe9\xff\xc4\xff\x13\x00\x28"
  "\x00\x98\xff\xdf\xff\x64\x00\xdb\xff\xb1\xff\x10\x00\x29\x00\xf8\xff\x25\x00\x01\x00\x9c\xff\x2b\x00\xbc\xff\xcb\xff\xfb\xff\x3c\x00\x0a\x00\xe1\xff\x07\x00\xed"
  "\xff\x35\x00\x67\x00\x46\x00\x99\xff\xc3\xff\x10\x00\xaf\xff\x04\x00\x07\x00\x55\x00\xe8\xff\x63\x00\xda\xff\xe3\xff\xf0\xff\xd6\xff\x1d\x00\x02\x00\xde\xff\xdd"
  "\xff\x26\x00\x18\x00\xcc\xff\x1f\x00\x26\x00\xf0\xff\x21\x00\xc3\xff\x12\x00\xe3\xff\xf4\xff\xc7\xff\x18\x00\xed\xff\x4e\x00\x3a\x00\xcd\xff\x80\x00\x35\x00\xde"
  "\xff\x3a\x00\xec\xff\xa3\x00\x21\x00\xba\xff\x24\x00\x16\x00\xfd\xff\xe3\xff\xdb\xff\x27\x00\x29\x00\xe8\xff\x19\x00\x6e\x00\x2d\x00\x78\x00\xf3\xfe\x0e\x00\xf8"
  "\xff\x0a\x00\x19\x00\xfe\xff\xc1\xff\xc5\xff\x48\x00\xe9\xff\x2a\x00\x0c\x00\x51\x00\xf1\xff\x1f\x00\x0b\x00\xdd\xff\xbf\xff\x29\x00\x61\x00\x0e\x00\xe8\xff\x2b"
  "\x00\x18\x00\xd1\xff\xff\xff\x1a\x00\x17\x00\x14\x00\xcb\xff\xc2\xff\x6a\x00\x4f\x00\x0d\x00\x12\x00\xfb\xff\x28\x00\x1f\x00\x2d\x00\x09\x00\xf2\xff\x17\x00\xfb"
  "\xff\x45\x00\x0b\x00\xfe\xff\x00\x00\xf9\xff\x0a\x00\xf7\xff\xfe\xff\x45\x00\xfb\xff\x11\x00\x18\x00\x05\x00\x0a\x00\x02\x00\x16\x00\x26\x00\xf8\xff\xb9\xff\x08"
  "\x00\x00\x00\xef\xff\x0f\x00\x0d\x00\x0a\x00\xe7\xff\xff\xff\xd4\xff\x11\x00\xec\xff\x28\x00\x1a\x00\x5b\x00\x0b\x00\x0d\x00\x13\x00\x1d\x00\xf8\xff\x02\x00\xfd"
  "\xff\x9b\xff\x1f\x00\xcd\xff\xdc\xff\xe7\xff\xec\xff\x13\x00\x15\x00\x1c\x00\x06\x00\x37\x00\x26\x00\x27\x00\xf8\xff\xf7\xff\xbd\xff\xdd\xff\x18\x00\x50\x00\x8d"
  "\x00\x0d\x00\x51\x00\x94\xfe\x59\xff\x30\x00\xea\xff\x13\x00\x1a\x00\x1b\x00\x24\x00\x75\xff\xfe\xff\x78\x00\x22\x00\x9f\xff\xd2\xff\xf2\xff\xd7\xff\xd5\xff\xe3"
  "\xff\x0a\x00\x08\x00\x3d\x00\xf6\xff\x4c\x00\x8e\xff\x1e\x00\x18\x00\x29\x00\x1d\x00\x95\xff\xe6\xff\x2c\x00\xf9\xff\xe4\xff\x23\x00\x13\x00\xee\xff\xed\xff\xba"
  "\xff\xfa\xff\x37\x00\x2a\x00\xf8\xff\xa3\xff\xcb\xff\x0e\x00\xfb\xff\xd8\xff\xea\xff\xd7\xff\xf2\xff\x1d\x00\x2a\x00\xaa\xff\xf0\xff\x9e\xff\x11\x00\xd3\xff\xd3"
  "\xff\x13\x00\x09\x00\xda\xff\x4f\xff\x82\xff\x35\x00\x11\x00\x1c\x00\x4c\x00\xb8\xff\xed\xff\x1d\x00\x68\xff\xe4\xff\x01\x00\x36\x00\x31\x00\x0c\x00\x2a\x00\xe8"
  "\xff\xa2\xff\x40\x00\xe3\xff\x0a\x00\x3c\x00\xf3\xff\xc2\xff\x1d\x00\x68\x00\xd8\xff\x02\x00\x14\x00\xdb\xff\x27\x00\xb7\xff\xa8\xff\xbd\xff\x23\x00\xee\xff\x40"
  "\x00\xac\xff\x03\x00\x0c\x00\x55\x00\xc3\x00\x24\x00\x47\x00\x16\x00\x2d\x00\xcf\xff\x84\x00\x03\x00\xfe\xff\xeb\xff\x28\x00\xe5\xff\x20\x00\x41\x00\xf5\xff\x9a"
  "\xff\xec\xff\xb5\xff\x31\x00\x04\x00\x0d\x00\xab\xff\xf5\xff\x10\x00\x0e\x00\x1f\x00\xad\xff\x2a\x00\x26\x00\xa4\xff\xf4\xff\xc5\xff\xac\xff\xe5\xff\xef\xff\xb5"
  "\xff\x0e\x00\xf5\xff\x26\x00\xf6\xff\x2f\x00\x21\x00\x14\x00\x0c\x00\xd0\xff\x03\x00\xe8\xff\xf9\xff\xf5\xff\xf4\xff\xef\xff\xf9\xff\x10\x00\xf9\xff\xec\xff\xea"
  "\xff\xdb\xff\x1b\x00\xf4\xff\xe2\xff\xfb\xff\xc4\xff\x0f\x00\x62\x00\x18\x00\x9a\x00\x04\x00\xe1\xff\xe2\xff\x68\x00\x07\x00\x0d\x00\x0f\x00\xd6\xff\xff\xff\xeb"
  "\xff\x01\x00\xe8\xff\x31\x00\xcd\xff\xec\xff\x0c\x00\x22\x00\x1e\x00\x33\x00\xfe\xff\x7d\x00\xf5\xff\x10\x00\xa4\xff\xbc\xff\xe7\x00\x10\x00\xd7\xff\xfe\xff\xe7"
  "\xff\x3e\x00\x09\x00\x59\x00\xed\xff\xca\xff\xf0\xff\x28\x00\x02\x00\xbd\xff\xf2\xff\xe5\xff\x02\x00\xf8\xff\x42\x00\x1b\x00\xc6\xff\x21\x00\x0c\x00\x07\x00\x12"
  "\x00\xea\xff\x35\x00\xd3\xff\x0e\x00\x23\x00\xf9\xff\xbd\xff\xb9\xff\xd0\xff\xfe\xff\x00\x00\x37\x00\x2f\x00\x1a\x00\xf7\xff\xf0\xff\x12\x00\xf2\xff\xf7\xff\x72"
  "\x00\xed\xff\xfa\xff\xf0\xff\x16\x00\xc8\xff\x3e\x00\x3b\x00\xe0\xff\xcf\xff\xeb\xff\xf9\xff\x08\x00\xfe\xff\x0e\x00\x07\x00\xf6\xff\xcb\xff\xc7\xff\x04\x00\xdc"
  "\xff\x7c\x00\xc1\xff\xe9\xff\x48\x00\x11\x00\xfc\xff\x17\x00\xe4\xff\xf1\xff\x38\x00\xed\xff\xd5\xff\x01\x00\x0c\x00\xdd\xff\x22\x00\xe9\xff\xd1\xff\xcb\xff\x2f"
  "\x00\x38\x00\xd7\xff\x02\x00\x0d\x00\x09\x00\x2e\x00\xf5\xff\x0f\x00\x01\x00\xe0\xff\x39\x00\x0e\x00\x12\x00\x23\x00\x24\x00\x21\x00\x2d\x00\x25\x00\x41\x00\xce"
  "\xff\xe2\xff\x44\x00\xc9\xff\x30\x00\xfd\xff\xd3\xff\x0f\x00\xf6\xff\xfa\xff\x0d\x00\x2e\x00\x11\x00\xac\xff\x13\x00\xe0\xff\x34\x00\xe5\xff\xf9\xff\x05\x00\x27"
  "\x00\x24\x00\x32\x00\x3f\x00\xd3\xff\xea\xff\xbd\xff\x00\x00\xe9\xff\x0a\x00\xcd\xff\x1e\x00\xce\xff\x00\x00\xfe\xff\xa9\xff\x11\x00\xca\xff\xda\xff\x15\x00\xdc"
  "\xff\x05\x00\xf4\xff\xf1\xff\x31\x00\x5c\x00\x1c\x00\xf0\xff\xfb\xff\x13\x00\xb6\xff\x68\x00\xf7\xff\x07\x00\x45\x00\x06\x00\x4e\x00\xf2\xff\xda\xff\xaa\xff\xfc"
  "\xff\x0c\x00\x0f\x00\x08\x00\x2b\x00\xc2\xff\xd7\xff\x19\x00\x25\x00\x2a\x00\x91\xff\x17\x00\x02\x00\x3d\x00\xfe\xff\x3d\x00\xbc\xff\x79\x00\xe9\xff\x28\x00\x32"
  "\x00\xf4\xff\x26\x00\xbc\xff\x6c\x00\x2f\xff\xf1\xff\x2b\x00\x30\x00\xe7\xff\x21\x00\xc8\xff\x29\x00\x35\x00\x88\x00\x1b\x00\x37\x00\xed\xff\xfd\xff\x1f\x00\xf1"
  "\xff\xec\xff\xfb\xff\xc9\xff\xef\xff\xd1\xff\x13\x00\xbf\xff\x4d\x00\x9b\xff\xc8\xff\xf6\xff\x01\x00\xee\xff\x2a\x00\xd4\xff\x07\x00\xfa\xff\xf9\xff\x21\x00\xef"
  "\xff\xf9\xff\xea\xff\x09\x00\xf3\xff\x0b\x00\xed\xff\xea\xff\xf9\xff\xc5\xff\xeb\xff\x28\x00\x1a\x00\xe8\xff\x85\xff\x04\x00\xf5\xff\x00\x00\x1a\x00\x15\x00\xed"
  "\xff\xf2\xff\x7c\xff\x1d\x00\x02\x00\xf6\xff\xf7\xff\x01\x00\xe9\xff\x7f\x00\x31\x00\xfe\xff\xb3\xff\x9c\xff\x38\x00\xd8\xff\xee\xff\x89\xff\x1c\x00\x37\x00\xf0"
  "\xff\xf4\xff\x69\x00\x12\x00\xdc\xff\xc4\xff\x00\x00\x0f\x00\x17\x00\xc6\xff\x3f\x00\x79\xff\xeb\xff\x67\x00\x07\x00\x19\x00\x03\x00\xfd\xff\x1c\x00\x69\x00\xe7"
  "\xff\x5a\x00\x14\x00\x54\xff\xef\xff\x22\x00\x81\x00\x05\x00\xaf\xff\x25\x00\x07\x00\x10\x00\x2d\x00\xc4\xff\xd4\xff\xfb\xff\xef\xff\x4c\x00\x98\xff\x1e\x00\x07"
  "\x00\x0e\x00\xfe\xff\xf9\xff\x57\x00\x5d\xff\xfc\x00\x2b\x00\xcd\xff\xc7\xff\xe4\xff\x0b\x00\x01\x00\xea\xff\x00\x00\xe2\xff\x27\x00\xa3\xff\xca\xff\x1c\x00\x06"
  "\x00\xd7\xff\xb2\xff\x0c\x00\x04\x00\x3d\x00\x0d\x00\xa5\xff\xf3\xff\xd7\xff\x58\x00\x0d\x00\x46\x00\xe8\xff\x08\x00\xc8\xff\xd6\xff\xd4\xff\xfa\xff\x09\x00\x08"
  "\x00\x0b\x00\xb8\xff\xce\xff\xe3\xff\x1f\x00\x03\x00\xf9\xff\xd7\xff\xd0\xff\x31\x00\xfb\xff\x17\x00\x18\x00\xdb\xff\x46\x00\x02\x00\xd1\xff\x14\x00\xc2\xff\xef"
  "\xff\x3e\x00\x2d\x00\x2c\x00\x0d\x00\xcd\xff\x12\x00\x07\x00\xdd\xff\x09\x00\x26\x00\x0c\x00\xf8\xff\x13\x00\xea\xff\xda\xff\x9e\xff\x20\x00\x41\x00\xd2\xff\xdf"
  "\xff\x17\x00\xb0\xff\x16\x00\x1f\x00\x2a\x00\x19\x00\x0a\x00\xe5\xff\xcb\xff\x47\x00\xc5\xff\x0d\x00\x17\x00\x06\x00\xf0\xff\x56\x00\xf4\xff\x11\x00\x65\xff\xc4"
  "\xff\x10\x00\x2e\x00\xdc\xff\xf6\xff\x18\x00\x24\x00\x39\x00\xf7\xff\x2c\x00\x6d\xff\x31\x00\xbc\xff\xb5\xff\xf3\xff\x12\x00\x95\x00\xf6\xff\x4f\x00\x20\x00\xde"
  "\xff\x25\x00\x3a\x00\xe2\xff\x1e\x00\x17\x00\x2f\x00\x16\x00\xe8\xff\xe8\xff\xb2\xff\x39\x00\x14\x00\x40\x00\x05\x00\x10\x00\x42\x00\x1a\x00\xfc\xff\x10\x00\x03"
  "\x00\x13\x00\x6f\x00\x24\x00\x63\x00\xd4\xff\x19\x00\xe3\xff\x25\x00\xaf\xff\x03\x00\x1d\x00\xd9\xff\x47\x00\x29\x00\xfa\xff\xf3\xff\xfe\xff\x81\x00\xf7\xff\xdb"
  "\xff\x12\x00\x11\x00\x69\xff\xd5\xff\x16\x00\xfc\xff\x10\x00\x1e\x00\xea\xff\x37\x00\xb4\xff\xd6\xff\xe4\xff\x2b\x00\x1b\x00\xd6\xff\xf7\xff\x5b\x00\xd1\xff\x3d"
  "\x00\xdd\xff\x10\x00\x09\x00\xfc\xff\x2b\xff\x19\x00\x1f\x00\x0b\x00\xf5\xff\xc9\xff\xd2\xff\xd4\xff\xfb\xff\x13\x00\x9d\xff\xe1\xff\x3c\x00\xd1\xff\x07\x00\x14"
  "\x00\x06\x00\x16\x00\x0f\x00\xeb\xff\x05\x00\xd0\xff\x06\x00\xfa\xff\x07\x00\x0b\x00\xf1\xff\xf6\xff\xb1\xff\xe8\xff\xff\xff\xf6\xff\xb5\x00\x4a\x00\xe2\xff\xf8"
  "\xff\xdb\xff\x4c\x00\x0d\x00\xe9\xff\xed\xff\x3d\x00\xed\xff\xdf\xff\x0b\x00\xe0\xff\xde\xff\xd2\xff\x24\x00\xc0\xff\x7d\x00\x05\x00\x21\x00\x46\x00\x16\x00\x1f"
  "\x00\xc7\xff\x32\x00\x11\x00\xe3\xff\x07\x00\x28\x00\xee\xff\x0c\x00\x79\x00\xf2\xff\x34\x00\xeb\xff\x00\x00\x6e\x00\x1b\x00\xd5\xff\xde\xff\xe9\xff\x03\x00\x18"
  "\x00\xdc\xff\x37\x00\xdb\xff\xec\xff\xf7\xff\x2a\x00\x4f\x00\xed\xff\x0b\x00\x4b\x00\xe6\xff\xe8\xff\xa9\xff\xc5\xff\xea\xff\x05\x00\x16\x00\x03\x00\x2a\x00\x5e"
  "\x00\xc6\xff\x03\x00\x02\x00\x01\x00\xf0\xff\xc8\xff\xf8\xff\x0d\x00\x24\x00\x0a\x00\x25\x00\x0c\x00\x03\x00\x39\x00\x17\x00\x0f\x00\x1a\xff\x5b\xff\x2a\x00\x73"
  "\xff\x87\xff\x1c\x00\xd2\xff\x06\x00\x0d\x00\x06\x00\x15\x00\x1f\x00\x27\x00\x89\x00\x39\x00\x97\xff\xf7\xff\xba\xff\x85\xff\x0e\x00\x12\x00\xf7\xff\xa1\xff\xf6"
  "\xff\x0c\x00\x02\x00\x0a\x00\x18\x00\xad\xff\xd5\xff\x15\x00\xe7\xff\xdd\xff\xdf\xff\x2f\x00\xa7\xff\xbc\xff\xf3\xff\xd8\xff\x3d\x00\xef\xff\x45\x00\x0c\x00\x34"
  "\x00\xe1\xff\xe7\xff\xcd\xff\x10\x00\x2b\x00\x44\x00\x1d\x00\xf8\xff\x09\x00\xd5\xff\xf6\xff\xd1\xff\xfc\xff\xf7\xff\xff\xff\x08\x00\xe4\xff\xdc\xff\x0e\x00\x02"
  "\x00\x01\x00\x0d\x00\x32\x00\xf8\xff\xe8\xff\x0b\x00\x34\x00\xe0\xff\xf7\xff\xc8\xff\xe5\xff\x3b\x00\x00\x00\xd5\xff\x1f\x00\xdf\xff\xfe\xff\x36\x00\xef\xff\x13"
  "\x00\xec\xff\x1f\x00\xe9\xff\x16\x00\x06\x00\xbf\xff\x24\x00\x44\x00\xba\xff\xdd\xff\x0e\x00\xb4\xff\xf3\xff\x0e\x00\xdb\xff\xb9\xff\xe6\xff\x11\x00\x11\x00\x34"
  "\x00\x3e\x00\xa7\xff\x15\x00\xb4\xff\x3c\x00\xf9\xff\x23\x00\x20\x00\xed\xff\x03\x00\x39\x00\x07\x00\xd7\xff\x1e\x00\xf1\xff\xfa\xff\x10\x00\xfe\xff\xfa\xff\xe5"
  "\xff\x15\x00\xfa\xff\xfc\xff\x65\x00\x0d\x00\xdf\xff\xda\xff\xcf\xff\xf8\xff\x05\x00\xfe\xff\x0e\x00\xd7\xff\x18\x00\x26\x00\xe4\xff\x01\x00\x2e\x00\x26\x00\xf6"
  "\xff\xfe\xff\xf3\xff\x50\x00\xe9\xff\x10\x00\xec\xff\xee\xff\xce\xff\x2e\x00\xf3\xff\xe0\xff\xef\xff\xea\xff\x0b\x00\x0f\x00\x32\x00\xe8\xff\x0e\x00\x32\x00\xb0"
  "\xff\x15\x00\x3e\x00\xc3\xff\xbb\xff\x26\x00\xab\xff\xfd\xff\x1b\x00\x14\x00\xe3\xff\x47\x00\xe9\xff\xf2\xff\x5a\x00\xdb\xff\x68\x00\x27\x00\x29\x00\xf3\xff\xfa"
  "\xff\x02\x00\xc0\xff\xae\xff\xbe\xff\xda\xff\xd5\xff\x1f\x00\xfd\xff\xea\xff\xf9\xff\xc0\xff\xb4\xff\x0d\x00\xe3\xff\x8b\xff\xd6\xff\x1d\x00\x18\x00\x3d\x00\xb7"
  "\xff\x2b\x00\x7b\xff\x03\x00\xbe\xff\x3b\x00\xa1\xff\xab\xff\x3d\x00\x02\x00\x22\x00\xfe\xff\xd2\xff\x1f\x00\x43\x00\xf5\xff\x05\x00\x38\x00\xed\xff\x1a\x00\xc7"
  "\xff\xf5\xff\x49\x00\xbc\xff\xb7\xff\x17\x00\x16\x00\x36\x00\xe2\xff\xbc\xff\xf6\xff\xf3\xff\xef\xff\xe3\xff\xb5\xff\x13\x00\xe3\xff\x0a\x00\x8c\x00\x20\x00\xe6"
  "\xff\x92\xff\xae\xff\xee\xff\xb2\xff\x6e\x00\x25\x00\xf1\xff\x19\x00\xc7\xff\xd3\xff\xff\xff\x29\x00\x17\x00\xfb\xff\x2d\x00\x32\x00\x89\x00\x37\x00\x13\x00\x27"
  "\x00\x31\x00\x19\x00\x30\x00\x38\x00\x04\x00\xc2\xff\xa4\xff\x0a\x00\x36\x00\xf3\xff\xc8\xff\xd8\xff\x07\x00\x2a\x00\x19\x00\x2b\x00\x3e\x00\x10\x00\xe6\xff\xfb"
  "\xff\x3a\xff\xc0\xff\xf0\xff\xc7\xff\xea\xff\xed\xff\xfc\xff\xdb\xff\x09\x00\x19\x00\xed\xff\xbd\xff\x0b\x00\xc9\xff\x05\x00\xbd\xff\xec\xff\xdb\xff\xeb\xff\x0f"
  "\x00\x1a\x00\xca\xff\x11\x00\xbd\xff\x15\x00\x16\x00\xf9\xff\x11\x00\x01\x00\xf3\xff\xdf\xff\x19\x00\xe2\xff\xe9\xff\xf8\xff\x12\x00\xf2\xff\x1e\x00\xe5\xff\x1d"
  "\x00\xbf\xff\x01\x00\x17\x00\x2b\x00\x21\x00\x1d\x00\x18\x00\x0d\x00\xf8\xff\x0a\x00\x04\x00\x34\x00\xbe\xff\x0a\x00\xf4\xff\xf6\xff\x19\x00\xd1\xff\xc0\xff\xec"
  "\xff\x02\x00\x4d\x00\xfd\xff\xb7\xff\x56\x00\x11\x00\xfc\xff\xf1\xff\x0c\x00\x34\x00\x18\x00\x92\xff\x21\x00\x1d\x00\xe4\xff\x18\x00\xc4\xff\xdd\xff\xc8\xff\x45"
  "\x00\x5c\xff\x18\x00\x31\x00\xf3\xff\xd1\xff\x1e\xff\xbe\xff\x36\x00\x30\x00\xb2\xff\xab\xff\x00\x00\xda\xff\xf8\xff\x14\x00\xde\xff\x1c\x00\x2a\x00\x22\x00\x1d"
  "\x00\x08\x00\x1b\x00\xe0\xff\x1c\x00\x92\xff\x21\x00\x20\x00\x81\x00\x04\x00\x67\x00\x12\x00\xf1\xff\x1c\x00\x1a\x00\xf0\xff\xf6\xff\x79\x00\x41\x00\xe4\xff\xdd"
  "\xff\x17\x00\xf9\xfe\xe9\xff\x02\x00\xd1\xff\xf8\xff\x80\x00\xf6\xff\x20\x00\x04\x00\x23\x00\xcb\xff\xf0\xff\x24\x00\xe4\xff\x19\x00\xe3\xff\xf6\xff\xfa\xff\x4b"
  "\x00\x06\x00\xeb\xff\xe2\xff\xf8\xff\x37\x00\x1c\x00\x33\x00\xe5\xff\xeb\xff\xbd\xff\x4b\x00\xd9\xff\xf0\xff\xd0\xff\xd2\xff\xd7\xff\xd9\xff\xf9\xff\x62\x00\x21"
  "\x00\x05\x00\x3c\x00\x0e\x00\x36\x00\xe8\xff\xac\x00\x64\x00\xc8\x00\xb7\xff\x24\x00\xce\xff\x53\x00\xa6\xff\x06\x00\x0d\x00\xab\xff\x42\xff\xd2\xff\xdc\xff\xc2"
  "\xff\x85\xff\xef\x00\x2b\x00\x17\x00\x18\x00\x08\x00\xc8\xff\x04\x00\x03\x00\x24\x00\x02\x00\x53\x00\xea\xff\xc3\xff\x20\x00\xa3\xff\x0e\x00\x1e\x00\xeb\xff\x13"
  "\x00\x37\xff\xf5\xff\xa4\xff\xee\xff\x15\x00\xfe\xff\xb8\xff\x65\x00\xea\xff\xf0\xff\x27\x00\xf7\xff\x2a\x00\x1b\x00\xd8\xff\xf1\xff\x06\x00\x22\x00\x04\x00\x09"
  "\x00\x10\x00\xdd\xff\xf4\xff\x19\x00\x84\xff\x00\x00\x02\x00\x9c\xff\x00\x00\xab\xff\x08\x00\x4c\x00\x18\x00\x2d\x00\x22\x00\xd1\xff\x00\x00\xd3\xff\xdc\xff\xab"
  "\xff\xb8\xff\xfa\xff\x1c\x00\x2e\x00\x88\xff\xc2\xff\x03\x00\xd6\xff\xd7\xff\x9c\xff\x14\x00\x1a\x00\xea\xff\xfc\xff\xb5\xff\x11\x00\x10\x00\xbe\xff\xe5\xff\x23"
  "\x00\x17\x00\xe5\xff\x06\x00\x1e\x00\xd1\xff\x09\x00\xff\xff\x04\x00\x1a\x00\x10\x00\xf3\xff\x3c\x00\x3a\x00\xe2\xff\xdf\xff\x09\x00\x26\x00\xef\xff\xd8\xff\xef"
  "\xff\x13\x00\x03\x00\x05\x00\xdf\xff\xe9\xff\xef\xff\x31\x00\x27\x00\x1b\x00\x76\x00\xf3\xff\xfb\xff\xe0\xff\x4d\x00\x25\x00\x9b\xff\xfa\xff\x0a\x00\xa9\xff\xb2"
  "\xff\x0f\x00\xe1\xff\xe0\xff\xdc\xff\xd1\xff\xe0\xff\x21\x00\x1f\x00\x0a\x00\x27\x00\x22\x00\x1e\x00\x36\x00\xec\xff\xf9\xff\xcd\xff\x1c\x00\xd5\xff\xc6\xff\x25"
  "\x00\xb7\xff\x73\x00\xf6\xff\xa8\xff\xf6\xff\x74\xff\xec\xff\x2f\x00\xfd\xff\xff\xff\xec\xff\xda\xff\x31\x00\xed\xff\x11\x00\xf9\xff\x1d\x00\x93\x00\x02\x00\x1e"
  "\x00\xdc\xff\xb5\xff\xd3\xff\x13\x00\x05\x00\xea\xff\xfc\xff\x12\x00\x02\x00\x86\xff\xe1\xff\x18\x00\x5b\x00\xfb\xff\xe0\xff\x05\x00\x03\x00\xdf\xff\x04\x00\x62"
  "\x00\x11\x00\x17\x00\xf0\xff\x1e\x00\x2a\x00\x23\x00\x49\x00\x39\x00\x1a\x00\xea\xff\xf0\xff\xf4\xff\xf5\xff\x46\x00\xd0\xff\xf6\xff\xef\xff\xa0\xff\xe2\xff\x04"
  "\x00\xec\xff\x36\x00\xeb\xff\xfb\xff\x23\x00\xc2\xff\xcd\xff\xc4\xff\xfa\xff\xf2\xff\x0b\x00\xfc\xff\xf6\xff\x07\x00\x1a\x00\xe5\xff\x25\x00\xc0\xff\x21\x00\xf2"
  "\xff\xf9\xff\x0f\x00\xcd\xff\xd4\xff\x19\x00\xf8\xff\x0f\x00\xc2\xff\xf0\xff\x3f\x00\xfb\xff\xef\xff\xd3\xff\x0f\x00\x32\x00\xef\xff\x1b\x00\xb0\xff\xfb\xff\x25"
  "\x00\xf6\xff\x14\x00\x08\x00\x2c\x00\xea\xff\xca\xff\x02\x00\x23\x00\xf6\xff\xf3\xff\x0a\x00\xb2\xff\xfa\xff\xda\xff\xdf\xff\x24\x00\xff\xff\xe5\xff\x16\x00\xea"
  "\xff\xf2\xff\x4d\x00\x07\x00\x06\x00\x08\x00\x16\x00\x00\x00\xf6\xff\x21\x00\xb5\xff\xff\xff\xd0\xff\x03\x00\xe7\xff\xce\xff\x49\x00\x2a\x00\xcd\xff\xf0\xff\x20"
  "\x00\x0e\x00\x2d\x00\x19\x00\x18\x00\xdd\xff\xe5\xff\xe9\xff\x09\x00\x1f\x00\xbc\xff\xa1\xff\xa7\xff\x53\x00\xae\xff\x41\x00\x4b\x00\xc3\xff\xfb\xff\xed\xff\xf8"
  "\xff\x31\x00\xdc\xff\x0e\x00\x0a\x00\x01\x00\x07\x00\x10\x00\x16\x00\x1e\x00\x52\x00\x1c\x00\xfe\xff\xed\xff\x13\x00\x18\x00\xe5\xff\x2c\x00\x38\x00\xe5\xff\xdd"
  "\xff\x7d\x00\xd8\xff\xfc\xff\x16\x00\x4b\x00\x07\x00\x07\x00\x2b\x00\x25\x00\xf2\xff\xd7\xff\xdd\xff\xcd\xff\xf4\xff\xf1\xff\x15\x00\x31\xff\x29\x00\x34\x00\xd2"
  "\xff\xf5\xff\xee\xff\xe4\xff\xf9\xff\xf8\xff\x0e\x00\xd3\xff\xf6\xff\xd5\xff\x2f\x00\xd9\xff\x19\x00\x13\x00\x0e\x00\xc5\xff\xe1\xff\xf1\xff\x08\x00\xf4\xff\x0d"
  "\x00\x19\x00\x03\x00\x0b\x00\xd2\xff\x27\x00\x4e\x00\xe9\xff\x7f\xff\x19\x00\x8c\xff\x15\x00\x39\x00\xb8\xff\x0d\x00\xf3\xff\xbd\xff\x00\x00\xda\xff\xed\xff\x8f"
  "\x00\x15\x00\x25\x00\xfc\xff\xdb\xff\xdb\x00\x56\x00\xf8\xff\xce\xff\x18\x00\x49\xff\xd4\xff\x15\x00\x2c\x00\xb5\xff\x11\x00\x1e\x00\xfa\xff\x97\x00\x08\x00\x4c"
  "\x00\x09\x00\xff\xff\xf8\xff\x9a\xff\xe0\xff\x15\x00\xab\xff\x0a\x00\xff\xff\xcd\xff\x29\x00\xfe\xff\x11\x00\xda\xff\x17\x00\xf6\xff\x43\xff\x71\x00\xd4\xff\x01"
  "\x00\x62\x00\xf8\xff\xf9\xff\x24\x00\xf6\xff\xeb\xff\x19\x00\xff\xff\x09\x00\x10\x00\xd5\xff\x39\xff\xed\xff\xdf\xff\x08\x00\xfd\xff\x23\x00\x23\x00\xdd\xff\xa5"
  "\xff\xfa\xff\xf0\xff\x14\x00\x0e\x00\xe8\xff\x22\x00\xe2\xff\x0b\x00\x8d\x00\xdf\xff\x32\x00\x34\x00\x0d\x00\x7a\xfe\x0d\x00\xfb\xff\xe4\xff\xec\xff\xf9\xff\xec"
  "\xff\xfc\xff\xf7\xff\xf9\xff\xfa\xff\x05\x00\xf8\xff\x31\x00\xf2\xff\x04\x00\x09\x00\x1e\x00\x0f\x00\x23\x00\xe3\xff\xe7\xff\xff\xff\xe9\xff\xe1\xff\xd9\xff\x27"
  "\x00\x0e\x00\xd5\xff\xe1\xff\xec\xff\xe0\xff\x86\xff\xf9\xff\x0b\x00\xf9\xff\xdc\xff\x3e\x00\x28\x00\xe4\xff\x0d\x00\x0b\x00\xfa\xff\x1b\x00\xd4\xff\x03\x00\x47"
  "\x00\x90\xff\x43\x00\xce\xff\x1e\x00\x20\x00\xc7\xff\xbd\xff\x9c\x00\x3f\x00\xdf\xff\x11\x00\xfc\xff\xa0\xff\x12\x00\xba\xff\x1e\x00\x12\x00\xf2\xff\x1e\x00\xe7"
  "\xff\x40\x00\xbe\xff\xcf\xff\x58\x00\x8d\xff\x00\x00\x61\x00\x9a\xff\xee\xff\xd6\xff\xfc\xff\x9c\xff\x39\x00\x2b\x00\x45\x00\x7f\x00\x1c\x00\x15\x00\x2c\x00\x55"
  "\xfe\xd4\x00\xe3\xff\xdd\xff\x34\x00\x89\xff\xaf\xff\xe9\xff\x17\x00\xff\xff\xf1\xff\xeb\xff\xfd\xff\x1c\x00\x33\x00\x27\x00\x18\x00\xdc\xff\x85\xff\x4e\x00\xf6"
  "\xff\xd2\xff\xf4\xff\x1b\x00\x07\x00\xd7\xff\x16\x00\x8c\xff\xc1\xff\x95\xff\xdb\xff\xcc\xff\x7d\xfe\xe4\xff\x80\x00\x34\x00\x08\x00\xb3\xff\xa0\x00\x55\x00\x02"
  "\x00\x86\x00\x50\x00\xf3\xff\xe0\xff\xe0\xff\xe4\xff\x0d\x00\xfc\xff\xeb\xff\x16\x00\xfb\xff\xfb\xff\xed\xff\x31\x00\x48\x00\xe5\xff\x47\x00\x28\x00\x14\x00\x19"
  "\x00\x1f\x00\xf9\xff\x1c\x00\xd7\xff\x13\x00\xd7\xff\xf6\xff\x27\x00\x1e\x00\x17\x00\xe5\xff\x00\x00\x08\x00\xf2\xff\x34\x00\x16\x00\xff\xff\xfb\xff\xfe\xff\xc3"
  "\xff\x42\x00\x07\x00\x00\x00\xfa\xff\x1b\x00\x4e\xff\xc4\xff\xa1\xff\xc0\x00\xcb\xff\xed\xff\xe3\xff\x4f\x00\xaf\xff\x11\x00\x89\x00\xb5\xff\xb2\xff\x0c\x00\xfd"
  "\xff\x51\x00\x8e\x00\x21\x00\xc6\xff\x4c\x00\x51\x00\xfb\xff\xf3\xff\x34\x00\xef\xff\x63\x00\x00\x00\x1e\x01\xab\xff\x06\x00\x16\x00\x04\x00\x05\x00\xef\xff\x95"
  "\xff\xc2\xff\x08\x00\x69\xff\x12\x00\xb9\xff\x00\x00\x2d\x00\xe6\xff\x74\x00\x0b\x00\xd8\xff\xfb\xff\xf9\xff\x4a\x00\xc4\xff\xb7\xff\x15\x00\x59\x00\x1e\x00\x19"
  "\x00\x15\x00\x00\x00\xf6\xff\x44\x00\xf9\xff\x9c\xff\xd2\xff\xfe\xff\x12\x00\xd5\xff\x57\x00\xb8\xff\xde\xff\xe8\xff\xff\xff\xdb\xff\x08\x00\x1b\x00\x0e\x00\x0b"
  "\x00\x0f\x00\xee\xff\x24\x00\x33\x00\xd1\xff\x13\x00\x0a\x00\xa9\xff\xc2\xff\xeb\xff\x0a\x00\xed\xff\x83\xff\x43\x00\xd8\xff\xfb\xff\xa2\xff\xea\xff\xfb\xff\xfa"
  "\xff\xf8\xff\xd4\xff\x01\x00\x4b\x00\xde\xff\xce\xff\x37\x00\x98\xff\xcf\xff\x15\x00\xb5\xff\xb8\x00\x65\x00\x01\x00\x37\x00\x2d\x00\xea\xff\xfd\xff\xde\xff\x13"
  "\x00\xf3\xff\x55\x00\x0c\x00\xe9\xff\xdf\xff\x90\xff\x1c\x00\x0f\x00\x2e\x00\x39\x00\x0a\x00\x03\x00\xed\xff\x87\x00\xdd\xff\xb3\xff\xee\xff\x02\x00\xd1\xff\x1f"
  "\x00\xd7\xff\x19\x00\x08\x00\xfe\xff\x38\x00\xd5\xff\xe2\xff\xf5\xff\x21\x00\x1c\x00\x0d\x00\xed\xff\x4e\x00\x38\x00\x0d\x00\x5a\x00\xe2\xff\x02\x00\xef\xff\xc4"
  "\xff\xf9\xff\x7c\x00\xf5\xff\xe5\xff\xfc\xff\x08\x00\x0b\x00\xca\xff\x07\x00\x2a\x00\x00\x00\xff\xff\x10\x00\x1a\x00\xf6\xff\xd9\xff\x5d\xff\x18\x00\x2b\x00\xf4"
  "\xff\x0c\x00\xd8\xff\xc9\xff\x03\x00\x12\x00\x3c\x00\x41\x00\xef\xff\xdd\xff\x0d\x00\xd6\xff\xfc\xff\x01\x00\x3f\x00\x18\x00\xf0\xff\xe7\xff\x13\x00\x0d\x00\x0f"
  "\x00\x2c\x00\x22\x00\x28\x00\xf9\xff\x15\x00\xa5\xff\x09\x00\x11\x00\x63\x00\x57\x00\xe7\xff\xa6\xff\x85\x00\x8b\xff\xbf\xff\x0f\x00\x39\x00\x6f\x00\xd7\xff\x31"
  "\x00\xf0\xff\x01\x00\xdc\xff\xe5\xff\xf2\xff\x73\xff\x06\x00\xe6\xff\xed\xff\xe2\xff\xf8\xff\x27\x00\xf4\xff\x38\x00\xdc\xff\xda\xff\xcf\xff\x16\x00\x0d\x00\xd1"
  "\xff\x42\x00\xdc\xff\xe7\xff\xcc\xff\x59\x00\x02\x00\x05\x00\x06\x00\x2d\x00\x0d\x00\x52\x00\xd8\xff\x08\x00\xed\xff\xee\xff\x19\x00\xde\xff\xfa\xff\x09\x00\x20"
  "\x00\x02\x00\xbe\xff\xdf\xff\x10\x00\x1c\x00\xd9\xff\x17\x00\x1c\x00\xe4\xff\x10\x00\x15\x00\x0b\x00\x50\x00\xd3\xff\x02\x00\xe7\xff\xce\xff\xe9\xff\x35\x00\xe4"
  "\xff\x02\x00\xf8\xff\xe9\xff\xf7\xff\x21\x00\x0a\x00\x1f\x00\x04\x00\x22\x00\x16\x00\xe6\xfe\xc3\xff\x0a\x00\x02\x00\xe1\xff\x51\x00\x0c\x00\xc6\xff\xe5\xff\x50"
  "\x00\x28\x00\x09\x00\xb2\xff\x95\xff\x27\x00\x05\x00\xe6\xff\x2d\x00\x52\x00\xfd\xff\xd2\xff\x12\x00\x1a\x00\x18\x00\x10\x00\x0b\x00\x10\x00\xc7\xff\x3e\x00\xea"
  "\xff\xba\xff\xc8\xff\xf7\xff\x21\x00\xf7\xff\xd4\xff\xf0\xff\x5d\x00\xd2\xff\xd6\xff\x4b\x00\x0c\x00\x0e\x00\x09\x00\x04\x00\x1d\x00\x5a\x00\x5b\x00\x0b\x00\xdf"
  "\xff\xf3\xff\x03\x00\x20\x00\xfb\xff\xb8\xff\x05\x00\xc3\xff\xec\xff\x0f\x00\x11\x00\xda\xff\x11\x00\xfd\xff\xfa\xff\xda\xff\x30\x00\xfa\xff\x17\x00\x32\x00\xbb"
  "\xff\xb9\xff\x4e\x00\x61\x00\xcd\xff\xfa\xff\x25\x00\xd5\xff\x09\x00\xc8\xff\xe4\xff\xd7\xff\x0c\x00\xf5\xff\x10\x00\x23\x00\x32\x00\xed\xff\x2d\x00\x23\x00\xc4"
  "\xff\x14\x00\xe8\xff\x21\x00\x37\x00\xf8\xff\xdd\xff\xf6\xff\x5a\x00\xf4\xff\xaf\xff\x4b\x00\x53\x00\x18\x00\x12\x00\x94\xff\xd8\xff\x7b\x00\x04\x00\xd6\xff\x06"
  "\x00\xdb\xff\xfa\xff\xad\xff\xe3\xff\x84\x00\xc6\xff\x85\xff\x14\x00\xbd\xff\x70\x00\x30\x00\x06\x00\xf7\xff\x39\x00\x54\x00\x0e\x00\xed\xff\xe0\xff\xf3\xff\x2a"
  "\x00\xf6\xff\x19\x00\x21\x00\x71\x00\xd4\xff\x05\x00\x17\x00\xec\xff\xf6\xff\x1f\x00\x15\x00\xf1\xff\x6e\x00\xc1\xff\xe4\xff\x10\x00\xd9\xff\x2a\x00\xe9\xff\xfa"
  "\xff\xc7\xff\xc9\xff\x0f\x00\x19\x00\x00\x00\x04\x00\xe7\xff\x4a\x00\xc2\xff\xe3\xff\x06\x00\xf3\xff\x10\x00\xb1\xff\x23\x00\x41\x00\x16\x00\xe4\xff\x08\x00\x39"
  "\x00\x1f\x00\x42\x00\xfd\xff\x14\x00\x29\x00\x26\x00\xdd\xff\xce\xff\x00\x00\xf8\xff\xfa\xff\xb1\xff\x0e\x00\x1f\x00\xf2\xff\x43\x00\x4c\x00\x1a\x00\xb7\xff\x0e"
  "\x00\x3c\x00\xf5\xff\xb1\x00\x00\x00\x09\x00\x00\x00\x03\x00\x00\x00\x32\x31\x33\x02\x00\x00\x00\xaf\x00\x00\x00\xb0\x00\x00\x00\x04\x00\x00\x00\x01\x00\x00\x00"
  "\x01\x00\x00\x00\x01\x00\x00\x00\x01\x00\x00\x00\x04\x00\x00\x00\x00\x00\x00\x00\x00\x00\x00\x00\x00\x00\x00\x00\x00\x00\x00\x00\x01\x00\x00\x00\x00\x00\x00\x00"
  "\xb2\x00\x00\x00\x01\x00\x00\x00\x17\x00\x00\x00\x35\x2e\x73\x70\x6c\x69\x74\x5f\x79\x5f\x70\x61\x74\x68\x2e\x37\x2e\x30\x2e\x62\x69\x61\x73\x00\x00\x00\x00\x01"
  "\x00\x00\x00\x20\x00\x00\x00\x00\x00\x02\x00\x00\x00\x09\x00\x00\x00\x23\x00\x11\x00\xff\xff\x14\x00\x0c\x00\xf8\xff\x02\x00\xd3\xff\xee\xff\xdd\xff\x10\x00\x1a"
  "\x00\x18\x00\x14\x00\x02\x00\x11\x00\xf2\xff\xf8\xff\xf4\xff\x16\x00\xfc\xff\x02\x00\xd6\xff\x01\x00\x1b\x00\x10\x00\xf7\xff\x02\x00\x59\x00\xff\xff\x04\x00\xe6"
  "\xff\xb3\x00\x00\x00\x04\x00\x00\x00\x10\x00\x00\x00\x32\x31\x33\x5f\x4e\x4f\x54\x5f\x49\x4e\x5f\x47\x52\x41\x50\x48\x02\x00\x00\x00\xb1\x00\x00\x00\xb2\x00\x00"
  "\x00\xb4\x00\x00\x00\x01\x00\x00\x00\x19\x00\x00\x00\x35\x2e\x73\x70\x6c\x69\x74\x5f\x79\x5f\x70\x61\x74\x68\x2e\x38\x2e\x30\x2e\x77\x65\x69\x67\x68\x74\x00\x00"
  "\x00\x00\x04\x00\x00\x00\x03\x00\x00\x00\x01\x00\x00\x00\x01\x00\x00\x00\x20\x00\x00\x00\x00\x00\x02\x00\x00\x00\x0b\x00\x00\x00\x34\x00\x22\x00\x01\x00\xf1\xff"
  "\x1c\x00\xf3\xff\x02\x00\x98\xff\xfb\xff\x0d\x00\xb0\xff\xee\xff\xd7\xff\x06\x00\x03\x00\xfb\xfe\x12\x00\x25\x00\xf7\xff\xfc\xff\xf1\xff\x68\x00\x85\x01\xde\x00"
  "\x08\x00\x9d\xff\x40\x00\x05\x00\x7c\x00\xc7\xfe\x07\x00\x2b\x00\x8e\x01\x3f\x01\x8f\x01\x8a\xfe\xae\xfe\x3f\x01\xa2\xfe\x29\xff\xa1\xfe\x89\x01\xff\xfe\x55\x01"
  "\x94\xfe\x30\xfe\x5d\xfe\xef\xff\xa8\xfe\x2c\x01\x44\x01\x9f\xfe\x5d\xfe\xce\x00\x9d\xff\xf2\xff\x40\xff\x48\xfe\x18\x01\x7a\xfe\xc7\x00\xac\x00\xc8\xfe\x48\xfe"
  "\x38\x00\x25\x00\x13\x00\x18\x00\xea\xff\x09\x00\xfe\xff\x9c\xff\x12\x00\xe9\xff\xac\xff\xf1\xff\xd3\xff\x12\x00\xf4\xff\x68\x01\xf0\xff\x16\x00\xe2\xff\x01\x00"
  "\x0f\x00\x6e\x00\x08\x00\xa6\x00\x46\x01\x78\xff\x51\x00\x0a\x00\x85\x00\x00\x00\xf8\xff\xdd\xff\xb5\x00\x00\x00\x09\x00\x00\x00\x03\x00\x00\x00\x32\x31\x34\x02"
  "\x00\x00\x00\xb3\x00\x00\x00\xb4\x00\x00\x00\x04\x00\x00\x00\x01\x00\x00\x00\x01\x00\x00\x00\x01\x00\x00\x00\x01\x00\x00\x00\x04\x00\x00\x00\x01\x00\x00\x00\x00"
  "\x00\x00\x00\x01\x00\x00\x00\x00\x00\x00\x00\x20\x00\x00\x00\x00\x00\x00\x00\xb6\x00\x00\x00\x01\x00\x00\x00\x17\x00\x00\x00\x35\x2e\x73\x70\x6c\x69\x74\x5f\x79"
  "\x5f\x70\x61\x74\x68\x2e\x38\x2e\x30\x2e\x62\x69\x61\x73\x00\x00\x00\x00\x01\x00\x00\x00\x20\x00\x00\x00\x00\x00\x02\x00\x00\x00\x0b\x00\x00\x00\x23\x00\x05\x00"
  "\x0f\x00\xea\xff\xff\xff\xdf\xff\xf7\xff\xee\xff\x18\x00\xf3\xff\x2f\x00\xa3\xff\x01\x00\xfa\xff\xf9\xff\xf0\xff\x2a\x00\xa7\xff\x0b\x00\xc8\xff\xe9\xff\xd4\xff"
  "\x05\x00\x02\x00\x18\x00\x03\x00\x05\x00\xed\xff\x40\x00\xe9\xff\xeb\xff\x0b\x00\xb7\x00\x00\x00\x04\x00\x00\x00\x10\x00\x00\x00\x32\x31\x34\x5f\x4e\x4f\x54\x5f"
  "\x49\x4e\x5f\x47\x52\x41\x50\x48\x02\x00\x00\x00\xb5\x00\x00\x00\xb6\x00\x00\x00\xb8\x00\x00\x00\x01\x00\x00\x00\x19\x00\x00\x00\x35\x2e\x73\x70\x6c\x69\x74\x5f"
  "\x79\x5f\x70\x61\x74\x68\x2e\x39\x2e\x30\x2e\x77\x65\x69\x67\x68\x74\x00\x00\x00\x00\x04\x00\x00\x00\x01\x00\x00\x00\x03\x00\x00\x00\x01\x00\x00\x00\x20\x00\x00"
  "\x00\x00\x00\x02\x00\x00\x00\x0d\x00\x00\x00\x54\xff\x45\x03\x11\x00\xda\xff\x1a\x00\xf4\xff\x76\xff\xc1\x01\xef\xff\xec\xff\xe0\xfe\xe0\xff\xcd\x00\x9b\x00\xb6"
  "\xff\xbd\xfd\xf5\xfa\xe9\xfe\x1a\x00\xd8\xff\x3f\xfb\xbc\x02\xd2\xff\xdd\xfe\x0e\x00\x3b\xfb\xb8\xff\xe8\xff\xb8\x01\x85\xff\xaa\xff\xd5\xff\x44\xfa\x26\x03\x28"
  "\xfa\xa3\xfa\x2c\xfb\x31\xfb\x4a\x05\x75\x02\x24\x05\x4d\xfa\x72\xfc\xe2\x04\xd0\x04\x48\xf9\xf4\xf9\x07\xfc\xdd\x00\x83\xfc\x31\xfb\xa3\xfa\x3f\x03\x6f\x00\x89"
  "\xfa\x31\xfd\x93\xfa\x88\x04\xd6\xfb\x1c\x02\x96\x02\x37\x05\xb2\x04\x46\x06\x4e\xff\xee\xfe\xef\xff\x42\x00\xce\xff\x44\x00\x30\x00\x6e\x01\xfd\xff\xf2\xff\x09"
  "\xff\x5b\x01\x94\x00\x86\xff\x7f\x00\x74\xfe\xef\xff\xf5\xfe\x3d\x00\x60\x00\xd1\xff\xaa\x02\x36\x00\x9f\xfe\x63\x00\x2f\x00\xe6\xff\xc2\xfa\xc2\x01\xf8\xff\xf8"
  "\xff\xe1\xff\xb9\x00\x00\x00\x09\x00\x00\x00\x03\x00\x00\x00\x32\x31\x35\x02\x00\x00\x00\xb7\x00\x00\x00\xb8\x00\x00\x00\x04\x00\x00\x00\x01\x00\x00\x00\x01\x00"
  "\x00\x00\x01\x00\x00\x00\x01\x00\x00\x00\x04\x00\x00\x00\x00\x00\x00\x00\x01\x00\x00\x00\x00\x00\x00\x00\x01\x00\x00\x00\x20\x00\x00\x00\x00\x00\x00\x00\xba\x00"
  "\x00\x00\x01\x00\x00\x00\x17\x00\x00\x00\x35\x2e\x73\x70\x6c\x69\x74\x5f\x79\x5f\x70\x61\x74\x68\x2e\x39\x2e\x30\x2e\x62\x69\x61\x73\x00\x00\x00\x00\x01\x00\x00"
  "\x00\x20\x00\x00\x00\x00\x00\x02\x00\x00\x00\x0d\x00\x00\x00\x55\x00\x04\x00\xfb\xff\xe7\xff\x01\x00\xed\xff\xfc\xff\xc1\xff\x12\x00\x1b\x00\x54\x00\x13\x00\x08"
  "\x00\xfc\xff\x0f\x00\xf2\xff\xfd\xff\xf5\xff\x0b\x00\x02\x00\xf7\xff\x24\x00\x0d\x00\xf3\xff\x04\x00\xfe\xff\xf6\xff\xf5\xff\x06\x00\xf1\xff\x29\x00\xfb\xff\xbb"
  "\x00\x00\x00\x04\x00\x00\x00\x10\x00\x00\x00\x32\x31\x35\x5f\x4e\x4f\x54\x5f\x49\x4e\x5f\x47\x52\x41\x50\x48\x02\x00\x00\x00\xb9\x00\x00\x00\xba\x00\x00\x00\xbc"
  "\x00\x00\x00\x01\x00\x00\x00\x1a\x00\x00\x00\x35\x2e\x73\x70\x6c\x69\x74\x5f\x79\x5f\x70\x61\x74\x68\x2e\x31\x30\x2e\x30\x2e\x77\x65\x69\x67\x68\x74\x00\x00\x00"
  "\x00\x04\x00\x00\x00\x01\x00\x00\x00\x01\x00\x00\x00\x20\x00\x00\x00\x20\x00\x00\x00\x00\x00\x02\x00\x00\x00\x0d\x00\x00\x00\x3d\x08\x81\x13\xa6\x07\x3b\x08\x85"
  "\x10\xf9\xff\x28\x00\x96\xfd\xf0\xff\x66\x00\x1f\xfd\xf8\xff\xbf\xff\xd5\x11\x86\x00\xc9\xfd\x1a\x00\x50\xff\x3c\x00\x6b\x00\x0a\x00\x0e\xfd\x3e\x00\x6d\xff\x4b"
  "\xff\x8e\x00\xb6\x00\x98\xff\xaa\xfe\xbc\x00\x5c\x07\x21\x00\x8f\x00\xc0\x00\x75\x00\x7e\x00\x8a\x00\xc1\xff\xc9\xf9\x53\x00\x14\x00\xf2\xff\x2e\x00\x44\x00\x42"
  "\xff\xae\x00\x2a\x00\x53\x00\xdf\xff\xb3\xff\xd9\xff\xed\xff\x90\xfa\x27\x00\x47\x00\xc5\xff\x0d\x00\xe8\xff\xec\xff\x33\x00\xc6\x05\x66\xff\xcf\x00\x51\x00\x44"
  "\x02\x08\x01\x53\xfd\x01\x00\x85\xf9\x8f\x00\xe4\xff\x0c\x03\x3c\x00\x2f\x01\x43\xff\x75\xff\x69\x00\x5f\x08\x2f\xff\x64\xfc\xaf\xff\xee\xff\xa5\xff\x99\xfe\x7a"
  "\xff\xc9\xff\x0e\x00\x05\x00\x66\x01\xbf\x00\xbc\xfe\x37\x00\x02\x00\xff\xff\x18\x01\x2a\x00\x2c\x02\x4a\xfd\x8e\xfc\x6f\xfb\xff\x03\xf5\xfc\x67\x00\x0a\x02\xbb"
  "\x00\xed\x03\x69\x01\x18\x03\x1c\x00\x36\xfd\xc9\xfe\xcd\x00\xa3\xfb\x10\x02\x52\xff\x77\xff\x99\x00\xea\xfd\x16\x00\xfc\xff\x8e\x00\x46\x01\x17\xfc\x1f\xfe\xb4"
  "\xfe\x7f\xff\x4a\xfc\x4e\x04\x13\x00\x21\xfd\x06\x06\x54\x07\xe4\x02\xca\xff\xc2\x00\x3f\xff\x1f\x00\x52\xff\x70\xfd\x3b\x00\xd3\x00\x3f\xfe\x02\x00\x14\xfd\x99"
  "\xfb\xfc\x00\xeb\xff\x65\xfe\xee\x00\x8d\x00\xa7\xff\x53\x00\x9b\x01\x06\x00\x29\x01\xfa\xfe\x88\xff\x5c\xff\xf5\x03\xe6\x04\x8e\x01\x57\xfe\x1e\xfe\x39\xff\xe2"
  "\xfc\x88\x04\x95\x00\xa6\xff\x30\x00\x4c\x01\x7c\x00\x6f\xfb\x83\xff\x72\xff\x62\x02\xf0\xff\xc8\xfd\xa6\x01\xfd\xff\xd6\x02\x62\x00\xe2\xfe\xe7\x05\x31\xfa\x26"
  "\xfd\xa3\xfd\x61\xfe\x3a\xfe\xc5\xfe\x90\xfe\x08\x00\x22\x02\x23\x05\x39\xfd\x74\xfe\xcb\x06\xdd\x00\xed\xfe\x8e\x00\xbf\xfd\xa1\xfa\xea\xff\xbb\x01\x35\x01\xd8"
  "\xff\xc2\x02\x09\xfe\xf9\xfe\xfb\xff\x0e\x00\x68\x05\x87\x00\xb1\xff\x76\xfd\x1d\xff\xea\x00\x7c\xff\xfe\x01\x57\x00\xc9\xff\xa9\xff\x2e\x01\x3d\x02\x4e\x00\xc6"
  "\xfe\x63\xfe\x9c\xfe\xf5\xfd\xae\xfd\x11\x00\x44\xf5\x43\x00\x39\x00\x5e\x00\x30\x00\x5e\x00\xa1\xff\x53\xfe\xfa\xff\x42\x00\x9d\x00\x85\x00\x25\x00\xd9\xff\xc6"
  "\xfe\x20\x00\x3d\x00\xed\xff\xae\x00\x62\x00\x67\x00\x01\x00\xa0\xf5\x0d\x00\x0d\xfe\x3d\x00\x19\x03\x75\x01\xf3\xfc\xe6\xfd\xc5\xfe\x2f\x04\x2a\xff\x4b\x01\xc6"
  "\xff\x7e\xff\x9f\x01\xed\xfb\x76\xff\x6c\x00\xf5\xff\xfd\x01\x74\xfd\xc7\xff\x3a\x00\x66\xf9\x3d\xff\x74\xfe\x6a\x01\xce\xfe\x93\x06\xe3\xff\x0c\x00\x7d\x00\xba"
  "\x00\x03\x01\xac\xfd\x68\x02\xfe\x03\x5e\xfa\x06\x03\x23\xff\x6e\x07\x6a\x02\x04\xff\x4f\x00\xd9\xff\x11\x04\x84\xfe\x9e\xfd\x2b\x00\x61\xfd\x0a\x00\x62\xff\x76"
  "\x03\xda\xfe\x34\x00\x2b\xff\xd7\xff\x70\xfe\x8d\xff\x76\x00\xcd\x00\x13\x00\xf2\xfb\x21\x01\xca\x00\xd0\xff\xaf\x02\xa2\xfc\xc4\x01\x12\x02\xa0\x01\xf6\x01\x52"
  "\x02\x07\x01\x03\x02\x03\x00\xc8\x00\x17\x00\x03\x00\xf8\x00\x08\x01\x8e\x02\x74\xff\x19\x00\x7d\x01\xed\x02\x90\x00\x60\x01\x8e\x00\x18\x00\x60\x01\x04\x01\xcc"
  "\x01\x4d\xff\x75\x00\xd6\x02\xd7\x02\xfd\xff\x1b\x02\xf5\x00\xa4\xfb\xcc\xfe\x54\xfe\xd3\xfb\x2a\xfc\x68\xff\xfa\x02\xd2\xff\x05\x00\x02\x00\x94\xff\x9b\x00\x5c"
  "\x01\xbd\xfc\xca\xff\xc7\xff\x6c\x00\xd8\x00\xef\xff\xf2\xfe\x8f\xf7\x0b\x00\x77\xff\x88\x00\x13\x01\xf8\xff\x9c\xff\x24\xff\x9b\xfd\xfc\xfe\x38\xfc\x80\xff\xb7"
  "\xfc\x49\x01\x8c\xfb\x72\xf8\xac\xfa\x03\xff\xc3\xff\xc5\xfc\x2d\xff\x50\xff\xec\xfc\x3d\xff\xf0\xff\x68\xfc\xf1\xff\x43\xfc\x0d\xff\x6c\x00\xde\xff\x6e\xff\x8c"
  "\xfe\x47\xfc\x1c\xff\x28\x00\x65\xff\x95\xff\x2e\x00\xa6\xff\x26\x02\x77\xff\xd8\xf7\xc3\xff\x08\xff\xa6\xf9\x99\x03\x2f\x01\xa7\xff\xf7\xfe\x19\x00\xe1\xff\xc8"
  "\x01\xc6\x00\x90\xfd\x1f\x01\x76\xff\x46\x05\xe8\xfa\xc6\x01\x1e\x00\x63\xff\x52\xfe\x51\x00\xbe\xff\xc0\xff\xc9\x02\x46\xfd\xaf\xff\x69\x05\x2d\xff\xaf\x00\xf1"
  "\xff\x86\xff\x2d\xfb\xd1\xff\x03\xf9\xfe\x01\x49\xfa\x7d\x00\xb2\x04\x82\x02\x0f\x00\x2a\x01\xb1\xfd\x29\xff\x07\x01\x5c\xfd\xc3\xff\xbd\xfe\xfc\xfb\x14\xff\xb8"
  "\xff\x70\x00\x1b\x02\x71\x00\x3e\x00\xeb\x01\x2d\x02\xd8\xfd\x9a\xff\xe6\x03\xfd\x00\xbb\xff\x8d\x00\x58\x00\xca\xfc\x3c\x00\x74\x00\x4a\x00\x35\x00\x66\x00\x7e"
  "\x00\x06\x00\x82\xff\xfa\xff\x19\x00\xfd\xff\x08\x00\xf1\xff\x79\xfb\x4b\x00\xe8\xff\x04\x00\xfe\xff\x7a\x00\xe3\xff\x00\x00\x1a\x00\x0e\x00\xee\xff\x08\x00\x04"
  "\x00\xfd\xff\x09\x00\xa5\xff\x04\x01\x04\x04\x74\x00\x0b\x00\x49\x00\x20\xff\xff\x01\x6d\x02\xf7\x00\xd0\x01\xd7\xfe\x03\xff\x6d\x00\x9c\x00\x31\xff\x1e\xfe\x8a"
  "\xff\x72\xff\xc5\xff\x21\xff\xa5\xfc\x42\xfe\xb7\xff\xfa\x00\x6b\x01\xd4\xff\x9d\xfe\x55\x01\xed\xfe\x65\x00\x90\xff\xc1\x01\xe0\x02\x9d\x00\xe7\x00\xbb\x03\xcd"
  "\x01\xea\x02\x7d\x01\x13\x01\x72\x02\x3f\x00\x0d\x01\x8c\xff\x95\x02\x26\x01\x89\xff\x9b\x00\x26\x00\x74\x02\x77\x04\x49\xff\x98\xff\xca\x00\x99\x02\x42\x00\x42"
  "\x04\x87\xff\xb4\x01\x0d\x01\x57\xff\x61\x04\xb5\x00\xd7\xff\x2b\xff\x96\xff\xb6\x00\x76\x00\x2a\x00\x12\x00\x61\x00\x70\x00\x38\x00\x40\x00\x6d\xff\xed\xff\x8d"
  "\x00\xd7\xff\xf7\xff\xce\xff\x50\xfe\xf2\xff\x8f\xff\x04\x00\x91\x00\xe9\x05\x83\xff\xc1\xff\x45\x00\x2a\x00\x9e\xfe\x6e\x01\x4f\x00\x8c\x00\x3a\x00\xc5\xf9\xbe"
  "\x00\xdd\x00\x79\x00\x6f\xff\x19\xff\x6e\x00\x99\x05\x7e\xf9\x1a\xfe\x99\x00\x59\x00\xd5\x01\xb6\xfa\xc7\x01\x43\xfd\x6f\xff\x48\x00\x64\x00\xb4\x02\xab\x02\xa1"
  "\xfe\x5b\x01\x59\x05\x23\x01\x21\x00\x7e\x00\x16\xff\xdd\x00\xda\xfe\x3c\xfd\xfb\xfd\xaf\xfe\x8b\xff\x21\xff\x34\xfd\x52\x01\x37\x00\x5f\x02\x91\xfe\xc5\xff\x39"
  "\xff\xf7\xfd\xea\x02\xe9\x00\x59\xff\xf0\xfe\x2b\x01\x26\x02\x8f\x00\x0e\x02\x7d\x00\x20\x01\xf2\xfc\x80\xff\x99\x00\x67\x00\xb3\x01\x41\x00\x53\x01\xc0\xfe\x87"
  "\xff\x61\xff\xeb\x00\x82\x00\xd4\xfd\x72\xff\x50\xff\x11\x03\x30\xff\x6f\xff\x56\xff\xd8\xfe\xc5\xfe\x44\x00\xb5\xff\xe8\xff\x5d\x00\xaa\xff\xfb\xff\x09\x00\x52"
  "\xff\x0c\xff\x3a\x00\xf1\xff\x21\x00\xdc\xfe\x19\x00\xff\xff\x29\xf9\xc7\xff\x12\x00\xfa\xff\xc2\xff\x37\x00\x08\x00\xd3\x00\x48\xfe\x64\x02\xe9\xfe\x8c\xff\x99"
  "\x01\xbd\xff\x62\x00\xaa\x00\x58\xff\x49\xfe\x90\x00\x69\xff\xb3\x02\xc0\xff\x29\x00\xb6\x01\x8e\xfd\x5d\x00\x49\x01\xb8\xff\xfc\x00\xf4\xfd\x3b\xfd\x3e\xff\xc7"
  "\xff\x0b\xff\x90\xfe\x8a\x01\x93\x00\xbe\xfe\x87\x00\x23\x02\xbf\xff\x82\xff\x0b\x01\xfe\xfe\xfb\xff\x17\x00\x25\x00\x18\x00\xf3\xff\xf3\xff\xdf\xfe\xfc\xff\xe1"
  "\xff\xf2\xff\xf3\xff\x10\x00\x34\x05\x11\x00\x2a\x00\x00\x00\x0b\x00\xcb\xff\x30\x00\x05\x00\x67\xff\xf9\xff\x14\x00\x05\x00\x08\x00\xfc\xff\x08\x00\x46\x00\x7a"
  "\x00\xed\xfa\x2a\x00\x1c\x00\x81\xff\xaa\xff\x5a\xfd\x6c\x00\x44\x00\xae\x01\xe8\xff\xd3\xff\x18\x01\xbd\xff\xe6\x00\x6e\xfe\xd8\xfd\x6f\xff\x6f\xfe\x0c\xff\xa7"
  "\x00\xe6\xfd\x32\xff\xca\xfe\x18\x00\x0e\x00\x6f\x02\xa7\xfd\x2e\x01\x7d\x01\x35\x00\x5f\x02\xcf\x00\x19\x01\xaa\xff\x68\xff\xf3\xfe\x28\xff\x69\xff\xa5\xfe\x34"
  "\xfe\x04\x00\x9e\x05\x09\x00\x1f\x00\x92\xff\x70\x00\x0b\x00\xd2\x00\xdd\xfe\x2a\x00\x3b\x00\x49\x00\x4d\x00\xda\xff\x73\xff\xe5\x00\x32\x00\xb4\xff\x4b\x00\xc3"
  "\xff\xf1\xff\x8e\x00\x02\xff\xdf\x03\xce\x03\x85\xfe\x35\x01\x44\x01\x1e\x02\x39\xff\xef\xff\xca\x00\x3d\x00\x3b\xff\x5c\x00\x03\x00\xd2\x04\xcb\x00\xca\x00\x38"
  "\xff\x3e\x00\x1c\x02\xc9\xff\x28\x01\x80\xff\x13\x00\x38\x02\xa8\x00\x5c\x00\xf3\xfe\x2d\x00\x1e\x00\xbd\x00\xdc\x04\x04\x00\xdb\x01\x4e\x00\x05\x00\x88\x02\x0a"
  "\x02\xd9\xfe\x16\x00\x25\xfe\x07\x00\xce\x01\x39\x00\xa5\x00\xd0\xff\x41\x01\x23\x00\x21\xfe\x19\xff\xf2\xfe\x4a\x00\x60\x00\xf1\xff\xdf\xfd\x29\x00\xe3\xfd\x5c"
  "\xfd\xc9\xfe\x7b\x01\x79\xfe\xfc\x01\xcf\xff\xae\xfe\xf3\x01\xb3\xff\xfc\x01\x2e\xff\xf1\xff\x36\x00\x4c\x00\x0c\x00\x27\x00\x2e\x00\x03\x00\xc4\xff\xca\xff\xe1"
  "\xff\xe8\xff\xb7\xff\xe5\xff\xa2\xf7\x1c\x00\xf7\xff\xbd\xff\xee\xff\x86\xff\xe9\xff\xe3\xff\xae\xfe\xda\xff\xd5\xff\xdf\xff\xdd\xff\xc3\xff\xd6\xff\x5c\xff\x7d"
  "\xff\x7a\xf7\x0a\x00\xcb\xff\x5a\x01\x8c\xfe\x97\xff\x35\x02\xea\xff\x2e\xfd\x3c\xff\x35\xff\x31\xfd\xae\xff\x44\x00\xac\x02\xc1\x00\xb0\x00\x8e\xff\x85\xff\x1f"
  "\x01\xdd\x00\x8e\x02\x5b\xfe\x46\x00\xd1\xfe\x93\x01\x8a\xfe\x76\x01\x88\x00\x6e\x00\xca\xfe\x14\x00\x1f\xff\xea\xff\xba\xfe\x7a\x00\x6d\x01\xe0\xfe\x71\x00\xae"
  "\xfd\x07\x05\x89\x01\xcc\xff\xbe\x00\x3d\x00\xc0\x00\xfd\xfa\x98\x00\x07\x01\xb9\xfd\x39\x00\x9a\xfd\xe9\x00\x36\xff\xa0\x02\x1d\x00\x2c\xff\xef\xfa\x2d\x05\x60"
  "\xfd\x7e\x02\xa8\xff\x18\xff\x0e\xff\x4f\xff\x46\xff\x78\x02\xd4\xfb\xac\xff\xa0\xfd\xd0\xfd\x19\x00\x29\xff\x48\x00\x31\xfe\x09\x00\xb4\x05\x32\x00\xc3\x00\xed"
  "\xff\x47\x05\x01\x00\xc5\xff\xce\xfe\xf8\xff\xf6\xff\xd6\xfd\x24\x00\x36\x02\xeb\xff\x2c\x00\x42\x02\x01\x00\x18\xfa\xe6\xff\x67\xff\x5c\x01\x81\x06\x29\x01\xbd"
  "\x00\x00\x00\x09\x00\x00\x00\x03\x00\x00\x00\x32\x31\x36\x02\x00\x00\x00\xbb\x00\x00\x00\xbc\x00\x00\x00\x04\x00\x00\x00\x01\x00\x00\x00\x01\x00\x00\x00\x01\x00"
  "\x00\x00\x01\x00\x00\x00\x04\x00\x00\x00\x00\x00\x00\x00\x00\x00\x00\x00\x00\x00\x00\x00\x00\x00\x00\x00\x01\x00\x00\x00\x00\x00\x00\x00\xbe\x00\x00\x00\x01\x00"
  "\x00\x00\x18\x00\x00\x00\x35\x2e\x73\x70\x6c\x69\x74\x5f\x79\x5f\x70\x61\x74\x68\x2e\x31\x30\x2e\x30\x2e\x62\x69\x61\x73\x00\x00\x00\x00\x01\x00\x00\x00\x20\x00"
  "\x00\x00\x00\x00\x02\x00\x00\x00\x0d\x00\x00\x00\xc6\xff\xb5\xff\xce\xff\xb8\xff\xa0\xff\xff\xff\xd6\xff\x00\x00\xff\xff\xf8\xff\xfe\xff\xfa\xff\x00\x00\xa1\xff"
  "\xf8\xff\xff\xff\xfe\xff\x00\x00\xf6\xff\xfb\xff\xfd\xff\x00\x00\xf9\xff\xff\xff\xfe\xff\xfa\xff\xfc\xff\xf7\xff\xd7\xff\xfd\xff\xb4\xff\xfb\xff\xbf\x00\x00\x00"
  "\x04\x00\x00\x00\x10\x00\x00\x00\x32\x31\x36\x5f\x4e\x4f\x54\x5f\x49\x4e\x5f\x47\x52\x41\x50\x48\x02\x00\x00\x00\xbd\x00\x00\x00\xbe\x00\x00\x00\xc0\x00\x00\x00"
  "\x01\x00\x00\x00\x03\x00\x00\x00\x32\x34\x37\x00\x00\x00\x00\x03\x00\x00\x00\x01\x00\x00\x00\x01\x00\x00\x00\x01\x00\x00\x00\x00\x00\x02\x00\x00\x00\x0d\x00\x00"
  "\x00\x7d\x03\xc1\x00\x00\x00\x15\x00\x00\x00\x03\x00\x00\x00\x32\x31\x39\x02\x00\x00\x00\xbf\x00\x00\x00\xc0\x00\x00\x00\xc2\x00\x00\x00\x01\x00\x00\x00\x1a\x00"
  "\x00\x00\x35\x2e\x73\x70\x6c\x69\x74\x5f\x79\x5f\x70\x61\x74\x68\x2e\x31\x31\x2e\x30\x2e\x77\x65\x69\x67\x68\x74\x00\x00\x00\x00\x04\x00\x00\x00\x03\x00\x00\x00"
  "\x03\x00\x00\x00\x20\x00\x00\x00\x10\x00\x00\x00\x00\x00\x02\x00\x00\x00\x0d\x00\x00\x00\x52\x00\x07\xff\x8c\x00\xa0\xff\x2b\x00\x4b\xff\x20\x00\xf6\xff\x3f\x00"
  "\x4e\xff\x2d\x00\xcb\xff\x42\x00\xf4\xff\x93\x00\xd6\xff\xba\x00\x2d\x00\x1d\x00\x27\x00\xcb\x00\xfd\xff\x6f\xff\xbc\xff\x80\x00\xc7\xff\x14\x00\xe1\xff\x10\x01"
  "\x54\x00\x3c\x00\x0b\x00\x5d\x00\x35\x00\x07\x00\x46\x00\x94\x00\x0c\x00\x14\x00\x03\x00\x6d\x00\xc3\xff\xa8\x00\xec\xff\x31\x01\xfc\xff\x47\x00\xfe\xff\xd6\xfe"
  "\x42\x00\x8d\xff\x3c\x00\x47\x00\xfd\xff\x3f\xff\x9a\xff\xae\xff\x22\x00\x96\xff\x0c\x00\x76\x00\x61\x00\xd6\xff\xff\xff\x59\xff\xa0\xff\xfa\xff\xbc\xff\x40\xff"
  "\xe2\xff\x2d\x00\x3a\x00\x96\xfe\x2b\x00\xca\xff\x29\x00\x36\xfe\x7d\xff\x9c\xff\xe9\xff\xf5\xff\x04\x00\x04\x00\xf4\xff\xe1\xff\x01\x00\x0a\x00\x01\x00\xf4\xff"
  "\x08\x00\x0b\x00\x00\x00\x02\x00\xf2\xff\xff\xff\x04\x00\xa2\xff\xb4\xff\xba\xff\xd0\xff\x01\x00\xf2\xff\xf1\xff\xfc\xff\x05\x00\xf4\xff\xed\xff\xf7\xff\x05\x00"
  "\x01\x00\x08\x00\xf4\xff\xe4\xff\x21\x00\xf5\xff\xfa\xff\x4e\x00\x0d\x00\x11\x00\xf0\xff\x8d\x00\x12\x00\x1c\x00\xf2\xff\xc7\x00\x06\x00\x21\x00\xf7\xff\xe4\xff"
  "\xf0\xff\x0c\x00\x02\x00\x03\x00\x02\x00\x05\x00\x04\x00\xc8\xff\xf2\xff\x05\x00\xfe\xff\xfd\xff\xfc\xff\x00\x00\xff\xff\x06\x00\x19\x00\xd4\xff\x09\x00\x14\x00"
  "\xf6\xff\xd1\xff\xe3\xff\x22\x00\x06\x00\xfc\xff\xfe\xff\x42\x00\x0e\x00\x0c\x00\xf8\xff\xd9\xff\xfe\xff\x08\x00\xef\xff\x0c\x00\x09\x00\x09\x00\xf5\xff\xd2\xff"
  "\x0e\x00\x32\x00\xf9\xff\x0a\x00\x18\x00\x09\x00\xf9\xff\x0a\x00\x02\x00\x02\x00\x0f\x00\x11\x00\xf5\xff\xfe\xff\x04\x00\x03\x00\x00\x00\xfa\xff\xff\xff\xf3\xff"
  "\x08\x00\x01\x00\x04\x00\x55\x00\x0b\x00\x3f\x00\x0f\x00\x1d\x00\x06\x00\x19\x00\x02\x00\x07\x00\xfc\xff\x04\x00\x08\x00\x03\x00\x00\x00\xfb\xff\x04\x00\x81\xff"
  "\x09\x00\x58\x00\x27\x00\xca\xff\xfd\xff\x6b\x00\x49\x00\x22\xff\x44\x00\x2c\x00\x3e\x00\x6e\xff\x97\xff\xfa\xff\x1f\x00\xd8\xff\x26\x00\xf9\xff\x0b\x00\xd7\xff"
  "\xf3\xff\x04\x00\x0c\x00\xdc\xff\x22\x00\xf0\xff\x0b\x00\xc7\xff\xf3\xff\xfa\xff\x02\x00\xb6\xff\xfd\xff\xef\xff\x1a\x00\x6e\xff\xf1\xff\xf8\xff\x09\x00\xc6\xff"
  "\xd4\xff\xe2\xff\x05\x00\x49\xff\xea\xff\x0c\x00\x05\x00\x0e\x00\x03\x00\x03\x00\x07\x00\x07\x00\x00\x00\x02\x00\xfd\xff\x02\x00\x03\x00\xfd\xff\xff\xff\x07\x00"
  "\x05\x00\xff\xff\xfe\xff\xfa\xff\x1a\x00\x12\x00\x04\x00\xe8\xff\x0c\x00\x05\x00\x06\x00\xdd\xff\x06\x00\x0a\x00\x07\x00\xde\xff\x03\x00\x03\x00\x01\x00\x20\x00"
  "\x0e\x00\x00\x00\x0c\x00\xf9\xff\xfb\xff\x00\x00\x04\x00\x27\x00\x0c\x00\xf5\xff\xfb\xff\x0a\x00\xf7\xff\x03\x00\xfd\xff\xef\xff\xf9\xff\x14\x00\x09\x00\xfb\xff"
  "\x05\x00\x0b\x00\x03\x00\xf0\xff\xf6\xff\xf3\xff\x06\x00\xe7\xff\x03\x00\xf2\xff\x03\x00\x8e\x01\xec\x00\x99\x00\x59\x00\x31\x00\x33\x00\x04\x00\x05\x00\x63\x00"
  "\x44\x00\x24\x00\x0b\x00\x12\x00\xff\xff\x0b\x00\x0c\x00\x30\x00\xc7\xff\x2b\x00\x03\x00\x1a\x00\xbf\xff\x03\x00\x0a\x00\xc4\xff\xda\xff\xfa\xff\x00\x00\xcf\xff"
  "\xf4\xff\xed\xff\xfc\xff\x05\x00\xee\xff\xfd\xff\xeb\xff\x11\x00\x0a\x00\x08\x00\xfb\xff\x09\x00\xf2\xff\x03\x00\xfc\xff\x23\x00\x07\x00\x04\x00\xff\xff\xfd\xff"
  "\x0f\x00\x02\x00\x19\x00\xf2\xff\xf4\xff\xf3\xff\x04\x00\xee\xff\x0d\x00\x02\x00\x09\x00\xdb\xff\xf5\xff\xff\xff\x04\x00\x13\x00\xfd\xff\xf4\xff\xfe\xff\xfc\xff"
  "\x04\x00\xec\xff\xfd\xff\x1d\x00\x02\x00\x0b\x00\xf6\xff\x1b\x00\xfd\xff\x0c\x00\x01\x00\x15\x00\xd9\xff\x08\x00\x02\x00\x29\x00\x01\x00\x08\x00\x01\x00\x01\x00"
  "\xd4\xff\x02\x00\xeb\xff\x39\x00\x08\x00\x06\x00\xfc\xff\x01\x00\xf6\xff\x29\x00\x0d\x00\xd9\xff\x07\x00\x27\x00\x19\x00\xe2\xff\xfc\xff\xf4\xff\x0a\x00\xb7\xff"
  "\xed\xff\xf5\xff\x06\x00\x04\x00\xe9\xff\xf4\xff\xff\xff\x11\x00\xf9\xff\xf3\xff\xfa\xff\x23\x00\xfb\xff\xfa\xff\xfa\xff\x1e\x00\xfc\xff\xff\xff\x01\x00\x72\x00"
  "\x5e\x00\x58\x00\x3a\x00\xea\xff\x1a\x00\x09\x00\x13\x00\x00\x00\x0a\x00\x11\x00\x0b\x00\xf3\xff\x01\x00\xfb\xff\x02\x00\x64\xff\xa2\xff\xa0\xff\xcf\xff\xf2\xff"
  "\x02\x00\xf6\xff\xf8\xff\xee\xff\xfc\xff\xf7\xff\xee\xff\x05\x00\x01\x00\x02\x00\xfb\xff\x2b\xff\x9e\xff\x01\x00\xf0\xff\x51\xff\x84\x00\x8e\x00\x36\x00\x31\x01"
  "\x72\xff\xde\xff\xcd\xff\x52\x00\x2d\x00\x00\x00\x0c\x00\xf3\xff\xfb\xff\xff\xff\xf9\xff\xf3\xff\x03\x00\x08\x00\x01\x00\xf7\xff\x05\x00\x01\x00\x02\x00\xef\xff"
  "\xfd\xff\x02\x00\x00\x00\x55\x02\xe4\x00\x7b\xff\x15\x01\x1c\x00\xe6\xfe\x48\xff\x1a\x02\x2f\x04\x5e\x02\x9d\x00\x26\x01\x82\xff\xfe\xff\xf3\xff\x4d\xff\x1d\x03"
  "\x3e\x00\xad\x00\x24\x00\x70\xff\xb4\xff\x14\xfe\xd4\xfe\x15\x05\x0c\x01\x99\x01\x19\x00\x19\x02\xed\x00\x53\x00\x77\x00\x50\xfe\xfe\x02\x74\x00\x3f\x00\x82\x00"
  "\x2a\xff\xbc\xff\x76\xff\x96\xfa\x7d\x05\xa4\xff\x7d\x00\xed\xfe\xe9\xfd\x5d\x00\x8a\x00\x8e\x01\x85\xfc\xd0\x00\xea\xfe\x9b\xff\xb1\xff\x83\xfe\x5c\xfd\xc4\xfe"
  "\xe4\xfa\x7b\xff\x86\xff\x04\xff\xcf\xfe\x7e\x01\xbc\x00\x68\xfe\xda\xfe\x08\xfe\x75\x00\x0c\x00\x67\x00\x4e\x01\x10\x02\xd6\xfd\x04\xfe\x4b\xff\x64\xff\xc3\xfd"
  "\x00\x01\x99\xff\xdc\xff\x84\xff\xe6\xff\x40\x00\xbd\xff\xf4\xff\xd6\xff\x19\x00\xf2\xff\x60\xff\x4f\x00\xf1\xff\xe4\xff\xdf\xff\x99\xff\x06\x00\x05\x00\x2c\x01"
  "\x57\x00\xe5\xff\xd1\xff\x36\x00\x27\x00\x15\x00\x06\x00\x92\x00\x3c\x00\x21\x00\x09\x00\x01\x00\x14\x00\xfc\xff\x06\x00\x80\x00\x42\x00\xd1\xff\x1c\x00\x79\x00"
  "\x78\xff\x25\x00\x23\x00\xb7\x00\x89\xff\x24\x00\xec\xff\xc8\x00\x92\xfc\x2d\x00\x4d\x00\xc6\xff\xcc\xff\x0c\x00\x1c\x00\x01\x00\xe4\xff\xf7\xff\x08\x00\x96\xff"
  "\x95\xff\x02\x00\x17\x00\xfd\xff\xd7\xff\xfa\xff\xfc\xff\xd9\x00\x38\xff\xf5\xff\x04\x00\x03\xff\x93\xfe\x00\x00\xe1\xff\x4c\x00\x80\xff\x12\x00\xd7\xff\x11\xff"
  "\xf3\xfe\x32\x00\xf9\xff\xe3\xff\x59\x00\x97\xff\x06\x00\x8d\x00\x48\x00\x83\xff\xdc\xff\xfa\xfe\xcf\x00\x7c\xff\x28\x00\xaf\x01\x01\x00\xd3\xff\xeb\xff\x70\x00"
  "\x11\x00\xc9\xff\x38\x00\x07\x00\x23\x00\xe7\xff\x02\x00\x8f\x00\x9e\xff\x19\x00\x1b\x00\x1e\x00\x6a\x00\xf8\xff\xf7\xff\xe2\x00\xce\x00\x5d\x00\x76\x00\xea\xff"
  "\x2f\x00\xf5\xff\x0a\x00\x32\x00\x22\x00\x0f\x00\x0c\x00\x0a\x00\xff\xff\x0b\x00\x04\x00\x35\xfd\x65\x00\xdb\xfe\xf0\xff\x3f\x01\x80\xff\xb5\xff\xb8\xff\x71\xfa"
  "\x11\xff\xd0\xfe\x5b\xff\xe9\x04\x50\xfe\x67\xff\xf7\xfe\x81\xff\x60\xff\xdb\xff\xe6\xff\x1e\x00\x12\x00\xf7\xff\xf6\xff\x60\xff\xa1\xff\xc9\xff\xbe\xff\x3e\x00"
  "\xe9\xff\x05\x00\xf9\xff\xaf\xff\x76\xff\x52\x00\xda\xff\x7f\xff\xd5\x00\xc8\xff\x06\x00\x17\x00\xdf\xff\x24\x00\x15\x00\xa0\xff\xa8\x00\xe7\xff\x51\x00\x25\xff"
  "\x33\x00\x4b\x00\xfa\xff\xfb\xfe\x56\x00\x59\x00\xcd\xff\x29\xff\x19\x00\xf4\xff\x0e\x00\x08\xff\x4c\x00\xf6\xff\x0d\x00\x84\xff\x52\xff\x1a\x00\x26\x00\x35\x00"
  "\xf6\xff\xf4\xff\x11\x00\x7c\xff\x5a\xff\x13\x00\x0f\x00\x2b\x00\xf1\xff\xfd\xff\x00\x00\x27\x00\x2a\x00\xfb\xff\xe2\xff\xfe\xff\x15\x00\x0d\x00\xfc\xff\x62\x00"
  "\x6c\x00\xfc\xff\xe2\xff\xfd\xff\x2e\x00\x01\x00\x04\x00\x9c\x00\x58\xff\xd5\xff\x4b\x00\xd3\xff\x0c\x01\x3a\x00\xc0\xff\x75\x00\x94\xff\x03\x00\xf4\xff\xa7\xff"
  "\xe2\x00\xef\xff\x1e\x00\x9c\xff\xb3\x00\xff\xff\x60\x00\xc7\xff\x94\xff\xfd\xff\xf3\xff\xe6\xff\x49\x00\xdc\xff\xfa\xff\xd7\xff\x04\x00\xee\xff\xf2\xff\xe3\xff"
  "\x42\x00\xf6\xff\x12\x00\x78\x00\xef\xff\x82\xff\xf4\xff\x3d\xff\x4c\x00\xf8\xff\x1e\x00\x32\x00\x54\x02\xf8\xff\x90\xff\x30\x00\x35\x00\x22\x00\x11\x00\xf1\xff"
  "\x00\x00\xd8\xff\xf9\xff\x62\x00\x7e\x00\x0a\x00\x03\x00\xf4\xff\xeb\xff\x01\x00\x0f\x00\xb7\xff\xd0\xff\xf6\xff\xea\xff\xf7\xff\x02\x00\x21\x00\x0e\x00\x72\xff"
  "\x5b\xff\xfc\xff\x08\x00\x16\x00\x0c\x00\xf6\xff\xf6\xff\x58\xff\x8c\x00\x44\x00\xa7\xff\x23\x00\xf6\xfe\xcb\xff\x43\x00\x72\xff\x5c\x00\xf5\xff\x0f\x00\x5c\x00"
  "\x18\xff\x0e\x00\xe0\xff\x76\x00\x91\x00\x3a\x00\x22\x00\xc8\xff\xfc\xff\x00\x00\x13\x00\x81\x00\x45\x00\x1c\x00\x34\x00\xb8\xff\x32\x00\xf2\xff\x06\x00\x31\xff"
  "\xc4\x00\x0b\x00\x08\x00\xfe\x00\x85\x01\x1f\x00\x25\x00\xcd\xff\x83\x00\xe4\xff\x1d\x00\xcf\x00\x22\x01\xda\xff\xfe\xff\x5c\x00\xa2\x00\xef\xff\xd9\xff\xd0\xff"
  "\x01\x00\x0b\x00\xf5\xff\x7c\x00\x99\x00\xe9\xff\xf4\xff\xdc\xff\x0b\x00\x02\x00\xff\xff\x75\xfe\x73\xff\x29\x00\x3a\x00\xdb\xff\xaf\xff\xed\xff\xed\xff\x61\xff"
  "\xb8\xff\xdf\xff\xe7\xff\xfd\xff\xe8\xff\xfd\xff\x05\x00\x65\xff\x51\xff\xa5\xff\x87\xff\x08\x00\xeb\xff\xfc\xff\xf7\xff\xf0\xff\xf2\xff\xea\xff\xf2\xff\x02\x00"
  "\xf8\xff\x06\x00\x02\x00\x4b\x01\x63\x01\xa8\x01\xc6\xff\x4c\x00\x26\x02\xa3\x01\xcd\xff\x38\x06\x22\x03\x45\x01\x33\x01\x41\xfe\x13\x02\x61\xff\x79\x00\xd9\x00"
  "\xd8\xff\xc0\xff\x0d\x00\xfb\x00\xb7\xff\xab\xff\x3b\x00\xda\x00\xe9\xff\x03\x00\xf3\xff\xde\x00\xc0\xff\x0a\x00\xf1\xff\xcb\x00\xd3\x00\xe7\xff\xbb\xff\xb8\xff"
  "\xc4\xfe\xf6\xff\xaf\x00\xf2\xff\x51\x00\x19\x00\x4d\x00\x9b\xff\x7b\xff\xff\xff\xc1\xff\x7c\xff\x0a\x00\x0d\x00\x79\x00\x3c\x00\x67\x00\x91\xff\x83\xff\x05\xff"
  "\x95\xff\x7a\xff\x00\x00\x68\x00\x92\x00\xec\xff\xc7\xff\x36\x00\xfc\xff\x41\x00\x10\x00\xd8\xff\x55\x00\xe0\xff\x5e\xff\x07\x00\x80\x00\xf2\xff\xb7\xff\xe8\xff"
  "\xd4\xff\x06\x00\x7f\x00\xca\xff\x51\xff\xc6\xff\x8a\xff\x12\x00\xf4\x00\xbe\xff\x6f\xff\x6f\x00\x73\xff\xfc\xff\xb7\xff\x41\x00\xac\x01\xfe\xff\x52\x00\x8f\x00"
  "\xfd\xff\x04\x00\x71\xff\x0e\x00\x6a\xff\x2e\x00\xba\x00\x94\x00\x27\x00\x61\x00\x04\x00\x00\x00\x78\xff\xf9\xff\x24\x00\x19\x00\xe5\xff\x0f\x00\xf9\xff\x08\x00"
  "\x00\x00\x00\x00\x09\x00\x0f\x00\xfe\xff\x0b\x00\xf6\xff\xf7\xff\xfe\xff\xfc\xff\x0a\x00\x65\x00\xf9\x00\xf7\xff\xdf\xff\xcc\xff\xe2\xff\x00\x00\x00\x00\x20\x00"
  "\x70\x00\x0e\x00\x0d\x00\xeb\xff\xf2\xff\xff\xff\x0d\x00\xee\xff\xdd\xff\xfe\xff\x03\x00\xf8\xff\x3c\x00\x01\x00\xe4\xff\x04\x00\xff\xff\xfa\xff\x01\x00\xf5\xff"
  "\x18\x00\xf8\xff\xff\xff\x11\x00\xf4\xff\x06\x00\x04\x00\x02\x00\x15\x00\x00\x00\xfb\xff\x01\x00\xe7\xff\x04\x00\xfc\xff\xfe\xff\x1f\x00\x00\x00\x07\x00\xfc\xff"
  "\xe6\xff\xf7\xff\x0b\x00\x00\x00\x12\x00\xed\xff\xe8\xff\x03\x00\xee\xff\xfa\xff\xee\xff\x03\x00\x35\x00\xfd\xff\x15\x00\xfa\xff\x17\x00\x10\x00\xfc\xff\x1c\x00"
  "\xf7\xff\xec\xff\xf4\xff\xf8\xff\x19\x00\x1f\x00\x07\x00\x33\x00\xdf\xff\x05\x00\xf8\xff\xec\xff\x20\x00\xf5\xff\x07\x00\xfe\xff\x09\x00\xfb\xff\xfd\xff\xf7\xff"
  "\x09\x00\x01\x00\x04\x00\x03\x00\x07\x00\xfd\xff\xff\xff\x3b\x00\x85\x00\x29\x00\x48\x00\xf1\xff\xd8\xff\xfa\xff\xf7\xff\x03\x00\x0c\x00\x07\x00\x14\x00\xf9\xff"
  "\x00\x00\xfc\xff\xf7\xff\xcb\xff\x0f\x00\xd1\xff\xbe\xff\x2e\x00\x36\x00\x28\x00\x24\x00\x67\x00\xe7\xff\x88\x00\x2e\x00\xc5\xff\x78\x00\x28\x00\xe7\xff\x20\x00"
  "\x01\x00\x09\x00\xf9\xff\x03\x00\x0f\x00\x00\x00\x01\x00\x28\x00\x0b\x00\x15\x00\xfc\xff\x04\x00\x11\x00\xfb\xff\x06\x00\xd7\xff\x2d\x00\xd8\xff\x12\x00\xf6\xff"
  "\x17\x00\x0b\x00\xe4\xff\xeb\xff\xe7\xff\xfa\xff\x03\x00\xff\xff\x50\x00\x11\x00\xef\xff\x0b\x00\x14\x00\x0e\x00\x13\x00\xf8\xff\xeb\xff\x03\x00\xed\xff\x03\x00"
  "\x07\x00\xf8\xff\xf3\xff\xfc\xff\x0d\x00\xff\xff\x10\x00\x11\x00\x22\x00\x07\x00\x10\x00\xfa\xff\xfe\xff\x00\x00\xf8\xff\x06\x00\x03\x00\xfe\xff\x08\x00\xff\xff"
  "\x08\x00\xfd\xff\x02\x00\x0a\x00\x10\x00\x0f\x00\x06\x00\x01\x00\xed\xff\xff\xff\x07\x00\x00\x00\x1c\x00\xfb\xff\xfd\xff\x02\x00\xdc\xff\xff\xff\xfd\xff\xf9\xff"
  "\xe8\xff\x00\x00\xf5\xff\x09\x00\xfd\xff\x07\x00\x0c\x00\x00\x00\xfc\xff\x05\x00\xf9\xff\xfe\xff\xfe\xff\x00\x00\x03\x00\x9d\xfe\x27\xfe\xb0\xff\xa0\xff\x13\x00"
  "\x33\x00\x0b\x00\x18\x00\x84\xff\x59\xff\xf4\xff\xd9\xff\x22\x00\xf5\xff\x07\x00\x15\x00\x23\x00\x21\x00\xef\xff\xe2\xff\xf5\xff\xd4\xff\xf3\xff\x15\x00\x18\x00"
  "\x1b\x00\x0d\x00\x04\x00\xd6\xff\x0e\x00\x10\x00\x03\x00\xec\xff\x07\x00\x00\x00\xfe\xff\xf8\xff\x04\x00\xf9\xff\x04\x00\xe9\xff\x02\x00\xf6\xff\x02\x00\x04\x00"
  "\x00\x00\xfe\xff\x00\x00\x15\x00\xfa\xff\x0b\x00\x0a\x00\x04\x00\x00\x00\xfe\xff\x02\x00\x0d\x00\xf9\xff\x0c\x00\x04\x00\x00\x00\x06\x00\xff\xff\x03\x00\x12\x00"
  "\x06\x00\x0e\x00\x16\x00\xfa\xff\x0d\x00\xff\xff\xf1\xff\x05\x00\xfc\xff\xfd\xff\xfe\xff\x02\x00\x09\x00\xfc\xff\x02\x00\xf1\xff\xf4\xff\x17\x00\x19\x00\xf6\xff"
  "\xf0\xff\xfc\xff\xf3\xff\xcb\xff\xed\xff\xe1\xff\xef\xff\xfd\xff\xea\xff\x01\x00\x03\x00\xfe\xff\x19\x00\xf9\xff\x08\x00\xf1\xff\xf6\xff\x14\x00\x11\x00\xfd\xff"
  "\x09\x00\x0c\x00\x0d\x00\xf4\xff\xd8\xff\x03\x00\xee\xff\xe4\xff\xd5\xff\xf8\xff\xea\xff\x07\x00\x0b\x00\x01\x00\x0c\x00\xf9\xff\xfe\xff\x00\x00\xfc\xff\x02\x00"
  "\xf8\xff\x01\x00\x00\x00\xc7\xff\xed\xfe\x1e\x00\x29\x00\x33\x00\x33\x00\x03\x00\x03\x00\xf0\xff\x9f\xff\xf6\xff\xe1\xff\x0b\x00\x14\x00\x0e\x00\xf1\xff\xc3\xff"
  "\x8d\xff\xe0\xff\xca\xff\x0d\x00\x1d\x00\x13\x00\x06\x00\x03\x00\xf0\xff\xf2\xff\xf6\xff\x01\x00\x0a\x00\x01\x00\x02\x00\x9b\xff\xa8\x00\x12\x00\x63\x00\x8a\xff"
  "\x83\xff\x68\x00\x14\x00\x4f\xff\x91\x00\x8d\xff\x0c\x00\xd7\xff\xee\xfe\xd8\xff\xae\xff\xf6\xff\x08\x00\x01\x00\x00\x00\x03\x00\x11\x00\x00\x00\x11\x00\xf7\xff"
  "\x0a\x00\x06\x00\x0a\x00\x01\x00\xf5\xff\x03\x00\xf2\xff\x2f\x03\x9d\xfe\xbe\xfd\x32\xff\x55\x04\xa7\x00\xe5\xfb\x70\xff\x8b\x00\x0e\xfe\x72\xff\x85\xff\x32\x01"
  "\x97\x00\x1b\x01\x73\x00\x68\x02\xe4\x00\xaa\x00\x76\x00\x17\x02\x79\x00\x2b\x02\x7b\x00\x37\x00\x2e\x00\x82\x00\x9b\xff\x68\xfc\x0c\x01\x37\x00\xab\x00\x64\xff"
  "\xe9\x00\x56\xff\xfd\xff\x32\x00\xff\xff\x01\x00\x29\x00\xdb\xff\xe0\x00\xb4\x00\xc3\xfd\xde\x00\xf3\xff\xa1\x00\xb9\x00\xdb\x00\xf5\xff\x31\x03\xd5\xff\x84\x03"
  "\x13\x01\x57\x05\x51\x00\x27\x00\x84\x00\x9a\xff\x8f\x01\xcb\x00\x0c\xff\xbe\x00\xf6\xff\x35\xff\x2f\xff\x42\xfe\x30\x00\x41\xff\x1e\xff\x53\xfd\xed\xff\xef\xfe"
  "\xd2\x01\x74\x01\xab\x01\xcd\xfb\xb9\xff\x71\x01\xf6\xff\xb8\xff\x0e\x00\x0e\x00\xb1\xff\x58\xff\x15\x00\x8c\x00\xdb\xff\x05\x00\x29\x00\xd5\xff\x01\x00\xa5\xff"
  "\x0a\x00\xbd\xff\x0f\x00\xdd\xff\xb4\xff\xb4\xff\x9c\xff\x2b\x00\xdf\xff\x37\x00\xf8\xff\x09\x00\x0e\x00\xf2\xff\xfd\xff\xfa\xff\x04\x00\x02\x00\xfb\xff\xf4\xff"
  "\xeb\xff\x82\x00\x2c\x00\xe6\xff\x0e\x00\x43\x00\x23\x00\x53\x00\x8f\x00\xd3\xfe\xf4\xff\x3a\x00\x11\x00\x48\xfe\xe4\xff\x2f\x00\xd6\xff\xb8\xff\xff\xff\x47\x00"
  "\x0b\x00\xcd\xff\xf9\xff\x8a\x01\xb7\xff\x0e\xff\x2e\x00\x1e\x01\x21\x00\x4e\xff\xe4\xff\x66\x00\x20\x00\x8d\x00\x38\x00\x77\x00\x06\x00\xa5\x00\x2d\x00\xdf\xff"
  "\x00\x00\xfb\xff\x01\x00\xbc\xff\xfa\xff\x29\x00\xfc\xff\xe7\xff\xf0\xff\x69\xff\x09\x00\x21\x00\x0a\x00\xa8\xff\xe6\xff\x8a\xff\x4b\x00\x1b\x00\x33\x00\x6f\x00"
  "\xde\xff\x03\xfe\x75\x00\x49\x00\xf1\xff\xcd\xff\x47\x00\x8f\x00\xe8\xff\x54\xff\x24\x00\x0d\x00\xe1\xff\x32\x00\xf4\xff\x6b\x00\xf2\xff\x40\x00\xf3\xff\x94\x00"
  "\x3a\x00\x8b\x00\x39\x00\x1d\x00\x13\x00\x1a\x00\x18\x00\x05\x00\x05\x00\x17\x00\x03\x00\x06\x00\xfb\xff\x05\x00\x07\x00\xd5\xfe\xcf\xff\xd9\xfe\xc5\xff\xc1\xfd"
  "\x63\xff\xee\xfd\x32\xff\x13\x00\xbf\x00\xc9\xff\xa8\xff\x43\x02\x64\xff\x1d\xff\x7c\xff\x45\xff\x23\x00\xb5\x00\x24\x00\xa8\xff\xdd\xff\xab\x00\x22\x00\xbf\x00"
  "\xfa\xff\x5e\x01\x0f\x00\x96\x00\xdc\xff\x08\x01\xfb\xff\x7c\x00\xe1\xff\xca\xff\xf6\xff\x9a\xff\x02\x00\x24\x00\x0e\x00\xd8\xff\xda\xff\x62\x01\xeb\xff\x73\xff"
  "\xbc\xff\xd3\x03\xbc\xff\x40\x00\xf4\xff\x6d\x00\xf2\xff\x61\x00\x01\x00\x6a\x00\xf5\xff\xf8\xff\x03\x00\x09\x00\x04\x00\x04\x00\xfc\xff\x1c\x00\x03\x00\xd4\xfe"
  "\x48\x00\xcd\xfe\x33\x00\x21\xff\x1e\x00\xfa\xfe\x37\x00\x23\x00\x01\x00\xeb\xff\x07\x00\x18\x00\xf4\xff\xf6\xff\xfe\xff\xca\xff\x3d\x00\x61\x00\x15\x00\xb5\xff"
  "\xf0\xff\x3a\x00\x0c\x00\x72\xfe\x52\x00\xfd\x00\xda\xff\xe9\xfe\xd5\xff\xb1\x00\x23\x00\x2a\xff\x12\x00\x2f\xff\xf7\xff\x28\xff\x35\x00\x49\xff\x1e\x00\x11\x00"
  "\xff\xff\x02\x00\x05\x00\x16\x00\xfb\xff\x07\x00\x04\x00\xf1\x03\x35\x02\x8b\x03\x0b\x02\x53\x00\x8a\x00\x4c\x00\x6b\x00\x9c\xff\xc1\xff\x84\x00\x34\x00\xfc\xff"
  "\x09\x00\xc8\xff\x00\x00\xf2\x00\xed\xff\x1f\xff\xfa\xff\x69\x01\xff\xff\x6e\xfe\xbd\xff\x43\xff\x58\x00\xd1\xff\x4d\x00\xd8\xfd\x2d\x00\x30\x00\x57\x00\xf9\xfe"
  "\x4e\x00\x00\x01\xf7\xff\x5b\xff\xce\xff\xbb\x00\x16\x00\xec\xff\xfc\xff\xe9\xfe\x10\x00\x0a\x00\x0f\x00\x41\xff\xe8\xff\x14\x01\xb9\xff\x1a\xff\x0d\x00\xb5\x00"
  "\x29\x00\x57\xff\xf1\xff\x10\x00\x00\x00\x1f\x01\xf1\xff\xf3\xff\xef\xff\xc2\x00\x16\x00\xe2\x00\xf0\xff\x04\x01\x16\x00\xd7\x00\xc9\xff\xaa\x00\xe5\xff\xf5\xff"
  "\xfe\xff\xf2\xff\xf3\xff\xf0\xff\x08\x00\xf1\xff\xf2\xff\xb0\x00\xe8\xff\x52\xff\xf0\xff\x79\x00\x21\x00\x7b\xff\xf2\xff\x2b\xff\xf9\xff\xb3\xfe\x02\x00\x70\xff"
  "\x21\x00\xfb\xfe\x04\x00\x81\xff\xd3\xff\xa7\xff\xe4\xff\x7d\xff\xf2\xff\x73\xff\xc7\xff\x0b\x00\xf2\xff\xf9\xff\x00\x00\x2f\x00\x08\x00\xf7\xff\xf5\xff\x29\x01"
  "\xc7\xff\x2f\x01\xd2\xff\xd7\x00\xe0\xff\xf0\x00\xcc\xff\xde\xff\xfe\xff\x0f\x00\xf7\xff\xe7\xff\x0b\x00\x0b\x00\x01\x00\x39\x00\x66\x00\x4b\x00\x65\x00\xeb\xff"
  "\x0c\x00\xd7\xff\x05\x00\x03\x00\x0b\x00\xf5\xff\x03\x00\x0f\x00\x09\x00\x08\x00\xfd\xff\x15\xff\x60\xff\x37\xff\x7d\xff\xfa\xff\xde\xff\xfc\xff\xdf\xff\xf6\xff"
  "\xfb\xff\xe7\xff\xf1\xff\x03\x00\xf9\xff\x00\x00\xf7\xff\x83\xfc\x5d\xff\xc5\xfe\xc9\xfe\x88\xfa\x3a\xff\xa9\xff\xf4\xff\x2c\x01\xfb\xfe\x44\xfe\xdd\xfe\xad\x02"
  "\xb6\x00\x89\xfd\xa6\xff\xc5\xff\x05\x00\x9a\xff\x09\x00\xa6\xff\xfd\xff\x9d\xff\x06\x00\x04\x00\xf9\xff\xf4\xff\xf9\xff\xfd\xff\x04\x00\xed\xff\xfd\xff\xa4\xfb"
  "\xdb\xff\x29\x01\x4b\x00\x62\xff\x80\x0c\x3f\x00\xb2\xf3\x5c\xf9\xc3\x0d\x99\x03\xcb\x03\x8e\x00\xc7\xf7\x19\xfe\x9d\x04\xce\xfb\x03\x01\xf7\xff\x53\xfe\xf3\xf4"
  "\x45\x05\x66\x14\xcb\x03\xb0\x12\x3c\xf7\x22\x08\x59\x00\xa9\xfd\x8d\x03\x5b\xf6\x64\xfc\xe8\x03\x83\xfe\xf8\xfe\xb3\xfd\x09\x0b\xfb\x01\x6f\xfb\x0f\x02\xbc\x03"
  "\x6e\x01\xf2\xf5\x54\x10\xbb\xfe\xfa\xfe\x3a\x03\xf6\xf8\xd9\x00\xfd\xfe\xef\xfb\x95\x02\x35\x11\x21\x01\x16\x02\x4d\x0b\x00\xf2\xbb\x02\x7d\x01\x85\xf6\xe5\x00"
  "\x02\xfe\x61\xfc\xa4\xff\xfb\xf8\x80\x07\x3c\x09\xa0\xfa\xbb\x06\x1f\x06\xf5\xf1\x14\xf5\x1d\x08\x27\xed\xa2\x00\xa2\xf5\x95\xfd\xa5\x0c\xda\x0b\xff\xfe\xd0\x07"
  "\xd0\xf9\x66\xf9\x5d\x05\x28\x01\xe0\x03\xb5\xfe\x95\xfc\x5a\x02\x7b\xfd\x94\x02\x28\xfe\x67\x00\x13\x01\x8b\x00\x83\x01\xa2\x03\xf3\x01\xb5\x03\xd4\x01\x43\x00"
  "\x8f\x00\x38\x00\x7c\x00\x7c\xff\xc5\xff\x84\x00\x52\x00\xfc\xff\xdb\xff\x07\x00\x25\x00\xa3\xfc\xd2\x02\xa6\x03\x8e\xfc\x66\x00\xa1\x06\x5d\x00\x16\xf9\x14\x07"
  "\x34\xf9\x82\xfd\x47\x00\x49\x01\x0e\x00\xf6\xfc\x41\x07\xca\x02\xe8\x02\xc1\xfe\x9d\xfe\xc5\xff\x4f\x00\x08\x00\xc9\xff\x37\x07\x36\x08\x42\xfb\x99\xfa\xcb\xfe"
  "\x78\x00\xe0\x00\xf6\xff\x2d\x03\x10\xfd\x69\x03\xda\xfc\x45\xfc\x4f\xfb\x2e\xfb\xaa\xfa\x83\xff\x5c\x00\x3c\x00\xd6\xff\xdf\x00\xe2\x00\xd7\xfe\x16\xff\x96\xfe"
  "\x95\x00\x9c\x00\x26\x00\xce\xf8\xfd\x01\x51\x06\x3d\xff\xa1\xfb\x37\x03\x93\x0b\x92\xf6\xb1\xfe\x04\x00\x3d\xff\x04\x03\x3b\xf8\x1b\x06\xb2\x06\x8d\xfa\xf8\xfe"
  "\x1b\xfc\x15\x01\x5b\x03\x6d\xfd\x9f\x02\x7c\xfd\xf3\x01\xb7\xff\xd6\xfe\x6d\xff\x87\xfe\x4a\x01\x3e\x01\x6a\x01\x1a\x01\xef\xff\x1d\x00\xe9\xff\x2f\x00\xe0\xff"
  "\xe7\xff\xfb\xff\x18\x00\x07\x00\xf6\xff\xf7\xff\xf3\xff\xf7\x04\x57\xfb\x17\xfe\xfa\x03\x44\xe9\xb5\xf7\x03\x0d\x5e\x01\xbd\xf5\x9b\x00\x6f\xee\xee\x04\x8b\x04"
  "\xed\xfc\x5c\xf9\x24\x05\xcf\xfc\xdf\xfc\x32\x03\x27\x03\x6a\x00\xf7\xff\x86\xff\x27\x00\xae\x03\xa1\x03\x48\x04\x30\x05\x83\xff\x3b\x01\x23\xff\xd8\x00\x89\x01"
  "\x4c\xfe\xa8\xfe\xed\x01\x6b\xfa\x3d\x04\x69\x05\xc4\xfc\xf9\xfe\x54\x01\x4f\xf7\x8c\x08\x2f\xfe\x1f\x03\x20\x00\x17\xf9\x0c\xfa\xda\x01\x61\xf9\xe2\x01\x34\xfa"
  "\x69\x02\x16\xf9\xd9\x02\x89\x00\xfb\xff\x93\xff\x1a\x00\xe6\x00\x86\xff\x8d\xff\xea\xff\xd9\xfb\x36\xfa\x9e\xfb\x17\xfa\xfd\x00\xbc\xff\x2b\x01\xab\xff\x5d\x00"
  "\x6d\x00\xb6\xff\x98\xff\xe4\xff\x11\x00\x0e\x00\x09\x00\xfa\xfc\x99\xfc\x72\x01\x7e\x01\x5c\x00\xb8\xff\xf0\xff\x33\x00\xae\xf8\xbf\xf7\xe7\x04\x85\x05\x3a\x01"
  "\x96\xff\x16\xff\x0c\x00\x4d\x05\x63\xfb\xe0\x05\x6e\xfa\xd3\xfd\xa5\x06\xb2\xfd\x16\x07\x95\xff\x6c\x00\x7a\x00\xd5\xff\x54\x00\x2f\xff\xff\xff\x62\x00\xe7\xfe"
  "\x44\x02\x2b\xff\x16\x02\xd5\xfe\x46\xff\xf6\xfe\x64\xff\x1c\x00\xe3\xff\xdf\xff\x4e\x00\xf2\xff\x04\x00\x09\x00\x18\x00\x38\x01\xe6\xfe\x92\xfe\xb9\x00\x25\x00"
  "\x16\xf5\xba\xff\xb6\x09\xbf\x07\x50\xf9\xa2\xfe\x58\xff\xba\x00\xbd\x01\x08\x00\xb2\xfb\xd3\xf9\x87\xf8\x24\x06\x0e\x07\xab\x00\xd8\xff\x64\xff\x4e\x00\xf1\xff"
  "\xe4\xff\x34\xfb\xad\xfa\xef\xff\xac\xff\x93\x00\x93\xff\x17\x06\x69\x07\xbd\xf9\x00\xf9\x5b\xff\x27\x00\x97\x00\xb0\xff\xf9\xff\x1d\x00\xdd\x04\x5e\x05\x0d\x00"
  "\x5a\x00\x70\xff\x66\x00\x80\xfa\x87\x04\xf5\xf9\x47\x05\x21\x02\x6b\xf9\x52\x02\xeb\xf8\x51\x00\xb3\xff\x7e\xff\x31\x00\xbb\xff\xbc\x00\xf3\xff\xc1\xff\x3f\x03"
  "\x49\x03\x97\xfc\xab\xfc\x8a\xff\x1c\x00\x61\x00\xbd\xff\x2a\xfc\x69\xfc\x91\xfb\xa4\xfa\x95\x00\xbd\xfe\x00\x01\x14\xff\xe0\xfc\x0d\x03\xc1\xfc\x27\x03\xef\x03"
  "\xbc\x04\x79\x04\x4f\x05\x5a\x00\x95\xff\xcd\xff\x30\x00\x3c\xff\x0f\xff\x3b\x01\xe0\x00\x26\x04\xb6\x05\x36\x04\xbd\x05\x08\xff\x42\x00\xf5\xfe\x40\x00\x8d\xff"
  "\x87\xff\x64\x00\x70\x00\x21\x00\xeb\xff\xe9\xff\x03\x00\xbd\xfc\x6b\xfe\xc9\xfb\x40\xfe\xca\xff\x5f\xff\xab\xff\x58\xff\xa0\x00\x3c\x00\xa7\xff\xc9\xff\x13\x00"
  "\x1b\x00\x01\x00\xdd\xff\x34\xff\x46\xff\x04\xff\x36\xff\xf5\xff\xfe\xff\xfd\xff\x02\x00\x07\x00\x0a\x00\x03\x00\x10\x00\xf0\xff\x14\x00\xf9\xff\x09\x00\x81\x04"
  "\xe6\xfd\x7b\xfb\x0f\x01\x15\x00\xf4\xf0\x4d\xf7\x37\x05\x8f\x03\x0e\x0a\x2d\x0e\xeb\x01\x82\xff\x15\xfc\xf3\x01\x8c\xff\x01\x06\x2f\xfe\x47\x06\x42\xfe\xe6\x05"
  "\x96\xfd\x84\x06\x39\xfd\x6f\xff\x06\x00\x8f\x00\xd5\xff\x1e\xff\x79\x00\x80\x00\x0c\x00\xea\x00\x97\x00\xb7\x01\x97\x01\x3f\x01\xfd\x00\x9e\xfe\x51\xff\xdb\xff"
  "\x3c\x00\x49\xfe\xca\xff\xd6\xff\x84\x00\xcf\x00\xab\x00\x9d\xff\x74\x00\xd3\xfe\x22\xfe\x17\x01\xff\x00\x68\x01\x8c\x04\xbe\xfd\x54\xfe\xd3\xfd\x2e\xff\x32\x00"
  "\x3f\xff\x23\x01\x4e\x00\x8b\xff\x50\xfe\xdc\xff\xcc\xff\xc1\x00\xf2\x02\xfb\xff\x75\xff\x60\xfe\x00\x01\x91\x01\x16\x00\x59\x00\xf0\xff\xa6\xff\x4d\x01\x3e\x00"
  "\xed\xfd\x45\x00\xef\xff\xb9\x00\xd2\x05\x6e\x01\xa3\x04\x22\x02\x70\x01\x11\x00\x8a\x00\x34\xff\xed\xfe\xc5\x00\x25\x01\xd7\x00\xad\xff\x00\x01\x23\x02\xbb\xff"
  "\x80\xff\xc8\xfe\x03\xfc\x16\x00\x74\xff\xd1\x00\xae\xfe\x88\x00\xe9\xfe\x77\xff\x20\xff\x16\x00\x8e\xff\x24\x00\x2f\x00\x19\x00\x19\x00\xcf\xff\x2b\x00\x1a\x00"
  "\xd0\xff\x23\x00\xeb\xff\x0d\x00\xd2\xff\x14\x00\xe2\xff\xdb\x00\x8b\x02\xc2\x00\xe0\x02\xac\xff\xab\xff\x9a\xff\x6e\xff\xe6\xff\xae\xff\x0b\x00\x36\x00\x13\x00"
  "\x10\x00\xf9\xff\xe9\xff\x2d\x00\x6c\x00\x02\x00\xcc\xff\xe6\xff\xa1\xff\x38\x00\x4c\x00\x89\xff\xa7\xff\xe5\xff\x48\x00\xff\xff\x91\xff\x21\x00\x15\x00\xe6\xff"
  "\x2e\x00\x06\x00\xc1\xff\x08\x00\xc2\xff\x06\x00\x4f\x00\xa1\xff\x92\x00\x8c\x00\xd6\xff\x03\x00\x64\xff\xfb\xff\x3f\x00\xe3\xff\xa7\xff\xfd\xff\xb1\xff\x4a\x00"
  "\x74\x00\x38\x00\x7d\x00\xfe\xff\x04\x00\xee\xff\xfc\xff\xeb\xff\xde\xff\x2f\x00\x1a\x00\x02\x00\xa0\x00\xe0\xff\x65\x00\x7b\x00\xda\xff\xe9\xff\x45\x00\xcd\xff"
  "\x7e\x00\xcf\xff\x27\xff\x39\x00\xa8\xff\xf1\xff\x10\xff\xed\xff\x5f\x00\xde\xff\xe3\xff\xec\xff\xee\xff\x32\x00\xca\xff\xeb\xff\x34\x00\xe1\xff\x18\x00\xf2\xff"
  "\x21\x00\xf7\xff\x20\x00\x4d\x00\xac\x00\x39\x00\xc6\x00\xf8\xff\xe5\xff\xed\xff\xcb\xff\xfe\xff\xfd\xff\x04\x00\x02\x00\xfa\xff\x06\x00\xff\xff\x06\x00\xb2\xff"
  "\x36\x01\x86\xff\x99\x00\x07\x00\x6c\xfc\xb0\xff\x87\xff\x02\x02\xde\x00\x86\x03\x27\x02\xa4\xff\xf1\xfe\x3d\xff\x71\xfe\x16\x00\x9d\xff\x13\x00\x73\x00\x03\x00"
  "\x28\x00\xf5\xff\xb0\xff\x06\x00\x7d\x00\xc0\xff\x67\x00\x09\x00\x34\xff\xf7\xff\x57\xff\x0c\x00\x90\x00\x36\x00\x9f\xff\x14\x00\x92\xff\x48\x00\xa4\x00\x12\x00"
  "\xf2\xff\x60\x00\x1c\x01\xf9\xff\x32\x00\xbc\xff\x60\x00\x37\x00\x82\x00\xf4\xff\xa5\x00\x28\x00\x12\x00\xf3\xff\xd4\xff\xf4\xff\xf2\xff\x16\x00\x21\x00\xf7\xff"
  "\x0c\x00\x10\x00\xea\xff\x21\x00\x0d\x00\xfe\xff\xf6\xff\xea\xff\x1d\x00\xf5\xff\x30\x00\x02\x00\x00\x00\x0d\x00\x0e\x00\x04\x00\x00\x00\xfa\xff\xf7\xff\x15\x00"
  "\xd1\xff\x15\x00\x4d\x00\xf7\xff\x31\x00\xf0\xff\xa4\xff\x57\x00\x80\xff\x6c\xff\x2a\x00\xfd\xff\x8a\x00\x07\x00\xc5\xff\x0c\x00\xd8\xff\x1a\x00\xef\xff\x20\x00"
  "\xd4\xff\x05\x00\xc7\xff\x0c\x00\xf8\xff\xe8\xff\xec\xff\x02\x00\xf5\xff\x01\x00\x03\x00\xba\xfc\x45\xfb\xa7\xfc\x73\xfb\x98\x00\x1c\x00\xa3\x00\x13\x00\x53\x00"
  "\x54\x00\xae\xff\x79\xff\x02\x00\x08\x00\x02\x00\xdb\xff\x37\x00\xa0\xff\x09\x00\x9d\x00\x53\x00\x30\x00\x97\xff\xfd\xff\xc5\xff\x50\xff\x11\x00\xe6\xff\x35\x00"
  "\x47\xff\x23\x00\xf3\xff\x1d\x00\xbb\xff\xed\xff\x60\x00\xfd\xff\x43\x00\x1b\x00\xab\xff\xd6\xff\xe1\xff\x20\x00\x9f\xff\xfe\xff\x21\x00\x01\x00\x6a\x00\xe6\xff"
  "\x63\x00\x0c\x00\xab\xff\xfc\xff\xad\xff\xe3\xff\x55\x00\x29\x00\x12\x00\xd5\xff\x6e\x00\x04\x00\xdb\xff\xff\xff\x8f\xff\x00\x00\x05\x00\xf2\xff\xf8\xff\xdc\xff"
  "\x37\x00\xfb\xff\x44\x00\xfa\xff\x13\x00\x12\x00\x0b\x00\xff\xff\xfe\xff\xfd\xff\x01\x00\xde\xff\x63\x00\x02\x00\x75\xff\x01\x00\xc9\xff\x06\x00\x46\x00\xf6\xff"
  "\x9d\xff\x38\x00\x98\xff\xf6\xff\xc4\x00\x09\x00\xb2\x00\x16\x00\x58\x00\xf7\xff\x2b\x00\xb8\xff\x73\xff\xc6\xff\x94\xff\x01\x00\xf5\xff\x1a\x00\xff\xff\x14\x00"
  "\x25\x00\xdb\xff\xe2\xff\xd9\xff\xf9\xff\xfd\xff\x0c\x00\x11\x00\xe4\xff\x08\x00\xda\xff\xfe\xff\xfe\xff\xef\xff\xf5\xff\xff\xff\xfd\xff\x05\x00\x04\x00\x79\xff"
  "\x0b\xfe\x6f\xff\x24\xfd\x3b\x00\x86\x00\x50\x00\xa7\x00\x21\x00\x79\x00\xf4\xff\xdd\xff\xea\xff\xe7\xff\xfb\xff\x1d\x00\xc8\xff\x63\xff\xdf\xff\x64\xff\x14\x00"
  "\x13\x00\x09\x00\x25\x00\xf8\xff\x06\x00\xf9\xff\xf5\xff\x06\x00\xeb\xff\x01\x00\xfa\xff\x87\x01\x18\x03\x6a\x01\x20\x01\x71\xfd\x9f\xfc\x33\xff\xc4\xfd\x7a\xfe"
  "\xc6\xff\xec\xfc\x9d\xff\x52\x00\x66\x02\xef\xff\x2e\x00\xd0\xff\xb2\xff\x17\x00\xa6\xff\xcd\xff\xce\xff\x0e\x00\xfc\xff\x11\x00\xfc\xff\xec\xff\xe5\xff\x09\x00"
  "\xfd\xff\xf0\xff\x0f\x00\xcf\xff\xa9\xff\x97\xff\x1d\x00\x43\x00\x6c\xff\xcf\xff\x77\x00\x6b\x00\xcc\xff\xed\xff\x5a\x00\x21\x00\xff\xff\xbc\x00\x8f\xff\xd9\xff"
  "\x24\x00\x8e\x00\x7d\x00\x93\xff\x92\xff\xe4\xff\xe7\xff\xd9\xff\xc1\xff\x79\xff\xb5\xff\x06\x00\xdf\xff\xaf\xff\x22\x00\xca\xff\x4b\x00\xb2\xff\x23\x00\xc3\xff"
  "\xf3\xff\x38\x00\xf9\xff\x0e\x00\x00\x00\x00\x01\x84\xff\x5d\x00\xcd\xff\x0f\x00\x2b\x00\x6f\xff\x23\x00\x97\xff\xe8\xff\x24\xff\x7e\xff\x22\x00\xae\xff\xc1\xff"
  "\x16\x00\xb9\xff\xd0\xff\xe1\xff\x18\x00\xcd\xfe\x74\xff\x88\x00\xe3\xff\x2e\x00\xd5\xff\xb8\x00\x3c\x00\x23\x00\x2b\x00\x0d\x00\x28\x00\x94\xff\x7a\x00\x4e\x00"
  "\xf4\xff\x9c\xff\x25\x00\x0a\x00\xff\xff\x10\x00\xea\xff\x17\x00\xf6\xff\x20\x00\xf8\xff\x06\x00\x06\x00\xe9\xff\x06\x00\xfd\xff\xfc\xff\xfa\xff\x06\x00\x96\xff"
  "\xbd\xff\x85\xff\xb0\xff\x00\x00\xf3\xff\x02\x00\xea\xff\x04\x00\x04\x00\x0f\x00\x04\x00\xfd\xff\x05\x00\xf5\xff\x08\x00\x05\x00\x0e\x00\x0e\x00\xe7\xff\xfe\xff"
  "\xfe\xff\x3e\x00\xf4\xff\xff\xff\xf1\xff\x03\x00\xeb\xff\xf3\xff\x00\x00\xd4\xff\xf9\xff\xfa\xff\xfa\xff\x0c\x00\x0f\x00\x0e\x00\xf7\xff\x11\x00\x04\x00\xf7\xff"
  "\xfb\xff\x03\x00\x05\x00\x04\x00\x02\x00\xde\xff\xf2\xff\xcf\xff\xfe\xff\xf1\xff\x09\x00\xc7\xff\xe1\xff\xe3\xff\xec\xff\xf2\xff\xfe\xff\xe8\xff\xf9\xff\xff\xff"
  "\xff\xff\xde\xff\x02\x00\xf9\xff\x0d\x00\xca\xff\xfd\xff\xfa\xff\x01\x00\xf4\xff\xfc\xff\x1a\x00\x03\x00\x45\x00\xf7\xff\x33\x00\xfc\xff\xf4\xff\xf8\xff\x09\x00"
  "\x07\x00\x04\x00\x16\x00\xeb\xff\x08\x00\xe3\xff\x10\x00\xf9\xff\xf9\xff\x1c\x00\xf6\xff\x01\x00\xfe\xff\x09\x00\x00\x00\x48\x00\x24\x00\x76\x00\x19\x00\x0d\x00"
  "\x04\x00\x2a\x00\x0e\x00\xff\xff\x05\x00\xe5\xff\x02\x00\xf3\xff\xff\xff\xfe\xff\xf8\xff\x42\x00\x0a\x00\xd2\xff\xb4\xff\x92\x00\x69\x00\x1d\x00\x0e\x00\xd0\xff"
  "\x55\x00\x54\x00\x5f\x00\xdc\xff\x01\x00\xe9\xff\xfc\xff\x0f\x00\x04\x00\xff\xff\xfb\xff\x0a\x00\x02\x00\x1a\x00\x00\x00\xec\xff\x18\x00\xf8\xff\x0f\x00\xf6\xff"
  "\x03\x00\xda\xff\xf0\xff\xe6\xff\x06\x00\x1e\x00\xf9\xff\xf3\xff\x06\x00\xfd\xff\xf4\xff\x0f\x00\xf1\xff\xd3\xff\xf3\xff\x19\x00\x17\x00\xf8\xff\xf9\xff\xff\xff"
  "\x08\x00\x0c\x00\xfc\xff\xf7\xff\xfd\xff\x0c\x00\xfe\xff\x02\x00\x01\x00\xed\xff\xfd\xff\x03\x00\x01\x00\xe9\xff\xfa\xff\xf8\xff\x00\x00\xdf\xff\x11\x00\x05\x00"
  "\xfd\xff\xe4\xff\x01\x00\x0a\x00\xfc\xff\x06\x00\xf5\xff\x00\x00\x01\x00\x0c\x00\xfe\xff\x05\x00\x04\x00\x0d\x00\xf4\xff\x02\x00\xfe\xff\x0a\x00\x03\x00\x0b\x00"
  "\x00\x00\xeb\xff\xff\xff\xf6\xff\x01\x00\x1d\x00\x09\x00\x0e\x00\x02\x00\xfb\xff\x00\x00\x21\x00\xf9\xff\x03\x00\x04\x00\x08\x00\xf8\xff\xfc\xff\xff\xff\x02\x00"
  "\xff\xff\x01\x00\xf9\xff\x6e\x00\x63\x00\xdb\x01\x32\x01\xe8\xff\x01\x00\x0a\x00\x31\x00\xd2\xff\xec\xff\x69\xff\xa7\xff\x08\x00\xf9\xff\x1c\x00\xdd\xff\xd3\xff"
  "\xe0\xff\xf7\xff\xf7\xff\xf9\xff\xe1\xff\x0f\x00\x0e\x00\xf8\xff\x07\x00\x02\x00\x11\x00\xe4\xff\xfc\xff\x27\x00\x1a\x00\x0f\x00\x01\x00\xf1\xff\x02\x00\x06\x00"
  "\xfe\xff\xfc\xff\xfe\xff\xfe\xff\xf4\xff\x09\x00\xf3\xff\xff\xff\xff\xff\x0d\x00\x02\x00\xfc\xff\xfa\xff\x0b\x00\xfb\xff\xf6\xff\x02\x00\xfb\xff\x08\x00\x00\x00"
  "\x03\x00\xf6\xff\x09\x00\xff\xff\x02\x00\xf6\xff\xfe\xff\xf8\xff\x00\x00\x10\x00\x04\x00\xde\xff\x08\x00\xeb\xff\xff\xff\xf7\xff\x02\x00\x03\x00\xfd\xff\x00\x00"
  "\xfe\xff\xfd\xff\x0d\x00\xf9\xff\xfd\xff\x06\x00\x11\x00\x03\x00\xfc\xff\xfe\xff\x08\x00\x19\x00\xee\xff\xfe\xff\xe9\xff\xff\xff\x03\x00\x26\x00\x09\x00\x36\x00"
  "\x04\x00\x0e\x00\xf8\xff\x20\x00\x17\x00\xf3\xff\x02\x00\x0b\x00\xfb\xff\xff\xff\x08\x00\x0e\x00\x02\x00\x1a\x00\xfc\xff\x04\x00\xfe\xff\x14\x00\xee\xff\xfc\xff"
  "\x01\x00\x10\x00\xfe\xff\xf9\xff\x01\x00\xfa\xff\x04\x00\x01\x00\xff\xff\xf6\xff\x04\x00\x62\x00\x35\x00\x74\x00\x68\x00\x0f\x00\x09\x00\xfc\xff\x16\x00\xee\xff"
  "\xef\xff\x07\x00\xfa\xff\x04\x00\xff\xff\x05\x00\xf2\xff\x95\xff\xc7\xff\x4f\xff\x7b\xff\xec\xff\xf5\xff\xf5\xff\xf8\xff\x14\x00\x15\x00\x2a\x00\x16\x00\xfe\xff"
  "\x08\x00\x01\x00\x0c\x00\x98\xff\xef\xff\x41\xff\x52\xff\x57\x00\x9a\x00\x22\x00\xd1\xff\x44\x00\x88\xff\x28\x01\x8c\xff\xe0\xff\x32\x00\xc3\x00\x5c\x00\x05\x00"
  "\xf7\xff\xfa\xff\x02\x00\x0d\x00\x00\x00\xf8\xff\x04\x00\x00\x00\xff\xff\x07\x00\x02\x00\xff\xff\x00\x00\x0d\x00\x05\x00\x13\x01\x8e\xff\xeb\xff\x02\xfe\x21\x01"
  "\x42\xfd\xd6\xfe\x6f\x01\x1f\x00\x97\x00\x80\xff\xb4\x03\x90\xff\xff\x00\x17\x00\xef\xff\xe3\xff\xc6\xff\xba\xfe\x9b\xff\xec\xfe\x8a\xfd\x56\x00\xd4\xfe\xdd\x00"
  "\xe3\x00\x88\x04\xd4\x00\x9a\xff\x88\x00\xec\x01\x57\x02\x2d\x00\xdc\xfe\x4e\xff\xff\xfe\xa6\xfd\xb1\xff\xcc\xff\xe0\xff\x48\xff\x7a\x01\x51\x01\x91\x01\x44\x00"
  "\xa1\xff\x6f\xff\xe8\x00\xd1\x00\xbb\xff\xc7\x02\xcf\xff\x11\xfc\x47\xfe\xe6\xfd\xa9\xfe\x9b\xff\x52\x00\xc9\xfb\x1c\x00\xab\x00\xd9\xff\x77\x01\x0a\x00\x9f\x00"
  "\x8b\x00\x6b\x01\x2d\x02\xb5\x00\x5c\x00\xe3\xfe\x14\xff\x48\xff\xf8\xff\x35\xfe\xfd\xfb\x81\x00\x02\xff\x17\x00\xfc\xfe\xcf\xff\x20\x00\x26\x00\xb4\x00\x10\x00"
  "\xfc\xff\xb9\xff\xfd\xff\xfe\xff\xea\xff\x8e\xff\xf0\xff\x0d\x00\xfc\xff\x0a\x00\xd9\xff\x5a\xff\x53\xff\xa0\x00\xf9\xff\x17\x00\xf8\xff\x19\x00\x20\x00\x10\x00"
  "\x09\x00\x62\xff\xa3\xff\xf9\xff\x00\x00\x03\x00\xde\xff\x33\x00\xd3\xff\x3a\x00\x79\x00\xd8\xff\x9b\xff\x93\xff\x5f\xff\xaa\xff\x24\x00\x06\x00\xc2\xff\xf9\xff"
  "\x2e\x00\x28\x00\x80\xff\xe8\xff\xec\xff\x45\x00\x45\x00\x00\x00\xe3\xff\xeb\xff\x06\x00\xd4\xff\xfc\xff\x77\xff\x7e\xff\x07\x00\xf2\xff\x2b\x00\x01\x00\xef\xff"
  "\x1b\x00\x5c\x00\x72\xff\xea\xff\x35\x00\x8f\xff\x75\xff\xf2\xff\x13\x00\xc1\xff\x51\x00\xf5\xff\x08\x00\xb7\x00\xca\x00\x10\x00\x00\x00\x76\x00\xaf\xff\x77\x00"
  "\xe0\xff\x54\x00\xfa\xff\xb6\xff\x7d\x00\x0e\x00\x16\x00\xf6\xff\xab\xff\x89\x00\xfc\xff\x48\x00\xde\xff\xe8\xff\x6b\xff\xfe\xff\xe8\xff\x34\x00\xff\xff\x06\x00"
  "\x17\x00\x6f\x00\x10\x00\xf1\xff\x10\x00\xf8\xff\x2d\x00\x8d\x00\x86\x00\xeb\x00\x05\x01\xf7\xff\x1c\x00\xe0\xff\x20\x00\xd7\xff\xe7\xff\xf3\xff\xd6\xff\x04\x00"
  "\x03\x00\xf8\xff\x10\x00\x4f\x00\x7e\x00\xe5\x00\x2d\x01\x79\x03\xc8\x01\xed\x00\xcd\x01\xb8\xfe\xaa\xff\x5f\xfc\x57\xfe\x85\xff\x65\xff\x28\x01\xce\xfe\x2e\x00"
  "\x1f\x00\x52\x00\x35\x00\xff\xff\x0e\x00\xfa\xff\x10\x00\xca\xff\xbf\xff\x60\xff\xa1\xff\x15\x00\xe4\xff\x36\x00\xc9\xff\xea\xff\x1a\x00\xe8\xff\x57\x00\x86\x00"
  "\xe1\xff\x0a\x00\xbd\xff\x1a\x00\xce\xff\x17\x00\xef\xff\x2d\x00\xb9\xff\x73\x00\x92\xff\x55\x00\xe0\xff\x57\xff\x41\x00\x50\x00\x92\xff\x59\xff\x0c\x00\x15\x00"
  "\x00\x00\x6d\x00\xd6\xff\x0a\x00\xff\xff\x8b\x00\xe2\xff\x03\x00\x00\x00\x92\xff\x3a\xff\x01\x00\x13\x00\x27\x00\x07\x00\x0d\x00\x0c\x00\x35\x00\x4b\x00\xfb\xff"
  "\x02\x00\xf3\xff\xfd\xff\x0f\x00\xfd\xff\xb1\xff\xe5\xff\x01\x00\x15\x00\x08\x00\xef\xff\x1d\x00\xf4\xff\x9c\x00\x6c\x00\xfb\xff\x0b\x00\xdd\xff\x04\x00\x06\x00"
  "\x3c\x00\xae\x00\xda\xff\x30\x00\xac\xff\xc2\xff\x91\x00\x02\x00\xf4\xff\xa1\xff\x31\x00\x07\x00\xf9\xff\x26\x00\x84\xff\xe5\xff\x02\x00\x54\xff\xa8\x00\x1c\x00"
  "\x05\x00\xe1\xff\xa6\xff\x16\x00\xce\xff\x05\x00\xbd\xff\x01\x00\x0b\x00\x10\x00\x1b\x00\x22\x00\xe9\xff\xfc\xff\xf7\xff\x6f\x00\x56\x00\x73\xff\xff\x00\xa7\xff"
  "\x56\x00\x4e\xff\x85\x00\xcf\xff\xdb\xff\x8e\x00\x04\x01\x50\x00\x52\x00\xb5\xff\xb0\xff\xe4\xff\x09\x00\x18\x00\xf8\xff\x0a\x00\xf8\xff\x85\x00\x86\x00\xf9\xff"
  "\x11\x00\xf0\xff\x11\x00\xbc\xff\xad\xff\x49\x00\x4b\x00\x17\x00\xf3\xff\xec\xff\x07\x00\xf4\xff\xf9\xff\x7d\xff\x87\xff\x09\x00\xf5\xff\x0d\x00\xed\xff\x13\x00"
  "\xbc\xff\x66\xff\x35\x00\xca\xff\x5a\x00\x40\x00\x73\xff\xfd\xff\x06\x00\x40\x00\xd1\xff\xfc\xff\x09\x00\xd6\xff\x7c\x00\xc6\xff\xd7\xff\xa8\xff\xd6\xff\x03\x00"
  "\xf8\xff\x0e\x00\xdc\xff\x34\x00\x34\x00\x6c\x00\x45\x00\xeb\xff\x24\x00\xcf\xff\x2d\x00\x18\x00\xf4\xff\x90\xff\x88\x00\x17\x00\xc3\xff\x80\x00\x83\x00\x0a\x00"
  "\xed\xff\x3c\x00\xb6\xff\x0b\x00\xf5\xff\x3b\xff\x48\xff\x03\x00\xfa\xff\x8a\x00\xc6\x00\xf7\xff\xf3\xff\xe2\xff\xff\xff\xf6\xff\xf6\xff\xb3\xff\xb2\xff\x05\x00"
  "\xff\xff\x0d\x00\x00\x00\x31\x00\x62\x00\x19\xff\xa6\xff\xf8\xff\x00\x00\xfb\xff\xc2\xff\x01\x00\x0d\x00\x9e\x00\x53\x00\x03\x00\xfe\xff\xfa\xff\x25\x00\x95\xff"
  "\x98\xff\x7f\xff\x7b\xff\xff\xff\xfc\xff\xfd\xff\x01\x00\x1c\x00\x05\x00\xfd\xff\x05\x00\x06\x00\xf2\xff\xff\xff\xf0\xff\xf5\xfd\x0b\x00\xf9\xfc\x09\xff\x20\x01"
  "\x03\x04\x00\x01\x9d\x00\xe2\x01\xa6\xff\x92\x04\x26\x02\x8b\xff\x59\x00\xd5\xfd\x25\x00\xb5\xff\x2d\x00\x9c\x00\xe6\xff\xa3\xff\x6a\x00\x7b\x00\x04\x00\xee\xff"
  "\x01\x00\xa4\xff\x15\x00\xfd\xff\xfb\xff\x7f\xff\x25\x00\x7d\x00\xd9\xff\x4c\x00\x8a\xff\xc7\xff\x88\xff\x2e\x00\xa6\x00\x0d\x00\xdd\xff\xd0\xff\x49\x00\x22\x00"
  "\x01\x00\xb3\xff\x71\xff\x32\x00\x19\x00\x0a\x00\xcf\xff\xb4\xff\x40\xff\xcd\xff\x90\x00\xb0\xff\x01\x00\x5c\xff\xfb\xff\x22\x00\x8d\xff\xd3\xff\xfd\xfe\x12\x00"
  "\x56\x00\xc9\xff\xf5\xff\x16\x00\x87\xff\xfa\xff\xce\xff\xef\xff\x05\x00\x36\x00\x03\x00\xf2\xff\x14\x00\xaa\xff\xeb\xff\xf2\xff\x73\x00\xa6\xff\xa6\xff\x60\xff"
  "\xda\xfe\x24\x00\x16\x00\x27\x00\xf0\xff\x67\x00\x23\x00\x0f\x00\x4a\x00\x5f\xff\x84\xff\xf2\xff\xd1\xff\xe4\xff\x61\x00\x42\x00\x75\x00\x0a\x00\xaf\xff\xf1\xff"
  "\x1c\x00\xa4\x00\xd3\xff\xd4\xff\x5e\x00\x20\x00\x90\x00\xfa\xff\x01\x00\xfd\xff\x45\x00\x04\x00\x0b\x00\xf4\xff\xed\xff\x02\x00\x00\x00\xfe\xff\x07\x00\x00\x00"
  "\x0b\x00\x0c\x00\xf8\xff\xcd\xff\x9d\xff\x40\x00\x91\x00\x10\x00\x09\x00\xd6\xff\xf0\xff\xeb\xff\xf2\xff\xcd\xff\x93\xff\xfd\xff\xff\xff\x13\x00\x1a\x00\xef\xff"
  "\xda\xff\xfe\xff\xfb\xff\xfd\xff\x11\x00\xff\xff\xfb\xff\x02\x00\x01\x00\x00\x00\xe4\xff\xf8\xff\x0a\x00\x12\x00\x06\x00\xfb\xff\xf5\xff\xf0\xff\x15\x00\xff\xff"
  "\x08\x00\xf6\xff\xf6\xff\xff\xff\xfa\xff\x0f\x00\x0e\x00\xff\xff\x00\x00\x01\x00\x0a\x00\x04\x00\x16\x00\xe2\xff\x02\x00\xe4\xff\xd6\xff\x0b\x00\xf8\xff\x08\x00"
  "\x06\x00\x03\x00\xfc\xff\x07\x00\xff\xff\xec\xff\xde\xff\x14\x00\xfe\xff\xf2\xff\xef\xff\x0d\x00\xee\xff\xfa\xff\xe0\xff\x02\x00\x14\x00\x25\x00\xc7\xff\xfe\xff"
  "\xfa\xff\xd9\xff\x48\x00\x12\x00\x07\x00\x01\x00\xca\xff\x00\x00\xf6\xff\x0e\x00\x1c\x00\x07\x00\x04\x00\xfa\xff\xfd\xff\x06\x00\xf3\xff\xf5\xff\x07\x00\x1f\x00"
  "\x5d\x00\x34\x00\x74\x00\xf5\xff\xd1\xff\xfe\xff\xe1\xff\x0c\x00\xf9\xff\xfa\xff\xf5\xff\x02\x00\x01\x00\x06\x00\xfc\xff\x0e\x00\xd3\xff\xea\xff\xca\xff\x59\x00"
  "\x8a\x00\xd9\xff\x0a\x00\x51\x00\x33\x00\xcc\x00\xc4\xff\x0e\x00\x2b\x00\x2b\x00\x1b\x01\x11\x00\x11\x00\xea\xff\xfa\xff\xfc\xff\x00\x00\x03\x00\xfa\xff\x08\x00"
  "\x07\x00\x30\x00\x0e\x00\xfb\xff\x0e\x00\xfa\xff\x21\x00\xf7\xff\xf9\xff\x1e\x00\x01\x00\xf1\xff\x07\x00\xf9\xff\x0e\x00\x04\x00\xea\xff\xfc\xff\xe7\xff\xfe\xff"
  "\xf2\xff\x03\x00\xfa\xff\x0c\x00\x09\x00\x1d\x00\x1c\x00\xf0\xff\xfb\xff\xf8\xff\x01\x00\x0c\x00\xfd\xff\xfb\xff\xe2\xff\x02\x00\xfb\xff\x00\x00\x04\x00\x09\x00"
  "\x1a\x00\x13\x00\x1a\x00\xfe\xff\xf9\xff\xf9\xff\x0b\x00\xfe\xff\xf6\xff\xfe\xff\xf6\xff\x03\x00\xff\xff\x02\x00\x01\x00\x10\x00\x16\x00\x05\x00\xf3\xff\x00\x00"
  "\xf6\xff\x03\x00\x0c\x00\xfe\xff\xf8\xff\xf4\xff\xfd\xff\x03\x00\xfe\xff\xfb\xff\xf9\xff\xfc\xff\xf9\xff\xf5\xff\x04\x00\x01\x00\x08\x00\x08\x00\xde\xff\x01\x00"
  "\xfc\xff\x05\x00\xff\xff\xfe\xff\x03\x00\x01\x00\x07\x00\x0b\x00\xe6\xff\x07\xff\x50\xfe\x0b\x00\x04\x00\x34\x00\x19\x00\xfd\xff\x30\x00\x8d\x00\xbd\x00\xfe\xff"
  "\xfb\xff\xf6\xff\x01\x00\x24\x00\x0d\x00\x07\x00\x0b\x00\xfc\xff\xec\xff\xec\xff\x31\x00\x08\x00\x16\x00\x09\x00\x1a\x00\xfe\xff\x17\x00\x02\x00\xdb\xff\x0c\x00"
  "\x19\x00\x14\x00\xf8\xff\xfe\xff\xed\xff\x02\x00\x0d\x00\xfc\xff\xf0\xff\xf4\xff\x02\x00\x02\x00\xfc\xff\xfd\xff\xf5\xff\xf6\xff\xe1\xff\xe8\xff\x0e\x00\xfe\xff"
  "\x12\x00\xf9\xff\xef\xff\x05\x00\x07\x00\x0a\x00\xfa\xff\xff\xff\x07\x00\x01\x00\x0d\x00\x0a\x00\x09\x00\x04\x00\xf1\xff\x00\x00\xfe\xff\x03\x00\x1b\x00\x07\x00"
  "\xfe\xff\x00\x00\x01\x00\x03\x00\xfb\xff\xfc\xff\x01\x00\x03\x00\x03\x00\x12\x00\x01\x00\xfd\xff\x00\x00\x09\x00\xf4\xff\xfa\xff\xf9\xff\xd9\xff\xf2\xff\x03\x00"
  "\xf5\xff\xff\xff\xe1\xff\xf4\xff\xea\xff\x04\x00\xfd\xff\x16\x00\x2d\x00\x04\x00\x0e\x00\xfb\xff\xf9\xff\x06\x00\x05\x00\xf8\xff\x04\x00\x10\x00\x1e\x00\xf7\xff"
  "\xe6\xff\xe8\xff\xe9\xff\x02\x00\x0f\x00\x07\x00\xf0\xff\x01\x00\x06\x00\x05\x00\x08\x00\x00\x00\x00\x00\xfc\xff\x03\x00\x36\x00\x40\x00\x07\x00\xc4\xff\x05\x00"
  "\x01\x00\x0a\x00\x1a\x00\xfd\xff\x0b\x00\x1a\x00\x5e\x00\xfa\xff\x00\x00\xfe\xff\xeb\xff\xea\xff\xb6\xff\xb4\xff\x80\xff\x0d\x00\x17\x00\x10\x00\x09\x00\x0b\x00"
  "\x11\x00\x0f\x00\x11\x00\xfa\xff\x0a\x00\xfc\xff\x0b\x00\x72\xff\xc7\xff\xa0\x00\x70\x00\x4b\x00\xec\x00\x0f\x00\x0c\xff\xb4\xff\x5f\xff\x19\xff\xdc\xff\xef\xff"
  "\xe5\xff\x63\x00\xfe\xff\xfa\xff\x09\x00\xef\xff\x01\x00\x0f\x00\x0e\x00\x04\x00\xf9\xff\xf7\xff\x06\x00\x09\x00\x1e\x00\xf9\xff\x0a\x00\x04\x00\xfb\xff\xc3\x00"
  "\x00\x00\x09\x00\x00\x00\x03\x00\x00\x00\x32\x32\x30\x02\x00\x00\x00\xc1\x00\x00\x00\xc2\x00\x00\x00\x04\x00\x00\x00\x01\x00\x00\x00\x01\x00\x00\x00\x01\x00\x00"
  "\x00\x01\x00\x00\x00\x04\x00\x00\x00\x01\x00\x00\x00\x01\x00\x00\x00\x01\x00\x00\x00\x01\x00\x00\x00\x01\x00\x00\x00\x00\x00\x00\x00\xc4\x00\x00\x00\x01\x00\x00"
  "\x00\x18\x00\x00\x00\x35\x2e\x73\x70\x6c\x69\x74\x5f\x79\x5f\x70\x61\x74\x68\x2e\x31\x31\x2e\x30\x2e\x62\x69\x61\x73\x00\x00\x00\x00\x01\x00\x00\x00\x10\x00\x00"
  "\x00\x00\x00\x02\x00\x00\x00\x0d\x00\x00\x00\x00\x00\x01\x00\x00\x00\x01\x00\x00\x00\x00\x00\x00\x00\x00\x00\x00\x00\xff\xff\x00\x00\x00\x00\x00\x00\x00\x00\x00"
  "\x00\x00\x00\xc5\x00\x00\x00\x04\x00\x00\x00\x10\x00\x00\x00\x32\x32\x30\x5f\x4e\x4f\x54\x5f\x49\x4e\x5f\x47\x52\x41\x50\x48\x02\x00\x00\x00\xc3\x00\x00\x00\xc4"
  "\x00\x00\x00\xc6\x00\x00\x00\x01\x00\x00\x00\x1a\x00\x00\x00\x35\x2e\x73\x70\x6c\x69\x74\x5f\x75\x76\x5f\x70\x61\x74\x68\x2e\x30\x2e\x30\x2e\x77\x65\x69\x67\x68"
  "\x74\x00\x00\x00\x00\x04\x00\x00\x00\x01\x00\x00\x00\x01\x00\x00\x00\x10\x00\x00\x00\x20\x00\x00\x00\x00\x00\x02\x00\x00\x00\x0d\x00\x00\x00\x1c\xfa\xf1\x02\x7c"
  "\x03\xb1\x00\x59\x03\x7f\xfd\x4a\x02\x16\x08\x4d\xfd\x96\x16\x43\xf8\x4f\xfd\xf4\xfd\x21\xfc\x36\xff\x5a\xfe\xb2\x0e\x13\x00\x9b\x01\x6f\x00\xc8\xf7\x8e\xe9\x96"
  "\xfd\x73\xfb\x16\xf2\x12\xfd\x37\x07\x64\x02\x3b\xfc\x4b\xff\x8c\xff\x5c\x00\xd1\xfd\x4d\xf5\x44\x02\x64\x0a\x48\x02\xf4\xfb\xb2\xfb\xb7\xed\x40\xfb\x84\xfc\xac"
  "\xfd\x2f\x00\xeb\xfe\xec\xfd\x05\x10\x87\x02\xf9\xfb\x0e\xfd\x48\xfe\x3e\xfd\x5f\xff\xa3\x02\x7f\x00\x19\xfc\xc8\xfd\xfc\x0e\x30\xfe\x6c\x03\xd1\x01\xfe\x00\xe7"
  "\x00\x75\xfe\x57\xfb\xcb\xfe\x8e\x00\x89\x04\xa4\x03\x73\xfe\x08\xfa\x79\x06\xe4\x14\xc5\xf3\x61\xfe\xd1\xfe\x9b\xff\x24\xfd\x40\xf9\x0e\x02\x8d\x05\x64\x03\xa4"
  "\x00\x4f\xf5\x2e\x07\x6d\x04\xff\xfa\x3e\xfc\x50\x00\xa2\x01\x59\x0a\x1a\x04\xf8\xf9\x0f\xff\xf0\xfe\xaf\xfd\x72\xed\x84\x06\xa6\x07\x60\xfc\x28\x07\x06\x01\x5c"
  "\x09\xbc\x06\xf0\x00\x6c\x01\x41\xf0\x1d\xf1\x4d\xfb\xeb\xf7\xd7\xf4\xde\x01\x14\x01\xa6\xf6\xd1\x0a\x9b\xff\x0b\xfd\x27\xff\xf9\x01\xce\xf7\x9a\x01\x1d\xfd\x8b"
  "\x00\xea\x01\x00\xff\x40\xff\x3d\x07\x32\x05\xa8\xff\x96\x02\x1c\x01\x8d\xfb\xcf\xfe\xe1\xfe\x01\x01\x27\xfc\x3a\xfa\xc6\x01\xd1\xff\x60\x00\xa1\xfd\x06\xff\x6a"
  "\x03\xe3\xfe\x6a\xf5\x56\xfe\x71\xff\xfd\xff\x56\xfc\x54\xfd\x05\x03\xdb\xff\xea\xf5\x49\x00\x7d\x1f\x01\xff\xed\xf7\x2a\x01\xce\x00\xc2\x00\x59\xfd\xa1\x03\xf9"
  "\x00\x79\xfc\x48\x00\x3a\xff\x57\x00\xb5\xff\xa1\x16\x5e\x05\x78\xfc\xab\xff\x00\xfe\xbd\xfd\x4f\xff\x03\x00\xda\xfa\xbb\xff\x13\x00\x12\x06\x11\xfc\x95\xe2\x83"
  "\x01\x96\xfe\xf5\xfb\x76\xff\xb2\x15\x50\x00\x74\xee\xbb\x00\x59\x00\x94\xff\x04\xfb\xd3\x09\xd1\xff\x4f\xf2\xb0\x04\x65\x00\x78\x0e\x1f\x00\xf7\x03\x2f\x09\x64"
  "\xf7\xea\xfe\xc1\xfb\x90\xfb\xf1\xfd\x50\xfa\xe1\xfe\x43\x01\x12\xff\x35\x01\x1a\x03\xbc\xfc\xb5\x07\x8a\xfc\xa1\xff\x80\xef\x16\x01\xd8\xfc\xee\x02\xe2\x04\x85"
  "\x03\xaf\x08\x0a\x03\x63\x07\x9b\xfc\x4f\xf8\x92\xfd\xd1\x04\x3c\x01\x68\x0d\xd4\x05\x13\x04\x06\x03\x55\xfe\xa2\xf7\xf9\x00\xc5\xf4\xdb\x00\x84\x05\x07\x03\xc5"
  "\x01\xbf\xfc\x67\xff\x7c\xfc\xaa\xff\xa0\xf8\x16\x05\xc6\xfb\xa2\x01\x8d\xfe\xd7\xfa\xf9\xfb\x2c\x01\x7c\xfe\x45\xf9\xea\xfe\x54\x00\x15\x03\xd4\x03\xa1\x08\x91"
  "\x04\x04\x03\xf0\xfe\x29\x01\xd3\xf3\xfe\x02\xe9\xf8\xab\xf4\xfd\xfe\xa6\xf6\x8a\x00\x91\x08\xbd\xee\x37\x02\xb2\xfd\x3b\x01\x21\x01\x76\xf9\x55\x00\xf0\xfb\x2e"
  "\x00\xc2\xfe\xef\xfd\xb2\x08\xc9\x08\x1a\x05\xbe\xfb\xbf\x02\x4e\x02\xab\xfd\x77\x03\xf9\xfe\x73\x04\x73\x01\x5a\xfc\xb2\x00\x36\xfb\xf8\xff\xb3\x00\xf2\xfe\x6a"
  "\xfe\xcd\x01\x19\xfd\x05\x01\xa4\xff\x7d\x1a\x12\x0d\xbf\x01\xe9\x00\x98\xfe\x21\xfb\x48\x00\x07\xf7\xc8\x00\x9c\x11\x34\xff\x54\xfe\xbc\xff\xfb\xfc\x3a\xf5\x79"
  "\x01\xc6\xff\x34\xf2\x5a\xf8\xad\x02\x93\x00\xe9\xff\x09\x01\x11\xff\xed\x01\x25\xfe\x9b\x10\x69\x01\xbe\xfb\xac\x00\x1e\xea\xb6\x0d\xc9\x00\x2c\xff\xcb\x00\x55"
  "\x01\xb5\x00\x59\x00\x75\xfd\xfa\xff\xbf\xf0\x38\xfe\x44\x02\x57\xed\xf4\x07\x26\x0c\x96\xf6\xb8\xf2\x15\x0d\xc1\xf6\xed\x06\xad\xf8\xfe\x06\xe4\x04\xa6\x03\x6e"
  "\x10\xfa\xf6\xa7\xf9\x31\x08\x3c\xfa\x0d\xf9\x6b\x00\x4b\x02\xce\x00\xf8\x00\x98\x04\x32\xfd\x4e\xf4\x95\xfd\x4a\xff\xac\xfc\xb9\xfe\x49\x01\x5e\x00\x1a\x04\x15"
  "\x06\x98\x03\xaa\xfe\x7e\x06\x82\xf9\xd5\xf2\x4f\x05\x83\x06\xb5\x12\xe4\x05\xe5\x02\xfd\x00\x97\xf1\x5d\xfa\xf1\x00\x06\x07\x6d\xfa\xdb\x07\xe2\xff\xbb\x0b\x92"
  "\xfc\x2d\xff\x27\x01\xf1\xfd\x0a\x06\xf6\xf0\x6a\x00\x4a\xf4\x1f\xff\x3f\x03\xa7\x03\xf4\x05\x47\xfd\xa4\x06\x34\x06\x60\x0c\xbd\xf7\x2c\xf1\x52\xf8\xeb\x04\x87"
  "\x03\xf5\xf4\x21\x00\xcb\x00\x2e\x0a\xfd\xf8\x63\x05\xba\x04\x9c\x09\x42\x07\x15\xfc\xe5\xfc\x18\xff\x43\xfe\x1e\x03\x84\xfe\x1e\x05\x1c\x07\x1b\xfc\xe7\xfc\x05"
  "\xff\xe4\x03\x10\x0a\xde\xf5\x08\x05\x5f\xf7\x6d\xfd\x9f\x02\x97\xfe\xf6\xfe\xe9\x02\x69\x00\x38\x01\x3f\xfe\xe2\x00\xb6\x04\x8c\xf6\x00\x05\x9a\xfb\x8a\xfe\x4b"
  "\xf6\x8f\x02\x69\xea\xc4\x02\x77\xff\xfa\xfb\xfe\xff\xbc\xf4\x27\x00\x98\xfc\x9d\x17\x73\x03\xdf\x05\xed\xff\xd9\xff\xab\x03\x42\xfe\x3e\xff\xf8\x02\x60\xfa\x5f"
  "\xfe\xd2\x06\xa2\xfd\x88\xfe\x42\xf8\x42\x00\xb6\x04\x35\xfe\x7e\x03\xaf\x00\x8c\x01\x2e\x01\x01\x00\xe9\x00\x91\x01\x16\x00\xe7\x00\xf4\x0b\x2d\x00\x33\xfb\xa6"
  "\xfc\xb3\x02\x6b\x05\xc4\x04\xb0\xfd\x39\x02\x45\xe8\x38\xfe\x78\xff\xdc\xfb\xc7\x00\x00\x00\x09\x00\x00\x00\x03\x00\x00\x00\x32\x32\x31\x02\x00\x00\x00\x35\x00"
  "\x00\x00\xc6\x00\x00\x00\x04\x00\x00\x00\x01\x00\x00\x00\x01\x00\x00\x00\x01\x00\x00\x00\x01\x00\x00\x00\x04\x00\x00\x00\x00\x00\x00\x00\x00\x00\x00\x00\x00\x00"
  "\x00\x00\x00\x00\x00\x00\x01\x00\x00\x00\x00\x00\x00\x00\xc8\x00\x00\x00\x01\x00\x00\x00\x18\x00\x00\x00\x35\x2e\x73\x70\x6c\x69\x74\x5f\x75\x76\x5f\x70\x61\x74"
  "\x68\x2e\x30\x2e\x30\x2e\x62\x69\x61\x73\x00\x00\x00\x00\x01\x00\x00\x00\x20\x00\x00\x00\x00\x00\x02\x00\x00\x00\x0d\x00\x00\x00\x5f\x03\xd8\x0b\xe8\xfc\xa0\xf5"
  "\xf8\x00\xd2\x05\xf7\x08\x0e\xfc\xcf\xfe\x10\x04\x19\x03\xcb\xfc\x1b\xfd\x8a\xfa\x2f\x03\xc6\xfb\xff\xfd\xf1\x06\xdc\xf9\x12\xff\x50\x01\xfa\x00\x82\x03\x25\xfd"
  "\x6d\xfe\x01\xfe\x77\xff\xa3\x06\xa7\x07\x10\x06\xb3\x09\x7e\x00\xc9\x00\x00\x00\x04\x00\x00\x00\x10\x00\x00\x00\x32\x32\x31\x5f\x4e\x4f\x54\x5f\x49\x4e\x5f\x47"
  "\x52\x41\x50\x48\x02\x00\x00\x00\xc7\x00\x00\x00\xc8\x00\x00\x00\xca\x00\x00\x00\x01\x00\x00\x00\x03\x00\x00\x00\x32\x34\x38\x00\x00\x00\x00\x03\x00\x00\x00\x01"
  "\x00\x00\x00\x01\x00\x00\x00\x01\x00\x00\x00\x00\x00\x02\x00\x00\x00\x0d\x00\x00\x00\x8a\xe3\xcb\x00\x00\x00\x15\x00\x00\x00\x03\x00\x00\x00\x32\x32\x34\x02\x00"
  "\x00\x00\xc9\x00\x00\x00\xca\x00\x00\x00\xcc\x00\x00\x00\x01\x00\x00\x00\x23\x00\x00\x00\x35\x2e\x73\x70\x6c\x69\x74\x5f\x75\x76\x5f\x70\x61\x74\x68\x2e\x31\x2e"
  "\x63\x6f\x6e\x76\x31\x5f\x31\x31\x2e\x30\x2e\x77\x65\x69\x67\x68\x74\x00\x00\x00\x00\x04\x00\x00\x00\x01\x00\x00\x00\x01\x00\x00\x00\x20\x00\x00\x00\x10\x00\x00"
  "\x00\x00\x00\x02\x00\x00\x00\x0d\x00\x00\x00\x00\x00\x00\x00\xc4\xfb\x00\x00\x00\x00\xf9\xff\x04\x10\x2d\x01\x00\x00\x99\x09\x00\x00\xe2\x02\x17\xf5\x00\x00\xc3"
  "\x03\x00\x00\x00\x00\x00\x00\xb2\xff\x00\x00\x00\x00\xab\xfd\x77\x09\x51\xfe\x00\x00\x1c\x08\x00\x00\x92\xf8\x34\x19\x00\x00\xac\x00\x00\x00\x00\x00\x00\x00\x6f"
  "\xfa\x00\x00\x00\x00\x47\x00\xff\xfe\x89\x00\x00\x00\x01\x09\x00\x00\x25\x04\x0c\xfd\x00\x00\x03\xf3\x00\x00\x00\x00\x00\x00\x25\x08\x00\x00\x00\x00\x29\x00\xb2"
  "\xee\xbc\xfa\x00\x00\xad\xee\x00\x00\x70\x01\x21\xea\x00\x00\xe6\xff\x00\x00\x00\x00\x00\x00\x00\x00\x00\x00\x00\x00\xbf\xfe\xbd\xff\x9d\xff\x00\x00\xe4\x01\x00"
  "\x00\x56\xf0\xbb\x0c\x00\x00\xd2\xfc\x00\x00\x00\x00\x00\x00\x9e\xfd\x00\x00\x00\x00\x84\x01\x8e\x02\x06\xff\x00\x00\xe8\x05\x00\x00\x19\x0c\x68\xf6\x00\x00\x7c"
  "\xfc\x00\x00\x00\x00\x00\x00\x32\xfd\x00\x00\x00\x00\x01\xfd\xd9\x0f\xfc\xfc\x00\x00\x88\x14\x00\x00\x46\xfb\x14\x05\x00\x00\x4b\xf0\x00\x00\x00\x00\x00\x00\x99"
  "\xf4\x00\x00\x00\x00\x06\xfd\xf8\xfd\x7b\xf9\x00\x00\xf4\xfb\x00\x00\xe4\xff\x87\x00\x00\x00\x54\x03\x00\x00\x00\x00\x00\x00\x32\x01\x00\x00\x00\x00\x0a\x01\x9c"
  "\xf2\xc2\xfe\x00\x00\xc8\x09\x00\x00\x6a\x00\x61\xfe\x00\x00\xbe\xf4\x00\x00\x00\x00\x00\x00\xa4\xfd\x00\x00\x00\x00\xf7\x00\x7c\xf4\xbb\xfa\x00\x00\x48\x0a\x00"
  "\x00\xb5\x01\x56\xfb\x00\x00\xd7\xf7\x00\x00\x00\x00\x00\x00\x1d\x04\x00\x00\x00\x00\x0f\x03\x06\xf0\x20\x04\x00\x00\x7b\xf6\x00\x00\xc4\x00\xaa\xfe\x00\x00\xae"
  "\xf7\x00\x00\x00\x00\x00\x00\x84\x07\x00\x00\x00\x00\x90\xfc\x85\xf9\xf2\x03\x00\x00\x78\xf1\x00\x00\xc5\xf9\x0f\x07\x00\x00\x8d\x0b\x00\x00\x00\x00\x00\x00\x60"
  "\x0f\x00\x00\x00\x00\x82\x02\x95\xff\xe7\xfd\x00\x00\x63\x01\x00\x00\x78\x00\x2d\x00\x00\x00\x1a\xff\x00\x00\x00\x00\x00\x00\xad\xfd\x00\x00\x00\x00\x19\x01\x57"
  "\x02\x18\xfc\x00\x00\x7c\x05\x00\x00\x96\xf8\x23\x0d\x00\x00\x73\xfd\x00\x00\x00\x00\x00\x00\xf8\x0e\x00\x00\x00\x00\x2f\x03\xe3\x02\x06\xf8\x00\x00\x3c\x03\x00"
  "\x00\xa8\x00\x74\x00\x00\x00\xc8\xfd\x00\x00\x00\x00\x00\x00\x88\xf5\x00\x00\x00\x00\x38\x01\x68\x01\x8f\x00\x00\x00\xc1\x0a\x00\x00\xb6\xfb\x5e\x03\x00\x00\xe4"
  "\xf2\x00\x00\x00\x00\x00\x00\xd8\xf0\x00\x00\x00\x00\x50\xfd\xc8\x06\x22\x07\x00\x00\xd9\x05\x00\x00\xca\xff\xef\x00\x00\x00\xc7\xff\x00\x00\x00\x00\x00\x00\xde"
  "\x00\x00\x00\x00\x00\x1e\x01\xdb\xf6\x3d\xff\x00\x00\x3c\xfa\x00\x00\xe1\xf8\xa4\x11\x00\x00\xd3\xfd\x00\x00\x00\x00\x00\x00\xdf\xff\x00\x00\x00\x00\x1d\xfe\x03"
  "\x09\x55\x00\x00\x00\x24\x04\x00\x00\x9d\x05\x1e\xef\x00\x00\xa1\x03\x00\x00\x00\x00\x00\x00\x1d\xff\x00\x00\x00\x00\xe2\x20\x21\x00\x27\xf7\x00\x00\x56\xff\x00"
  "\x00\x39\x00\x62\xff\x00\x00\xd7\xff\x00\x00\x00\x00\x00\x00\x85\x00\x00\x00\x00\x00\xa2\x07\x4d\x00\xf3\xf1\x00\x00\x0c\xff\x00\x00\xfc\xff\x79\x00\x00\x00\x5b"
  "\x00\x00\x00\x00\x00\x00\x00\xec\xfe\x00\x00\x00\x00\x46\xfd\xc4\x0f\xfe\x07\x00\x00\xeb\xf3\x00\x00\xb6\xff\x4b\x01\x00\x00\xc9\x0d\x00\x00\x00\x00\x00\x00\xf5"
  "\x04\x00\x00\x00\x00\x4b\xfe\x6a\x02\x4a\x05\x00\x00\xa0\xf8\x00\x00\xe3\x08\x22\xfe\x00\x00\x6f\x0e\x00\x00\x00\x00\x00\x00\xcf\xeb\x00\x00\x00\x00\x87\xfd\xc4"
  "\x02\x82\x02\x00\x00\x9f\xfd\x00\x00\xaf\xfe\x86\x04\x00\x00\xf8\x04\x00\x00\x00\x00\x00\x00\xdf\x10\x00\x00\x00\x00\x1b\x01\xa2\xfa\x22\xf6\x00\x00\x40\xfa\x00"
  "\x00\x42\x00\x1e\xff\x00\x00\xac\xff\x00\x00\x00\x00\x00\x00\xa0\xee\x00\x00\x00\x00\xb9\xfd\x34\x00\x70\xfa\x00\x00\x11\xfc\x00\x00\xdd\x03\x5d\xfc\x00\x00\x30"
  "\x08\x00\x00\x00\x00\x00\x00\x0e\xff\x00\x00\x00\x00\x24\x12\x94\x00\xfc\x01\x00\x00\x11\x00\x00\x00\x0a\x00\x8d\xff\x00\x00\xb4\xff\x00\x00\x00\x00\x00\x00\xcf"
  "\x00\x00\x00\x00\x00\xa5\x01\x53\x00\x60\xff\x00\x00\xe5\xff\x00\x00\xd5\x0c\xcb\xf4\x00\x00\x95\x00\x00\x00\x00\x00\x00\x00\xb8\x01\x00\x00\x00\x00\x4d\xf6\xbe"
  "\xff\x73\x20\x00\x00\xf1\xfe\x00\x00\x49\x00\xe5\xfe\x00\x00\x95\x01\x00\x00\x00\x00\x00\x00\xff\x0a\x00\x00\x00\x00\x19\xfe\xf9\xfb\x5f\xff\x00\x00\x97\xf4\x00"
  "\x00\x59\xf7\x0d\x09\x00\x00\xdd\x08\x00\x00\x00\x00\x00\x00\xf5\x01\x00\x00\x00\x00\x66\xfe\x7e\xfd\x18\x04\x00\x00\xed\xf8\x00\x00\x2c\x07\x49\xf3\x00\x00\x67"
  "\x04\x00\x00\x00\x00\x00\x00\xb0\x00\x00\x00\x00\x00\x88\xfe\xa0\x01\xad\x02\x00\x00\x29\xfe\x00\x00\x81\x0c\xae\xf5\x00\x00\xa7\x03\x00\x00\xcd\x00\x00\x00\x09"
  "\x00\x00\x00\x03\x00\x00\x00\x32\x32\x35\x02\x00\x00\x00\xcb\x00\x00\x00\xcc\x00\x00\x00\x04\x00\x00\x00\x01\x00\x00\x00\x01\x00\x00\x00\x01\x00\x00\x00\x01\x00"
  "\x00\x00\x04\x00\x00\x00\x00\x00\x00\x00\x00\x00\x00\x00\x00\x00\x00\x00\x00\x00\x00\x00\x01\x00\x00\x00\x00\x00\x00\x00\xce\x00\x00\x00\x01\x00\x00\x00\x21\x00"
  "\x00\x00\x35\x2e\x73\x70\x6c\x69\x74\x5f\x75\x76\x5f\x70\x61\x74\x68\x2e\x31\x2e\x63\x6f\x6e\x76\x31\x5f\x31\x31\x2e\x30\x2e\x62\x69\x61\x73\x00\x00\x00\x00\x01"
  "\x00\x00\x00\x10\x00\x00\x00\x00\x00\x02\x00\x00\x00\x0d\x00\x00\x00\x00\x00\x00\x00\x78\xfe\x00\x00\x00\x00\xba\x00\x2b\x02\x82\xf9\x00\x00\x52\x01\x00\x00\x4d"
  "\x02\x43\xfd\x00\x00\xce\x02\x00\x00\xcf\x00\x00\x00\x04\x00\x00\x00\x10\x00\x00\x00\x32\x32\x35\x5f\x4e\x4f\x54\x5f\x49\x4e\x5f\x47\x52\x41\x50\x48\x02\x00\x00"
  "\x00\xcd\x00\x00\x00\xce\x00\x00\x00\xd0\x00\x00\x00\x01\x00\x00\x00\x23\x00\x00\x00\x35\x2e\x73\x70\x6c\x69\x74\x5f\x75\x76\x5f\x70\x61\x74\x68\x2e\x31\x2e\x63"
  "\x6f\x6e\x76\x32\x5f\x31\x33\x2e\x30\x2e\x77\x65\x69\x67\x68\x74\x00\x00\x00\x00\x04\x00\x00\x00\x03\x00\x00\x00\x01\x00\x00\x00\x01\x00\x00\x00\x10\x00\x00\x00"
  "\x00\x00\x02\x00\x00\x00\x0d\x00\x00\x00\x00\x00\x00\x00\x79\x00\x00\x00\x00\x00\x7f\x01\x2a\xf4\x9d\xf0\x00\x00\x8a\xf8\x00\x00\xeb\xf1\xbe\x07\x00\x00\x4e\xf5"
  "\x00\x00\x00\x00\x00\x00\x8c\x22\x00\x00\x00\x00\x4c\x1e\xb6\xe9\xcf\xf7\x00\x00\x97\xdc\x00\x00\x80\xf0\x5d\x1c\x00\x00\xec\xe4\x00\x00\x00\x00\x00\x00\x5f\x01"
  "\x00\x00\x00\x00\xa8\x01\xe7\xf4\x97\xec\x00\x00\xe7\x00\x00\x00\x2b\xee\x53\x09\x00\x00\xd0\xf2\x00\x00\xd1\x00\x00\x00\x09\x00\x00\x00\x03\x00\x00\x00\x32\x32"
  "\x36\x02\x00\x00\x00\xcf\x00\x00\x00\xd0\x00\x00\x00\x04\x00\x00\x00\x01\x00\x00\x00\x01\x00\x00\x00\x01\x00\x00\x00\x01\x00\x00\x00\x04\x00\x00\x00\x01\x00\x00"
  "\x00\x00\x00\x00\x00\x01\x00\x00\x00\x00\x00\x00\x00\x10\x00\x00\x00\x00\x00\x00\x00\xd2\x00\x00\x00\x01\x00\x00\x00\x21\x00\x00\x00\x35\x2e\x73\x70\x6c\x69\x74"
  "\x5f\x75\x76\x5f\x70\x61\x74\x68\x2e\x31\x2e\x63\x6f\x6e\x76\x32\x5f\x31\x33\x2e\x30\x2e\x62\x69\x61\x73\x00\x00\x00\x00\x01\x00\x00\x00\x10\x00\x00\x00\x00\x00"
  "\x02\x00\x00\x00\x0d\x00\x00\x00\x00\x00\x00\x00\x10\x00\x00\x00\x00\x00\xbb\xff\x82\x02\xb5\xfe\x00\x00\xe0\x03\x00\x00\x77\x00\x9e\x00\x00\x00\x21\x01\x00\x00"
  "\xd3\x00\x00\x00\x04\x00\x00\x00\x10\x00\x00\x00\x32\x32\x36\x5f\x4e\x4f\x54\x5f\x49\x4e\x5f\x47\x52\x41\x50\x48\x02\x00\x00\x00\xd1\x00\x00\x00\xd2\x00\x00\x00"
  "\xd4\x00\x00\x00\x01\x00\x00\x00\x23\x00\x00\x00\x35\x2e\x73\x70\x6c\x69\x74\x5f\x75\x76\x5f\x70\x61\x74\x68\x2e\x31\x2e\x63\x6f\x6e\x76\x33\x5f\x33\x31\x2e\x30"
  "\x2e\x77\x65\x69\x67\x68\x74\x00\x00\x00\x00\x04\x00\x00\x00\x01\x00\x00\x00\x03\x00\x00\x00\x01\x00\x00\x00\x10\x00\x00\x00\x00\x00\x02\x00\x00\x00\x0d\x00\x00"
  "\x00\x00\x00\x00\x00\x27\x00\x00\x00\x00\x00\x8a\x01\xe9\x07\xc1\xf0\x00\x00\x0e\x05\x00\x00\x31\xf3\xc1\x05\x00\x00\x48\xf5\x00\x00\x00\x00\x00\x00\xd8\xde\x00"
  "\x00\x00\x00\xaf\x1c\xa9\x17\xed\xf7\x00\x00\x6f\x23\x00\x00\x02\xf0\xc9\x1a\x00\x00\x70\xe4\x00\x00\x00\x00\x00\x00\xe2\xfb\x00\x00\x00\x00\x9e\x01\xff\x07\xeb"
  "\xee\x00\x00\xf6\x01\x00\x00\x75\xee\x02\x0a\x00\x00\x08\xf7\x00\x00\xd5\x00\x00\x00\x09\x00\x00\x00\x03\x00\x00\x00\x32\x32\x37\x02\x00\x00\x00\xd3\x00\x00\x00"
  "\xd4\x00\x00\x00\x04\x00\x00\x00\x01\x00\x00\x00\x01\x00\x00\x00\x01\x00\x00\x00\x01\x00\x00\x00\x04\x00\x00\x00\x00\x00\x00\x00\x01\x00\x00\x00\x00\x00\x00\x00"
  "\x01\x00\x00\x00\x10\x00\x00\x00\x00\x00\x00\x00\xd6\x00\x00\x00\x01\x00\x00\x00\x21\x00\x00\x00\x35\x2e\x73\x70\x6c\x69\x74\x5f\x75\x76\x5f\x70\x61\x74\x68\x2e"
  "\x31\x2e\x63\x6f\x6e\x76\x33\x5f\x33\x31\x2e\x30\x2e\x62\x69\x61\x73\x00\x00\x00\x00\x01\x00\x00\x00\x10\x00\x00\x00\x00\x00\x02\x00\x00\x00\x0d\x00\x00\x00\x00"
  "\x00\x00\x00\xfc\xff\x00\x00\x00\x00\x97\x00\x70\x02\xc0\x01\x00\x00\x20\x00\x00\x00\xbc\xff\xf9\xff\x00\x00\x03\x01\x00\x00\xd7\x00\x00\x00\x04\x00\x00\x00\x10"
  "\x00\x00\x00\x32\x32\x37\x5f\x4e\x4f\x54\x5f\x49\x4e\x5f\x47\x52\x41\x50\x48\x02\x00\x00\x00\xd5\x00\x00\x00\xd6\x00\x00\x00\xd8\x00\x00\x00\x01\x00\x00\x00\x23"
  "\x00\x00\x00\x35\x2e\x73\x70\x6c\x69\x74\x5f\x75\x76\x5f\x70\x61\x74\x68\x2e\x31\x2e\x63\x6f\x6e\x76\x34\x5f\x31\x31\x2e\x30\x2e\x77\x65\x69\x67\x68\x74\x00\x00"
  "\x00\x00\x04\x00\x00\x00\x01\x00\x00\x00\x01\x00\x00\x00\x10\x00\x00\x00\x20\x00\x00\x00\x00\x00\x02\x00\x00\x00\x0d\x00\x00\x00\x00\x00\x00\x00\x00\x00\x00\x00"
  "\x00\x00\x00\x00\x00\x00\x00\x00\x00\x00\x00\x00\x00\x00\x00\x00\x00\x00\x00\x00\x00\x00\x00\x00\x00\x00\x00\x00\x00\x00\x00\x00\x00\x00\x00\x00\x00\x00\x00\x00"
  "\x00\x00\x00\x00\x00\x00\x00\x00\x00\x00\x00\x00\x00\x00\x00\x00\x00\x00\x00\x00\x00\x00\x00\x00\x00\x00\x00\x00\x00\x00\x00\x00\x00\x00\x00\x00\x00\x00\x00\x00"
  "\x00\x00\x00\x00\x00\x00\x00\x00\x00\x00\x00\x00\x00\x00\x00\x00\x00\x00\x00\x00\x00\x00\x00\x00\x00\x00\x00\x00\x00\x00\x00\x00\x00\x00\x00\x00\x00\x00\x00\x00"
  "\xf7\xfc\x66\x02\x0a\x01\x01\xfe\x08\xff\xc8\xfc\x55\x02\x25\xfb\xaf\xfa\xd5\xfd\x29\xfe\x65\xff\x57\xf1\x1a\x01\x37\xfc\xc7\x08\xdb\xf9\x44\x01\xd9\x01\xab\x01"
  "\x83\xff\x74\x00\xa8\x01\xd6\x12\x94\xff\x87\x0f\xcc\xfe\xf5\xff\x28\xfe\x33\x08\xbc\xfe\x0c\xfe\x00\x00\x00\x00\x00\x00\x00\x00\x00\x00\x00\x00\x00\x00\x00\x00"
  "\x00\x00\x00\x00\x00\x00\x00\x00\x00\x00\x00\x00\x00\x00\x00\x00\x00\x00\x00\x00\x00\x00\x00\x00\x00\x00\x00\x00\x00\x00\x00\x00\x00\x00\x00\x00\x00\x00\x00\x00"
  "\x00\x00\x00\x00\x00\x00\x00\x00\x00\x00\x00\x00\x00\x00\x00\x00\x00\x00\x00\x00\x00\x00\x00\x00\x00\x00\x00\x00\x00\x00\x00\x00\x00\x00\x00\x00\x00\x00\x00\x00"
  "\x00\x00\x00\x00\x00\x00\x00\x00\x00\x00\x00\x00\x00\x00\x00\x00\x00\x00\x00\x00\x00\x00\x00\x00\x00\x00\x00\x00\x00\x00\x00\x00\x18\xff\x78\x02\xf1\xff\x4d\xfb"
  "\x16\x00\x83\xff\xde\x03\x5b\xff\x77\xfb\xbc\xfe\xe9\x00\xdd\xff\x5d\x00\xa9\xff\x48\x00\x84\x00\x6a\xfe\xf6\x00\x88\xff\x8e\x1c\x71\x04\xd2\x04\x73\x00\x06\x00"
  "\x1b\xff\xcd\xfa\xe6\xf9\xb5\xff\xa1\xfb\x63\x01\x07\x01\x3c\x01\xe6\xfc\xdd\x00\xbd\xfe\xf6\x06\x24\x01\x71\x01\x8c\x06\xc1\xfb\xb7\xfe\x7b\x07\x10\x03\x17\x00"
  "\xc1\xfb\xe5\xf9\x88\xfd\x99\xf8\x61\x04\x00\xfd\x11\x0d\x1c\x03\xf7\xff\x71\xfe\x5a\xfb\x2a\x05\xa0\xfa\xeb\x00\x49\x02\xea\x01\x12\xfc\x7c\xf6\x2f\x06\x66\xfe"
  "\x28\x01\xe3\x00\x51\x03\x5a\xfd\xc1\xff\x9e\x01\xa2\x08\x5b\x05\x16\xfc\x31\xf8\x79\x0a\xd5\xff\x3c\x02\x15\xfd\xac\x00\xe8\xff\x2f\x03\x11\xfd\x69\xfc\xa1\xfe"
  "\xf0\x08\x9c\xfb\x81\xff\x2f\xfc\xd0\xfb\x16\xf7\x17\xfd\x04\xfe\x7e\xf6\xf7\x02\xb6\xff\x34\x04\x00\x00\x00\x00\x00\x00\x00\x00\x00\x00\x00\x00\x00\x00\x00\x00"
  "\x00\x00\x00\x00\x00\x00\x00\x00\x00\x00\x00\x00\x00\x00\x00\x00\x00\x00\x00\x00\x00\x00\x00\x00\x00\x00\x00\x00\x00\x00\x00\x00\x00\x00\x00\x00\x00\x00\x00\x00"
  "\x00\x00\x00\x00\x00\x00\x00\x00\x69\xf0\x15\x07\x1c\x05\x00\x11\xd4\x00\xb8\xfe\xcd\x03\x27\x02\x4c\x09\xfa\x06\x4c\x0a\x6c\xfe\x16\xfd\x7b\x0c\xe1\xfb\x38\xfc"
  "\x00\xff\x36\x09\xc7\x01\xd6\x01\x4b\x00\x3b\x08\x43\x04\x54\x02\x11\x03\x3b\x08\x5b\x03\x9b\x01\x05\x04\xf1\xf7\xc9\xfd\x22\x01\x00\x00\x00\x00\x00\x00\x00\x00"
  "\x00\x00\x00\x00\x00\x00\x00\x00\x00\x00\x00\x00\x00\x00\x00\x00\x00\x00\x00\x00\x00\x00\x00\x00\x00\x00\x00\x00\x00\x00\x00\x00\x00\x00\x00\x00\x00\x00\x00\x00"
  "\x00\x00\x00\x00\x00\x00\x00\x00\x00\x00\x00\x00\x00\x00\x00\x00\x61\xfd\xdf\xf3\x8e\xff\xb6\xf9\xba\xfe\x0a\xff\xe2\x04\xd6\x01\x80\x01\x8b\x06\xd1\x02\xe9\x00"
  "\xef\x01\x89\xf8\x7a\x00\xaa\x02\x9e\xfd\x55\x0a\xb5\xf6\x5d\xfd\xea\xff\x84\xff\x42\x00\x4d\x02\xb5\x00\x7a\x02\xcf\x00\x48\x01\x55\xff\xab\xf8\x46\x08\x74\x04"
  "\xc1\xf7\xab\xec\x61\x01\xeb\xf2\x43\x00\x10\x01\x1f\x07\xce\x00\x1a\xff\x97\x05\x0e\x03\xa5\x01\x92\x01\x2d\x03\x09\xff\x91\x03\x52\xff\x22\x02\x60\x02\x0f\xfe"
  "\x7f\x00\x94\xff\x85\x01\x2a\x04\x57\x00\x46\xff\xcc\x00\x5f\x00\x62\x00\xaf\xf4\xb6\x03\xdd\x05\x00\x00\x00\x00\x00\x00\x00\x00\x00\x00\x00\x00\x00\x00\x00\x00"
  "\x00\x00\x00\x00\x00\x00\x00\x00\x00\x00\x00\x00\x00\x00\x00\x00\x00\x00\x00\x00\x00\x00\x00\x00\x00\x00\x00\x00\x00\x00\x00\x00\x00\x00\x00\x00\x00\x00\x00\x00"
  "\x00\x00\x00\x00\x00\x00\x00\x00\x4c\x09\x83\xfd\xd5\xf6\x49\xfc\xa0\x01\xd1\x01\x1b\x03\x77\x04\xc9\x02\xc8\x00\x4f\xf5\xe2\x01\x01\x04\x84\xf5\x8c\x01\x3b\xfd"
  "\xf0\x04\x95\xf3\x1e\x04\xf3\x05\x6a\xfb\x1a\x0a\x20\xfa\x3c\xff\xf7\xfb\x63\x00\xbb\x04\xcb\x00\x41\x00\xa1\xfd\x41\x07\x12\xfb\x00\x00\x00\x00\x00\x00\x00\x00"
  "\x00\x00\x00\x00\x00\x00\x00\x00\x00\x00\x00\x00\x00\x00\x00\x00\x00\x00\x00\x00\x00\x00\x00\x00\x00\x00\x00\x00\x00\x00\x00\x00\x00\x00\x00\x00\x00\x00\x00\x00"
  "\x00\x00\x00\x00\x00\x00\x00\x00\x00\x00\x00\x00\x00\x00\x00\x00\xd9\x00\x00\x00\x09\x00\x00\x00\x03\x00\x00\x00\x32\x32\x38\x02\x00\x00\x00\xd7\x00\x00\x00\xd8"
  "\x00\x00\x00\x04\x00\x00\x00\x01\x00\x00\x00\x01\x00\x00\x00\x01\x00\x00\x00\x01\x00\x00\x00\x04\x00\x00\x00\x00\x00\x00\x00\x00\x00\x00\x00\x00\x00\x00\x00\x00"
  "\x00\x00\x00\x01\x00\x00\x00\x00\x00\x00\x00\xda\x00\x00\x00\x01\x00\x00\x00\x21\x00\x00\x00\x35\x2e\x73\x70\x6c\x69\x74\x5f\x75\x76\x5f\x70\x61\x74\x68\x2e\x31"
  "\x2e\x63\x6f\x6e\x76\x34\x5f\x31\x31\x2e\x30\x2e\x62\x69\x61\x73\x00\x00\x00\x00\x01\x00\x00\x00\x20\x00\x00\x00\x00\x00\x02\x00\x00\x00\x0d\x00\x00\x00\x3d\x03"
  "\xc6\xf5\xfc\xff\x51\x0b\xbe\x00\xb3\xfd\x93\xf5\x99\xff\xcb\x00\x3d\xfa\x3f\x03\xa6\x03\x4c\x05\xed\x01\x64\x01\x2a\x05\x5c\x01\x56\x01\xa1\xff\x6e\x01\x1a\xfe"
  "\xbf\xff\xd8\xfc\xff\x04\x52\x01\x36\x04\x2f\xff\x11\xfe\xf0\xf6\xcd\xf8\x03\xfd\xa3\xfc\xdb\x00\x00\x00\x04\x00\x00\x00\x10\x00\x00\x00\x32\x32\x38\x5f\x4e\x4f"
  "\x54\x5f\x49\x4e\x5f\x47\x52\x41\x50\x48\x02\x00\x00\x00\xd9\x00\x00\x00\xda\x00\x00\x00\xdc\x00\x00\x00\x0a\x00\x00\x00\x03\x00\x00\x00\x32\x32\x39\x02\x00\x00"
  "\x00\xdb\x00\x00\x00\xc9\x00\x00\x00\xdd\x00\x00\x00\x01\x00\x00\x00\x1a\x00\x00\x00\x35\x2e\x73\x70\x6c\x69\x74\x5f\x75\x76\x5f\x70\x61\x74\x68\x2e\x32\x2e\x30"
  "\x2e\x77\x65\x69\x67\x68\x74\x00\x00\x00\x00\x04\x00\x00\x00\x01\x00\x00\x00\x01\x00\x00\x00\x20\x00\x00\x00\x10\x00\x00\x00\x00\x00\x02\x00\x00\x00\x0d\x00\x00"
  "\x00\x9f\x07\x2c\x09\xba\x02\x9a\xff\x1d\xf8\xf5\x01\xf3\xfd\x6f\xff\x8d\xfe\xa3\x01\x3a\xff\x2e\x03\xef\xf9\x06\x01\x60\x03\x9d\xf9\x2f\xf5\xe4\xfb\x4c\xff\x56"
  "\x00\xd7\xe7\x54\x00\xd3\xf8\x94\x07\x28\x00\xe8\x02\x1f\xfd\x05\xfc\xa4\x02\x59\xfe\xab\xfe\xda\x02\x8d\xfb\x92\xfc\x28\x01\x06\xfc\x13\x01\x85\xf9\x14\x01\x3f"
  "\x00\x8e\x02\xe0\xfe\xc8\x02\xa8\xfc\xe5\x02\xae\x06\x38\x00\x3e\x01\x34\xf4\x31\xfb\xb2\xfc\x64\x07\xfc\xef\x92\x00\xd3\xfc\x4c\x03\x25\x00\x17\x03\x00\x02\xc2"
  "\xfa\xd2\x02\x7b\xfe\x18\x00\xcb\x08\x00\x00\xc8\x00\x50\xff\xba\x00\xff\xff\x16\x00\x42\x02\x3b\x01\xf6\xff\x6d\xff\x90\xff\xbc\xff\xcc\xfd\x65\xff\xec\x01\x29"
  "\x01\xc7\xff\xe5\x01\x4c\xff\x7a\x02\x88\x00\x46\xfd\x81\x02\x0e\x01\x87\x01\x13\x00\x99\x01\x23\xfc\xf3\xfd\x4b\x01\x74\x01\x91\x01\x14\xf6\xb7\x01\xab\x03\x04"
  "\x08\x60\x05\xab\x03\xdc\xff\xa4\xfd\x42\x02\xde\x02\x94\xfb\x29\xfc\x40\xfd\x20\xff\xb9\xfc\x51\x03\xc7\x00\xf5\xff\xbc\xff\xbe\x06\x6e\x00\xc1\xf5\xf5\x00\xc8"
  "\xfe\x4d\x04\x56\xff\x32\x02\xa8\x00\x2f\x00\x98\x01\x22\x00\x20\x00\xf0\xfd\xfc\xff\xac\xf9\x47\x0c\x79\x01\x85\x04\x7c\x00\x0d\xff\x81\xfe\x54\xec\x4d\x04\x6b"
  "\x02\xe4\xfd\xb0\x03\x77\xff\x7e\x01\x9d\x01\x76\xf9\x7e\xfe\x17\x04\x69\x04\x1d\x0a\xfe\x02\xae\xfd\xfa\xfb\xdf\x06\x0d\xfe\x0d\x04\x6c\x04\x35\xf6\xa0\xff\xcb"
  "\x08\xd9\xf3\xe6\xfa\xbd\x06\xbb\x02\xb1\x01\x33\xfd\x00\x04\x87\xfd\xe9\xff\x91\xfc\x74\xff\x56\xfe\x2a\x02\x13\x07\xdc\xff\x1b\x07\xd0\x00\x29\x00\x27\x00\x1c"
  "\x02\x67\x01\x73\x02\x28\x02\xce\xff\x59\xfe\x6f\x00\x6b\xfe\x36\xff\x6e\x00\xfc\xfe\x2d\xff\xb9\xfe\xa0\x0a\x8a\xfe\xb2\x01\x11\x05\xe9\x00\xbe\xfb\x25\x00\xa3"
  "\xfe\x64\x03\x18\x00\x70\x04\xb3\x01\x35\x01\x2c\x00\x72\x06\x58\x03\xb5\xff\x7c\xf4\x41\xfb\xa5\x02\x84\x05\x4e\xff\x19\xfa\x51\x0a\xe2\x00\x1b\xfe\x36\x01\x94"
  "\xfe\xc0\x09\xf7\xfc\x49\xf8\x2b\x01\x45\x05\x5c\xff\x6a\x03\x02\x01\xde\xfe\xb1\x03\x3d\x00\x60\x00\xb9\xfe\xa9\xff\x1c\x00\x81\x03\xcc\x00\xc2\xff\xbc\xff\xa9"
  "\xfe\xe2\xfd\xe0\x00\x57\xff\xd4\xf8\xf6\x03\x21\xfd\x00\x00\xea\xfe\xba\x01\x06\x03\x05\x01\x4b\x03\x6c\x01\xc3\xff\x05\xfc\x00\xf8\x9d\x06\xe7\xff\x6f\x05\xbb"
  "\x09\x3f\xff\x68\x00\x61\xfe\x68\x02\xce\x02\xf7\xfc\x0d\x06\xfb\x00\xcf\xfe\xde\xf7\xe2\xf7\x5b\x03\x3c\xfd\xa2\xf6\x14\xfd\x6b\x00\x8f\x01\x02\x01\x6a\x08\xc9"
  "\xf7\x79\xfe\xb0\xfe\x45\xff\xb9\xfc\x0d\x0a\xe3\x00\x06\xf7\x13\x02\xb6\xfd\xcd\x05\xa7\xfc\x4e\x01\xab\x03\x68\x04\x3c\xf7\xbb\x06\x26\xfd\x8f\x00\x7e\xfc\x1f"
  "\xfb\xbf\xf6\x22\xff\x2a\x04\x19\x05\xfb\xff\xfe\x01\x31\xfb\x66\xfe\x1d\xff\x46\x00\xda\xff\x2f\x00\x47\x0c\xdd\x00\xfc\xea\x41\xf7\xdf\xfc\xff\x00\x1e\x01\x6f"
  "\xff\x8b\xff\xce\xfc\x9f\x0d\x63\x00\x56\x01\xc4\x03\x20\x00\x48\x00\xe8\xfd\xcb\xf7\xec\xff\x3b\xff\xf8\x01\x02\xfa\x2c\xfe\x91\xff\x94\xfe\x77\xff\x6e\xfb\xe5"
  "\x09\x1b\x01\x58\x05\x1a\x00\x57\xff\x2e\xff\xe3\xed\x7d\xfb\xc8\x03\x38\xfe\xc6\xef\x2b\xff\x5f\x02\x81\xfc\xc8\xfa\x42\xfe\x90\xfe\x1f\x01\x24\x00\xe4\xff\xdd"
  "\x00\x4d\xff\xa5\xfe\x43\x00\x5b\x00\xb6\x04\x29\x02\xde\xfe\x60\xff\x18\xf3\xc1\x03\x93\xf9\x25\xfb\xa7\x04\xc6\x03\x30\x02\xed\xfd\xa0\xfe\x3f\x03\x35\xff\xd8"
  "\xff\x91\xfd\x27\xfd\x52\xf9\xe3\xfa\x0e\xfe\xf3\xfa\x12\xfe\xbd\xf7\x51\x00\xf4\xff\xaf\x00\x24\x00\x00\x04\x33\x04\xc8\x03\x09\x03\xc5\x04\x3b\xfa\x67\x09\x6c"
  "\x01\x64\xf3\x55\x03\x86\xf2\x47\xfd\x18\x00\x85\xfb\x62\x01\x49\xfd\xa1\x01\x2a\x04\xa8\x00\xa7\xff\x49\xfe\xed\x02\xbe\xfb\x02\xfb\xac\x01\x3f\x00\xa2\xfb\x6e"
  "\x06\xb1\x01\x07\x04\x6d\x00\xff\xff\x07\xea\x06\xfb\xfd\xf0\x1d\x00\x91\x00\x0c\x0b\xa2\xff\xda\x00\x87\x00\x45\x00\xc9\xfe\xa4\x00\x03\x02\x9b\x01\x12\x02\x93"
  "\xff\xa7\xff\xd3\x00\x45\x00\x90\x00\x79\xff\xe0\xfc\xb3\xff\xd7\x01\x1d\xff\xf3\x01\x0c\xf2\xe5\x01\x01\x00\xc6\xf5\x8f\x00\x56\xff\x3e\x07\x13\xff\xad\x03\x14"
  "\xfd\xe6\xfd\x6a\x0a\x53\x01\x45\xff\x48\x00\x98\x00\x13\x05\xaa\xf7\x3d\xf6\x24\x01\xed\xfb\xa9\x05\x7f\xff\x93\x00\x9a\xfd\x6d\x04\xad\x01\x08\x01\xe5\xfb\x54"
  "\xf5\xef\xfd\x68\x06\x36\xff\x3b\x01\xba\x01\xe1\x01\x11\x09\x70\xf7\x62\x00\xd4\xfe\x04\xff\xe1\x00\x3d\xf8\x71\xff\xfa\x06\x09\x03\xf0\xfe\xe9\xfd\x48\x02\xcf"
  "\xff\xd5\x06\xd1\xfe\x41\x01\x68\xfd\x93\x00\xe9\xfd\x06\x00\xac\x00\x1f\x01\x43\x04\x88\x00\x5f\x01\xde\x00\x00\x00\x09\x00\x00\x00\x03\x00\x00\x00\x32\x33\x30"
  "\x02\x00\x00\x00\xdc\x00\x00\x00\xdd\x00\x00\x00\x04\x00\x00\x00\x01\x00\x00\x00\x01\x00\x00\x00\x01\x00\x00\x00\x01\x00\x00\x00\x04\x00\x00\x00\x00\x00\x00\x00"
  "\x00\x00\x00\x00\x00\x00\x00\x00\x00\x00\x00\x00\x01\x00\x00\x00\x00\x00\x00\x00\xdf\x00\x00\x00\x01\x00\x00\x00\x18\x00\x00\x00\x35\x2e\x73\x70\x6c\x69\x74\x5f"
  "\x75\x76\x5f\x70\x61\x74\x68\x2e\x32\x2e\x30\x2e\x62\x69\x61\x73\x00\x00\x00\x00\x01\x00\x00\x00\x10\x00\x00\x00\x00\x00\x02\x00\x00\x00\x0d\x00\x00\x00\xb2\xff"
  "\xcb\xff\xeb\xff\xc5\xff\x09\x00\x49\x00\xfc\xff\x0e\x00\x82\x00\xc9\xff\x8b\xfe\xf7\xff\xf6\xff\x54\x00\x2c\x00\xbd\x00\xe0\x00\x00\x00\x04\x00\x00\x00\x10\x00"
  "\x00\x00\x32\x33\x30\x5f\x4e\x4f\x54\x5f\x49\x4e\x5f\x47\x52\x41\x50\x48\x02\x00\x00\x00\xde\x00\x00\x00\xdf\x00\x00\x00\xe1\x00\x00\x00\x01\x00\x00\x00\x1a\x00"
  "\x00\x00\x35\x2e\x73\x70\x6c\x69\x74\x5f\x75\x76\x5f\x70\x61\x74\x68\x2e\x33\x2e\x30\x2e\x77\x65\x69\x67\x68\x74\x00\x00\x00\x00\x04\x00\x00\x00\x03\x00\x00\x00"
  "\x01\x00\x00\x00\x01\x00\x00\x00\x10\x00\x00\x00\x00\x00\x02\x00\x00\x00\x0d\x00\x00\x00\x63\x00\xed\x14\x8f\x07\xfd\xff\x62\x06\x29\x01\xc1\x11\x91\x00\x6c\x02"
  "\x52\x00\xa5\xff\xf1\x00\xa9\x01\xb1\x00\x26\x01\xa9\x0d\x81\x01\x0c\xf2\x68\x0e\x8a\x15\x7b\xea\x3e\xed\x10\xf5\xd6\xeb\xbd\x12\xd3\x0c\x95\x13\xd5\x0e\x27\x15"
  "\xa7\x16\xec\xe9\xb0\xee\x09\xeb\xaf\xf9\x16\x07\x91\xfe\xb4\xfe\x95\x03\x2e\xf9\xf3\xff\xbf\x03\x0e\x0d\x41\x01\xd2\x01\x77\xff\x9f\x04\x12\xfe\x85\x01\xe2\x00"
  "\x00\x00\x09\x00\x00\x00\x03\x00\x00\x00\x32\x33\x31\x02\x00\x00\x00\xe0\x00\x00\x00\xe1\x00\x00\x00\x04\x00\x00\x00\x01\x00\x00\x00\x01\x00\x00\x00\x01\x00\x00"
  "\x00\x01\x00\x00\x00\x04\x00\x00\x00\x00\x00\x00\x00\x00\x00\x00\x00\x00\x00\x00\x00\x00\x00\x00\x00\x10\x00\x00\x00\x00\x00\x00\x00\xe3\x00\x00\x00\x01\x00\x00"
  "\x00\x18\x00\x00\x00\x35\x2e\x73\x70\x6c\x69\x74\x5f\x75\x76\x5f\x70\x61\x74\x68\x2e\x33\x2e\x30\x2e\x62\x69\x61\x73\x00\x00\x00\x00\x01\x00\x00\x00\x10\x00\x00"
  "\x00\x00\x00\x02\x00\x00\x00\x0d\x00\x00\x00\xf8\xff\xef\xff\xe7\xff\x1b\x00\xf2\xff\xe9\xff\xf9\xff\xe5\xff\xdf\xff\xd7\xff\xdc\xff\xa9\xff\xf2\xff\xea\xff\xb9"
  "\xff\xf7\xff\xe4\x00\x00\x00\x04\x00\x00\x00\x10\x00\x00\x00\x32\x33\x31\x5f\x4e\x4f\x54\x5f\x49\x4e\x5f\x47\x52\x41\x50\x48\x02\x00\x00\x00\xe2\x00\x00\x00\xe3"
  "\x00\x00\x00\xe5\x00\x00\x00\x01\x00\x00\x00\x1a\x00\x00\x00\x35\x2e\x73\x70\x6c\x69\x74\x5f\x75\x76\x5f\x70\x61\x74\x68\x2e\x34\x2e\x30\x2e\x77\x65\x69\x67\x68"
  "\x74\x00\x00\x00\x00\x04\x00\x00\x00\x01\x00\x00\x00\x03\x00\x00\x00\x01\x00\x00\x00\x10\x00\x00\x00\x00\x00\x02\x00\x00\x00\x0d\x00\x00\x00\xed\xff\x40\x01\xc5"
  "\xfa\x2b\x00\xcb\x05\x46\xf3\x3a\xff\xea\xef\x2a\xfc\x7d\xff\x70\x00\x80\x0d\xef\x11\x15\xff\x09\xff\x76\x00\xfc\xfe\xb0\x13\x49\xf5\x90\xed\xd7\xed\x15\xfd\x06"
  "\xef\x60\x0c\x2b\xf1\xd3\xf1\x4e\x0f\xa3\xfa\xd8\xef\x3a\xec\xa4\xf0\x68\x14\x9f\x10\x77\xff\x75\xf9\x87\xff\x6f\xfe\x03\xf6\x5d\xff\xc3\x03\xb8\xfe\x8a\xff\x72"
  "\xff\x31\xff\x3e\xfe\x2d\x00\x8c\x10\xe4\xff\xe6\x00\x00\x00\x09\x00\x00\x00\x03\x00\x00\x00\x32\x33\x32\x02\x00\x00\x00\xe4\x00\x00\x00\xe5\x00\x00\x00\x04\x00"
  "\x00\x00\x01\x00\x00\x00\x01\x00\x00\x00\x01\x00\x00\x00\x01\x00\x00\x00\x04\x00\x00\x00\x00\x00\x00\x00\x00\x00\x00\x00\x00\x00\x00\x00\x00\x00\x00\x00\x10\x00"
  "\x00\x00\x00\x00\x00\x00\xe7\x00\x00\x00\x01\x00\x00\x00\x18\x00\x00\x00\x35\x2e\x73\x70\x6c\x69\x74\x5f\x75\x76\x5f\x70\x61\x74\x68\x2e\x34\x2e\x30\x2e\x62\x69"
  "\x61\x73\x00\x00\x00\x00\x01\x00\x00\x00\x10\x00\x00\x00\x00\x00\x02\x00\x00\x00\x0d\x00\x00\x00\xf5\xff\x04\x00\x5e\x00\xba\xff\x20\x00\xf7\xff\xfc\xff\xff\xff"
  "\x50\x00\x18\x00\x4d\x00\x09\x00\xfd\xff\x61\x00\x0a\x00\x0d\x00\xe8\x00\x00\x00\x04\x00\x00\x00\x10\x00\x00\x00\x32\x33\x32\x5f\x4e\x4f\x54\x5f\x49\x4e\x5f\x47"
  "\x52\x41\x50\x48\x02\x00\x00\x00\xe6\x00\x00\x00\xe7\x00\x00\x00\xe9\x00\x00\x00\x01\x00\x00\x00\x1a\x00\x00\x00\x35\x2e\x73\x70\x6c\x69\x74\x5f\x75\x76\x5f\x70"
  "\x61\x74\x68\x2e\x35\x2e\x30\x2e\x77\x65\x69\x67\x68\x74\x00\x00\x00\x00\x04\x00\x00\x00\x01\x00\x00\x00\x01\x00\x00\x00\x10\x00\x00\x00\x10\x00\x00\x00\x00\x00"
  "\x02\x00\x00\x00\x0d\x00\x00\x00\xa8\x06\x0f\xff\x0f\xff\x0b\xff\x20\x00\xa2\x00\x9f\x00\x16\x01\x03\xff\xbd\x02\x27\x03\x7d\x01\xaf\x00\xe5\xfe\xdb\xf6\x2f\xff"
  "\x86\x02\xe0\xff\x37\x00\x3d\x00\x04\xfc\x45\xfa\x69\xfa\xb1\x0b\x2f\x00\xc5\x02\x0f\x02\x1a\x0c\x56\xfc\x57\x00\xc8\x02\x2b\x00\x2c\xf7\xcf\xff\x77\xff\x78\x00"
  "\x2e\xff\x20\xff\xf7\xfc\x9c\xfc\x72\xff\xac\xf6\x9c\xf6\x6d\xfe\xfb\xfc\x38\x00\x85\xf6\xab\x00\x02\xfb\xac\xff\x8a\xff\xf8\xff\xdd\x03\x58\x04\xda\x02\x93\xfe"
  "\x67\xff\xdd\xf7\xde\xf5\xd6\xff\xb5\x02\x0d\x00\xc5\xf7\x3d\x00\x29\xfc\xac\xff\xd0\xfe\xfc\x00\x4b\xfe\xe4\x00\x44\xff\x63\x00\x67\x00\xa7\x0b\x4a\xfb\x36\x00"
  "\x47\x00\x3f\xff\x9c\xff\xa1\xfe\xb8\xff\x4a\x02\x02\x02\xf1\xfb\x78\x02\x60\x02\x6d\xf9\x4a\xf9\xc9\x01\x21\x00\xb5\xff\x5b\xff\x3d\xf9\xf9\xfc\x55\x00\x39\xfc"
  "\x2e\x00\x15\x00\x35\x00\x2f\x00\x99\xf6\x42\x08\x8b\x08\x67\x01\x0e\x00\x93\x00\x11\x00\x4b\x01\x67\xf6\x0b\x00\x5f\x00\x12\x00\xc0\xff\x92\x00\x76\x08\xfc\x09"
  "\xf9\xff\x31\x00\x00\x00\x0c\x00\x73\xf6\xdb\x00\xa3\xff\xf3\xff\xf9\xff\x43\x00\x1b\x00\xad\xf4\x13\x00\x4e\xfc\x03\xfb\xc2\x06\xd6\xfd\x16\xfe\xd9\x04\x96\x04"
  "\x38\xfb\x49\xff\x7e\xff\x56\xfe\xe6\x04\x37\x04\x6d\xff\xf9\x05\xe4\x04\xc3\xff\xfe\xff\xa2\xff\x53\x02\xfb\x02\x99\x02\x99\xf9\xe8\xff\x31\x00\x62\xfb\x95\xf9"
  "\x53\x02\x40\x00\x31\x04\xab\xff\x00\x00\xd8\xfd\xe9\xfc\x6c\x04\x18\x09\x0b\x09\x7e\xfd\x42\xfd\xef\xfc\xa0\xff\x45\xff\xca\x07\x70\xfd\x58\x03\xd2\xff\x14\x04"
  "\xf8\xfe\xc0\xfd\x88\xfa\x96\xff\xfd\x01\xff\x02\x57\xff\x26\x00\xaa\xfa\xb8\x00\x9e\xff\xd1\xff\x37\xff\x15\xf7\x74\xff\x24\xfe\xe6\xff\xeb\x09\xc5\xf8\x5b\xf7"
  "\x20\x00\x11\x00\xf1\xff\xd3\xff\x6e\xf9\x0d\x00\xec\xff\xdc\xff\x0a\x00\x86\x09\x48\x00\x03\xf8\x71\x00\x77\xff\x46\xff\xa0\x01\x0c\x0b\xf6\x0a\xa5\x08\xb1\x09"
  "\x45\xff\xbf\x00\xfb\x00\xd8\x0c\xa7\x08\x43\x01\xb1\x00\x9f\x01\x61\x02\xe2\xf2\x51\xfd\xee\xfc\x5c\x00\x33\x00\x2b\x00\x2b\x00\x1e\xfd\x5b\x03\x8c\x03\x10\x00"
  "\x3c\x00\x60\xf3\xef\x03\x80\xfc\x1f\x07\x60\x00\x79\xff\xc9\xff\xe0\xfc\x19\xfb\x38\xfb\x18\x05\xa7\xff\x9c\x04\xa2\x02\x9b\x03\xc4\xfb\x8e\x00\xfe\x08\xae\xff"
  "\xea\x00\x00\x00\x09\x00\x00\x00\x03\x00\x00\x00\x32\x33\x33\x02\x00\x00\x00\xe8\x00\x00\x00\xe9\x00\x00\x00\x04\x00\x00\x00\x01\x00\x00\x00\x01\x00\x00\x00\x01"
  "\x00\x00\x00\x01\x00\x00\x00\x04\x00\x00\x00\x00\x00\x00\x00\x00\x00\x00\x00\x00\x00\x00\x00\x00\x00\x00\x00\x01\x00\x00\x00\x00\x00\x00\x00\xeb\x00\x00\x00\x01"
  "\x00\x00\x00\x18\x00\x00\x00\x35\x2e\x73\x70\x6c\x69\x74\x5f\x75\x76\x5f\x70\x61\x74\x68\x2e\x35\x2e\x30\x2e\x62\x69\x61\x73\x00\x00\x00\x00\x01\x00\x00\x00\x10"
  "\x00\x00\x00\x00\x00\x02\x00\x00\x00\x0d\x00\x00\x00\x1e\x00\x13\x00\x20\x00\xd8\xff\xd5\xff\xd5\xff\x03\x00\xfa\xff\x1e\x00\x18\x00\x19\x00\xda\xff\x03\x00\xf2"
  "\xff\x1d\x00\xdc\xff\xec\x00\x00\x00\x04\x00\x00\x00\x10\x00\x00\x00\x32\x33\x33\x5f\x4e\x4f\x54\x5f\x49\x4e\x5f\x47\x52\x41\x50\x48\x02\x00\x00\x00\xea\x00\x00"
  "\x00\xeb\x00\x00\x00\xed\x00\x00\x00\x01\x00\x00\x00\x03\x00\x00\x00\x32\x34\x39\x00\x00\x00\x00\x03\x00\x00\x00\x01\x00\x00\x00\x01\x00\x00\x00\x01\x00\x00\x00"
  "\x00\x00\x02\x00\x00\x00\x0d\x00\x00\x00\x9b\x03\xee\x00\x00\x00\x15\x00\x00\x00\x03\x00\x00\x00\x32\x33\x36\x02\x00\x00\x00\xec\x00\x00\x00\xed\x00\x00\x00\xef"
  "\x00\x00\x00\x01\x00\x00\x00\x1a\x00\x00\x00\x35\x2e\x73\x70\x6c\x69\x74\x5f\x75\x76\x5f\x70\x61\x74\x68\x2e\x36\x2e\x30\x2e\x77\x65\x69\x67\x68\x74\x00\x00\x00"
  "\x00\x04\x00\x00\x00\x03\x00\x00\x00\x03\x00\x00\x00\x10\x00\x00\x00\x08\x00\x00\x00\x00\x00\x02\x00\x00\x00\x0d\x00\x00\x00\x4f\x0a\xb5\x02\xc8\x03\xd9\x00\xa9"
  "\xf8\x7a\xfe\x7f\xfd\x8e\xff\x0c\x02\xe7\xff\x9e\x00\xee\xff\x00\xfe\x17\x00\x53\xff\x0b\x00\xe6\x00\x06\x00\x3f\x00\xf0\xff\x75\x01\x4f\x00\x6f\x00\x39\x00\x2e"
  "\xff\x03\x00\xbf\xff\x08\x00\xb6\xfe\xc0\xff\x98\xff\xd7\xff\x73\x00\x07\x00\xe6\xff\xf1\xff\xd7\x02\x56\x01\x35\x00\x19\x00\x3b\xfd\xc1\xfe\xf5\xff\xf4\xff\x52"
  "\xff\xd9\xff\x04\x00\x02\x00\x86\x02\xf8\x00\x1b\x00\x10\x00\x81\x00\x21\x00\xfb\xff\xfd\xff\x94\xfd\x12\xff\xce\xff\xe1\xff\x27\x02\x07\x01\x39\x00\x28\x00\x2b"
  "\xfe\xa8\xff\x8e\xff\xce\xff\x17\xff\xe4\xff\xa9\xff\x01\x00\xc9\x02\x31\x00\x52\x00\xd3\xff\xf9\xfd\x1b\xff\xac\xfe\xa2\xff\x9c\xff\x3f\x00\xc7\x00\xeb\xff\x63"
  "\x00\x1f\x00\x17\x00\x4b\x00\x4c\x02\xef\x00\x33\x00\x1a\x00\xe0\xfd\x05\xff\xcc\xff\xdf\xff\x9b\xff\xf6\xff\x0b\x00\x0d\x00\x89\xfd\xdf\xfe\xcb\xff\xe4\xff\x0f"
  "\xfe\x0b\x00\x57\xff\x15\x00\xed\x01\xf2\xff\xb3\x00\xf7\xff\x7b\xf5\xd9\xfd\x43\xfc\x99\xff\x84\x07\x80\x01\x00\x03\x4e\x00\x6a\x01\x37\x00\x5b\x00\x19\x00\xe6"
  "\x00\x13\x00\x59\x00\x07\x00\x89\x01\x79\xfe\x97\x02\x81\xff\xc9\x00\xf5\x00\xd1\xfe\x29\x00\xd5\x00\xf4\xff\x34\x00\xb9\xff\x77\xff\x15\x00\xe3\xff\x41\x00\x4b"
  "\x00\x1c\x00\x14\x00\x24\x00\x60\x02\x92\xff\xfd\x00\x87\xff\xf4\xff\xda\xff\x02\x00\xf7\xff\x22\xfe\x7d\x00\x1e\xff\x5f\x00\x94\x00\x2c\x00\x90\xff\x13\x00\x2a"
  "\x07\x8e\xff\x53\x01\x29\x00\xab\xf8\x83\x00\x93\xfe\xd2\xff\xd3\xfe\xc4\xff\x4b\x00\xf3\xff\xac\x05\x43\xff\x31\x01\x0a\x00\xdf\x00\x3e\x00\xbe\xff\x1a\x00\x4c"
  "\xfa\xfb\x00\x7d\xfe\x08\x00\x7f\x05\x13\xff\x69\x01\xf2\xff\x88\xfd\xa1\x00\x21\xff\xa2\x00\xcc\xff\xe6\xff\xe5\xff\xdb\xff\x60\xfd\x80\x00\x60\xfe\x75\x00\x12"
  "\xfe\x0e\x00\xc5\xfe\x40\x00\x73\xff\x85\x00\xb0\xfe\xd1\xff\xea\x01\x8a\xff\x3a\x02\xe5\xff\xe3\x05\x2a\xff\x96\x01\x07\x00\x65\xfa\xb6\x00\x95\xfe\xf9\xff\x95"
  "\xff\xd2\xff\x5a\x00\xdd\xff\x1e\xfa\xac\x00\xdb\xfe\xf9\xff\x3e\xff\x49\x00\xc8\xff\x5d\x00\x78\x00\xbe\xff\x2c\x00\xb1\xff\x2e\x01\x31\x02\x17\x00\xd1\x00\x94"
  "\xff\x80\xfe\x4e\x00\x53\xff\xdd\x01\x5f\xff\xca\x00\x9b\xff\x17\x00\x15\x00\x14\x00\x0d\x00\x01\xff\x2b\x00\xcf\xff\xbf\xff\x06\x00\xa3\xff\xdf\xff\x33\x00\x1a"
  "\xfd\x8c\x00\xa7\xfe\x58\x00\x75\x02\x88\xff\x45\x01\xc1\xff\xcb\xfe\xbe\xff\x24\x00\xc4\xff\x41\xfc\x6a\x00\x62\xfe\x36\x00\xfc\x00\x39\x00\xf6\xff\x20\x00\x3f"
  "\x03\xb4\xff\x97\x01\xea\xff\x9a\x00\xc3\xff\xe4\xff\x01\x00\xbb\x02\xf5\xfe\x70\x00\xb7\xff\x40\xfd\xf9\x00\xa4\xff\x42\x00\x68\xff\x61\x00\x12\x00\x08\x00\xa5"
  "\x02\x68\xff\x47\x00\xd3\xff\x92\x00\xc9\xff\x03\x00\xf6\xff\xff\xfd\x68\x00\xa7\xff\x33\x00\xc9\x01\x92\xff\x4e\x00\xd3\xff\xf9\x03\x75\xff\x92\x01\x9a\xff\x7f"
  "\x01\x2d\x00\x0f\x00\x42\x00\xdf\x00\x31\x00\x4c\x00\xf3\xff\x52\x01\x5c\x00\x47\x00\x16\x00\x16\xff\xe6\xff\xce\xff\x55\x00\xbc\xff\xdb\xff\x07\x00\xb8\xff\xfc"
  "\x01\x90\xff\x62\x00\xca\xff\x29\xfe\x85\x00\x9d\xff\x35\x00\x78\xff\x19\x00\x06\x00\x08\x00\x94\xfd\xa4\x00\xb0\xff\x2d\x00\xed\x02\x64\xff\x6a\x01\x9f\xff\x7d"
  "\xfd\x82\x00\xb2\xfe\x45\x00\xdf\xff\x3f\x00\x06\x00\xe2\xff\xb0\xff\xbf\xff\xed\xff\x1a\x00\xa5\xfc\x73\x00\x79\xfe\x35\x00\xc0\xfe\xcf\xff\xd6\xff\xc6\xff\x42"
  "\x00\xac\xff\xfa\xfc\xef\x01\xad\x01\x7b\x01\xb0\x01\x7e\xfe\x9b\x05\x97\x01\x52\x00\x74\x00\x91\xfa\xd1\xfe\xde\xff\xa6\xff\x2c\x02\x79\x00\xe3\xff\x34\x00\xb4"
  "\x02\xc0\x00\xe4\xff\xce\xff\xdf\xfd\xc7\xff\x12\x00\xdf\xff\x60\xfd\x58\xff\x1f\x00\x1d\x00\xca\x00\x48\x00\x5a\x00\x1f\x00\x5b\x01\x36\x00\x3d\xff\x74\xff\xdb"
  "\xfe\xd5\xff\xc5\x00\x89\x00\x46\xff\xb3\xff\xbd\xff\xf8\xff\x49\x01\x3a\x00\x96\xff\x86\xff\xcb\x00\x51\x00\x23\x00\x0a\x00\xf8\xfe\xc9\xff\x68\x00\x84\x00\xe5"
  "\x00\x5f\x00\x8f\xff\x80\xff\x54\xfd\x94\xff\x42\x00\x47\x00\x5c\xfd\x61\xff\x25\x00\xd7\xff\x12\xfd\x41\xff\x7d\xff\x53\x00\xa9\xfd\xe9\xfd\xdc\x00\x27\x00\x37"
  "\x01\x5f\x03\x63\xff\x39\xfe\x5a\x01\x91\xfe\x66\x00\x28\x01\xf8\x00\x3a\x00\x61\xff\x7b\xff\x1f\xff\xc3\xff\x94\x00\x86\x00\x27\xff\x9f\xff\xd6\xff\xec\xff\xaa"
  "\xfe\xbc\xff\x77\x00\x77\x00\x17\xfa\x74\xfe\x9e\xff\x7e\xff\xb8\x05\x36\x01\x36\x00\x60\x00\xd4\xfe\xbf\xff\xab\x01\x2c\x01\x81\x01\xa6\x00\xb2\xfe\x35\xff\x87"
  "\x02\x66\x00\xce\xff\xe7\xff\x9d\x02\x65\x00\xe8\xff\x12\x00\x0d\xfd\x15\xff\x88\x09\x9d\xfd\x22\x08\x7c\xff\xe4\xf7\xae\x01\x85\x01\x6d\xfd\xf4\xff\xa1\xff\xc6"
  "\xfe\x26\x02\xf3\xff\x45\x00\x0d\x00\xe2\xfe\x78\xff\xb2\xff\x9c\x08\xa1\xfe\xa7\xff\x74\x00\x4e\x00\xd8\x00\x46\x00\x32\x00\xf0\xf8\x4f\x01\x62\x00\xae\xff\x77"
  "\x01\xad\xff\x7b\x00\xc7\xff\x88\x03\x57\x00\xc5\xfc\x17\x00\xa2\xfc\xab\xff\x3e\x03\xda\xff\x26\xfe\x55\x00\xe4\xff\x2a\x00\x49\x04\x57\x00\xef\xfc\x53\x00\x83"
  "\x02\xa7\xff\x40\x00\xc6\xff\x30\xfe\x52\xff\xc5\x03\x90\xff\x67\x02\x4b\x00\x8c\xfc\x5b\x00\x47\xf7\xf7\x00\x0e\x00\x2b\xff\x4b\xff\x32\x01\x6d\x00\x5b\x00\xfe"
  "\xf9\xf2\xfe\x5b\x01\xe7\xfe\xc2\xf6\x2d\x03\xf9\x00\x50\x00\x22\x0b\x3e\xf9\x3b\xf5\xd7\x00\x42\xfd\xb0\x03\x4d\x07\xb4\xff\xdc\x01\xb4\x00\x7e\xfc\x6b\x00\x29"
  "\xfe\x8d\xff\x65\x03\xbc\xff\xeb\xfd\x78\x00\x7e\xff\x32\x00\x6a\xfb\xb2\xff\xed\x02\xc2\xff\x70\xfe\xa4\x02\x22\x00\x4a\x00\x69\x01\xc2\xfd\xf5\xff\xc5\xff\x1f"
  "\x01\x96\xfd\x41\x03\x05\xfe\x39\x01\x3d\x01\x3e\xfd\x57\x01\x0c\x07\x28\xff\xcd\xff\x82\x00\x4f\x00\x23\xff\xb8\xff\xc2\xff\x60\xff\x5a\x00\xb7\xfe\x06\x00\x6f"
  "\xff\x83\xff\xe4\x00\x2a\x00\xf5\xf7\x14\x01\x86\x00\xe0\xff\xa5\x07\x2b\xff\x8b\xff\x16\x00\x9f\xfe\x38\x00\xf2\xff\x56\x00\x7c\xf4\xfa\xff\xcf\x00\xb9\xff\x13"
  "\x01\xd9\xff\x27\x00\xde\xff\x62\x0a\x38\x00\x20\xff\x1e\x00\x83\x00\xed\xff\x28\x00\x0a\x00\x8e\x01\x62\xff\x3e\xff\x91\x00\xa7\xfe\xa2\x00\xb6\x00\x7f\xff\xb2"
  "\xff\x05\x00\xfd\xff\xe8\xff\x69\x01\x83\xff\x86\xff\x57\x00\x7f\x00\xdb\xff\x0c\x00\x12\x00\xf1\xfe\x31\x00\x8a\x00\x89\xff\xd3\x00\xcf\xff\x68\xff\x6c\x00\x4d"
  "\x0b\xf2\xff\x57\xff\x94\x00\x8b\x02\xfb\xff\xe2\xff\xa1\xff\xc1\x01\xbb\x00\x95\xff\x4c\x00\xdb\x01\xf3\xff\xbc\xff\xc0\xff\xa2\xfe\x63\x01\x48\x01\xc2\x00\x80"
  "\xff\xf5\xfe\xa2\xff\x4d\xff\x21\x01\x97\xff\x62\xff\x6c\x00\x0e\xff\x54\x00\xa5\x00\x84\xff\x7b\xff\x16\x00\xe6\xff\x02\x00\x8f\xfe\x94\x00\x81\x00\xa8\xff\x7c"
  "\x08\xe9\xfe\x68\xff\x26\x00\x0d\xf8\xd1\x00\x80\x00\xe8\xff\x09\x00\xd2\x00\x58\xff\x3c\x00\x7f\xff\x58\xff\x7f\x00\xe5\xff\xc1\xf5\xcf\xff\xe3\x00\xae\xff\xda"
  "\xfd\xd7\xff\xf8\xff\x41\x00\xaa\xff\x61\x00\xe3\xff\x92\xff\xa5\xff\x83\xff\xe4\xff\x23\x00\xf7\x01\xf4\xff\x02\xff\xb0\xff\x31\xfe\xff\xff\xe0\x00\x41\x00\xe4"
  "\x00\x01\x00\xca\xff\xd6\xff\x69\x01\x31\x00\xa2\xff\xf7\xff\x49\xff\xf1\xff\x43\x00\x1c\x00\xb7\xfe\xdf\xff\x58\x00\x0e\x00\xa7\xfe\xca\xff\xf7\xff\xe5\xff\xe4"
  "\xfa\xbf\xfe\x45\x00\x05\x00\xf5\x04\x32\x01\xb0\xff\xfd\xff\x77\x01\x4e\x00\x02\x00\x10\x00\xda\xfb\xb7\xfe\x3a\x00\x1d\x00\x5b\xfe\xa0\xff\x28\x00\xea\xff\xdf"
  "\x02\x0b\x01\xfd\xff\xdb\xff\x26\xfd\xef\xfe\x10\x00\x1c\x00\xa6\xfe\xc3\xff\x46\x00\xf6\xff\x17\xff\xe9\xff\x41\x00\x27\x00\x03\x01\x92\x00\x57\x00\xba\xff\xfb"
  "\x00\xf2\xff\x6b\x00\x6a\x00\x6a\xff\x6f\x00\x3d\x00\x74\xff\x78\xff\x74\xff\xa1\xff\x51\x00\xee\xfc\xbc\xfe\x22\x00\x01\x00\x15\x03\x40\x01\xdf\xff\xfa\xff\x98"
  "\x01\x4d\x00\xe0\xff\x11\x00\x1b\x04\x5f\x01\xbf\xff\xf2\xff\xf4\xfd\xfc\xff\x14\x01\x65\x00\xe9\x01\x0d\x00\x09\xff\xaf\xff\x96\x00\x9f\x00\x46\x00\xb3\xff\x73"
  "\xff\x7d\xff\xa9\xff\x22\x00\x42\x01\x23\x00\xc0\xff\xf9\xff\xbb\x00\x23\x00\xaf\xff\xe7\xff\xee\xfe\x20\x00\xd8\xff\xdc\x00\x8a\xff\x40\x00\x9e\xff\x83\xff\xa8"
  "\x00\x30\x00\xed\xff\x8a\x00\x6b\xff\xea\xff\x18\x00\x8e\xff\xe6\xff\xf6\xff\x65\x00\x3d\x00\x9f\x01\xcb\xff\x30\xff\x07\x00\x2a\x00\x05\x00\xb7\xff\xd2\xff\xc9"
  "\xfe\x30\x00\xa7\x00\xea\xff\xa4\xfd\xeb\xff\xc6\xff\x21\x00\x9b\xf6\x27\x00\x44\x00\xf8\xff\x08\x09\xe3\xff\xea\xff\x16\x00\xe4\x02\xf5\xff\x11\x00\xe0\xff\x47"
  "\xf6\x8f\x00\x84\x00\xdc\xff\x78\xfc\xee\xff\xc9\xff\x2b\x00\x47\x07\xe6\xff\x36\xff\x45\x00\xae\xf8\x37\x00\xc5\x00\xd8\xff\x16\xfe\x1d\x00\xf4\x00\x20\x00\x11"
  "\x00\x3a\x00\xc1\xff\xc5\xff\x44\x01\x78\xff\xbc\xff\xb9\x00\x87\x01\xc5\xff\x1d\x01\x4e\xff\x8d\xff\x17\x00\x15\xff\x17\x01\x12\xff\x69\x00\x85\x00\x5d\xff\xb7"
  "\xf8\x53\x00\x68\x00\xdb\xff\x58\x07\xba\xff\x77\xff\x13\x00\xb5\x02\x0f\x00\x41\x00\xe5\xff\x3b\x0a\x7a\xff\x89\xff\x10\x00\x5b\xff\xe9\xff\x05\x00\x67\xff\x94"
  "\x00\xfc\xff\xed\xff\x81\x00\xb3\xff\x15\x00\xe5\xff\xec\x00\xca\xff\x1f\x00\xe0\xff\x70\xff\x7a\x01\xdf\xff\x4f\xff\xf9\xff\xf4\xff\xd8\xff\x22\x00\x30\x00\x63"
  "\xff\x56\x00\x2e\x00\xb6\xff\xb3\x00\xaa\xff\xeb\xff\x3d\x00\x62\xfd\xe1\xff\xd1\x00\xd3\xff\x73\x02\x01\x00\x31\xff\x22\x00\x10\xff\x2b\x00\x14\x00\xd5\xff\xd2"
  "\xfc\x39\x00\xf2\x00\x19\x00\xba\x00\xe3\xff\xe9\xff\x01\x00\x85\x02\xd9\xff\x11\xff\xfb\xff\xb3\xfe\x67\x00\xe4\xff\x08\x00\x22\xfb\x49\x01\x6b\x00\xf6\xff\xaf"
  "\x04\xbf\xfe\x8f\xff\xf9\xff\x76\x01\xa5\xff\xfa\xff\x06\x00\xe2\xfb\xe6\x00\x4a\x00\xf2\xff\x62\xfe\x81\x00\x40\x00\xfa\xff\xcd\x02\x3b\xff\xe7\xff\x15\x00\x13"
  "\xfd\xc8\x00\x2a\x00\xe5\xff\x76\x03\xe5\xff\x02\xff\xd7\xff\x37\x01\xbf\xff\xde\xff\x1f\x00\xb3\xff\x4c\x00\x04\x00\xc8\xff\xed\xff\xf4\xff\xd8\xff\x1c\x00\x61"
  "\x00\x24\x00\x10\x00\xbf\xff\xd3\xff\xc8\xff\x0d\x00\x23\x00\xfd\xfc\xca\x00\x37\x00\xf6\xff\x29\x03\x13\xff\xc1\xff\x15\x00\xa1\x01\x9d\xff\xe1\xff\xfc\xff\x16"
  "\x04\xf5\xfe\xa7\xff\x0c\x00\xb0\x02\x33\x00\x27\xff\x38\x00\x7b\xfd\xee\xff\xd5\x00\xd5\xff\x3a\x00\x4e\x00\x33\x00\xb3\xff\xf1\xff\xba\xff\xdf\xff\x38\x00\x4d"
  "\xfd\x02\x00\xe0\x00\x0c\x00\x13\xff\x3d\x00\x38\x00\x01\x00\xf0\x00\x00\x00\x09\x00\x00\x00\x03\x00\x00\x00\x32\x33\x37\x02\x00\x00\x00\xee\x00\x00\x00\xef\x00"
  "\x00\x00\x04\x00\x00\x00\x01\x00\x00\x00\x01\x00\x00\x00\x01\x00\x00\x00\x01\x00\x00\x00\x04\x00\x00\x00\x00\x00\x00\x00\x00\x00\x00\x00\x00\x00\x00\x00\x00\x00"
  "\x00\x00\x01\x00\x00\x00\x00\x00\x00\x00\xf1\x00\x00\x00\x01\x00\x00\x00\x18\x00\x00\x00\x35\x2e\x73\x70\x6c\x69\x74\x5f\x75\x76\x5f\x70\x61\x74\x68\x2e\x36\x2e"
  "\x30\x2e\x62\x69\x61\x73\x00\x00\x00\x00\x01\x00\x00\x00\x08\x00\x00\x00\x00\x00\x02\x00\x00\x00\x0d\x00\x00\x00\x00\x00\x00\x00\x00\x00\x00\x00\x00\x00\x00\x00"
  "\x00\x00\x00\x00\xf2\x00\x00\x00\x04\x00\x00\x00\x10\x00\x00\x00\x32\x33\x37\x5f\x4e\x4f\x54\x5f\x49\x4e\x5f\x47\x52\x41\x50\x48\x02\x00\x00\x00\xf0\x00\x00\x00"
  "\xf1\x00\x00\x00\xf3\x00\x00\x00\x01\x00\x00\x00\x03\x00\x00\x00\x32\x33\x38\x00\x00\x00\x00\x01\x00\x00\x00\x01\x00\x00\x00\x00\x00\x02\x00\x00\x00\x00\x00\x00"
  "\x00\x03\x00\xf4\x00\x00\x00\x0b\x00\x00\x00\x10\x00\x00\x00\x32\x33\x38\x5f\x4e\x4f\x54\x5f\x49\x4e\x5f\x47\x52\x41\x50\x48\x03\x00\x00\x00\xc5\x00\x00\x00\xf2"
  "\x00\x00\x00\xf3\x00\x00\x00";


